T0D24 000:003.605   SEGGER J-Link V7.98b Log File
T0D24 000:004.150   DLL Compiled: Jul 31 2024 16:10:46
T0D24 000:004.180   Logging started @ 2025-12-27 18:46
T0D24 000:004.207   Process: C:\Users\alexa\.eclipse\com.renesas.platform_888051624\DebugComp\Synergy\e2-server-gdb.exe
T0D24 000:004.232 - 4.223ms
T0D24 000:004.276 JLINK_GetDLLVersion()
T0D24 000:004.307 - 0.030ms returns 79802
T0D24 000:013.313 JLINK_OpenEx(...)
T0D24 000:026.572   Firmware: J-Link OB RX621-ARM-SWD V1 compiled Mar  8 2017 13:46:30
T0D24 000:028.424   Firmware: J-Link OB RX621-ARM-SWD V1 compiled Mar  8 2017 13:46:30
T0D24 000:028.787   Decompressing FW timestamp took 274 us
T0D24 000:031.895   Hardware: V2.10
T0D24 000:031.945   S/N: 708001807
T0D24 000:031.965   OEM: SEGGER
T0D24 000:031.985   Feature(s): None
T0D24 000:033.437   Bootloader: (Could not read)
T0D24 000:035.151   TELNET listener socket opened on port 19021
T0D24 000:035.829   WEBSRV WEBSRV_Init(): Starting webserver thread(s)
T0D24 000:036.171   WEBSRV Webserver running on local port 19080
T0D24 000:036.469   Looking for J-Link GUI Server exe at: C:\Users\alexa\.eclipse\com.renesas.platform_888051624\DebugComp\Synergy\ARM\Segger\JLinkGUIServer.exe
T0D24 000:037.650   Looking for J-Link GUI Server exe at: \JLinkGUIServer.exe
T0D24 000:343.775   Failed to connect to J-Link GUI Server.
T0D24 000:343.827 - 330.508ms returns "O.K."
T0D24 000:344.007 JLINK_ExecCommand("ProjectFile=C:\Users\alexa\git\repository\GForce/GForce Debug.jlink", ...). 
T0D24 000:409.057 - 65.063ms returns 0x00
T0D24 000:414.938 JLINK_ExecCommand("device=R7FS7G27H", ...). 
T0D24 000:417.617   Flash bank @ 0x40120040: SFL: Parsing sectorization info from ELF file
T0D24 000:417.675     FlashDevice.SectorInfo[0]: .SectorSize = 0x00000030, .SectorStartAddr = 0x00000000
T0D24 000:427.549   Device "R7FS7G27H" selected.
T0D24 000:428.704 - 13.720ms returns 0x00
T0D24 000:428.812 JLINK_ExecCommand("SetCPUConnectIDCODE = FFFFFFFFFFFFFFFFFFFFFFFFFFFFFFFF", ...). 
T0D24 000:428.848 - 0.009ms returns 0x00
T0D24 000:428.874 JLINK_TIF_GetAvailable(...)
T0D24 000:432.047 - 3.171ms
T0D24 000:432.121 JLINK_TIF_Select(JLINKARM_TIF_SWD)
T0D24 000:437.621 - 5.499ms returns 0x00
T0D24 000:437.688 JLINK_SetSpeed(4000)
T0D24 000:438.638 - 0.956ms
T0D24 000:438.699 JLINK_SetEndian(ARM_ENDIAN_LITTLE)
T0D24 000:438.723 - 0.023ms returns 0
T0D24 000:438.743 JLINK_SetInitRegsOnReset(OFF)
T0D24 000:438.765 - 0.021ms returns 1
T0D24 000:438.794 JLINK_SetResetType(JLINKARM_RESET_TYPE_NO_RESET)
T0D24 000:438.811 - 0.017ms returns JLINKARM_RESET_TYPE_NORMAL
T0D24 000:438.832 JLINK_ExecCommand("EnableFlashBPs", ...). 
T0D24 000:438.855 - 0.001ms returns 0x00
T0D24 000:438.877 JLINK_ExecCommand("SetAllowFlashCache = 1", ...). 
T0D24 000:438.900 - 0.001ms returns 0x01
T0D24 000:438.920 JLINK_ExecCommand("SetRestartOnClose = 0", ...). 
T0D24 000:438.943 - 0.003ms returns 0x01
T0D24 000:438.975 JLINK_EnableSoftBPs(ON)
T0D24 000:438.992 - 0.028ms
T0D24 000:439.014 JLINK_Connect()
T0D24 000:439.636   InitTarget() start
T0D24 000:439.675    J-Link Script File: Executing InitTarget()
T0D24 000:439.704   Identifying target device...
T0D24 000:439.731   SWD selected. Executing JTAG -> SWD switching sequence...
T0D24 000:443.603   Initializing DAP...
T0D24 000:451.906   DAP initialized successfully.
T0D24 000:459.285   Low power mode detected. Waking device from low power mode.
T0D24 000:476.679   InitTarget() end - Took 37.0ms
T0D24 000:477.836   Found SW-DP with ID 0x5BA02477
T0D24 000:487.519   Old FW that does not support reading DPIDR via DAP jobs
T0D24 000:496.913   DPv0 detected
T0D24 000:496.969   CoreSight SoC-400 or earlier
T0D24 000:496.992   Scanning AP map to find all available APs
T0D24 000:506.596   AP[2]: Stopped AP scan as end of AP map has been reached
T0D24 000:506.656   AP[0]: AHB-AP (IDR: 0x24770011)
T0D24 000:506.680   AP[1]: APB-AP (IDR: 0x44770002)
T0D24 000:506.703   Iterating through AP map to find AHB-AP to use
T0D24 000:517.502   AP[0]: Core found
T0D24 000:517.571   AP[0]: AHB-AP ROM base: 0xE00FF000
T0D24 000:524.227   CPUID register: 0x410FC241. Implementer code: 0x41 (ARM)
T0D24 000:524.282   Found Cortex-M4 r0p1, Little endian.
T0D24 000:525.150   -- Max. mem block: 0x0000E9C8
T0D24 000:526.042   CPU_ReadMem(4 bytes @ 0xE000EDF0)
T0D24 000:526.660   CPU_ReadMem(4 bytes @ 0xE0002000)
T0D24 000:527.269   FPUnit: 6 code (BP) slots and 2 literal slots
T0D24 000:527.309   CPU_ReadMem(4 bytes @ 0xE000EDFC)
T0D24 000:527.853   CPU_ReadMem(4 bytes @ 0xE0001000)
T0D24 000:529.875   CPU_WriteMem(4 bytes @ 0xE0001000)
T0D24 000:530.644   CPU_ReadMem(4 bytes @ 0xE000ED88)
T0D24 000:531.462   CPU_WriteMem(4 bytes @ 0xE000ED88)
T0D24 000:532.247   CPU_ReadMem(4 bytes @ 0xE000ED88)
T0D24 000:532.922   CPU_WriteMem(4 bytes @ 0xE000ED88)
T0D24 000:533.704   CoreSight components:
T0D24 000:533.760   ROMTbl[0] @ E00FF000
T0D24 000:533.791   CPU_ReadMem(64 bytes @ 0xE00FF000)
T0D24 000:534.758   CPU_ReadMem(32 bytes @ 0xE000EFE0)
T0D24 000:535.528   [0][0]: E000E000 CID B105E00D PID 000BB00C SCS-M7
T0D24 000:535.570   CPU_ReadMem(32 bytes @ 0xE0001FE0)
T0D24 000:536.304   [0][1]: E0001000 CID B105E00D PID 003BB002 DWT
T0D24 000:536.350   CPU_ReadMem(32 bytes @ 0xE0002FE0)
T0D24 000:537.054   [0][2]: E0002000 CID B105E00D PID 002BB003 FPB
T0D24 000:537.117   CPU_ReadMem(32 bytes @ 0xE0000FE0)
T0D24 000:537.874   [0][3]: E0000000 CID B105E00D PID 003BB001 ITM
T0D24 000:537.915   CPU_ReadMem(32 bytes @ 0xE0040FE0)
T0D24 000:538.650   [0][4]: E0040000 CID B105900D PID 000BB9A1 TPIU
T0D24 000:538.680   CPU_ReadMem(32 bytes @ 0xE0041FE0)
T0D24 000:539.457   [0][5]: E0041000 CID B105900D PID 000BB925 ETM
T0D24 000:539.486   CPU_ReadMem(32 bytes @ 0xE0042FE0)
T0D24 000:540.280   [0][6]: E0042000 CID B105900D PID 002BB908 CSTF
T0D24 000:540.317   CPU_ReadMem(32 bytes @ 0xE0043FE0)
T0D24 000:541.052   [0][7]: E0043000 CID B105900D PID 001BB961 TMC
T0D24 000:541.088   CPU_ReadMem(32 bytes @ 0xE0044FE0)
T0D24 000:541.869   [0][8]: E0044000 CID B105F00D PID 001BB101 TSG
T0D24 000:541.979 - 102.963ms returns 0x00
T0D24 000:542.026 JLINK_Halt()
T0D24 000:545.267 - 3.238ms returns 0x00
T0D24 000:545.361 JLINK_IsHalted()
T0D24 000:546.099 - 0.737ms returns TRUE
T0D24 000:546.163 JLINK_ResetPullsRESET(ON)
T0D24 000:546.181 - 0.018ms
T0D24 000:546.216 JLINK_Reset()
T0D24 000:546.302   CPU_WriteMem(4 bytes @ 0xE000EDF0)
T0D24 000:546.924   CPU_WriteMem(4 bytes @ 0xE000EDFC)
T0D24 000:547.462   Reset: Halt core after reset via DEMCR.VC_CORERESET.
T0D24 000:548.415   Reset: Reset device via AIRCR.SYSRESETREQ.
T0D24 000:548.457   CPU_WriteMem(4 bytes @ 0xE000ED0C)
T0D24 000:602.632   CPU_ReadMem(4 bytes @ 0xE000EDF0)
T0D24 000:603.281   CPU_ReadMem(4 bytes @ 0xE000EDF0)
T0D24 000:603.857   CPU_WriteMem(4 bytes @ 0xE000EDFC)
T0D24 000:610.719   CPU_ReadMem(4 bytes @ 0xE000EDF0)
T0D24 000:615.010   CPU_WriteMem(4 bytes @ 0xE0002000)
T0D24 000:615.715   CPU_ReadMem(4 bytes @ 0xE000EDFC)
T0D24 000:616.331   CPU_ReadMem(4 bytes @ 0xE0001000)
T0D24 000:616.975 - 70.758ms
T0D24 000:617.111 JLINK_ReadMemEx(0x407FB19C, 0x8 Bytes, Flags = 0x00000004)
T0D24 000:617.156   CPU_ReadMem(8 bytes @ 0x407FB19C)
T0D24 000:617.841   Data:  00 80 00 01 00 00 00 00
T0D24 000:617.877 - 0.765ms returns 8 (0x8)
T0D24 000:617.920 JLINK_ReadMem(0x01008024, 0x10 Bytes, ...)
T0D24 000:617.950   CPU_ReadMem(16 bytes @ 0x01008024)
T0D24 000:618.583   Data:  52 37 46 53 37 47 32 37 48 33 41 30 31 43 46 43
T0D24 000:618.616 - 0.696ms returns 0
T0D24 000:618.656 JLINK_IsHalted()
T0D24 000:618.671 - 0.014ms returns TRUE
T0D24 000:619.118 JLINK_MeasureCPUSpeed(RAMAddr = 0xFFFFFFFF)
T0D24 000:619.143   CPU_ReadMem(16 bytes @ 0x1FFE0000)
T0D24 000:620.304   CPU_ReadMem(64 bytes @ 0x1FFE0000)
T0D24 000:621.684    -- Updating C cache (64 bytes @ 0x1FFE0000)
T0D24 000:621.807    -- Read from C cache (6 bytes @ 0x1FFE0000)
T0D24 000:621.839   CPU_ReadMem(4 bytes @ 0xE000ED90)
T0D24 000:622.648   CPU_ReadMem(4 bytes @ 0xE000ED94)
T0D24 000:623.507   CPU_WriteMem(16 bytes @ 0x1FFE0000)
T0D24 000:624.508   CPU_WriteMem(6 bytes @ 0x1FFE0000)
T0D24 000:625.410   CPU_ReadMem(64 bytes @ 0x1FFE0000)
T0D24 000:626.666    -- Updating C cache (64 bytes @ 0x1FFE0000)
T0D24 000:626.735    -- Read from C cache (6 bytes @ 0x1FFE0000)
T0D24 000:626.794   CPU_WriteMem(4 bytes @ 0xE0002008)
T0D24 000:626.820   CPU_WriteMem(4 bytes @ 0xE000200C)
T0D24 000:626.842   CPU_WriteMem(4 bytes @ 0xE0002010)
T0D24 000:626.864   CPU_WriteMem(4 bytes @ 0xE0002014)
T0D24 000:626.885   CPU_WriteMem(4 bytes @ 0xE0002018)
T0D24 000:626.906   CPU_WriteMem(4 bytes @ 0xE000201C)
T0D24 000:635.809   CPU_WriteMem(4 bytes @ 0xE0002008)
T0D24 000:636.476   CPU_WriteMem(4 bytes @ 0xE000200C)
T0D24 000:637.142   CPU_WriteMem(4 bytes @ 0xE0002010)
T0D24 000:637.719   CPU_WriteMem(4 bytes @ 0xE0002014)
T0D24 000:638.324   CPU_WriteMem(4 bytes @ 0xE0002018)
T0D24 000:638.925   CPU_WriteMem(4 bytes @ 0xE000201C)
T0D24 000:666.542   CPU_WriteMem(6 bytes @ 0x1FFE0000)
T0D24 000:667.373   ClockFreq: 1996500 Hz
T0D24 000:667.418 - 48.299ms returns 1996500
T0D24 000:667.544 JLINK_ReadReg(XPSR)
T0D24 000:667.579 - 0.034ms returns 0x01000000
T32A0 003:168.672 JLINK_WriteMem(0x20071058, 0x4 Bytes, ...)
T32A0 003:168.736   Data:  00 00 00 00
T32A0 003:169.981   CPU_WriteMem(4 bytes @ 0x20071058)
T32A0 003:170.706 - 2.035ms returns 0x4
T32A0 003:173.451 JLINK_ReadMem(0x20071058, 0x4 Bytes, ...)
T32A0 003:173.523   CPU_ReadMem(64 bytes @ 0x20071040)
T32A0 003:174.558    -- Updating C cache (64 bytes @ 0x20071040)
T32A0 003:174.627    -- Read from C cache (4 bytes @ 0x20071058)
T32A0 003:174.657   Data:  00 00 00 00
T32A0 003:174.685 - 1.235ms returns 0
T32A0 003:174.800 JLINK_ReadReg(XPSR)
T32A0 003:175.394 - 0.592ms returns 0x01000000
T32A0 003:175.460 JLINK_ReadMem(0x20071058, 0x4 Bytes, ...)
T32A0 003:175.494    -- Read from C cache (4 bytes @ 0x20071058)
T32A0 003:175.522   Data:  00 00 00 00
T32A0 003:175.544 - 0.084ms returns 0
T32A0 003:278.588 JLINK_ReadMem(0x20071058, 0x4 Bytes, ...)
T32A0 003:278.657    -- Read from C cache (4 bytes @ 0x20071058)
T32A0 003:278.679   Data:  00 00 00 00
T32A0 003:278.697 - 0.110ms returns 0
T32A0 003:278.762 JLINK_ReadReg(XPSR)
T32A0 003:278.785 - 0.022ms returns 0x01000000
T32A0 003:278.808 JLINK_ReadMem(0x20071058, 0x4 Bytes, ...)
T32A0 003:278.824    -- Read from C cache (4 bytes @ 0x20071058)
T32A0 003:278.839   Data:  00 00 00 00
T32A0 003:278.853 - 0.045ms returns 0
T32A0 004:294.832 JLINK_ReadMem(0x20071058, 0x4 Bytes, ...)
T32A0 004:294.908    -- Read from C cache (4 bytes @ 0x20071058)
T32A0 004:294.935   Data:  00 00 00 00
T32A0 004:294.961 - 0.133ms returns 0
T32A0 004:295.069 JLINK_ReadReg(XPSR)
T32A0 004:295.801 - 0.731ms returns 0x01000000
T32A0 004:295.869 JLINK_ReadMem(0x20071058, 0x4 Bytes, ...)
T32A0 004:295.898    -- Read from C cache (4 bytes @ 0x20071058)
T32A0 004:295.923   Data:  00 00 00 00
T32A0 004:295.946 - 0.077ms returns 0
T32A0 004:357.362 JLINK_BeginDownload(Flags = 0x00000000)
T32A0 004:357.420 - 0.058ms
T32A0 004:383.345 JLINK_WriteMem(0x00000000, 0xBC0 Bytes, ...)
T32A0 004:383.411   Data:  A0 AB 07 20 01 1B 02 00 D5 11 02 00 11 1B 02 00 ...
T32A0 004:384.526   completely In flash
T32A0 004:384.595 - 1.251ms returns 0xBC0
T32A0 004:386.005 JLINK_WriteMem(0x00000BC0, 0xBC0 Bytes, ...)
T32A0 004:386.073   Data:  7B 73 07 F1 0C 02 00 23 00 93 02 23 79 69 B8 69 ...
T32A0 004:386.109   completely In flash
T32A0 004:386.133 - 0.130ms returns 0xBC0
T32A0 004:387.002 JLINK_WriteMem(0x00001780, 0xBB0 Bytes, ...)
T32A0 004:387.035   Data:  F8 68 FF F7 DB FE BB 68 D3 F8 10 31 5B 42 1A 46 ...
T32A0 004:387.072   completely In flash
T32A0 004:387.093 - 0.092ms returns 0xBB0
T32A0 004:387.919 JLINK_WriteMem(0x00002330, 0xBD0 Bytes, ...)
T32A0 004:387.954   Data:  FA 88 B7 F9 28 30 D9 0F 0B 44 5B 10 1B B2 9B B2 ...
T32A0 004:387.989   completely In flash
T32A0 004:388.011 - 0.092ms returns 0xBD0
T32A0 004:389.013 JLINK_WriteMem(0x00002F00, 0xBD0 Bytes, ...)
T32A0 004:389.072   Data:  00 AF F8 60 B9 60 7A 60 FB 68 D3 F8 B8 31 7B 61 ...
T32A0 004:389.273   completely In flash
T32A0 004:389.314 - 0.301ms returns 0xBD0
T32A0 004:390.122 JLINK_WriteMem(0x00003AD0, 0xBD0 Bytes, ...)
T32A0 004:390.243   Data:  9A 68 BB 68 DA 61 BB 68 00 22 9A 61 BB 68 00 22 ...
T32A0 004:390.289   completely In flash
T32A0 004:390.317 - 0.195ms returns 0xBD0
T32A0 004:391.255 JLINK_WriteMem(0x000046A0, 0xBD0 Bytes, ...)
T32A0 004:391.304   Data:  7B 6B C3 F8 B8 21 7B 6B 40 22 C3 F8 BC 21 00 BF ...
T32A0 004:391.386   completely In flash
T32A0 004:391.418 - 0.163ms returns 0xBD0
T32A0 004:392.311 JLINK_WriteMem(0x00005270, 0xBD0 Bytes, ...)
T32A0 004:392.345   Data:  30 37 BD 46 80 BD FF FF 80 B4 8D B0 00 AF F8 60 ...
T32A0 004:392.368   completely In flash
T32A0 004:392.388 - 0.077ms returns 0xBD0
T32A0 004:393.299 JLINK_WriteMem(0x00005E40, 0xBC0 Bytes, ...)
T32A0 004:393.349   Data:  C7 E9 30 23 B7 F9 B2 30 19 03 B7 F9 B0 00 D7 E9 ...
T32A0 004:393.375   completely In flash
T32A0 004:393.397 - 0.097ms returns 0xBC0
T32A0 004:394.225 JLINK_WriteMem(0x00006A00, 0xBC0 Bytes, ...)
T32A0 004:394.268   Data:  06 10 07 F1 18 00 07 F1 14 03 02 93 D7 F8 AC 30 ...
T32A0 004:394.290   completely In flash
T32A0 004:394.309 - 0.084ms returns 0xBC0
T32A0 004:395.034 JLINK_WriteMem(0x000075C0, 0xBC0 Bytes, ...)
T32A0 004:395.079   Data:  AC 20 BB 6F 13 44 C7 F8 AC 30 D7 F8 98 20 7B 6F ...
T32A0 004:395.104   completely In flash
T32A0 004:395.125 - 0.092ms returns 0xBC0
T32A0 004:395.924 JLINK_WriteMem(0x00008180, 0xBD0 Bytes, ...)
T32A0 004:395.964   Data:  D7 F8 80 30 00 93 05 23 B9 68 F8 68 FE F7 6C F8 ...
T32A0 004:395.987   completely In flash
T32A0 004:396.005 - 0.082ms returns 0xBD0
T32A0 004:397.029 JLINK_WriteMem(0x00008D50, 0xBB0 Bytes, ...)
T32A0 004:397.094   Data:  F8 60 B9 60 7A 60 BB 68 DB 6F 03 F0 20 03 00 2B ...
T32A0 004:397.153   completely In flash
T32A0 004:397.187 - 0.158ms returns 0xBB0
T32A0 004:399.695 JLINK_WriteMem(0x00009900, 0xBD0 Bytes, ...)
T32A0 004:399.755   Data:  00 AF 78 60 7B 68 FB 60 FB 68 DB 68 38 33 19 46 ...
T32A0 004:399.800   completely In flash
T32A0 004:399.831 - 0.137ms returns 0xBD0
T32A0 004:401.008 JLINK_WriteMem(0x0000A4D0, 0xBD0 Bytes, ...)
T32A0 004:401.066   Data:  20 30 00 93 03 46 F8 68 FE F7 F2 F8 78 61 28 E0 ...
T32A0 004:401.103   completely In flash
T32A0 004:401.135 - 0.128ms returns 0xBD0
T32A0 004:402.182 JLINK_WriteMem(0x0000B0A0, 0xBD0 Bytes, ...)
T32A0 004:402.235   Data:  03 46 18 46 18 37 BD 46 80 BD 80 B5 84 B0 00 AF ...
T32A0 004:402.277   completely In flash
T32A0 004:402.307 - 0.125ms returns 0xBD0
T32A0 004:403.287 JLINK_WriteMem(0x0000BC70, 0xBC0 Bytes, ...)
T32A0 004:403.329   Data:  93 F8 D5 30 03 F0 01 03 00 2B 0D D0 B7 F9 04 20 ...
T32A0 004:403.363   completely In flash
T32A0 004:403.389 - 0.103ms returns 0xBC0
T32A0 004:404.365 JLINK_WriteMem(0x0000C830, 0xBC0 Bytes, ...)
T32A0 004:404.411   Data:  02 DA 7B 68 00 2B 0B DB BB 68 00 2B 02 DB 3B 68 ...
T32A0 004:404.449   completely In flash
T32A0 004:404.477 - 0.113ms returns 0xBC0
T32A0 004:405.414 JLINK_WriteMem(0x0000D3F0, 0xB90 Bytes, ...)
T32A0 004:405.453   Data:  1B 68 BA 68 0C 32 52 68 03 FB 02 F2 7B 68 0C 33 ...
T32A0 004:405.486   completely In flash
T32A0 004:405.513 - 0.099ms returns 0xB90
T32A0 004:406.478 JLINK_WriteMem(0x0000DF80, 0xB60 Bytes, ...)
T32A0 004:406.542   Data:  00 AF 78 60 39 60 3B 68 18 46 0C 37 BD 46 5D F8 ...
T32A0 004:406.585   completely In flash
T32A0 004:406.617 - 0.139ms returns 0xB60
T32A0 004:407.435 JLINK_WriteMem(0x0000EAE0, 0xB90 Bytes, ...)
T32A0 004:407.478   Data:  F8 60 FB 68 00 2B 01 D0 08 23 0F E0 78 69 00 F0 ...
T32A0 004:407.512   completely In flash
T32A0 004:407.541 - 0.106ms returns 0xB90
T32A0 004:408.258 JLINK_WriteMem(0x0000F670, 0xBC0 Bytes, ...)
T32A0 004:408.318   Data:  02 F0 34 F8 7B 68 B3 F8 44 30 00 2B 04 D0 7B 68 ...
T32A0 004:408.347   completely In flash
T32A0 004:408.367 - 0.109ms returns 0xBC0
T32A0 004:409.098 JLINK_WriteMem(0x00010230, 0xBC0 Bytes, ...)
T32A0 004:409.152   Data:  7B 64 7B 6C 9B 7F 87 F8 43 30 7B 6C B3 F9 1C 30 ...
T32A0 004:409.319   completely In flash
T32A0 004:409.361 - 0.262ms returns 0xBC0
T32A0 004:410.177 JLINK_WriteMem(0x00010DF0, 0xBC0 Bytes, ...)
T32A0 004:410.221   Data:  79 68 B8 68 12 F0 32 FE 3A 68 FB 69 1A 44 07 F1 ...
T32A0 004:410.253   completely In flash
T32A0 004:410.278 - 0.102ms returns 0xBC0
T32A0 004:411.023 JLINK_WriteMem(0x000119B0, 0xBC0 Bytes, ...)
T32A0 004:411.051   Data:  5D F8 04 7B 70 47 90 B5 8D B0 06 AF F8 60 B9 60 ...
T32A0 004:411.074   completely In flash
T32A0 004:411.093 - 0.071ms returns 0xBC0
T32A0 004:411.829 JLINK_WriteMem(0x00012570, 0xBD0 Bytes, ...)
T32A0 004:411.874   Data:  38 DA 3B 68 00 2B 35 DB BB 68 B3 F9 1A 30 01 3B ...
T32A0 004:411.901   completely In flash
T32A0 004:411.921 - 0.092ms returns 0xBD0
T32A0 004:412.640 JLINK_WriteMem(0x00013140, 0xBA0 Bytes, ...)
T32A0 004:412.683   Data:  EE DB BB 6A 5B 00 FA 68 13 44 FB 60 BB 6A 5B 00 ...
T32A0 004:412.705   completely In flash
T32A0 004:412.723 - 0.087ms returns 0xBA0
T32A0 004:414.023 JLINK_WriteMem(0x00013CE0, 0xBB0 Bytes, ...)
T32A0 004:414.087   Data:  99 69 7B 68 B3 F9 46 30 1C 46 7B 68 B3 F9 46 30 ...
T32A0 004:414.130   completely In flash
T32A0 004:414.173 - 0.151ms returns 0xBB0
T32A0 004:415.160 JLINK_WriteMem(0x00014890, 0xB90 Bytes, ...)
T32A0 004:415.216   Data:  93 F9 1F 30 18 46 FF F7 F1 FA 7B 69 93 F9 1E 30 ...
T32A0 004:415.255   completely In flash
T32A0 004:415.285 - 0.126ms returns 0xB90
T32A0 004:416.253 JLINK_WriteMem(0x00015420, 0xBD0 Bytes, ...)
T32A0 004:416.305   Data:  00 AF 03 46 FB 71 97 F9 07 30 00 2B 0B DB FB 79 ...
T32A0 004:416.344   completely In flash
T32A0 004:416.373 - 0.121ms returns 0xBD0
T32A0 004:417.413 JLINK_WriteMem(0x00015FF0, 0xBA0 Bytes, ...)
T32A0 004:417.462   Data:  7B 6A 00 22 83 F8 4A 20 7B 6A 00 22 83 F8 4B 20 ...
T32A0 004:417.643   completely In flash
T32A0 004:417.680 - 0.267ms returns 0xBA0
T32A0 004:418.787 JLINK_WriteMem(0x00016B90, 0xBD0 Bytes, ...)
T32A0 004:418.835   Data:  FE F7 BB FF 00 BF 10 37 BD 46 80 BD 80 B5 84 B0 ...
T32A0 004:418.875   completely In flash
T32A0 004:418.901 - 0.115ms returns 0xBD0
T32A0 004:420.255 JLINK_WriteMem(0x00017760, 0xBB0 Bytes, ...)
T32A0 004:420.317   Data:  BB 63 2B 4B 1B 69 07 F1 34 02 07 F1 30 00 01 21 ...
T32A0 004:420.373   completely In flash
T32A0 004:420.407 - 0.154ms returns 0xBB0
T32A0 004:421.375 JLINK_WriteMem(0x00018310, 0xBA0 Bytes, ...)
T32A0 004:421.425   Data:  3D E0 BB 69 5B 69 BA 68 11 46 18 46 FF F7 17 FD ...
T32A0 004:421.464   completely In flash
T32A0 004:421.493 - 0.119ms returns 0xBA0
T32A0 004:422.535 JLINK_WriteMem(0x00018EB0, 0xBB0 Bytes, ...)
T32A0 004:422.576   Data:  07 F1 16 02 07 F1 18 01 18 46 FF F7 6F F8 3B 8B ...
T32A0 004:422.835   completely In flash
T32A0 004:422.895 - 0.361ms returns 0xBB0
T32A0 004:423.941 JLINK_WriteMem(0x00019A60, 0xBA0 Bytes, ...)
T32A0 004:423.972   Data:  02 AF 03 46 0A 46 FB 80 13 46 7B 71 00 23 3B 61 ...
T32A0 004:423.994   completely In flash
T32A0 004:424.014 - 0.073ms returns 0xBA0
T32A0 004:424.834 JLINK_WriteMem(0x0001A600, 0xBD0 Bytes, ...)
T32A0 004:424.875   Data:  80 53 1A 46 13 68 43 F0 01 03 13 60 00 BF 0C 37 ...
T32A0 004:424.919   completely In flash
T32A0 004:424.946 - 0.112ms returns 0xBD0
T32A0 004:425.924 JLINK_WriteMem(0x0001B1D0, 0xBE0 Bytes, ...)
T32A0 004:425.969   Data:  1B 02 13 44 03 F5 88 53 10 33 5A 68 61 F3 17 02 ...
T32A0 004:426.028   completely In flash
T32A0 004:426.058 - 0.135ms returns 0xBE0
T32A0 004:426.854 JLINK_WriteMem(0x0001BDB0, 0xBA0 Bytes, ...)
T32A0 004:426.893   Data:  70 47 80 B4 85 B0 00 AF F8 60 0B 46 7A 60 FB 72 ...
T32A0 004:426.925   completely In flash
T32A0 004:426.950 - 0.100ms returns 0xBA0
T32A0 004:427.730 JLINK_WriteMem(0x0001C950, 0xBD0 Bytes, ...)
T32A0 004:427.775   Data:  DB 8E 40 F2 EE 32 93 42 02 D9 40 F2 E9 33 1E E0 ...
T32A0 004:427.809   completely In flash
T32A0 004:427.836 - 0.107ms returns 0xBD0
T32A0 004:428.670 JLINK_WriteMem(0x0001D520, 0xBC0 Bytes, ...)
T32A0 004:428.721   Data:  1B 7A 19 46 78 68 FD F7 D6 FA FB 68 5B 7A 19 46 ...
T32A0 004:428.953   completely In flash
T32A0 004:428.986 - 0.316ms returns 0xBC0
T32A0 004:430.050 JLINK_WriteMem(0x0001E0E0, 0xB90 Bytes, ...)
T32A0 004:430.099   Data:  5D F8 04 7B 70 47 80 B4 83 B0 00 AF 78 60 7B 68 ...
T32A0 004:430.159   completely In flash
T32A0 004:430.187 - 0.138ms returns 0xB90
T32A0 004:431.051 JLINK_WriteMem(0x0001EC70, 0xBA0 Bytes, ...)
T32A0 004:431.107   Data:  03 F0 01 03 D9 B2 7A 68 92 F8 30 30 61 F3 00 03 ...
T32A0 004:431.159   completely In flash
T32A0 004:431.198 - 0.148ms returns 0xBA0
T32A0 004:432.171 JLINK_WriteMem(0x0001F810, 0xBA0 Bytes, ...)
T32A0 004:432.217   Data:  00 AF 03 46 FB 71 06 4B 1B 68 FA 79 11 46 18 46 ...
T32A0 004:432.248   completely In flash
T32A0 004:432.275 - 0.105ms returns 0xBA0
T32A0 004:433.356 JLINK_WriteMem(0x000203B0, 0xBB0 Bytes, ...)
T32A0 004:433.400   Data:  03 F0 30 03 DB B2 20 2B 16 D1 D7 ED 00 7A FC EE ...
T32A0 004:433.445   completely In flash
T32A0 004:433.471 - 0.115ms returns 0xBB0
T32A0 004:434.587 JLINK_WriteMem(0x00020F60, 0xBB0 Bytes, ...)
T32A0 004:434.637   Data:  80 B4 83 B0 00 AF 78 60 0A 4B F1 22 1A 71 09 4A ...
T32A0 004:434.673   completely In flash
T32A0 004:434.704 - 0.119ms returns 0xBB0
T32A0 004:435.757 JLINK_WriteMem(0x00021B10, 0xBC0 Bytes, ...)
T32A0 004:435.799   Data:  80 B4 00 AF 00 BE 00 BF BD 46 5D F8 04 7B 70 47 ...
T32A0 004:435.865   completely In flash
T32A0 004:435.894 - 0.138ms returns 0xBC0
T32A0 004:437.019 JLINK_WriteMem(0x000226D0, 0xBC0 Bytes, ...)
T32A0 004:437.066   Data:  B0 20 FF F7 A7 FE 03 22 2A 49 F6 20 FF F7 A2 FE ...
T32A0 004:437.097   completely In flash
T32A0 004:437.126 - 0.105ms returns 0xBC0
T32A0 004:438.353 JLINK_WriteMem(0x00023290, 0xBD0 Bytes, ...)
T32A0 004:438.399   Data:  04 D0 00 BE FD E7 00 BE 00 BE FC E7 51 78 93 F8 ...
T32A0 004:438.453   completely In flash
T32A0 004:438.481 - 0.129ms returns 0xBD0
T32A0 004:439.415 JLINK_WriteMem(0x00023E60, 0xBD0 Bytes, ...)
T32A0 004:439.459   Data:  00 23 CD E9 01 33 CD E9 03 33 05 93 22 23 00 93 ...
T32A0 004:439.493   completely In flash
T32A0 004:439.519 - 0.105ms returns 0xBD0
T32A0 004:440.625 JLINK_WriteMem(0x00024A30, 0xBD0 Bytes, ...)
T32A0 004:440.659   Data:  02 C0 FA 5C 4B 78 10 93 0B 9B 19 93 00 2E 00 F0 ...
T32A0 004:440.687   completely In flash
T32A0 004:440.707 - 0.085ms returns 0xBD0
T32A0 004:441.680 JLINK_WriteMem(0x00025600, 0xBD0 Bytes, ...)
T32A0 004:441.716   Data:  2D E9 F0 4F 85 4D 9D B0 1E 46 83 7F 10 93 83 46 ...
T32A0 004:441.739   completely In flash
T32A0 004:441.761 - 0.081ms returns 0xBD0
T32A0 004:442.441 JLINK_WriteMem(0x000261D0, 0xBB0 Bytes, ...)
T32A0 004:442.470   Data:  25 AB 18 EE 90 1A 00 93 2A 46 45 9B 40 46 06 F0 ...
T32A0 004:442.490   completely In flash
T32A0 004:442.508 - 0.067ms returns 0xBB0
T32A0 004:443.402 JLINK_WriteMem(0x00026D80, 0xBC0 Bytes, ...)
T32A0 004:443.440   Data:  A3 EB 09 03 01 33 58 00 0A D4 76 4B 03 F1 08 01 ...
T32A0 004:443.464   completely In flash
T32A0 004:443.481 - 0.080ms returns 0xBC0
T32A0 004:444.435 JLINK_WriteMem(0x00027940, 0xBC0 Bytes, ...)
T32A0 004:444.465   Data:  06 20 08 F1 01 08 90 45 C2 DD 09 B0 BD EC 02 8B ...
T32A0 004:444.486   completely In flash
T32A0 004:444.504 - 0.070ms returns 0xBC0
T32A0 004:445.199 JLINK_WriteMem(0x00028500, 0xBC0 Bytes, ...)
T32A0 004:445.229   Data:  00 93 DD E9 06 23 19 46 04 9B 05 98 D3 F8 B0 30 ...
T32A0 004:445.249   completely In flash
T32A0 004:445.266 - 0.067ms returns 0xBC0
T32A0 004:446.037 JLINK_WriteMem(0x000290C0, 0xBC0 Bytes, ...)
T32A0 004:446.071   Data:  00 2A 00 F0 A7 80 63 1C 08 93 07 9B DF F8 64 B2 ...
T32A0 004:446.093   completely In flash
T32A0 004:446.110 - 0.074ms returns 0xBC0
T32A0 004:447.263 JLINK_WriteMem(0x00029C80, 0xBC0 Bytes, ...)
T32A0 004:447.313   Data:  82 EA E2 70 B8 BF 49 42 A0 EB E2 70 88 42 80 F2 ...
T32A0 004:447.345   completely In flash
T32A0 004:447.370 - 0.108ms returns 0xBC0
T32A0 004:448.989 JLINK_WriteMem(0x0002A840, 0xBC0 Bytes, ...)
T32A0 004:449.042   Data:  0B 93 2A AB 04 93 28 AB 03 93 26 AB 0F 9C 02 93 ...
T32A0 004:449.095   completely In flash
T32A0 004:449.136 - 0.147ms returns 0xBC0
T32A0 004:450.061 JLINK_WriteMem(0x0002B400, 0xBB0 Bytes, ...)
T32A0 004:450.132   Data:  DF F8 24 A0 05 95 D1 18 CB EB CB 78 5F 00 A1 EB ...
T32A0 004:450.178   completely In flash
T32A0 004:450.205 - 0.236ms returns 0xBB0
T32A0 004:451.445 JLINK_WriteMem(0x0002BFB0, 0xBB0 Bytes, ...)
T32A0 004:451.495   Data:  94 F8 2D 30 E8 E7 00 BF D3 4D 62 10 8A 6B 10 B5 ...
T32A0 004:451.529   completely In flash
T32A0 004:451.555 - 0.112ms returns 0xBB0
T32A0 004:452.765 JLINK_WriteMem(0x0002CB60, 0xBC0 Bytes, ...)
T32A0 004:452.815   Data:  C0 F1 05 0E 00 2C 3D D0 BA F1 00 0F 6B 80 2F 80 ...
T32A0 004:452.849   completely In flash
T32A0 004:452.875 - 0.111ms returns 0xBC0
T32A0 004:454.101 JLINK_WriteMem(0x0002D720, 0xBB0 Bytes, ...)
T32A0 004:454.192   Data:  C6 80 21 46 28 46 0A F0 DD F8 D8 E7 83 6B 03 F0 ...
T32A0 004:454.223   completely In flash
T32A0 004:454.249 - 0.148ms returns 0xBB0
T32A0 004:455.319 JLINK_WriteMem(0x0002E2D0, 0xBC0 Bytes, ...)
T32A0 004:455.366   Data:  1C 01 D3 F8 BC 30 20 46 98 47 C4 F8 28 53 00 20 ...
T32A0 004:455.397   completely In flash
T32A0 004:455.424 - 0.106ms returns 0xBC0
T32A0 004:456.829 JLINK_WriteMem(0x0002EE90, 0xBE0 Bytes, ...)
T32A0 004:456.881   Data:  42 06 F1 D1 BD E8 F8 83 B1 F9 02 20 B1 F9 06 80 ...
T32A0 004:456.917   completely In flash
T32A0 004:456.945 - 0.116ms returns 0xBE0
T32A0 004:458.168 JLINK_WriteMem(0x0002FA70, 0xBD0 Bytes, ...)
T32A0 004:458.210   Data:  03 9A FF 2A 94 D1 13 F0 02 0F 0A 46 07 98 04 99 ...
T32A0 004:458.249   completely In flash
T32A0 004:458.281 - 0.113ms returns 0xBD0
T32A0 004:459.712 JLINK_WriteMem(0x00030640, 0xBD0 Bytes, ...)
T32A0 004:459.761   Data:  BB F9 00 E0 04 98 DD F8 0C C0 02 9D 05 9C 11 46 ...
T32A0 004:459.805   completely In flash
T32A0 004:459.825 - 0.117ms returns 0xBD0
T32A0 004:460.899 JLINK_WriteMem(0x00031210, 0xBD0 Bytes, ...)
T32A0 004:460.960   Data:  4E 45 00 EB 41 0E FF F6 F5 AE 16 9B D3 F8 08 A0 ...
T32A0 004:461.014   completely In flash
T32A0 004:461.050 - 0.152ms returns 0xBD0
T32A0 004:462.166 JLINK_WriteMem(0x00031DE0, 0xBC0 Bytes, ...)
T32A0 004:462.217   Data:  8A 42 00 F0 0A 81 1A 9B 83 42 00 F0 06 81 D8 F8 ...
T32A0 004:462.257   completely In flash
T32A0 004:462.298 - 0.133ms returns 0xBC0
T32A0 004:463.886 JLINK_WriteMem(0x000329A0, 0xBB0 Bytes, ...)
T32A0 004:463.939   Data:  BB F9 02 10 91 42 0E DC BB F9 06 10 91 42 0A DB ...
T32A0 004:463.977   completely In flash
T32A0 004:464.003 - 0.118ms returns 0xBB0
T32A0 004:465.053 JLINK_WriteMem(0x00033550, 0xBB0 Bytes, ...)
T32A0 004:465.103   Data:  50 80 DB 00 01 3B 05 93 88 42 CC BF 43 1A 00 23 ...
T32A0 004:465.158   completely In flash
T32A0 004:465.193 - 0.140ms returns 0xBB0
T32A0 004:466.183 JLINK_WriteMem(0x00034100, 0xBB0 Bytes, ...)
T32A0 004:466.235   Data:  08 68 49 68 B2 F8 30 53 B2 F8 32 23 A4 F8 D4 58 ...
T32A0 004:466.267   completely In flash
T32A0 004:466.286 - 0.105ms returns 0xBB0
T32A0 004:467.181 JLINK_WriteMem(0x00034CB0, 0xBC0 Bytes, ...)
T32A0 004:467.231   Data:  9A 42 3B 78 34 BF 43 F0 01 03 23 F0 01 03 3B 70 ...
T32A0 004:467.266   completely In flash
T32A0 004:467.295 - 0.115ms returns 0xBC0
T32A0 004:468.281 JLINK_WriteMem(0x00035870, 0xBB0 Bytes, ...)
T32A0 004:468.329   Data:  DA F8 00 30 D8 F8 00 20 03 3B 03 F0 07 01 D2 08 ...
T32A0 004:468.371   completely In flash
T32A0 004:468.401 - 0.121ms returns 0xBB0
T32A0 004:470.056 JLINK_WriteMem(0x00036420, 0xBB0 Bytes, ...)
T32A0 004:470.106   Data:  02 32 82 61 D8 E7 83 69 0B 60 02 33 83 61 00 23 ...
T32A0 004:470.205   completely In flash
T32A0 004:470.239 - 0.184ms returns 0xBB0
T32A0 004:471.358 JLINK_WriteMem(0x00036FD0, 0xBC0 Bytes, ...)
T32A0 004:471.419   Data:  06 9E 0C 46 00 F0 00 83 3D D8 80 28 00 F0 E6 82 ...
T32A0 004:471.466   completely In flash
T32A0 004:471.505 - 0.148ms returns 0xBC0
T32A0 004:472.514 JLINK_WriteMem(0x00037B90, 0xBC0 Bytes, ...)
T32A0 004:472.571   Data:  2C 46 EE E7 25 69 1D B1 1D E0 64 68 25 69 D5 B9 ...
T32A0 004:472.639   completely In flash
T32A0 004:472.677 - 0.164ms returns 0xBC0
T32A0 004:474.055 JLINK_WriteMem(0x00038750, 0xBD0 Bytes, ...)
T32A0 004:474.110   Data:  09 EB 8A 09 D9 F8 00 30 8B 70 1A 0C 1B 0A 4B 70 ...
T32A0 004:474.177   completely In flash
T32A0 004:474.211 - 0.156ms returns 0xBD0
T32A0 004:475.411 JLINK_WriteMem(0x00039320, 0xBB0 Bytes, ...)
T32A0 004:475.461   Data:  22 F0 03 08 EF F3 10 82 72 B6 25 4B 1D 68 02 E0 ...
T32A0 004:475.495   completely In flash
T32A0 004:475.521 - 0.111ms returns 0xBB0
T32A0 004:476.577 JLINK_WriteMem(0x00039ED0, 0xBB0 Bytes, ...)
T32A0 004:476.626   Data:  A4 60 A6 42 08 BF C2 F8 A4 10 B6 E7 33 68 01 33 ...
T32A0 004:476.672   completely In flash
T32A0 004:476.708 - 0.132ms returns 0xBB0
T32A0 004:477.814 JLINK_WriteMem(0x0003AA80, 0xBB0 Bytes, ...)
T32A0 004:477.867   Data:  AB 42 0D D0 13 68 5B B9 2E 4B 4F F0 80 52 5A 60 ...
T32A0 004:477.905   completely In flash
T32A0 004:477.936 - 0.123ms returns 0xBB0
T32A0 004:480.394 JLINK_WriteMem(0x0003B630, 0xBB0 Bytes, ...)
T32A0 004:480.763   Data:  02 30 B2 B1 A5 61 24 61 01 94 C9 F8 00 40 8A F3 ...
T32A0 004:480.887   completely In flash
T32A0 004:480.926 - 0.537ms returns 0xBB0
T32A0 004:484.450 JLINK_WriteMem(0x0003C1E0, 0xB90 Bytes, ...)
T32A0 004:484.507   Data:  00 30 00 2B 00 F0 9F 80 00 23 4F F0 FF 32 CD E9 ...
T32A0 004:484.565   completely In flash
T32A0 004:484.604 - 0.155ms returns 0xB90
T32A0 004:485.738 JLINK_WriteMem(0x0003CD70, 0xBC0 Bytes, ...)
T32A0 004:485.782   Data:  13 D1 4F F4 80 62 00 20 31 60 2A 60 16 B0 70 BD ...
T32A0 004:485.821   completely In flash
T32A0 004:485.852 - 0.115ms returns 0xBC0
T32A0 004:486.894 JLINK_WriteMem(0x0003D930, 0xBE0 Bytes, ...)
T32A0 004:486.943   Data:  C4 D5 03 00 28 D9 03 00 34 4C 04 20 34 D9 03 00 ...
T32A0 004:486.982   completely In flash
T32A0 004:487.013 - 0.120ms returns 0xBE0
T32A0 004:488.019 JLINK_WriteMem(0x0003E510, 0xBF0 Bytes, ...)
T32A0 004:488.068   Data:  F0 FF 7F F8 81 7F 7C 00 7E 3C 00 7C 1E 00 78 1E ...
T32A0 004:488.111   completely In flash
T32A0 004:488.246 - 0.226ms returns 0xBF0
T32A0 004:489.881 JLINK_WriteMem(0x0003F100, 0xBF0 Bytes, ...)
T32A0 004:489.944   Data:  00 00 00 00 80 3F F8 01 E0 FF F8 03 F0 FF F9 01 ...
T32A0 004:489.988   completely In flash
T32A0 004:490.024 - 0.144ms returns 0xBF0
T32A0 004:490.909 JLINK_WriteMem(0x0003FCF0, 0xBF0 Bytes, ...)
T32A0 004:490.957   Data:  00 7C 00 00 00 7C 00 00 00 7C 00 00 00 3C 00 00 ...
T32A0 004:490.993   completely In flash
T32A0 004:491.024 - 0.115ms returns 0xBF0
T32A0 004:492.046 JLINK_WriteMem(0x000408E0, 0xBF0 Bytes, ...)
T32A0 004:492.095   Data:  07 F0 1F 00 07 70 00 00 07 70 00 00 0F 70 00 00 ...
T32A0 004:492.166   completely In flash
T32A0 004:492.196 - 0.151ms returns 0xBF0
T32A0 004:493.193 JLINK_WriteMem(0x000414D0, 0xBE0 Bytes, ...)
T32A0 004:493.236   Data:  78 00 38 00 78 00 38 00 78 00 38 00 78 00 38 00 ...
T32A0 004:493.269   completely In flash
T32A0 004:493.299 - 0.107ms returns 0xBE0
T32A0 004:494.233 JLINK_WriteMem(0x000420B0, 0xBD0 Bytes, ...)
T32A0 004:494.270   Data:  22 00 01 00 1E 03 17 23 74 EA 03 00 28 00 00 00 ...
T32A0 004:494.298   completely In flash
T32A0 004:494.318 - 0.086ms returns 0xBD0
T32A0 004:495.173 JLINK_WriteMem(0x00042C80, 0xBF0 Bytes, ...)
T32A0 004:495.229   Data:  00 00 00 07 00 00 00 07 00 00 00 07 00 00 00 07 ...
T32A0 004:495.252   completely In flash
T32A0 004:495.279 - 0.106ms returns 0xBF0
T32A0 004:495.927 JLINK_WriteMem(0x00043870, 0xBF0 Bytes, ...)
T32A0 004:495.965   Data:  E0 07 00 00 E0 1F 00 00 E0 7F 00 00 00 FF 01 00 ...
T32A0 004:495.995   completely In flash
T32A0 004:496.020 - 0.094ms returns 0xBF0
T32A0 004:501.951 JLINK_WriteMem(0x00044460, 0xBF0 Bytes, ...)
T32A0 004:502.025   Data:  C0 03 00 C0 03 C0 C0 03 C0 FF 03 C0 FF 01 00 7F ...
T32A0 004:502.106   completely In flash
T32A0 004:502.165 - 0.215ms returns 0xBF0
T32A0 004:503.463 JLINK_WriteMem(0x00045050, 0xBD0 Bytes, ...)
T32A0 004:503.525   Data:  1E 00 01 01 18 26 04 00 00 00 00 00 1E 00 01 01 ...
T32A0 004:503.746   completely In flash
T32A0 004:503.793 - 0.332ms returns 0xBD0
T32A0 004:505.082 JLINK_WriteMem(0x00045C20, 0xBF0 Bytes, ...)
T32A0 004:505.167   Data:  C0 03 00 C0 03 00 E0 01 00 E0 01 00 E0 00 00 FF ...
T32A0 004:505.219   completely In flash
T32A0 004:505.263 - 0.182ms returns 0xBF0
T32A0 004:506.325 JLINK_WriteMem(0x00046810, 0xBF0 Bytes, ...)
T32A0 004:506.384   Data:  78 00 78 00 78 00 78 00 70 00 3C 00 F0 00 3C 00 ...
T32A0 004:506.438   completely In flash
T32A0 004:506.477 - 0.152ms returns 0xBF0
T32A0 004:507.658 JLINK_WriteMem(0x00047400, 0xBE0 Bytes, ...)
T32A0 004:507.717   Data:  78 00 38 00 78 00 38 00 78 00 38 00 78 00 38 00 ...
T32A0 004:507.760   completely In flash
T32A0 004:507.794 - 0.137ms returns 0xBE0
T32A0 004:509.935 JLINK_WriteMem(0x00047FE0, 0xBE0 Bytes, ...)
T32A0 004:510.009   Data:  B8 A4 88 FF 68 B8 F8 FF 8B F8 FC F8 FF 01 68 B8 ...
T32A0 004:510.062   completely In flash
T32A0 004:510.101 - 0.167ms returns 0xBE0
T32A0 004:511.400 JLINK_WriteMem(0x00048BC0, 0xBD0 Bytes, ...)
T32A0 004:511.454   Data:  FF FF FF FF FF FF FF FF FF FF FF FF 01 00 00 00 ...
T32A0 004:511.486   completely In flash
T32A0 004:511.510 - 0.111ms returns 0xBD0
T32A0 004:512.565 JLINK_WriteMem(0x00049790, 0xBE0 Bytes, ...)
T32A0 004:512.624   Data:  09 55 DB 23 00 32 FC 6F 00 00 00 00 02 00 00 A5 ...
T32A0 004:512.663   completely In flash
T32A0 004:512.683 - 0.119ms returns 0xBE0
T32A0 004:514.272 JLINK_WriteMem(0x0004A370, 0xBE0 Bytes, ...)
T32A0 004:514.347   Data:  31 F2 0D 7B C4 00 00 00 D3 6A 73 44 00 00 00 4D ...
T32A0 004:514.406   completely In flash
T32A0 004:514.449 - 0.178ms returns 0xBE0
T32A0 004:515.717 JLINK_WriteMem(0x0004AF50, 0xBD0 Bytes, ...)
T32A0 004:515.781   Data:  0C 01 0A 0C 20 9A 04 00 0C 00 00 00 05 01 03 0C ...
T32A0 004:515.831   completely In flash
T32A0 004:515.870 - 0.154ms returns 0xBD0
T32A0 004:516.892 JLINK_WriteMem(0x0004BB20, 0x30C Bytes, ...)
T32A0 004:516.961   Data:  92 A6 00 00 E5 A8 00 00 41 AB 00 00 A5 AD 00 00 ...
T32A0 004:517.013   completely In flash
T32A0 004:517.046 - 0.154ms returns 0x30C
T32A0 004:518.053 JLINK_WriteMem(0x0004BE2C, 0x8 Bytes, ...)
T32A0 004:518.116   Data:  2C F9 FE 7F 01 00 00 00
T32A0 004:519.343   completely In flash
T32A0 004:519.389 - 1.336ms returns 0x8
T32A0 004:521.035 JLINK_WriteMem(0x0004BE34, 0x300 Bytes, ...)
T32A0 004:521.104   Data:  01 00 00 00 01 00 00 00 02 00 00 00 03 00 00 00 ...
T32A0 004:521.207   completely In flash
T32A0 004:521.242 - 0.208ms returns 0x300
T32A0 004:522.696 JLINK_WriteMem(0x40120050, 0x10 Bytes, ...)
T32A0 004:522.769   Data:  FF FF FF FF FF FF FF FF FF FF FF FF FF FF FF FF
T32A0 004:523.569   completely In flash
T32A0 004:523.632 - 0.936ms returns 0x10
T32A0 004:526.495 JLINK_ReadMem(0x20071058, 0x4 Bytes, ...)
T32A0 004:527.737   CPU_ReadMem(4 bytes @ 0xE000ED90)
T32A0 004:528.421   CPU_ReadMem(4 bytes @ 0xE000ED94)
T32A0 004:529.654    -- --------------------------------------
T32A0 004:530.408    -- Start of determining flash info (Bank @ 0x40120040)
T32A0 004:530.803    -- End of determining flash info
T32A0 004:530.866    -- Start of determining dirty areas in flash cache
T32A0 004:530.900    -- Filling invalid ranges in sector buffer (flash cache) for sector @ 0x40120040 if necessary
T32A0 004:530.940    -- End of determining dirty areas
T32A0 004:530.974    -- Start of preparing flash programming
T32A0 004:531.265    -- Preparing RAMCode
T32A0 004:531.311    -- Calculating RAM usage
T32A0 004:531.366    -- RAM usage = 3912 Bytes
T32A0 004:531.398    -- Preserving CPU registers
T32A0 004:532.197    -- Preparing memory
T32A0 004:532.255    -- Preparing target
T32A0 004:532.286    -- Preserving target RAM temporarily used for programming
T32A0 004:556.565    -- Downloading RAMCode
T32A0 004:582.361    -- Initializing RAMCode (InitType: 3 = Verify)
T32A0 004:582.422    -- Executing SEGGER_FL_Prepare(3)
T32A0 004:596.480    -- SEGGER_FL_Prepare() changed clock speed to 120000000Hz
T32A0 004:596.550    -- End of preparing flash programming
T32A0 004:596.591    -- CPU is running at 120000 kHz.
T32A0 004:596.897    -- Start of comparing flash
T32A0 004:596.929    -- Flash algorithm supports a native verify function which is used to compare the flash content.
T32A0 004:596.972    -- Comparing range 0x40120040 - 0x4012006F (1 Sector, 48 Bytes), using verify function of the RAMCode
T32A0 004:598.876    -- Data matches for sector 0
T32A0 004:598.927    -- End of comparing flash
T32A0 004:598.958    -- Start of erasing sectors
T32A0 004:598.983    -- End of erasing sectors
T32A0 004:599.006    -- Start of flash programming
T32A0 004:599.029    -- End of flash programming
T32A0 004:599.053    -- Start of verifying flash
T32A0 004:599.077    -- End of verifying flash
T32A0 004:599.102    -- Start of restoring
T32A0 004:599.129    -- Executing SEGGER_FL_Restore()
T32A0 004:606.722    -- Restoring target memory
T32A0 004:624.264    -- Restoring CPU registers
T32A0 004:624.326    -- End of restoring
T32A0 004:624.351    -- Bank 0 @ 0x40120040: Skipped. Contents already match
T32A0 004:624.380    -- Bank 0 @ 0x40120040: Skipped. Contents already match
T32A0 004:624.409    -- --------------------------------------
T32A0 004:624.438    -- Flash bank @ 0x00000000: Default: L2 verify disabled because algorithm performs L1 verify
T32A0 004:624.464    -- Start of determining dirty areas in flash cache
T32A0 004:624.490    -- Filling invalid ranges in sector buffer (flash cache) for sector @ 0x00000000 if necessary
T32A0 004:624.516    -- Filling invalid ranges in sector buffer (flash cache) for sector @ 0x00002000 if necessary
T32A0 004:624.557    -- Filling invalid ranges in sector buffer (flash cache) for sector @ 0x00004000 if necessary
T32A0 004:624.586    -- Filling invalid ranges in sector buffer (flash cache) for sector @ 0x00006000 if necessary
T32A0 004:624.613    -- Filling invalid ranges in sector buffer (flash cache) for sector @ 0x00008000 if necessary
T32A0 004:624.640    -- Filling invalid ranges in sector buffer (flash cache) for sector @ 0x0000A000 if necessary
T32A0 004:624.665    -- Filling invalid ranges in sector buffer (flash cache) for sector @ 0x0000C000 if necessary
T32A0 004:624.689    -- Filling invalid ranges in sector buffer (flash cache) for sector @ 0x0000E000 if necessary
T32A0 004:624.714    -- Filling invalid ranges in sector buffer (flash cache) for sector @ 0x00010000 if necessary
T32A0 004:624.743    -- Filling invalid ranges in sector buffer (flash cache) for sector @ 0x00018000 if necessary
T32A0 004:624.767    -- Filling invalid ranges in sector buffer (flash cache) for sector @ 0x00020000 if necessary
T32A0 004:624.791    -- Filling invalid ranges in sector buffer (flash cache) for sector @ 0x00028000 if necessary
T32A0 004:624.815    -- Filling invalid ranges in sector buffer (flash cache) for sector @ 0x00030000 if necessary
T32A0 004:624.840    -- Filling invalid ranges in sector buffer (flash cache) for sector @ 0x00038000 if necessary
T32A0 004:624.866    -- Filling invalid ranges in sector buffer (flash cache) for sector @ 0x00040000 if necessary
T32A0 004:624.891    -- Filling invalid ranges in sector buffer (flash cache) for sector @ 0x00048000 if necessary
T32A0 004:625.857    -- End of determining dirty areas
T32A0 004:625.894    -- Start of preparing flash programming
T32A0 004:625.919    -- Calculating RAM usage
T32A0 004:633.401    -- RAM usage = 10740 Bytes
T32A0 004:634.167    -- Preserving CPU registers
T32A0 004:635.651    -- Determining CPU clock frequency
T32A0 004:727.311    -- Preparing target
T32A0 004:743.177    -- Preserving target RAM temporarily used for programming
T32A0 004:823.724    -- Downloading RAMCode
T32A0 004:847.971    -- Preparing RAMCode
T32A0 004:855.951    -- CPU frequency = 120000 kHz
T32A0 004:856.003    -- End of preparing flash programming
T32A0 004:856.037    -- CPU is running at 120000 kHz.
T32A0 004:856.065    -- Start of comparing flash
T32A0 004:856.089    -- CRC check was estimated as fastest method
T32A0 004:856.184    -- Comparing range 0x0000 - 0xFFFF (8 Sectors, 64 KB), using multi-block CRC calculation
T32A0 004:871.397    -- All CRCs match
T32A0 004:871.453    -- Comparing range 0x10000 - 0x2FFFF (4 Sectors, 128 KB), using multi-block CRC calculation
T32A0 004:899.386    -- All CRCs match
T32A0 004:899.454    -- Comparing range 0x30000 - 0x4FFFF (4 Sectors, 128 KB), using multi-block CRC calculation
T32A0 004:926.721    -- All CRCs match
T32A0 004:926.787    -- Comparing range 0x0000 - 0xFFFF (8 Sectors, 64 KB), using alternative multi-block CRC calculation
T32A0 004:943.480    -- All CRCs match
T32A0 004:943.551    -- Comparing range 0x10000 - 0x2FFFF (4 Sectors, 128 KB), using alternative multi-block CRC calculation
T32A0 004:976.418    -- All CRCs match
T32A0 004:976.483    -- Comparing range 0x30000 - 0x4FFFF (4 Sectors, 128 KB), using alternative multi-block CRC calculation
T32A0 005:004.211    -- All CRCs match
T32A0 005:004.303    -- End of comparing flash
T32A0 005:004.353    -- Start of erasing sectors
T32A0 005:004.389    -- End of erasing sectors
T32A0 005:004.423    -- Start of flash programming
T32A0 005:004.448    -- End of flash programming
T32A0 005:004.471    -- Start of restoring
T32A0 005:004.495    -- Restoring RAMCode
T32A0 005:010.144    -- Restoring target memory
T32A0 005:057.572    -- Restore target
T32A0 005:057.664    -- Restoring CPU registers
T32A0 005:057.745    -- End of restoring
T32A0 005:057.793    -- Bank 1 @ 0x00000000: Skipped. Contents already match
T32A0 005:057.833    -- Bank 1 @ 0x00000000: Skipped. Contents already match
T32A0 005:108.199   CPU_ReadMem(64 bytes @ 0x20071040)
T32A0 005:110.687    -- Updating C cache (64 bytes @ 0x20071040)
T32A0 005:110.733    -- Read from C cache (4 bytes @ 0x20071058)
T32A0 005:110.754   Data:  00 00 00 00
T32A0 005:110.778 - 584.284ms returns 0
T32A0 005:124.045 JLINK_EndDownload()
T32A0 005:124.096 - 0.049ms returns 0 (0x0)
T32A0 005:124.505 JLINK_WriteReg(R15 (PC), 0x00021B00)
T32A0 005:124.538 - 0.033ms returns 0
T32A0 005:124.557 JLINK_WriteReg(XPSR, 0x01000000)
T32A0 005:124.574 - 0.016ms returns 0
T32A0 005:124.605 JLINK_WriteMem(0x20071058, 0x4 Bytes, ...)
T32A0 005:124.621   Data:  00 00 00 00
T32A0 005:124.665   CPU_WriteMem(4 bytes @ 0x20071058)
T32A0 005:125.453 - 0.848ms returns 0x4
T32A0 005:128.200 JLINK_ResetPullsRESET(ON)
T32A0 005:128.245 - 0.047ms
T32A0 005:128.265 JLINK_Halt()
T32A0 005:128.282 - 0.016ms returns 0x00
T32A0 005:128.298 JLINK_IsHalted()
T32A0 005:128.316 - 0.016ms returns TRUE
T32A0 005:128.333 JLINK_Reset()
T32A0 005:128.369   CPU_WriteMem(4 bytes @ 0xE000EDF0)
T32A0 005:129.200   CPU_WriteMem(4 bytes @ 0xE000EDFC)
T32A0 005:129.828   Reset: Halt core after reset via DEMCR.VC_CORERESET.
T32A0 005:132.611   Reset: Reset device via AIRCR.SYSRESETREQ.
T32A0 005:132.687   CPU_WriteMem(4 bytes @ 0xE000ED0C)
T32A0 005:187.133   CPU_ReadMem(4 bytes @ 0xE000EDF0)
T32A0 005:187.760   CPU_ReadMem(4 bytes @ 0xE000EDF0)
T32A0 005:188.386   CPU_WriteMem(4 bytes @ 0xE000EDFC)
T32A0 005:195.169   CPU_ReadMem(4 bytes @ 0xE000EDF0)
T32A0 005:199.802   CPU_WriteMem(4 bytes @ 0xE0002000)
T32A0 005:200.635   CPU_ReadMem(4 bytes @ 0xE000EDFC)
T32A0 005:201.292   CPU_ReadMem(4 bytes @ 0xE0001000)
T32A0 005:201.945 - 73.610ms
T32A0 005:202.010 JLINK_SetEndian(ARM_ENDIAN_LITTLE)
T32A0 005:202.035 - 0.024ms returns 0
T32A0 005:202.171 JLINK_ReadMem(0x20071058, 0x4 Bytes, ...)
T32A0 005:202.225   CPU_ReadMem(64 bytes @ 0x20071040)
T32A0 005:203.326    -- Updating C cache (64 bytes @ 0x20071040)
T32A0 005:203.399    -- Read from C cache (4 bytes @ 0x20071058)
T32A0 005:203.438   Data:  00 00 00 00
T32A0 005:203.467 - 1.295ms returns 0
T32A0 005:227.927 JLINK_WriteMem(0x20071058, 0x4 Bytes, ...)
T32A0 005:227.972   Data:  00 00 00 00
T32A0 005:228.014   CPU_WriteMem(4 bytes @ 0x20071058)
T32A0 005:228.602 - 0.674ms returns 0x4
T32A0 005:240.181 JLINK_ReadMem(0x20071058, 0x4 Bytes, ...)
T32A0 005:240.288   CPU_ReadMem(64 bytes @ 0x20071040)
T32A0 005:241.517    -- Updating C cache (64 bytes @ 0x20071040)
T32A0 005:241.589    -- Read from C cache (4 bytes @ 0x20071058)
T32A0 005:241.616   Data:  00 00 00 00
T32A0 005:241.636 - 1.457ms returns 0
T32A0 005:241.742 JLINK_ReadReg(XPSR)
T32A0 005:241.766 - 0.024ms returns 0x01000000
T32A0 005:241.796 JLINK_ReadMem(0x20071058, 0x4 Bytes, ...)
T32A0 005:241.817    -- Read from C cache (4 bytes @ 0x20071058)
T32A0 005:241.835   Data:  00 00 00 00
T32A0 005:241.853 - 0.057ms returns 0
T32A0 005:245.064 JLINK_ReadMem(0x00021B00, 0x4 Bytes, ...)
T32A0 005:245.113    -- Read from flash cache (4 bytes @ 0x00021B00)
T32A0 005:245.148   Data:  80 B5 00 AF
T32A0 005:245.171 - 0.108ms returns 0
T32A0 005:283.854 JLINK_ReadMem(0x20071058, 0x4 Bytes, ...)
T32A0 005:283.928    -- Read from C cache (4 bytes @ 0x20071058)
T32A0 005:283.954   Data:  00 00 00 00
T32A0 005:283.979 - 0.126ms returns 0
T32A0 005:284.071 JLINK_ReadReg(XPSR)
T32A0 005:284.102 - 0.030ms returns 0x01000000
T32A0 005:284.135 JLINK_ReadMem(0x20071058, 0x4 Bytes, ...)
T32A0 005:284.166    -- Read from C cache (4 bytes @ 0x20071058)
T32A0 005:284.192   Data:  00 00 00 00
T32A0 005:284.214 - 0.079ms returns 0
T32A0 005:285.694 JLINK_ReadMem(0x00021B00, 0x4 Bytes, ...)
T32A0 005:285.766    -- Read from flash cache (4 bytes @ 0x00021B00)
T32A0 005:285.805   Data:  80 B5 00 AF
T32A0 005:285.849 - 0.156ms returns 0
T32A0 005:293.961 JLINK_ReadMem(0x00022F48, 0x2 Bytes, ...)
T32A0 005:294.025    -- Read from flash cache (2 bytes @ 0x00022F48)
T32A0 005:294.046   Data:  80 B5
T32A0 005:294.063 - 0.104ms returns 0
T32A0 005:294.534 JLINK_ReadMem(0x00022F40, 0x40 Bytes, ...)
T32A0 005:294.577    -- Read from flash cache (64 bytes @ 0x00022F40)
T32A0 005:294.597   Data:  D8 03 FE 1F DC 03 FE 1F 80 B5 8A B0 04 AF 78 60 ...
T32A0 005:294.612 - 0.078ms returns 0
T32A0 005:296.217 JLINK_ReadMem(0x00022F52, 0x2 Bytes, ...)
T32A0 005:296.270    -- Read from flash cache (2 bytes @ 0x00022F52)
T32A0 005:296.293   Data:  20 23
T32A0 005:296.311 - 0.093ms returns 0
T32A0 005:299.248 JLINK_GetNumBPUnits(Type = 0xFFFFFF00)
T32A0 005:299.350 - 0.102ms returns 0x06
T32A0 005:299.387 JLINK_GetNumWPUnits()
T32A0 005:299.418 - 0.030ms returns 4
T32A0 005:299.451 JLINK_GetNumWPUnits()
T32A0 005:299.480 - 0.028ms returns 4
T32A0 005:299.545 JLINK_GetNumBPUnits(Type = 0xFFFFFF00)
T32A0 005:299.573 - 0.027ms returns 0x06
T32A0 005:299.593 JLINK_GetNumWPUnits()
T32A0 005:299.618 - 0.024ms returns 4
T32A0 005:299.639 JLINK_GetNumWPUnits()
T32A0 005:299.655 - 0.015ms returns 4
T32A0 005:299.693 JLINK_GetNumBPUnits(Type = 0xFFFFFF00)
T32A0 005:299.721 - 0.028ms returns 0x06
T32A0 005:299.743 JLINK_GetNumWPUnits()
T32A0 005:299.753 - 0.010ms returns 4
T32A0 005:299.764 JLINK_GetNumWPUnits()
T32A0 005:299.773 - 0.009ms returns 4
T32A0 005:300.846 JLINK_SetBPEx(Addr = 0x00022F52, Type = 0xFFFFFF00)
T32A0 005:300.892 - 0.046ms returns 0x00000001
T32A0 005:303.787 JLINK_ReadMem(0x00022F1C, 0x2 Bytes, ...)
T32A0 005:303.865    -- Read from flash cache (2 bytes @ 0x00022F1C)
T32A0 005:303.899   Data:  08 4B
T32A0 005:303.927 - 0.141ms returns 0
T32A0 005:304.680 JLINK_ReadMem(0x00022EC0, 0x40 Bytes, ...)
T32A0 005:304.737    -- Read from flash cache (64 bytes @ 0x00022EC0)
T32A0 005:304.773   Data:  D1 08 01 00 B5 09 01 00 93 0A 01 00 03 0C 01 00 ...
T32A0 005:304.800 - 0.121ms returns 0
T32A0 005:305.514 JLINK_ReadMem(0x00022F1C, 0x2 Bytes, ...)
T32A0 005:305.576    -- Read from flash cache (2 bytes @ 0x00022F1C)
T32A0 005:305.627   Data:  08 4B
T32A0 005:305.655 - 0.142ms returns 0
T32A0 005:307.036 JLINK_ClrBPEx(BPHandle = 0x00000001)
T32A0 005:307.099 - 0.063ms returns 0x00
T32A0 005:307.139 JLINK_SetBPEx(Addr = 0x00022F52, Type = 0xFFFFFF00)
T32A0 005:307.179 - 0.040ms returns 0x00000002
T32A0 005:307.202 JLINK_SetBPEx(Addr = 0x00022F1C, Type = 0xFFFFFF00)
T32A0 005:307.223 - 0.020ms returns 0x00000003
T32A0 005:311.461 JLINK_ReadMem(0x00022F12, 0x2 Bytes, ...)
T32A0 005:311.533    -- Read from flash cache (2 bytes @ 0x00022F12)
T32A0 005:311.587   Data:  0C 4B
T32A0 005:311.622 - 0.162ms returns 0
T32A0 005:312.182 JLINK_ReadMem(0x00022EC0, 0x40 Bytes, ...)
T32A0 005:312.239    -- Read from flash cache (64 bytes @ 0x00022EC0)
T32A0 005:312.271   Data:  D1 08 01 00 B5 09 01 00 93 0A 01 00 03 0C 01 00 ...
T32A0 005:312.301 - 0.119ms returns 0
T32A0 005:313.061 JLINK_ReadMem(0x00022F12, 0x2 Bytes, ...)
T32A0 005:313.115    -- Read from flash cache (2 bytes @ 0x00022F12)
T32A0 005:313.168   Data:  0C 4B
T32A0 005:313.263 - 0.202ms returns 0
T32A0 005:314.804 JLINK_ClrBPEx(BPHandle = 0x00000002)
T32A0 005:314.870 - 0.066ms returns 0x00
T32A0 005:314.903 JLINK_ClrBPEx(BPHandle = 0x00000003)
T32A0 005:314.925 - 0.021ms returns 0x00
T32A0 005:314.954 JLINK_SetBPEx(Addr = 0x00022F52, Type = 0xFFFFFF00)
T32A0 005:314.979 - 0.024ms returns 0x00000004
T32A0 005:315.006 JLINK_SetBPEx(Addr = 0x00022F1C, Type = 0xFFFFFF00)
T32A0 005:315.031 - 0.024ms returns 0x00000005
T32A0 005:315.053 JLINK_SetBPEx(Addr = 0x00022F12, Type = 0xFFFFFF00)
T32A0 005:315.079 - 0.026ms returns 0x00000006
T32A0 005:950.486 JLINK_ReadMem(0x20071058, 0x4 Bytes, ...)
T32A0 005:950.588    -- Read from C cache (4 bytes @ 0x20071058)
T32A0 005:950.640   Data:  00 00 00 00
T32A0 005:950.685 - 0.199ms returns 0
T32A0 005:950.804 JLINK_ReadReg(XPSR)
T32A0 005:951.486 - 0.680ms returns 0x01000000
T32A0 005:951.627 JLINK_ReadMem(0x20071058, 0x4 Bytes, ...)
T32A0 005:951.677    -- Read from C cache (4 bytes @ 0x20071058)
T32A0 005:951.712   Data:  00 00 00 00
T32A0 005:951.741 - 0.115ms returns 0
T32A0 008:531.696 JLINK_ClrBPEx(BPHandle = 0x00000004)
T32A0 008:532.604 - 0.910ms returns 0x00
T32A0 008:532.692 JLINK_ClrBPEx(BPHandle = 0x00000005)
T32A0 008:532.750 - 0.057ms returns 0x00
T32A0 008:532.788 JLINK_ClrBPEx(BPHandle = 0x00000006)
T32A0 008:532.822 - 0.034ms returns 0x00
T32A0 008:532.865 JLINK_SetBPEx(Addr = 0x00022F52, Type = 0xFFFFFF00)
T32A0 008:532.894 - 0.029ms returns 0x00000007
T32A0 008:532.922 JLINK_SetBPEx(Addr = 0x00022F1C, Type = 0xFFFFFF00)
T32A0 008:532.948 - 0.025ms returns 0x00000008
T32A0 008:532.971 JLINK_SetBPEx(Addr = 0x00022F12, Type = 0xFFFFFF00)
T32A0 008:532.997 - 0.025ms returns 0x00000009
T32A0 008:533.021 JLINK_SetBPEx(Addr = 0x00022410, Type = 0xFFFFFF00)
T32A0 008:533.043 - 0.022ms returns 0x0000000A
T32A0 008:533.083 JLINK_ClrBPEx(BPHandle = 0x00000007)
T32A0 008:533.106 - 0.023ms returns 0x00
T32A0 008:533.130 JLINK_ClrBPEx(BPHandle = 0x00000008)
T32A0 008:533.151 - 0.021ms returns 0x00
T32A0 008:533.173 JLINK_ClrBPEx(BPHandle = 0x00000009)
T32A0 008:533.194 - 0.021ms returns 0x00
T32A0 008:533.218 JLINK_ClrBPEx(BPHandle = 0x0000000A)
T32A0 008:533.238 - 0.020ms returns 0x00
T32A0 008:533.270 JLINK_SetBPEx(Addr = 0x00022F52, Type = 0xFFFFFF00)
T32A0 008:533.293 - 0.022ms returns 0x0000000B
T32A0 008:533.315 JLINK_SetBPEx(Addr = 0x00022F1C, Type = 0xFFFFFF00)
T32A0 008:533.334 - 0.019ms returns 0x0000000C
T32A0 008:533.357 JLINK_SetBPEx(Addr = 0x00022F12, Type = 0xFFFFFF00)
T32A0 008:533.376 - 0.019ms returns 0x0000000D
T32A0 009:120.265 JLINK_ReadMem(0x00022400, 0x40 Bytes, ...)
T32A0 009:120.346    -- Read from flash cache (64 bytes @ 0x00022400)
T32A0 009:120.387   Data:  BD 46 80 BD F4 4D 04 20 F0 4D 04 20 EC 4D 04 20 ...
T32A0 009:120.414 - 0.152ms returns 0
T32A0 009:121.853 JLINK_ReadMem(0x00022414, 0x2 Bytes, ...)
T32A0 009:121.910    -- Read from flash cache (2 bytes @ 0x00022414)
T32A0 009:121.939   Data:  72 B6
T32A0 009:121.966 - 0.113ms returns 0
T32A0 009:123.846 JLINK_ClrBPEx(BPHandle = 0x0000000B)
T32A0 009:124.698 - 0.852ms returns 0x00
T32A0 009:124.758 JLINK_ClrBPEx(BPHandle = 0x0000000C)
T32A0 009:124.794 - 0.035ms returns 0x00
T32A0 009:124.819 JLINK_ClrBPEx(BPHandle = 0x0000000D)
T32A0 009:124.840 - 0.021ms returns 0x00
T32A0 009:124.875 JLINK_SetBPEx(Addr = 0x00022F52, Type = 0xFFFFFF00)
T32A0 009:124.899 - 0.023ms returns 0x0000000E
T32A0 009:124.920 JLINK_SetBPEx(Addr = 0x00022F1C, Type = 0xFFFFFF00)
T32A0 009:124.938 - 0.018ms returns 0x0000000F
T32A0 009:124.974 JLINK_SetBPEx(Addr = 0x00022F12, Type = 0xFFFFFF00)
T32A0 009:124.994 - 0.020ms returns 0x00000010
T32A0 009:125.014 JLINK_SetBPEx(Addr = 0x00022414, Type = 0xFFFFFF00)
T32A0 009:125.033 - 0.019ms returns 0x00000011
T32A0 015:279.869 JLINK_ReadMem(0x20071058, 0x4 Bytes, ...)
T32A0 015:280.054    -- Read from C cache (4 bytes @ 0x20071058)
T32A0 015:280.096   Data:  00 00 00 00
T32A0 015:280.125 - 0.260ms returns 0
T32A0 015:281.942 JLINK_ReadMem(0x20071058, 0x4 Bytes, ...)
T32A0 015:282.040    -- Read from C cache (4 bytes @ 0x20071058)
T32A0 015:282.078   Data:  00 00 00 00
T32A0 015:282.104 - 0.163ms returns 0
T32A0 015:282.182 JLINK_ReadRegs(NumRegs = 20, Indexes: 0, 1, 2, 3, 4, 5, 6, 7, 8, 9, 10, 11, 12, 13, 14, 15, 16, 17, 18, 20)
T32A0 015:282.230    -- R0=0x00, R1=0x00, R2=0x00, R3=0x4001E0A0, R4=0x1FFE0964, R5=0x1FFE0984, R6=0x1FFE0984, R7=0x20071074, R8=0x00, R9=0x00, R10=0x1FFE0978, R11=0x00, R12=0x1FFE08E8, R13 (SP)=0x2007ABA0, R14=0xFFFFFFFF, R15 (PC)=0x21B00, XPSR=0x1000000, MSP=0x2007ABA0, PSP=0x1FFE0A88, CFBP=0x00
T32A0 015:282.259 - 0.078ms returns 0x00
T32A0 015:283.890 JLINK_ReadMem(0x20071058, 0x4 Bytes, ...)
T32A0 015:283.955    -- Read from C cache (4 bytes @ 0x20071058)
T32A0 015:283.987   Data:  00 00 00 00
T32A0 015:284.053 - 0.164ms returns 0
T32A0 015:284.158 JLINK_ReadReg(XPSR)
T32A0 015:285.155 - 0.995ms returns 0x01000000
T32A0 015:285.718 JLINK_ReadMem(0x20071058, 0x4 Bytes, ...)
T32A0 015:285.786    -- Read from C cache (4 bytes @ 0x20071058)
T32A0 015:285.819   Data:  00 00 00 00
T32A0 015:285.846 - 0.129ms returns 0
T32A0 015:290.251 JLINK_ReadMem(0x00021B00, 0x4 Bytes, ...)
T32A0 015:290.299    -- Read from flash cache (4 bytes @ 0x00021B00)
T32A0 015:290.323   Data:  80 B5 00 AF
T32A0 015:290.344 - 0.093ms returns 0
T5484 015:780.243 JLINK_GetNumBPUnits(Type = 0xFFFFFF00)
T5484 015:780.298 - 0.055ms returns 0x06
T5484 015:780.326 JLINK_GetNumWPUnits()
T5484 015:780.346 - 0.019ms returns 4
T5484 015:780.370 JLINK_GetNumWPUnits()
T5484 015:780.387 - 0.018ms returns 4
T5484 015:781.235 JLINK_GetNumBPUnits(Type = 0xFFFFFF00)
T5484 015:781.278 - 0.044ms returns 0x06
T5484 015:781.301 JLINK_GetNumWPUnits()
T5484 015:781.318 - 0.016ms returns 4
T5484 015:781.339 JLINK_GetNumWPUnits()
T5484 015:781.354 - 0.015ms returns 4
T5484 015:782.062 JLINK_GetNumBPUnits(Type = 0xFFFFFF00)
T5484 015:782.112 - 0.049ms returns 0x06
T5484 015:782.138 JLINK_GetNumWPUnits()
T5484 015:782.155 - 0.017ms returns 4
T5484 015:782.174 JLINK_GetNumWPUnits()
T5484 015:782.190 - 0.014ms returns 4
T5484 015:782.757 JLINK_GetNumBPUnits(Type = 0xFFFFFF00)
T5484 015:782.802 - 0.045ms returns 0x06
T5484 015:782.829 JLINK_GetNumWPUnits()
T5484 015:782.848 - 0.017ms returns 4
T5484 015:782.867 JLINK_GetNumWPUnits()
T5484 015:782.883 - 0.016ms returns 4
T5484 015:783.384 JLINK_GetNumBPUnits(Type = 0xFFFFFF00)
T5484 015:783.421 - 0.037ms returns 0x06
T5484 015:783.442 JLINK_GetNumWPUnits()
T5484 015:783.456 - 0.015ms returns 4
T5484 015:783.475 JLINK_GetNumWPUnits()
T5484 015:783.490 - 0.015ms returns 4
T5484 015:783.946 JLINK_GetNumBPUnits(Type = 0xFFFFFF00)
T5484 015:783.981 - 0.036ms returns 0x06
T5484 015:783.998 JLINK_GetNumWPUnits()
T5484 015:784.014 - 0.015ms returns 4
T5484 015:784.032 JLINK_GetNumWPUnits()
T5484 015:784.045 - 0.013ms returns 4
T5484 015:784.453 JLINK_GetNumBPUnits(Type = 0xFFFFFF00)
T5484 015:784.488 - 0.035ms returns 0x06
T5484 015:784.506 JLINK_GetNumWPUnits()
T5484 015:784.531 - 0.024ms returns 4
T5484 015:784.557 JLINK_GetNumWPUnits()
T5484 015:784.574 - 0.016ms returns 4
T5484 015:785.080 JLINK_GetNumBPUnits(Type = 0xFFFFFF00)
T5484 015:785.117 - 0.037ms returns 0x06
T5484 015:785.136 JLINK_GetNumWPUnits()
T5484 015:785.152 - 0.015ms returns 4
T5484 015:785.170 JLINK_GetNumWPUnits()
T5484 015:785.184 - 0.014ms returns 4
T32A0 028:646.816 JLINK_ReadMem(0x20071058, 0x4 Bytes, ...)
T32A0 028:646.892    -- Read from C cache (4 bytes @ 0x20071058)
T32A0 028:646.928   Data:  00 00 00 00
T32A0 028:646.954 - 0.144ms returns 0
T32A0 028:647.068 JLINK_ReadReg(XPSR)
T32A0 028:647.686 - 0.617ms returns 0x01000000
T32A0 028:647.748 JLINK_ReadMem(0x20071058, 0x4 Bytes, ...)
T32A0 028:647.772    -- Read from C cache (4 bytes @ 0x20071058)
T32A0 028:647.788   Data:  00 00 00 00
T32A0 028:647.804 - 0.056ms returns 0
T32A0 028:650.784 JLINK_ReadMem(0x00021B00, 0x4 Bytes, ...)
T32A0 028:650.842    -- Read from flash cache (4 bytes @ 0x00021B00)
T32A0 028:650.868   Data:  80 B5 00 AF
T32A0 028:650.886 - 0.104ms returns 0
T32A0 028:741.872 JLINK_ReadMem(0x20071058, 0x4 Bytes, ...)
T32A0 028:741.930    -- Read from C cache (4 bytes @ 0x20071058)
T32A0 028:741.952   Data:  00 00 00 00
T32A0 028:741.972 - 0.102ms returns 0
T32A0 028:742.800 JLINK_ReadReg(XPSR)
T32A0 028:742.868 - 0.065ms returns 0x01000000
T32A0 028:742.912 JLINK_ReadMem(0x20071058, 0x4 Bytes, ...)
T32A0 028:742.948    -- Read from C cache (4 bytes @ 0x20071058)
T32A0 028:742.972   Data:  00 00 00 00
T32A0 028:742.998 - 0.085ms returns 0
T32A0 036:082.956 JLINK_ReadMem(0x20071058, 0x4 Bytes, ...)
T32A0 036:083.048    -- Read from C cache (4 bytes @ 0x20071058)
T32A0 036:083.084   Data:  00 00 00 00
T32A0 036:083.116 - 0.162ms returns 0
T32A0 036:085.224 JLINK_STRACE_Read(..., NumItems = 0x10000)
T32A0 036:088.424 - 3.717ms NumItemsRead = 0x00
T32A0 036:089.496 JLINK_IsHalted()
T32A0 036:091.156 - 1.660ms returns TRUE
T32A0 036:091.248 JLINK_STRACE_Read(..., NumItems = 0x10000)
T32A0 036:091.276 - 0.028ms NumItemsRead = 0x00
T32A0 036:091.304 JLINK_GoEx(MaxEmulInsts = 0, Flags = 0x01)
T32A0 036:094.816   CPU_WriteMem(4 bytes @ 0xE0002000)
T32A0 036:098.024   CPU_WriteMem(4 bytes @ 0xE0002000)
T32A0 036:099.064   CPU_WriteMem(4 bytes @ 0xE0002000)
T32A0 036:100.636   CPU_WriteMem(4 bytes @ 0xE0002000)
T32A0 036:102.040   CPU_ReadMem(4 bytes @ 0xE0001000)
T32A0 036:102.696   CPU_WriteMem(4 bytes @ 0xE0002008)
T32A0 036:102.760   CPU_WriteMem(4 bytes @ 0xE000200C)
T32A0 036:102.788   CPU_WriteMem(4 bytes @ 0xE0002010)
T32A0 036:102.816   CPU_WriteMem(4 bytes @ 0xE0002014)
T32A0 036:102.892   CPU_WriteMem(4 bytes @ 0xE0002018)
T32A0 036:102.920   CPU_WriteMem(4 bytes @ 0xE000201C)
T32A0 036:104.992   CPU_WriteMem(4 bytes @ 0xE0001004)
T32A0 036:107.072   Memory map 'after startup completion point' is active
T32A0 036:107.128 - 15.821ms
T32A0 036:208.932 JLINK_IsHalted()
T32A0 036:212.288 - 3.356ms returns TRUE
T32A0 036:212.336 JLINK_ReadReg(XPSR)
T32A0 036:212.360 - 0.024ms returns 0x01000000
T32A0 036:212.380 JLINK_ReadReg(R15 (PC))
T32A0 036:212.408 - 0.027ms returns 0x00022414
T32A0 036:212.552 JLINK_ReadReg(XPSR)
T32A0 036:212.584 - 0.028ms returns 0x01000000
T32A0 036:212.600 JLINK_ReadReg(XPSR)
T32A0 036:212.620 - 0.017ms returns 0x01000000
T32A0 036:212.640 JLINK_ReadReg(R15 (PC))
T32A0 036:212.660 - 0.016ms returns 0x00022414
T32A0 036:212.696 JLINK_ReadReg(XPSR)
T32A0 036:212.728 - 0.033ms returns 0x01000000
T32A0 036:212.756 JLINK_ReadReg(XPSR)
T32A0 036:212.776 - 0.018ms returns 0x01000000
T32A0 036:212.792 JLINK_ReadMem(0x00022414, 0x1 Bytes, ...)
T32A0 036:212.824    -- Read from flash cache (1 bytes @ 0x00022414)
T32A0 036:212.848   Data:  72
T32A0 036:212.868 - 0.074ms returns 0
T32A0 036:212.892 JLINK_IsHalted()
T32A0 036:212.912 - 0.017ms returns TRUE
T32A0 036:212.936 JLINK_ReadReg(XPSR)
T32A0 036:212.952 - 0.017ms returns 0x01000000
T32A0 036:212.976 JLINK_ReadReg(XPSR)
T32A0 036:212.992 - 0.015ms returns 0x01000000
T32A0 036:213.008 JLINK_ReadReg(R15 (PC))
T32A0 036:213.024 - 0.015ms returns 0x00022414
T32A0 036:213.048 JLINK_ReadReg(XPSR)
T32A0 036:213.064 - 0.017ms returns 0x01000000
T32A0 036:213.160 JLINK_ReadReg(XPSR)
T32A0 036:213.188 - 0.031ms returns 0x01000000
T32A0 036:213.208 JLINK_ReadMem(0x00022414, 0x1 Bytes, ...)
T32A0 036:213.228    -- Read from flash cache (1 bytes @ 0x00022414)
T32A0 036:213.252   Data:  72
T32A0 036:213.272 - 0.064ms returns 0
T32A0 036:213.408 JLINK_IsHalted()
T32A0 036:213.432 - 0.024ms returns TRUE
T32A0 036:213.452 JLINK_ReadReg(XPSR)
T32A0 036:213.484 - 0.032ms returns 0x01000000
T32A0 036:213.504 JLINK_ReadReg(R15 (PC))
T32A0 036:213.524 - 0.017ms returns 0x00022414
T32A0 036:213.544 JLINK_ReadReg(XPSR)
T32A0 036:213.560 - 0.017ms returns 0x01000000
T32A0 036:213.580 JLINK_ReadReg(XPSR)
T32A0 036:213.596 - 0.016ms returns 0x01000000
T32A0 036:213.616 JLINK_ReadReg(R15 (PC))
T32A0 036:213.632 - 0.016ms returns 0x00022414
T32A0 036:213.652 JLINK_ReadReg(XPSR)
T32A0 036:213.672 - 0.017ms returns 0x01000000
T32A0 036:213.688 JLINK_ReadReg(XPSR)
T32A0 036:213.704 - 0.017ms returns 0x01000000
T32A0 036:213.724 JLINK_ReadMem(0x00022414, 0x1 Bytes, ...)
T32A0 036:213.748    -- Read from flash cache (1 bytes @ 0x00022414)
T32A0 036:213.768   Data:  72
T32A0 036:213.792 - 0.067ms returns 0
T32A0 036:213.820 JLINK_IsHalted()
T32A0 036:213.840 - 0.017ms returns TRUE
T32A0 036:213.860 JLINK_ReadReg(XPSR)
T32A0 036:213.880 - 0.017ms returns 0x01000000
T32A0 036:213.896 JLINK_ReadReg(XPSR)
T32A0 036:213.912 - 0.017ms returns 0x01000000
T32A0 036:213.932 JLINK_ReadReg(R15 (PC))
T32A0 036:213.948 - 0.017ms returns 0x00022414
T32A0 036:213.972 JLINK_ReadReg(XPSR)
T32A0 036:213.992 - 0.017ms returns 0x01000000
T32A0 036:214.008 JLINK_ReadReg(XPSR)
T32A0 036:214.024 - 0.017ms returns 0x01000000
T32A0 036:214.044 JLINK_ReadMem(0x00022414, 0x1 Bytes, ...)
T32A0 036:214.064    -- Read from flash cache (1 bytes @ 0x00022414)
T32A0 036:214.084   Data:  72
T32A0 036:214.104 - 0.057ms returns 0
T32A0 036:214.136 JLINK_ReadMem(0x20071058, 0x4 Bytes, ...)
T32A0 036:214.176   CPU_ReadMem(64 bytes @ 0x20071040)
T32A0 036:215.272    -- Updating C cache (64 bytes @ 0x20071040)
T32A0 036:215.320    -- Read from C cache (4 bytes @ 0x20071058)
T32A0 036:215.344   Data:  00 00 00 00
T32A0 036:215.384 - 1.248ms returns 0
T32A0 036:216.692 JLINK_ReadMem(0x20071058, 0x4 Bytes, ...)
T32A0 036:216.748    -- Read from C cache (4 bytes @ 0x20071058)
T32A0 036:216.764   Data:  00 00 00 00
T32A0 036:216.780 - 0.090ms returns 0
T32A0 036:216.884 JLINK_ReadRegs(NumRegs = 20, Indexes: 0, 1, 2, 3, 4, 5, 6, 7, 8, 9, 10, 11, 12, 13, 14, 15, 16, 17, 18, 20)
T32A0 036:216.928    -- R0=0x01, R1=0x20, R2=0x64000000, R3=0x00, R4=0x1FFE0964, R5=0x1FFE0984, R6=0x1FFE0984, R7=0x2007AB90, R8=0x00, R9=0x00, R10=0x1FFE0978, R11=0x00, R12=0x07, R13 (SP)=0x2007AB90, R14=0x21B0D, R15 (PC)=0x22414, XPSR=0x1000000, MSP=0x2007AB90, PSP=0x1FFE0A88, CFBP=0x4000000
T32A0 036:216.976 - 0.093ms returns 0x00
T32A0 036:225.644 JLINK_ReadMem(0x20071058, 0x4 Bytes, ...)
T32A0 036:225.708    -- Read from C cache (4 bytes @ 0x20071058)
T32A0 036:225.748   Data:  00 00 00 00
T32A0 036:225.772 - 0.129ms returns 0
T32A0 036:225.912 JLINK_ReadReg(XPSR)
T32A0 036:225.940 - 0.030ms returns 0x01000000
T32A0 036:225.976 JLINK_ReadMem(0x20071058, 0x4 Bytes, ...)
T32A0 036:225.992    -- Read from C cache (4 bytes @ 0x20071058)
T32A0 036:226.008   Data:  00 00 00 00
T32A0 036:226.020 - 0.047ms returns 0
T32A0 036:227.976 JLINK_ReadMem(0x00022414, 0x4 Bytes, ...)
T32A0 036:228.032    -- Read from flash cache (4 bytes @ 0x00022414)
T32A0 036:228.060   Data:  72 B6 00 BF
T32A0 036:228.088 - 0.108ms returns 0
T32A0 036:239.900 JLINK_ClrBPEx(BPHandle = 0x0000000E)
T32A0 036:239.964 - 0.063ms returns 0x00
T32A0 036:239.996 JLINK_ClrBPEx(BPHandle = 0x0000000F)
T32A0 036:240.016 - 0.021ms returns 0x00
T32A0 036:240.040 JLINK_ClrBPEx(BPHandle = 0x00000010)
T32A0 036:240.068 - 0.027ms returns 0x00
T32A0 036:240.144 JLINK_ClrBPEx(BPHandle = 0x00000011)
T32A0 036:240.184 - 0.039ms returns 0x00
T32A0 036:240.216 JLINK_SetBPEx(Addr = 0x00022F52, Type = 0xFFFFFF00)
T32A0 036:240.256 - 0.037ms returns 0x00000012
T32A0 036:240.292 JLINK_SetBPEx(Addr = 0x00022F1C, Type = 0xFFFFFF00)
T32A0 036:240.324 - 0.033ms returns 0x00000013
T32A0 036:240.356 JLINK_SetBPEx(Addr = 0x00022F12, Type = 0xFFFFFF00)
T32A0 036:240.440 - 0.081ms returns 0x00000014
T32A0 036:593.656 JLINK_ReadMem(0x00022414, 0x4 Bytes, ...)
T32A0 036:593.720    -- Read from flash cache (4 bytes @ 0x00022414)
T32A0 036:593.876   Data:  72 B6 00 BF
T32A0 036:593.904 - 0.247ms returns 0
T32A0 037:017.620 JLINK_ReadMem(0x20071058, 0x4 Bytes, ...)
T32A0 037:017.912    -- Read from C cache (4 bytes @ 0x20071058)
T32A0 037:017.976   Data:  00 00 00 00
T32A0 037:018.036 - 0.419ms returns 0
T32A0 037:018.304 JLINK_ReadReg(XPSR)
T32A0 037:019.508 - 1.202ms returns 0x01000000
T32A0 037:019.780 JLINK_ReadMem(0x20071058, 0x4 Bytes, ...)
T32A0 037:019.892    -- Read from C cache (4 bytes @ 0x20071058)
T32A0 037:019.960   Data:  00 00 00 00
T32A0 037:020.008 - 0.231ms returns 0
T32A0 037:078.548 JLINK_ReadMem(0x20071058, 0x4 Bytes, ...)
T32A0 037:078.600    -- Read from C cache (4 bytes @ 0x20071058)
T32A0 037:078.632   Data:  00 00 00 00
T32A0 037:078.656 - 0.111ms returns 0
T32A0 037:078.756 JLINK_ReadReg(XPSR)
T32A0 037:078.784 - 0.029ms returns 0x01000000
T32A0 037:078.816 JLINK_ReadMem(0x20071058, 0x4 Bytes, ...)
T32A0 037:078.852    -- Read from C cache (4 bytes @ 0x20071058)
T32A0 037:078.872   Data:  00 00 00 00
T32A0 037:078.896 - 0.080ms returns 0
T5484 038:246.904 JLINK_IsHalted()
T5484 038:247.940 - 1.035ms returns TRUE
T5484 038:248.568 JLINK_ReadReg(XPSR)
T5484 038:248.620 - 0.052ms returns 0x01000000
T5484 038:248.648 JLINK_ReadReg(R15 (PC))
T5484 038:248.668 - 0.022ms returns 0x00022414
T5484 038:248.696 JLINK_ReadReg(XPSR)
T5484 038:248.716 - 0.019ms returns 0x01000000
T5484 038:248.736 JLINK_ReadReg(XPSR)
T5484 038:248.752 - 0.016ms returns 0x01000000
T5484 038:248.772 JLINK_ReadReg(R15 (PC))
T5484 038:248.788 - 0.015ms returns 0x00022414
T5484 038:248.804 JLINK_ReadReg(XPSR)
T5484 038:248.992 - 0.184ms returns 0x01000000
T5484 038:249.020 JLINK_ReadReg(XPSR)
T5484 038:249.040 - 0.017ms returns 0x01000000
T5484 038:249.064 JLINK_ReadMem(0x00022414, 0x1 Bytes, ...)
T5484 038:249.084    -- Read from flash cache (1 bytes @ 0x00022414)
T5484 038:249.112   Data:  72
T5484 038:249.132 - 0.071ms returns 0
T5484 038:249.152 JLINK_IsHalted()
T5484 038:249.168 - 0.016ms returns TRUE
T5484 038:249.188 JLINK_ReadReg(XPSR)
T5484 038:249.204 - 0.014ms returns 0x01000000
T5484 038:249.220 JLINK_ReadReg(XPSR)
T5484 038:249.232 - 0.014ms returns 0x01000000
T5484 038:249.252 JLINK_ReadReg(R15 (PC))
T5484 038:249.264 - 0.015ms returns 0x00022414
T5484 038:249.284 JLINK_ReadReg(XPSR)
T5484 038:249.300 - 0.015ms returns 0x01000000
T5484 038:249.328 JLINK_ReadReg(XPSR)
T5484 038:249.348 - 0.017ms returns 0x01000000
T5484 038:249.368 JLINK_ReadMem(0x00022414, 0x1 Bytes, ...)
T5484 038:249.384    -- Read from flash cache (1 bytes @ 0x00022414)
T5484 038:249.400   Data:  72
T5484 038:249.424 - 0.058ms returns 0
T5484 038:249.540 JLINK_ReadMem(0xE0001000, 0x4 Bytes, ...)
T5484 038:249.580   CPU_ReadMem(4 bytes @ 0xE0001000)
T5484 038:250.668   Data:  01 00 00 40
T5484 038:250.720   Debug reg: DWT_CTRL
T5484 038:250.744 - 1.205ms returns 0
T5484 038:251.432 JLINK_WriteMem(0xE0001FB0, 0x8 Bytes, ...)
T5484 038:251.464   Data:  00 00 00 00 55 CE AC C5
T5484 038:252.548   CPU_WriteMem(8 bytes @ 0xE0001FB0)
T5484 038:255.732 - 4.297ms returns 0x8
T5484 038:255.812 JLINK_ReadMem(0xE000EDFC, 0x4 Bytes, ...)
T5484 038:255.860   CPU_ReadMem(4 bytes @ 0xE000EDFC)
T5484 038:256.904   Data:  00 00 00 01
T5484 038:256.964   Debug reg: DEMCR
T5484 038:257.024 - 1.214ms returns 0
T5484 038:257.064 JLINK_WriteMem(0xE0001004, 0x8 Bytes, ...)
T5484 038:257.088   Data:  00 00 00 00 00 00 00 00
T5484 038:257.152   CPU_WriteMem(8 bytes @ 0xE0001004)
T5484 038:257.736 - 0.669ms returns 0x8
T5484 038:257.780 JLINK_ReadMem(0xE0001004, 0x4 Bytes, ...)
T5484 038:257.800   CPU_ReadMem(4 bytes @ 0xE0001004)
T5484 038:258.348   Data:  00 00 00 00
T5484 038:258.400   Debug reg: DWT_CYCCNT
T5484 038:258.428 - 0.648ms returns 0
T32A0 039:715.768 JLINK_ReadMem(0x20071058, 0x4 Bytes, ...)
T32A0 039:715.908    -- Read from C cache (4 bytes @ 0x20071058)
T32A0 039:715.948   Data:  00 00 00 00
T32A0 039:715.984 - 0.218ms returns 0
T32A0 039:716.060 JLINK_STRACE_Read(..., NumItems = 0x10000)
T32A0 039:716.208 - 0.147ms NumItemsRead = 0x00
T32A0 039:716.248 JLINK_ReadMem(0xE0001004, 0x4 Bytes, ...)
T32A0 039:716.288   Data:  00 00 00 00
T32A0 039:716.312   Debug reg: DWT_CYCCNT
T32A0 039:716.336 - 0.084ms returns 0
T32A0 039:716.360 JLINK_IsHalted()
T32A0 039:723.892 - 7.532ms returns TRUE
T32A0 039:724.020 JLINK_STRACE_Read(..., NumItems = 0x10000)
T32A0 039:724.048 - 0.030ms NumItemsRead = 0x00
T32A0 039:724.080 JLINK_ReadMem(0xE0001004, 0x4 Bytes, ...)
T32A0 039:724.120   Data:  00 00 00 00
T32A0 039:724.152   Debug reg: DWT_CYCCNT
T32A0 039:724.168 - 0.089ms returns 0
T32A0 039:724.188 JLINK_GoEx(MaxEmulInsts = 0, Flags = 0x01)
T32A0 039:724.216   CPU_WriteMem(4 bytes @ 0xE0002000)
T32A0 039:725.248   CPU_WriteMem(4 bytes @ 0xE0002000)
T32A0 039:729.236   CPU_WriteMem(4 bytes @ 0xE0002000)
T32A0 039:730.192   CPU_ReadMem(4 bytes @ 0xE0001000)
T32A0 039:732.516   CPU_WriteMem(4 bytes @ 0xE0002014)
T32A0 039:734.208 - 10.015ms
T32A0 039:833.336 JLINK_IsHalted()
T32A0 039:841.592 - 8.259ms returns FALSE
T32A0 039:841.648 JLINK_IsHalted()
T32A0 039:842.508 - 0.859ms returns FALSE
T32A0 039:942.632 JLINK_IsHalted()
T32A0 039:943.332 - 0.700ms returns FALSE
T32A0 039:943.380 JLINK_IsHalted()
T32A0 039:944.000 - 0.617ms returns FALSE
T32A0 040:052.716 JLINK_IsHalted()
T32A0 040:054.288 - 1.569ms returns FALSE
T32A0 040:054.344 JLINK_IsHalted()
T32A0 040:055.784 - 1.439ms returns FALSE
T32A0 040:161.736 JLINK_IsHalted()
T32A0 040:162.360 - 0.618ms returns FALSE
T32A0 040:162.416 JLINK_IsHalted()
T32A0 040:163.140 - 0.722ms returns FALSE
T32A0 040:270.736 JLINK_IsHalted()
T32A0 040:271.436 - 0.699ms returns FALSE
T32A0 040:271.476 JLINK_IsHalted()
T32A0 040:272.052 - 0.573ms returns FALSE
T32A0 040:380.720 JLINK_IsHalted()
T32A0 040:381.376 - 0.653ms returns FALSE
T32A0 040:381.432 JLINK_IsHalted()
T32A0 040:382.312 - 0.879ms returns FALSE
T32A0 040:489.832 JLINK_IsHalted()
T32A0 040:490.584 - 0.748ms returns FALSE
T32A0 040:490.712 JLINK_IsHalted()
T32A0 040:491.340 - 0.627ms returns FALSE
T32A0 040:599.800 JLINK_IsHalted()
T32A0 040:611.336 - 11.535ms returns FALSE
T32A0 040:611.392 JLINK_IsHalted()
T32A0 040:612.336 - 0.940ms returns FALSE
T32A0 040:716.700 JLINK_IsHalted()
T32A0 040:717.476 - 0.772ms returns FALSE
T32A0 040:717.528 JLINK_IsHalted()
T32A0 040:719.276 - 1.749ms returns FALSE
T5484 040:775.656 JLINK_IsHalted()
T5484 040:776.340 - 0.682ms returns FALSE
T5484 040:776.388 JLINK_IsHalted()
T5484 040:777.036 - 0.649ms returns FALSE
T32A0 040:818.228 JLINK_IsHalted()
T32A0 040:818.928 - 0.698ms returns FALSE
T32A0 040:818.984 JLINK_IsHalted()
T32A0 040:819.720 - 0.735ms returns FALSE
T32A0 040:927.732 JLINK_IsHalted()
T32A0 040:928.376 - 0.643ms returns FALSE
T32A0 040:928.464 JLINK_IsHalted()
T32A0 040:929.036 - 0.570ms returns FALSE
T32A0 041:036.792 JLINK_IsHalted()
T32A0 041:037.588 - 0.796ms returns FALSE
T32A0 041:037.640 JLINK_IsHalted()
T32A0 041:038.412 - 0.767ms returns FALSE
T32A0 041:145.760 JLINK_IsHalted()
T32A0 041:146.392 - 0.630ms returns FALSE
T32A0 041:146.428 JLINK_IsHalted()
T32A0 041:146.984 - 0.556ms returns FALSE
T32A0 041:255.960 JLINK_IsHalted()
T32A0 041:256.680 - 0.723ms returns FALSE
T32A0 041:256.728 JLINK_IsHalted()
T32A0 041:257.320 - 0.593ms returns FALSE
T32A0 041:364.928 JLINK_IsHalted()
T32A0 041:365.952 - 1.021ms returns FALSE
T32A0 041:366.012 JLINK_IsHalted()
T32A0 041:366.648 - 0.635ms returns FALSE
T32A0 041:474.712 JLINK_IsHalted()
T32A0 041:475.544 - 0.831ms returns FALSE
T32A0 041:475.608 JLINK_IsHalted()
T32A0 041:476.320 - 0.708ms returns FALSE
T32A0 041:583.084 JLINK_IsHalted()
T32A0 041:583.836 - 0.748ms returns FALSE
T32A0 041:583.896 JLINK_IsHalted()
T32A0 041:584.548 - 0.651ms returns FALSE
T32A0 041:692.916 JLINK_IsHalted()
T32A0 041:693.608 - 0.694ms returns FALSE
T32A0 041:693.656 JLINK_IsHalted()
T32A0 041:694.352 - 0.693ms returns FALSE
T5484 041:777.416 JLINK_IsHalted()
T5484 041:778.264 - 0.846ms returns FALSE
T5484 041:778.316 JLINK_IsHalted()
T5484 041:779.176 - 0.859ms returns FALSE
T32A0 041:802.168 JLINK_IsHalted()
T32A0 041:802.840 - 0.672ms returns FALSE
T32A0 041:802.888 JLINK_IsHalted()
T32A0 041:803.456 - 0.564ms returns FALSE
T32A0 041:911.800 JLINK_IsHalted()
T32A0 041:912.516 - 0.719ms returns FALSE
T32A0 041:912.556 JLINK_IsHalted()
T32A0 041:913.328 - 0.769ms returns FALSE
T32A0 042:021.528 JLINK_IsHalted()
T32A0 042:022.352 - 0.824ms returns FALSE
T32A0 042:022.380 JLINK_IsHalted()
T32A0 042:023.228 - 0.843ms returns FALSE
T32A0 042:130.168 JLINK_IsHalted()
T32A0 042:130.952 - 0.779ms returns FALSE
T32A0 042:131.024 JLINK_IsHalted()
T32A0 042:131.652 - 0.624ms returns FALSE
T32A0 042:239.352 JLINK_IsHalted()
T32A0 042:240.184 - 0.826ms returns FALSE
T32A0 042:240.244 JLINK_IsHalted()
T32A0 042:240.868 - 0.619ms returns FALSE
T32A0 042:349.944 JLINK_IsHalted()
T32A0 042:350.712 - 0.768ms returns FALSE
T32A0 042:350.752 JLINK_IsHalted()
T32A0 042:351.408 - 0.653ms returns FALSE
T32A0 042:458.344 JLINK_IsHalted()
T32A0 042:459.092 - 0.749ms returns FALSE
T32A0 042:459.192 JLINK_IsHalted()
T32A0 042:459.896 - 0.699ms returns FALSE
T32A0 042:568.356 JLINK_IsHalted()
T32A0 042:569.168 - 0.813ms returns FALSE
T32A0 042:569.268 JLINK_IsHalted()
T32A0 042:570.184 - 0.914ms returns FALSE
T32A0 042:677.240 JLINK_IsHalted()
T32A0 042:677.944 - 0.702ms returns FALSE
T32A0 042:677.976 JLINK_IsHalted()
T32A0 042:678.560 - 0.581ms returns FALSE
T5484 042:779.424 JLINK_IsHalted()
T5484 042:780.160 - 0.738ms returns FALSE
T5484 042:780.200 JLINK_IsHalted()
T5484 042:780.720 - 0.519ms returns FALSE
T32A0 042:786.876 JLINK_IsHalted()
T32A0 042:787.572 - 0.695ms returns FALSE
T32A0 042:787.620 JLINK_IsHalted()
T32A0 042:788.184 - 0.567ms returns FALSE
T32A0 042:895.828 JLINK_IsHalted()
T32A0 042:896.480 - 0.649ms returns FALSE
T32A0 042:896.512 JLINK_IsHalted()
T32A0 042:897.160 - 0.646ms returns FALSE
T32A0 043:005.712 JLINK_IsHalted()
T32A0 043:006.440 - 0.724ms returns FALSE
T32A0 043:006.488 JLINK_IsHalted()
T32A0 043:007.148 - 0.656ms returns FALSE
T32A0 043:115.272 JLINK_IsHalted()
T32A0 043:116.160 - 0.886ms returns FALSE
T32A0 043:116.248 JLINK_IsHalted()
T32A0 043:116.992 - 0.740ms returns FALSE
T32A0 043:224.300 JLINK_IsHalted()
T32A0 043:225.212 - 0.909ms returns FALSE
T32A0 043:225.264 JLINK_IsHalted()
T32A0 043:226.028 - 0.764ms returns FALSE
T32A0 043:333.776 JLINK_IsHalted()
T32A0 043:334.560 - 0.784ms returns FALSE
T32A0 043:334.616 JLINK_IsHalted()
T32A0 043:335.308 - 0.689ms returns FALSE
T32A0 043:443.480 JLINK_IsHalted()
T32A0 043:444.364 - 0.886ms returns FALSE
T32A0 043:444.420 JLINK_IsHalted()
T32A0 043:445.192 - 0.770ms returns FALSE
T32A0 043:552.836 JLINK_IsHalted()
T32A0 043:553.460 - 0.622ms returns FALSE
T32A0 043:553.496 JLINK_IsHalted()
T32A0 043:554.068 - 0.567ms returns FALSE
T32A0 043:661.916 JLINK_IsHalted()
T32A0 043:662.712 - 0.798ms returns FALSE
T32A0 043:662.824 JLINK_IsHalted()
T32A0 043:663.568 - 0.740ms returns FALSE
T32A0 043:771.080 JLINK_IsHalted()
T32A0 043:771.724 - 0.642ms returns FALSE
T32A0 043:771.768 JLINK_IsHalted()
T32A0 043:772.324 - 0.557ms returns FALSE
T5484 043:781.292 JLINK_IsHalted()
T5484 043:781.908 - 0.614ms returns FALSE
T5484 043:781.952 JLINK_IsHalted()
T5484 043:782.568 - 0.614ms returns FALSE
T32A0 043:881.840 JLINK_IsHalted()
T32A0 043:882.452 - 0.609ms returns FALSE
T32A0 043:882.484 JLINK_IsHalted()
T32A0 043:883.160 - 0.674ms returns FALSE
T32A0 043:989.488 JLINK_IsHalted()
T32A0 043:990.192 - 0.704ms returns FALSE
T32A0 043:990.248 JLINK_IsHalted()
T32A0 043:990.888 - 0.639ms returns FALSE
T32A0 044:099.308 JLINK_IsHalted()
T32A0 044:100.592 - 1.281ms returns FALSE
T32A0 044:100.656 JLINK_IsHalted()
T32A0 044:102.168 - 1.509ms returns FALSE
T32A0 044:208.252 JLINK_IsHalted()
T32A0 044:208.968 - 0.712ms returns FALSE
T32A0 044:209.012 JLINK_IsHalted()
T32A0 044:209.736 - 0.723ms returns FALSE
T32A0 044:318.272 JLINK_IsHalted()
T32A0 044:318.924 - 0.654ms returns FALSE
T32A0 044:318.964 JLINK_IsHalted()
T32A0 044:319.704 - 0.740ms returns FALSE
T32A0 044:427.288 JLINK_IsHalted()
T32A0 044:428.112 - 0.821ms returns FALSE
T32A0 044:428.188 JLINK_IsHalted()
T32A0 044:428.812 - 0.620ms returns FALSE
T32A0 044:536.816 JLINK_IsHalted()
T32A0 044:537.592 - 0.778ms returns FALSE
T32A0 044:537.664 JLINK_IsHalted()
T32A0 044:538.328 - 0.663ms returns FALSE
T32A0 044:646.336 JLINK_IsHalted()
T32A0 044:646.968 - 0.632ms returns FALSE
T32A0 044:647.024 JLINK_IsHalted()
T32A0 044:647.684 - 0.657ms returns FALSE
T32A0 044:755.736 JLINK_IsHalted()
T32A0 044:756.408 - 0.673ms returns FALSE
T32A0 044:756.444 JLINK_IsHalted()
T32A0 044:757.036 - 0.590ms returns FALSE
T5484 044:784.020 JLINK_IsHalted()
T5484 044:784.716 - 0.696ms returns FALSE
T5484 044:784.776 JLINK_IsHalted()
T5484 044:785.468 - 0.693ms returns FALSE
T32A0 044:864.968 JLINK_IsHalted()
T32A0 044:865.688 - 0.724ms returns FALSE
T32A0 044:865.736 JLINK_IsHalted()
T32A0 044:866.472 - 0.737ms returns FALSE
T32A0 044:974.456 JLINK_IsHalted()
T32A0 044:975.192 - 0.736ms returns FALSE
T32A0 044:975.248 JLINK_IsHalted()
T32A0 044:975.884 - 0.636ms returns FALSE
T32A0 045:084.048 JLINK_IsHalted()
T32A0 045:084.828 - 0.778ms returns FALSE
T32A0 045:084.872 JLINK_IsHalted()
T32A0 045:085.560 - 0.690ms returns FALSE
T32A0 045:193.488 JLINK_IsHalted()
T32A0 045:194.244 - 0.756ms returns FALSE
T32A0 045:194.300 JLINK_IsHalted()
T32A0 045:195.060 - 0.755ms returns FALSE
T32A0 045:302.740 JLINK_IsHalted()
T32A0 045:303.440 - 0.699ms returns FALSE
T32A0 045:303.500 JLINK_IsHalted()
T32A0 045:304.208 - 0.703ms returns FALSE
T32A0 045:411.948 JLINK_IsHalted()
T32A0 045:412.608 - 0.660ms returns FALSE
T32A0 045:412.664 JLINK_IsHalted()
T32A0 045:413.352 - 0.685ms returns FALSE
T32A0 045:520.832 JLINK_IsHalted()
T32A0 045:521.616 - 0.783ms returns FALSE
T32A0 045:521.680 JLINK_IsHalted()
T32A0 045:522.332 - 0.650ms returns FALSE
T32A0 045:630.520 JLINK_IsHalted()
T32A0 045:631.144 - 0.621ms returns FALSE
T32A0 045:631.192 JLINK_IsHalted()
T32A0 045:631.836 - 0.642ms returns FALSE
T32A0 045:739.596 JLINK_IsHalted()
T32A0 045:740.328 - 0.727ms returns FALSE
T32A0 045:740.376 JLINK_IsHalted()
T32A0 045:740.952 - 0.579ms returns FALSE
T5484 045:786.040 JLINK_IsHalted()
T5484 045:786.680 - 0.640ms returns FALSE
T5484 045:786.728 JLINK_IsHalted()
T5484 045:787.416 - 0.685ms returns FALSE
T32A0 045:848.996 JLINK_IsHalted()
T32A0 045:849.704 - 0.709ms returns FALSE
T32A0 045:849.748 JLINK_IsHalted()
T32A0 045:850.396 - 0.651ms returns FALSE
T32A0 045:958.744 JLINK_IsHalted()
T32A0 045:959.436 - 0.692ms returns FALSE
T32A0 045:959.504 JLINK_IsHalted()
T32A0 045:960.156 - 0.651ms returns FALSE
T32A0 046:067.828 JLINK_IsHalted()
T32A0 046:068.676 - 0.844ms returns FALSE
T32A0 046:068.744 JLINK_IsHalted()
T32A0 046:069.476 - 0.727ms returns FALSE
T32A0 046:177.752 JLINK_IsHalted()
T32A0 046:178.448 - 0.696ms returns FALSE
T32A0 046:178.500 JLINK_IsHalted()
T32A0 046:179.208 - 0.705ms returns FALSE
T32A0 046:286.848 JLINK_IsHalted()
T32A0 046:287.556 - 0.704ms returns FALSE
T32A0 046:287.612 JLINK_IsHalted()
T32A0 046:288.232 - 0.614ms returns FALSE
T32A0 046:396.396 JLINK_IsHalted()
T32A0 046:397.104 - 0.708ms returns FALSE
T32A0 046:397.144 JLINK_IsHalted()
T32A0 046:397.888 - 0.741ms returns FALSE
T32A0 046:505.216 JLINK_IsHalted()
T32A0 046:505.940 - 0.720ms returns FALSE
T32A0 046:505.992 JLINK_IsHalted()
T32A0 046:506.644 - 0.647ms returns FALSE
T32A0 046:614.952 JLINK_IsHalted()
T32A0 046:615.616 - 0.666ms returns FALSE
T32A0 046:615.672 JLINK_IsHalted()
T32A0 046:616.460 - 0.790ms returns FALSE
T32A0 046:724.300 JLINK_IsHalted()
T32A0 046:725.120 - 0.818ms returns FALSE
T32A0 046:725.164 JLINK_IsHalted()
T32A0 046:725.948 - 0.782ms returns FALSE
T5484 046:787.220 JLINK_IsHalted()
T5484 046:787.952 - 0.734ms returns FALSE
T5484 046:788.000 JLINK_IsHalted()
T5484 046:788.588 - 0.590ms returns FALSE
T32A0 046:833.188 JLINK_IsHalted()
T32A0 046:834.004 - 0.815ms returns FALSE
T32A0 046:834.056 JLINK_IsHalted()
T32A0 046:834.768 - 0.707ms returns FALSE
T32A0 046:943.288 JLINK_IsHalted()
T32A0 046:944.124 - 0.831ms returns FALSE
T32A0 046:944.176 JLINK_IsHalted()
T32A0 046:944.956 - 0.779ms returns FALSE
T32A0 047:052.108 JLINK_IsHalted()
T32A0 047:052.768 - 0.658ms returns FALSE
T32A0 047:052.804 JLINK_IsHalted()
T32A0 047:053.448 - 0.640ms returns FALSE
T32A0 047:162.036 JLINK_IsHalted()
T32A0 047:162.872 - 0.837ms returns FALSE
T32A0 047:162.936 JLINK_IsHalted()
T32A0 047:163.664 - 0.723ms returns FALSE
T32A0 047:270.760 JLINK_IsHalted()
T32A0 047:271.408 - 0.646ms returns FALSE
T32A0 047:271.464 JLINK_IsHalted()
T32A0 047:272.076 - 0.612ms returns FALSE
T32A0 047:380.728 JLINK_IsHalted()
T32A0 047:381.496 - 0.769ms returns FALSE
T32A0 047:381.580 JLINK_IsHalted()
T32A0 047:382.212 - 0.629ms returns FALSE
T32A0 047:489.832 JLINK_IsHalted()
T32A0 047:493.356 - 3.525ms returns TRUE
T32A0 047:493.416 JLINK_ReadReg(XPSR)
T32A0 047:493.444 - 0.028ms returns 0x61000000
T32A0 047:493.464 JLINK_ReadReg(R15 (PC))
T32A0 047:493.480 - 0.016ms returns 0x00022F12
T32A0 047:493.508 JLINK_ReadReg(XPSR)
T32A0 047:493.524 - 0.016ms returns 0x61000000
T32A0 047:493.544 JLINK_ReadReg(XPSR)
T32A0 047:493.560 - 0.015ms returns 0x61000000
T32A0 047:493.576 JLINK_ReadReg(R15 (PC))
T32A0 047:493.592 - 0.015ms returns 0x00022F12
T32A0 047:493.608 JLINK_ReadReg(XPSR)
T32A0 047:493.624 - 0.015ms returns 0x61000000
T32A0 047:493.640 JLINK_ReadReg(XPSR)
T32A0 047:493.656 - 0.015ms returns 0x61000000
T32A0 047:493.676 JLINK_ReadMem(0x00022F12, 0x1 Bytes, ...)
T32A0 047:493.700    -- Read from flash cache (1 bytes @ 0x00022F12)
T32A0 047:493.724   Data:  0C
T32A0 047:493.748 - 0.069ms returns 0
T32A0 047:493.768 JLINK_IsHalted()
T32A0 047:493.784 - 0.014ms returns TRUE
T32A0 047:493.800 JLINK_ReadReg(XPSR)
T32A0 047:493.816 - 0.016ms returns 0x61000000
T32A0 047:493.848 JLINK_ReadReg(XPSR)
T32A0 047:493.884 - 0.038ms returns 0x61000000
T32A0 047:493.980 JLINK_ReadReg(R15 (PC))
T32A0 047:494.024 - 0.040ms returns 0x00022F12
T32A0 047:494.056 JLINK_ReadReg(XPSR)
T32A0 047:494.088 - 0.027ms returns 0x61000000
T32A0 047:494.112 JLINK_ReadReg(XPSR)
T32A0 047:494.136 - 0.025ms returns 0x61000000
T32A0 047:494.168 JLINK_ReadMem(0x00022F12, 0x1 Bytes, ...)
T32A0 047:494.196    -- Read from flash cache (1 bytes @ 0x00022F12)
T32A0 047:494.248   Data:  0C
T32A0 047:494.296 - 0.128ms returns 0
T32A0 047:494.476 JLINK_IsHalted()
T32A0 047:494.516 - 0.036ms returns TRUE
T32A0 047:494.536 JLINK_ReadReg(XPSR)
T32A0 047:494.552 - 0.017ms returns 0x61000000
T32A0 047:494.568 JLINK_ReadReg(R15 (PC))
T32A0 047:494.584 - 0.013ms returns 0x00022F12
T32A0 047:494.600 JLINK_ReadReg(XPSR)
T32A0 047:494.612 - 0.013ms returns 0x61000000
T32A0 047:494.628 JLINK_ReadReg(XPSR)
T32A0 047:494.640 - 0.013ms returns 0x61000000
T32A0 047:494.656 JLINK_ReadReg(R15 (PC))
T32A0 047:494.668 - 0.013ms returns 0x00022F12
T32A0 047:494.684 JLINK_ReadReg(XPSR)
T32A0 047:494.696 - 0.013ms returns 0x61000000
T32A0 047:494.712 JLINK_ReadReg(XPSR)
T32A0 047:494.728 - 0.013ms returns 0x61000000
T32A0 047:494.740 JLINK_ReadMem(0x00022F12, 0x1 Bytes, ...)
T32A0 047:494.756    -- Read from flash cache (1 bytes @ 0x00022F12)
T32A0 047:494.776   Data:  0C
T32A0 047:494.792 - 0.052ms returns 0
T32A0 047:494.808 JLINK_IsHalted()
T32A0 047:494.820 - 0.012ms returns TRUE
T32A0 047:494.852 JLINK_ReadReg(XPSR)
T32A0 047:494.868 - 0.017ms returns 0x61000000
T32A0 047:494.884 JLINK_ReadReg(XPSR)
T32A0 047:494.900 - 0.013ms returns 0x61000000
T32A0 047:494.912 JLINK_ReadReg(R15 (PC))
T32A0 047:494.924 - 0.013ms returns 0x00022F12
T32A0 047:494.940 JLINK_ReadReg(XPSR)
T32A0 047:494.956 - 0.013ms returns 0x61000000
T32A0 047:494.968 JLINK_ReadReg(XPSR)
T32A0 047:494.984 - 0.013ms returns 0x61000000
T32A0 047:495.000 JLINK_ReadMem(0x00022F12, 0x1 Bytes, ...)
T32A0 047:495.016    -- Read from flash cache (1 bytes @ 0x00022F12)
T32A0 047:495.032   Data:  0C
T32A0 047:495.048 - 0.049ms returns 0
T32A0 047:495.080 JLINK_ReadMem(0x20071058, 0x4 Bytes, ...)
T32A0 047:495.120   CPU_ReadMem(64 bytes @ 0x20071040)
T32A0 047:496.408    -- Updating C cache (64 bytes @ 0x20071040)
T32A0 047:496.460    -- Read from C cache (4 bytes @ 0x20071058)
T32A0 047:496.488   Data:  03 00 00 00
T32A0 047:496.508 - 1.429ms returns 0
T32A0 047:496.552 JLINK_ReadMem(0x20071058, 0x4 Bytes, ...)
T32A0 047:496.576    -- Read from C cache (4 bytes @ 0x20071058)
T32A0 047:496.600   Data:  03 00 00 00
T32A0 047:496.620 - 0.072ms returns 0
T32A0 047:497.400 JLINK_ReadMem(0x20071058, 0x4 Bytes, ...)
T32A0 047:497.444    -- Read from C cache (4 bytes @ 0x20071058)
T32A0 047:497.464   Data:  03 00 00 00
T32A0 047:497.488 - 0.089ms returns 0
T32A0 047:497.512 JLINK_ReadMem(0x20071058, 0x4 Bytes, ...)
T32A0 047:497.528    -- Read from C cache (4 bytes @ 0x20071058)
T32A0 047:497.552   Data:  03 00 00 00
T32A0 047:497.576 - 0.062ms returns 0
T32A0 047:497.592 JLINK_ReadMem(0x20071060, 0x4 Bytes, ...)
T32A0 047:497.608    -- Read from C cache (4 bytes @ 0x20071060)
T32A0 047:497.632   Data:  FC FA 06 20
T32A0 047:497.656 - 0.060ms returns 0
T32A0 047:497.672 JLINK_ReadMem(0x2007105C, 0x4 Bytes, ...)
T32A0 047:497.688    -- Read from C cache (4 bytes @ 0x2007105C)
T32A0 047:497.712   Data:  E8 06 FE 1F
T32A0 047:497.736 - 0.060ms returns 0
T32A0 047:497.752 JLINK_ReadMem(0x1FFE06E8, 0xB4 Bytes, ...)
T32A0 047:497.780   CPU_ReadMem(256 bytes @ 0x1FFE06C0)
T32A0 047:500.108    -- Updating C cache (256 bytes @ 0x1FFE06C0)
T32A0 047:500.164    -- Read from C cache (180 bytes @ 0x1FFE06E8)
T32A0 047:500.188   Data:  44 52 48 54 52 00 00 00 DC B2 07 20 A0 AB 07 20 ...
T32A0 047:500.212 - 2.459ms returns 0
T32A0 047:500.840 JLINK_ReadMem(0x0003D904, 0xC8 Bytes, ...)
T32A0 047:500.884    -- Read from flash cache (200 bytes @ 0x0003D904)
T32A0 047:500.948   Data:  47 46 6F 72 63 65 47 55 49 20 54 68 72 65 61 64 ...
T32A0 047:500.972 - 0.131ms returns 0
T32A0 047:501.000 JLINK_ReadMem(0x1FFE08A8, 0xB4 Bytes, ...)
T32A0 047:501.032   CPU_ReadMem(256 bytes @ 0x1FFE0880)
T32A0 047:503.344    -- Updating C cache (256 bytes @ 0x1FFE0880)
T32A0 047:503.392    -- Read from C cache (180 bytes @ 0x1FFE08A8)
T32A0 047:503.416   Data:  44 52 48 54 06 00 00 00 84 0A FE 1F 78 09 FE 1F ...
T32A0 047:503.432 - 2.429ms returns 0
T32A0 047:503.484 JLINK_ReadMem(0x0003D43C, 0xC8 Bytes, ...)
T32A0 047:503.508    -- Read from flash cache (200 bytes @ 0x0003D43C)
T32A0 047:503.524   Data:  54 6F 75 63 68 20 50 61 6E 65 6C 20 54 68 72 65 ...
T32A0 047:503.540 - 0.055ms returns 0
T32A0 047:503.556 JLINK_ReadMem(0x2006FAFC, 0xB4 Bytes, ...)
T32A0 047:503.576   CPU_ReadMem(256 bytes @ 0x2006FAC0)
T32A0 047:505.784    -- Updating C cache (256 bytes @ 0x2006FAC0)
T32A0 047:505.836    -- Read from C cache (180 bytes @ 0x2006FAFC)
T32A0 047:505.856   Data:  44 52 48 54 05 00 00 00 74 0A 07 20 B0 FB 06 20 ...
T32A0 047:505.872 - 2.316ms returns 0
T32A0 047:505.924 JLINK_ReadMem(0x0004B224, 0xC8 Bytes, ...)
T32A0 047:505.940    -- Read from flash cache (200 bytes @ 0x0004B224)
T32A0 047:505.964   Data:  47 55 49 58 20 53 79 73 74 65 6D 20 54 68 72 65 ...
T32A0 047:505.980 - 0.060ms returns 0
T32A0 047:507.396 JLINK_ReadMem(0x20071058, 0x4 Bytes, ...)
T32A0 047:507.452    -- Read from C cache (4 bytes @ 0x20071058)
T32A0 047:507.468   Data:  03 00 00 00
T32A0 047:507.496 - 0.098ms returns 0
T32A0 047:507.512 JLINK_ReadMem(0x20071060, 0x4 Bytes, ...)
T32A0 047:507.524    -- Read from C cache (4 bytes @ 0x20071060)
T32A0 047:507.536   Data:  FC FA 06 20
T32A0 047:507.548 - 0.038ms returns 0
T32A0 047:507.612 JLINK_ReadRegs(NumRegs = 20, Indexes: 0, 1, 2, 3, 4, 5, 6, 7, 8, 9, 10, 11, 12, 13, 14, 15, 16, 17, 18, 20)
T32A0 047:507.640    -- R0=0x00, R1=0x20070B50, R2=0x48628, R3=0x48628, R4=0x40000001, R5=0x2006DAE4, R6=0x2006E1E4, R7=0x20070B30, R8=0x00, R9=0x00, R10=0x2006FBB0, R11=0x00, R12=0x20070B88, R13 (SP)=0x20070B30, R14=0x22EFB, R15 (PC)=0x22F12, XPSR=0x61000000, MSP=0x2007AB70, PSP=0x20070B30, CFBP=0x6000000
T32A0 047:507.652 - 0.041ms returns 0x00
T32A0 047:509.212 JLINK_ReadMem(0x20071058, 0x4 Bytes, ...)
T32A0 047:509.276    -- Read from C cache (4 bytes @ 0x20071058)
T32A0 047:509.304   Data:  03 00 00 00
T32A0 047:509.328 - 0.117ms returns 0
T32A0 047:509.364 JLINK_ReadMem(0x20071058, 0x4 Bytes, ...)
T32A0 047:509.396    -- Read from C cache (4 bytes @ 0x20071058)
T32A0 047:509.416   Data:  03 00 00 00
T32A0 047:509.440 - 0.076ms returns 0
T32A0 047:509.488 JLINK_ReadMem(0x20071058, 0x4 Bytes, ...)
T32A0 047:509.516    -- Read from C cache (4 bytes @ 0x20071058)
T32A0 047:509.544   Data:  03 00 00 00
T32A0 047:509.568 - 0.079ms returns 0
T32A0 047:509.588 JLINK_ReadMem(0x20071058, 0x4 Bytes, ...)
T32A0 047:509.604    -- Read from C cache (4 bytes @ 0x20071058)
T32A0 047:509.616   Data:  03 00 00 00
T32A0 047:509.632 - 0.043ms returns 0
T32A0 047:509.644 JLINK_ReadMem(0x20071058, 0x4 Bytes, ...)
T32A0 047:509.660    -- Read from C cache (4 bytes @ 0x20071058)
T32A0 047:509.684   Data:  03 00 00 00
T32A0 047:509.732 - 0.084ms returns 0
T32A0 047:509.752 JLINK_ReadMem(0x20071060, 0x4 Bytes, ...)
T32A0 047:509.768    -- Read from C cache (4 bytes @ 0x20071060)
T32A0 047:509.784   Data:  FC FA 06 20
T32A0 047:509.800 - 0.042ms returns 0
T32A0 047:509.812 JLINK_ReadMem(0x2007105C, 0x4 Bytes, ...)
T32A0 047:509.820    -- Read from C cache (4 bytes @ 0x2007105C)
T32A0 047:509.836   Data:  E8 06 FE 1F
T32A0 047:509.848 - 0.039ms returns 0
T32A0 047:509.864 JLINK_ReadMem(0x1FFE06E8, 0xB4 Bytes, ...)
T32A0 047:509.872    -- Read from C cache (180 bytes @ 0x1FFE06E8)
T32A0 047:509.888   Data:  44 52 48 54 52 00 00 00 DC B2 07 20 A0 AB 07 20 ...
T32A0 047:509.900 - 0.040ms returns 0
T32A0 047:509.928 JLINK_ReadMem(0x0003D904, 0xC8 Bytes, ...)
T32A0 047:509.952    -- Read from flash cache (200 bytes @ 0x0003D904)
T32A0 047:509.968   Data:  47 46 6F 72 63 65 47 55 49 20 54 68 72 65 61 64 ...
T32A0 047:509.980 - 0.051ms returns 0
T32A0 047:509.996 JLINK_ReadMem(0x1FFE08A8, 0xB4 Bytes, ...)
T32A0 047:510.008    -- Read from C cache (180 bytes @ 0x1FFE08A8)
T32A0 047:510.024   Data:  44 52 48 54 06 00 00 00 84 0A FE 1F 78 09 FE 1F ...
T32A0 047:510.040 - 0.040ms returns 0
T32A0 047:510.056 JLINK_ReadMem(0x0003D43C, 0xC8 Bytes, ...)
T32A0 047:510.068    -- Read from flash cache (200 bytes @ 0x0003D43C)
T32A0 047:510.080   Data:  54 6F 75 63 68 20 50 61 6E 65 6C 20 54 68 72 65 ...
T32A0 047:510.104 - 0.051ms returns 0
T32A0 047:510.120 JLINK_ReadMem(0x2006FAFC, 0xB4 Bytes, ...)
T32A0 047:510.136    -- Read from C cache (180 bytes @ 0x2006FAFC)
T32A0 047:510.152   Data:  44 52 48 54 05 00 00 00 74 0A 07 20 B0 FB 06 20 ...
T32A0 047:510.164 - 0.040ms returns 0
T32A0 047:510.176 JLINK_ReadMem(0x0004B224, 0xC8 Bytes, ...)
T32A0 047:510.188    -- Read from flash cache (200 bytes @ 0x0004B224)
T32A0 047:510.204   Data:  47 55 49 58 20 53 79 73 74 65 6D 20 54 68 72 65 ...
T32A0 047:510.216 - 0.039ms returns 0
T32A0 047:514.244 JLINK_ReadMem(0x00022F12, 0x4 Bytes, ...)
T32A0 047:514.300    -- Read from flash cache (4 bytes @ 0x00022F12)
T32A0 047:514.328   Data:  0C 4B 1B 68
T32A0 047:514.352 - 0.110ms returns 0
T32A0 047:521.736 JLINK_ReadMem(0x20070B40, 0x40 Bytes, ...)
T32A0 047:521.824   CPU_ReadMem(64 bytes @ 0x20070B40)
T32A0 047:522.804    -- Updating C cache (64 bytes @ 0x20070B40)
T32A0 047:522.872    -- Read from C cache (64 bytes @ 0x20070B40)
T32A0 047:522.912   Data:  00 00 00 00 41 6A 03 00 70 10 07 20 00 00 00 00 ...
T32A0 047:522.948 - 1.212ms returns 0
T32A0 047:534.020 JLINK_ReadMem(0x00036A40, 0x4 Bytes, ...)
T32A0 047:534.072    -- Read from flash cache (4 bytes @ 0x00036A40)
T32A0 047:534.112   Data:  08 B0 70 BD
T32A0 047:534.144 - 0.125ms returns 0
T32A0 047:543.520 JLINK_ReadMem(0x20070B00, 0x40 Bytes, ...)
T32A0 047:543.604   CPU_ReadMem(64 bytes @ 0x20070B00)
T32A0 047:545.060    -- Updating C cache (64 bytes @ 0x20070B00)
T32A0 047:545.144    -- Read from C cache (64 bytes @ 0x20070B00)
T32A0 047:545.180   Data:  DE B3 AF FE FF BB FF FE D7 73 EF FE CF FB FF FC ...
T32A0 047:545.212 - 1.695ms returns 0
T32A0 047:615.048 JLINK_ReadMem(0x20071058, 0x4 Bytes, ...)
T32A0 047:615.108    -- Read from C cache (4 bytes @ 0x20071058)
T32A0 047:615.132   Data:  03 00 00 00
T32A0 047:615.160 - 0.114ms returns 0
T32A0 047:615.196 JLINK_ReadMem(0x20071058, 0x4 Bytes, ...)
T32A0 047:615.224    -- Read from C cache (4 bytes @ 0x20071058)
T32A0 047:615.252   Data:  03 00 00 00
T32A0 047:615.276 - 0.079ms returns 0
T32A0 047:615.348 JLINK_ReadMem(0x20071058, 0x4 Bytes, ...)
T32A0 047:615.372    -- Read from C cache (4 bytes @ 0x20071058)
T32A0 047:615.396   Data:  03 00 00 00
T32A0 047:615.416 - 0.070ms returns 0
T32A0 047:620.384 JLINK_ReadMem(0x00022F12, 0x4 Bytes, ...)
T32A0 047:620.432    -- Read from flash cache (4 bytes @ 0x00022F12)
T32A0 047:620.456   Data:  0C 4B 1B 68
T32A0 047:620.480 - 0.097ms returns 0
T32A0 047:621.632 JLINK_ReadMem(0x20070B40, 0x40 Bytes, ...)
T32A0 047:621.696    -- Read from C cache (64 bytes @ 0x20070B40)
T32A0 047:621.728   Data:  00 00 00 00 41 6A 03 00 70 10 07 20 00 00 00 00 ...
T32A0 047:621.752 - 0.121ms returns 0
T32A0 047:623.116 JLINK_ReadMem(0x00036A40, 0x4 Bytes, ...)
T32A0 047:623.172    -- Read from flash cache (4 bytes @ 0x00036A40)
T32A0 047:623.200   Data:  08 B0 70 BD
T32A0 047:623.224 - 0.112ms returns 0
T32A0 047:624.344 JLINK_ReadMem(0x20070B00, 0x40 Bytes, ...)
T32A0 047:624.408    -- Read from C cache (64 bytes @ 0x20070B00)
T32A0 047:624.440   Data:  DE B3 AF FE FF BB FF FE D7 73 EF FE CF FB FF FC ...
T32A0 047:624.464 - 0.118ms returns 0
T32A0 047:628.280 JLINK_ReadMem(0x20071058, 0x4 Bytes, ...)
T32A0 047:628.372    -- Read from C cache (4 bytes @ 0x20071058)
T32A0 047:628.424   Data:  03 00 00 00
T32A0 047:628.452 - 0.172ms returns 0
T32A0 047:628.484 JLINK_ReadMem(0x20071060, 0x4 Bytes, ...)
T32A0 047:628.508    -- Read from C cache (4 bytes @ 0x20071060)
T32A0 047:628.540   Data:  FC FA 06 20
T32A0 047:628.564 - 0.079ms returns 0
T32A0 047:628.668 JLINK_ReadMem(0x20071060, 0x4 Bytes, ...)
T32A0 047:628.704    -- Read from C cache (4 bytes @ 0x20071060)
T32A0 047:628.732   Data:  FC FA 06 20
T32A0 047:628.756 - 0.086ms returns 0
T32A0 047:628.800 JLINK_ReadReg(XPSR)
T32A0 047:628.836 - 0.035ms returns 0x61000000
T32A0 047:628.856 JLINK_ReadReg(XPSR)
T32A0 047:628.872 - 0.017ms returns 0x61000000
T32A0 047:628.904 JLINK_ReadMem(0x20071060, 0x4 Bytes, ...)
T32A0 047:628.952    -- Read from C cache (4 bytes @ 0x20071060)
T32A0 047:628.984   Data:  FC FA 06 20
T32A0 047:629.008 - 0.103ms returns 0
T32A0 047:629.056 JLINK_ReadReg(XPSR)
T32A0 047:629.084 - 0.027ms returns 0x61000000
T32A0 047:629.104 JLINK_ReadReg(XPSR)
T32A0 047:629.176 - 0.069ms returns 0x61000000
T32A0 047:629.260 JLINK_ReadMem(0x2007B2DC, 0x4 Bytes, ...)
T32A0 047:629.304   CPU_ReadMem(64 bytes @ 0x2007B2C0)
T32A0 047:630.732    -- Updating C cache (64 bytes @ 0x2007B2C0)
T32A0 047:630.792    -- Read from C cache (4 bytes @ 0x2007B2DC)
T32A0 047:630.812   Data:  FD FF FF FF
T32A0 047:630.876 - 1.615ms returns 0
T32A0 047:630.920 JLINK_ReadMem(0x2007B31C, 0x4 Bytes, ...)
T32A0 047:630.952   CPU_ReadMem(64 bytes @ 0x2007B300)
T32A0 047:632.892    -- Updating C cache (64 bytes @ 0x2007B300)
T32A0 047:632.948    -- Read from C cache (4 bytes @ 0x2007B31C)
T32A0 047:632.976   Data:  00 00 00 61
T32A0 047:633.000 - 2.082ms returns 0
T32A0 047:633.036 JLINK_ReadMem(0x2007B300, 0x4 Bytes, ...)
T32A0 047:633.068    -- Read from C cache (4 bytes @ 0x2007B300)
T32A0 047:633.096   Data:  40 00 01 00
T32A0 047:633.116 - 0.081ms returns 0
T32A0 047:633.144 JLINK_ReadMem(0x2007B304, 0x4 Bytes, ...)
T32A0 047:633.168    -- Read from C cache (4 bytes @ 0x2007B304)
T32A0 047:633.192   Data:  FC FA 06 20
T32A0 047:633.212 - 0.069ms returns 0
T32A0 047:633.236 JLINK_ReadMem(0x2007B308, 0x4 Bytes, ...)
T32A0 047:633.256    -- Read from C cache (4 bytes @ 0x2007B308)
T32A0 047:633.284   Data:  00 00 00 10
T32A0 047:633.304 - 0.070ms returns 0
T32A0 047:633.324 JLINK_ReadMem(0x2007B30C, 0x4 Bytes, ...)
T32A0 047:633.344    -- Read from C cache (4 bytes @ 0x2007B30C)
T32A0 047:633.380   Data:  00 00 00 00
T32A0 047:633.404 - 0.080ms returns 0
T32A0 047:633.424 JLINK_ReadMem(0x2007B2E0, 0x4 Bytes, ...)
T32A0 047:633.448    -- Read from C cache (4 bytes @ 0x2007B2E0)
T32A0 047:633.472   Data:  E8 06 FE 1F
T32A0 047:633.496 - 0.069ms returns 0
T32A0 047:633.512 JLINK_ReadMem(0x2007B2E4, 0x4 Bytes, ...)
T32A0 047:633.532    -- Read from C cache (4 bytes @ 0x2007B2E4)
T32A0 047:633.560   Data:  E8 06 FE 1F
T32A0 047:633.576 - 0.065ms returns 0
T32A0 047:633.596 JLINK_ReadMem(0x2007B2E8, 0x4 Bytes, ...)
T32A0 047:633.616    -- Read from C cache (4 bytes @ 0x2007B2E8)
T32A0 047:633.852   Data:  00 00 00 00
T32A0 047:633.880 - 0.280ms returns 0
T32A0 047:633.900 JLINK_ReadMem(0x2007B2EC, 0x4 Bytes, ...)
T32A0 047:633.928    -- Read from C cache (4 bytes @ 0x2007B2EC)
T32A0 047:633.952   Data:  74 10 07 20
T32A0 047:633.976 - 0.072ms returns 0
T32A0 047:633.992 JLINK_ReadMem(0x2007B2F0, 0x4 Bytes, ...)
T32A0 047:634.012    -- Read from C cache (4 bytes @ 0x2007B2F0)
T32A0 047:634.036   Data:  00 00 00 00
T32A0 047:634.056 - 0.064ms returns 0
T32A0 047:634.076 JLINK_ReadMem(0x2007B2F4, 0x4 Bytes, ...)
T32A0 047:634.096    -- Read from C cache (4 bytes @ 0x2007B2F4)
T32A0 047:634.120   Data:  00 00 00 00
T32A0 047:634.152 - 0.078ms returns 0
T32A0 047:634.176 JLINK_ReadMem(0x2007B2F8, 0x4 Bytes, ...)
T32A0 047:634.196    -- Read from C cache (4 bytes @ 0x2007B2F8)
T32A0 047:634.216   Data:  A0 AB 07 20
T32A0 047:634.236 - 0.060ms returns 0
T32A0 047:634.252 JLINK_ReadMem(0x2007B2FC, 0x4 Bytes, ...)
T32A0 047:634.276    -- Read from C cache (4 bytes @ 0x2007B2FC)
T32A0 047:634.296   Data:  00 00 00 00
T32A0 047:634.320 - 0.065ms returns 0
T32A0 047:634.340 JLINK_ReadMem(0x2007B310, 0x4 Bytes, ...)
T32A0 047:634.360    -- Read from C cache (4 bytes @ 0x2007B310)
T32A0 047:634.380   Data:  00 00 00 00
T32A0 047:634.404 - 0.063ms returns 0
T32A0 047:634.420 JLINK_ReadMem(0x2007B314, 0x4 Bytes, ...)
T32A0 047:634.440    -- Read from C cache (4 bytes @ 0x2007B314)
T32A0 047:634.460   Data:  03 A5 03 00
T32A0 047:634.484 - 0.061ms returns 0
T32A0 047:634.500 JLINK_ReadMem(0x2007B318, 0x4 Bytes, ...)
T32A0 047:634.520    -- Read from C cache (4 bytes @ 0x2007B318)
T32A0 047:634.540   Data:  96 AA 03 00
T32A0 047:634.564 - 0.062ms returns 0
T32A0 047:634.600 JLINK_ReadMem(0x2007B31C, 0x4 Bytes, ...)
T32A0 047:634.616    -- Read from C cache (4 bytes @ 0x2007B31C)
T32A0 047:634.640   Data:  00 00 00 61
T32A0 047:634.664 - 0.065ms returns 0
T32A0 047:642.856 JLINK_ReadMem(0x20071058, 0x4 Bytes, ...)
T32A0 047:642.916    -- Read from C cache (4 bytes @ 0x20071058)
T32A0 047:642.948   Data:  03 00 00 00
T32A0 047:642.968 - 0.115ms returns 0
T32A0 047:643.004 JLINK_ReadMem(0x20071058, 0x4 Bytes, ...)
T32A0 047:643.032    -- Read from C cache (4 bytes @ 0x20071058)
T32A0 047:643.056   Data:  03 00 00 00
T32A0 047:643.076 - 0.072ms returns 0
T32A0 047:643.184 JLINK_ReadMem(0x20071058, 0x4 Bytes, ...)
T32A0 047:643.216    -- Read from C cache (4 bytes @ 0x20071058)
T32A0 047:643.240   Data:  03 00 00 00
T32A0 047:643.264 - 0.082ms returns 0
T32A0 047:656.268 JLINK_ReadMem(0x20071058, 0x4 Bytes, ...)
T32A0 047:656.328    -- Read from C cache (4 bytes @ 0x20071058)
T32A0 047:656.356   Data:  03 00 00 00
T32A0 047:656.380 - 0.113ms returns 0
T32A0 047:656.412 JLINK_ReadMem(0x20071058, 0x4 Bytes, ...)
T32A0 047:656.440    -- Read from C cache (4 bytes @ 0x20071058)
T32A0 047:656.464   Data:  03 00 00 00
T32A0 047:656.488 - 0.074ms returns 0
T32A0 047:656.556 JLINK_ReadMem(0x20071058, 0x4 Bytes, ...)
T32A0 047:656.584    -- Read from C cache (4 bytes @ 0x20071058)
T32A0 047:656.604   Data:  03 00 00 00
T32A0 047:656.628 - 0.069ms returns 0
T32A0 047:659.932 JLINK_ReadMem(0x00022F12, 0x4 Bytes, ...)
T32A0 047:660.104    -- Read from flash cache (4 bytes @ 0x00022F12)
T32A0 047:660.144   Data:  0C 4B 1B 68
T32A0 047:660.168 - 0.237ms returns 0
T32A0 047:661.284 JLINK_ReadMem(0x20070B40, 0x40 Bytes, ...)
T32A0 047:661.348    -- Read from C cache (64 bytes @ 0x20070B40)
T32A0 047:661.388   Data:  00 00 00 00 41 6A 03 00 70 10 07 20 00 00 00 00 ...
T32A0 047:661.416 - 0.133ms returns 0
T32A0 047:662.408 JLINK_ReadMem(0x00036A40, 0x4 Bytes, ...)
T32A0 047:662.456    -- Read from flash cache (4 bytes @ 0x00036A40)
T32A0 047:662.480   Data:  08 B0 70 BD
T32A0 047:662.504 - 0.101ms returns 0
T32A0 047:663.596 JLINK_ReadMem(0x20070B00, 0x40 Bytes, ...)
T32A0 047:663.648    -- Read from C cache (64 bytes @ 0x20070B00)
T32A0 047:663.680   Data:  DE B3 AF FE FF BB FF FE D7 73 EF FE CF FB FF FC ...
T32A0 047:663.704 - 0.108ms returns 0
T32A0 047:666.932 JLINK_ReadMem(0x20071058, 0x4 Bytes, ...)
T32A0 047:666.992    -- Read from C cache (4 bytes @ 0x20071058)
T32A0 047:667.024   Data:  03 00 00 00
T32A0 047:667.048 - 0.119ms returns 0
T32A0 047:667.156 JLINK_ReadMem(0x20071060, 0x4 Bytes, ...)
T32A0 047:667.224    -- Read from C cache (4 bytes @ 0x20071060)
T32A0 047:667.256   Data:  FC FA 06 20
T32A0 047:667.280 - 0.125ms returns 0
T32A0 047:667.384 JLINK_ReadMem(0x20071060, 0x4 Bytes, ...)
T32A0 047:667.412    -- Read from C cache (4 bytes @ 0x20071060)
T32A0 047:667.432   Data:  FC FA 06 20
T32A0 047:667.456 - 0.075ms returns 0
T32A0 047:667.492 JLINK_ReadReg(XPSR)
T32A0 047:667.516 - 0.023ms returns 0x61000000
T32A0 047:667.536 JLINK_ReadReg(XPSR)
T32A0 047:667.552 - 0.016ms returns 0x61000000
T32A0 047:667.576 JLINK_ReadMem(0x20071060, 0x4 Bytes, ...)
T32A0 047:667.600    -- Read from C cache (4 bytes @ 0x20071060)
T32A0 047:667.624   Data:  FC FA 06 20
T32A0 047:667.644 - 0.067ms returns 0
T32A0 047:667.676 JLINK_ReadReg(XPSR)
T32A0 047:667.696 - 0.019ms returns 0x61000000
T32A0 047:667.712 JLINK_ReadReg(XPSR)
T32A0 047:667.732 - 0.016ms returns 0x61000000
T32A0 047:667.752 JLINK_ReadMem(0x1FFE0A84, 0x4 Bytes, ...)
T32A0 047:667.784   CPU_ReadMem(64 bytes @ 0x1FFE0A80)
T32A0 047:670.080    -- Updating C cache (64 bytes @ 0x1FFE0A80)
T32A0 047:670.136    -- Read from C cache (4 bytes @ 0x1FFE0A84)
T32A0 047:670.168   Data:  FD FF FF FF
T32A0 047:670.200 - 2.448ms returns 0
T32A0 047:670.244 JLINK_ReadMem(0x1FFE0AC4, 0x4 Bytes, ...)
T32A0 047:670.284   CPU_ReadMem(64 bytes @ 0x1FFE0AC0)
T32A0 047:672.276    -- Updating C cache (64 bytes @ 0x1FFE0AC0)
T32A0 047:672.332    -- Read from C cache (4 bytes @ 0x1FFE0AC4)
T32A0 047:672.380   Data:  00 00 00 61
T32A0 047:672.484 - 2.238ms returns 0
T32A0 047:672.520 JLINK_ReadMem(0x1FFE0AA8, 0x4 Bytes, ...)
T32A0 047:672.552    -- Read from C cache (4 bytes @ 0x1FFE0AA8)
T32A0 047:672.576   Data:  48 00 00 00
T32A0 047:672.600 - 0.082ms returns 0
T32A0 047:672.620 JLINK_ReadMem(0x1FFE0AAC, 0x4 Bytes, ...)
T32A0 047:672.644    -- Read from C cache (4 bytes @ 0x1FFE0AAC)
T32A0 047:672.664   Data:  E8 06 FE 1F
T32A0 047:672.688 - 0.068ms returns 0
T32A0 047:672.708 JLINK_ReadMem(0x1FFE0AB0, 0x4 Bytes, ...)
T32A0 047:672.728    -- Read from C cache (4 bytes @ 0x1FFE0AB0)
T32A0 047:672.752   Data:  00 00 00 10
T32A0 047:672.776 - 0.066ms returns 0
T32A0 047:672.792 JLINK_ReadMem(0x1FFE0AB4, 0x4 Bytes, ...)
T32A0 047:672.812    -- Read from C cache (4 bytes @ 0x1FFE0AB4)
T32A0 047:672.836   Data:  00 00 00 00
T32A0 047:672.856 - 0.065ms returns 0
T32A0 047:672.876 JLINK_ReadMem(0x1FFE0A88, 0x4 Bytes, ...)
T32A0 047:672.896    -- Read from C cache (4 bytes @ 0x1FFE0A88)
T32A0 047:672.920   Data:  A8 08 FE 1F
T32A0 047:672.944 - 0.065ms returns 0
T32A0 047:672.964 JLINK_ReadMem(0x1FFE0A8C, 0x4 Bytes, ...)
T32A0 047:672.984    -- Read from C cache (4 bytes @ 0x1FFE0A8C)
T32A0 047:673.004   Data:  A8 08 FE 1F
T32A0 047:673.028 - 0.065ms returns 0
T32A0 047:673.048 JLINK_ReadMem(0x1FFE0A90, 0x4 Bytes, ...)
T32A0 047:673.064    -- Read from C cache (4 bytes @ 0x1FFE0A90)
T32A0 047:673.088   Data:  00 00 00 00
T32A0 047:673.112 - 0.065ms returns 0
T32A0 047:673.128 JLINK_ReadMem(0x1FFE0A94, 0x4 Bytes, ...)
T32A0 047:673.160    -- Read from C cache (4 bytes @ 0x1FFE0A94)
T32A0 047:673.184   Data:  74 10 07 20
T32A0 047:673.208 - 0.076ms returns 0
T32A0 047:673.240 JLINK_ReadMem(0x1FFE0A98, 0x4 Bytes, ...)
T32A0 047:673.256    -- Read from C cache (4 bytes @ 0x1FFE0A98)
T32A0 047:673.280   Data:  00 00 00 00
T32A0 047:673.304 - 0.064ms returns 0
T32A0 047:673.320 JLINK_ReadMem(0x1FFE0A9C, 0x4 Bytes, ...)
T32A0 047:673.340    -- Read from C cache (4 bytes @ 0x1FFE0A9C)
T32A0 047:673.368   Data:  00 00 00 00
T32A0 047:673.388 - 0.065ms returns 0
T32A0 047:673.404 JLINK_ReadMem(0x1FFE0AA0, 0x4 Bytes, ...)
T32A0 047:673.428    -- Read from C cache (4 bytes @ 0x1FFE0AA0)
T32A0 047:673.448   Data:  78 09 FE 1F
T32A0 047:673.472 - 0.064ms returns 0
T32A0 047:673.492 JLINK_ReadMem(0x1FFE0AA4, 0x4 Bytes, ...)
T32A0 047:673.656    -- Read from C cache (4 bytes @ 0x1FFE0AA4)
T32A0 047:673.684   Data:  00 00 00 00
T32A0 047:673.704 - 0.216ms returns 0
T32A0 047:673.732 JLINK_ReadMem(0x1FFE0AB8, 0x4 Bytes, ...)
T32A0 047:673.752    -- Read from C cache (4 bytes @ 0x1FFE0AB8)
T32A0 047:673.768   Data:  00 00 00 00
T32A0 047:673.792 - 0.061ms returns 0
T32A0 047:673.808 JLINK_ReadMem(0x1FFE0ABC, 0x4 Bytes, ...)
T32A0 047:673.828    -- Read from C cache (4 bytes @ 0x1FFE0ABC)
T32A0 047:673.848   Data:  03 A5 03 00
T32A0 047:673.868 - 0.060ms returns 0
T32A0 047:673.884 JLINK_ReadMem(0x1FFE0AC0, 0x4 Bytes, ...)
T32A0 047:673.904    -- Read from C cache (4 bytes @ 0x1FFE0AC0)
T32A0 047:673.928   Data:  96 AA 03 00
T32A0 047:673.944 - 0.060ms returns 0
T32A0 047:673.960 JLINK_ReadMem(0x1FFE0AC4, 0x4 Bytes, ...)
T32A0 047:673.980    -- Read from C cache (4 bytes @ 0x1FFE0AC4)
T32A0 047:674.036   Data:  00 00 00 61
T32A0 047:674.068 - 0.102ms returns 0
T32A0 047:675.268 JLINK_ReadMem(0x20071058, 0x4 Bytes, ...)
T32A0 047:675.332    -- Read from C cache (4 bytes @ 0x20071058)
T32A0 047:675.364   Data:  03 00 00 00
T32A0 047:675.388 - 0.121ms returns 0
T32A0 047:675.424 JLINK_ReadMem(0x20071058, 0x4 Bytes, ...)
T32A0 047:675.448    -- Read from C cache (4 bytes @ 0x20071058)
T32A0 047:675.472   Data:  03 00 00 00
T32A0 047:675.496 - 0.074ms returns 0
T32A0 047:675.572 JLINK_ReadMem(0x20071058, 0x4 Bytes, ...)
T32A0 047:675.596    -- Read from C cache (4 bytes @ 0x20071058)
T32A0 047:675.620   Data:  03 00 00 00
T32A0 047:675.640 - 0.069ms returns 0
T32A0 047:684.328 JLINK_ReadMem(0x20071058, 0x4 Bytes, ...)
T32A0 047:684.408    -- Read from C cache (4 bytes @ 0x20071058)
T32A0 047:684.492   Data:  03 00 00 00
T32A0 047:684.520 - 0.192ms returns 0
T32A0 047:684.556 JLINK_ReadMem(0x20071058, 0x4 Bytes, ...)
T32A0 047:684.584    -- Read from C cache (4 bytes @ 0x20071058)
T32A0 047:684.604   Data:  03 00 00 00
T32A0 047:684.628 - 0.068ms returns 0
T32A0 047:684.696 JLINK_ReadMem(0x20071058, 0x4 Bytes, ...)
T32A0 047:684.720    -- Read from C cache (4 bytes @ 0x20071058)
T32A0 047:684.740   Data:  03 00 00 00
T32A0 047:685.124 - 0.427ms returns 0
T32A0 047:687.292 JLINK_ReadMem(0x00022F12, 0x4 Bytes, ...)
T32A0 047:687.336    -- Read from flash cache (4 bytes @ 0x00022F12)
T32A0 047:687.360   Data:  0C 4B 1B 68
T32A0 047:687.384 - 0.090ms returns 0
T32A0 047:689.508 JLINK_ReadMem(0x20070B40, 0x40 Bytes, ...)
T32A0 047:689.572    -- Read from C cache (64 bytes @ 0x20070B40)
T32A0 047:689.600   Data:  00 00 00 00 41 6A 03 00 70 10 07 20 00 00 00 00 ...
T32A0 047:689.624 - 0.121ms returns 0
T32A0 047:690.928 JLINK_ReadMem(0x00036A40, 0x4 Bytes, ...)
T32A0 047:691.000    -- Read from flash cache (4 bytes @ 0x00036A40)
T32A0 047:691.056   Data:  08 B0 70 BD
T32A0 047:691.080 - 0.151ms returns 0
T32A0 047:692.104 JLINK_ReadMem(0x20070B00, 0x40 Bytes, ...)
T32A0 047:692.172    -- Read from C cache (64 bytes @ 0x20070B00)
T32A0 047:692.208   Data:  DE B3 AF FE FF BB FF FE D7 73 EF FE CF FB FF FC ...
T32A0 047:692.232 - 0.130ms returns 0
T32A0 047:706.904 JLINK_ReadMem(0x20071058, 0x4 Bytes, ...)
T32A0 047:706.956    -- Read from C cache (4 bytes @ 0x20071058)
T32A0 047:706.992   Data:  03 00 00 00
T32A0 047:707.016 - 0.110ms returns 0
T32A0 047:707.044 JLINK_ReadMem(0x20071060, 0x4 Bytes, ...)
T32A0 047:707.076    -- Read from C cache (4 bytes @ 0x20071060)
T32A0 047:707.112   Data:  FC FA 06 20
T32A0 047:707.156 - 0.110ms returns 0
T32A0 047:707.240 JLINK_ReadMem(0x20071060, 0x4 Bytes, ...)
T32A0 047:707.272    -- Read from C cache (4 bytes @ 0x20071060)
T32A0 047:707.288   Data:  FC FA 06 20
T32A0 047:707.312 - 0.070ms returns 0
T32A0 047:707.344 JLINK_ReadReg(XPSR)
T32A0 047:707.368 - 0.023ms returns 0x61000000
T32A0 047:707.388 JLINK_ReadReg(XPSR)
T32A0 047:707.404 - 0.017ms returns 0x61000000
T32A0 047:707.724 JLINK_ReadRegs(NumRegs = 20, Indexes: 0, 1, 2, 3, 4, 5, 6, 7, 8, 9, 10, 11, 12, 13, 14, 15, 16, 17, 18, 20)
T32A0 047:707.772    -- R0=0x00, R1=0x20070B50, R2=0x48628, R3=0x48628, R4=0x40000001, R5=0x2006DAE4, R6=0x2006E1E4, R7=0x20070B30, R8=0x00, R9=0x00, R10=0x2006FBB0, R11=0x00, R12=0x20070B88, R13 (SP)=0x20070B30, R14=0x22EFB, R15 (PC)=0x22F12, XPSR=0x61000000, MSP=0x2007AB70, PSP=0x20070B30, CFBP=0x6000000
T32A0 047:707.800 - 0.074ms returns 0x00
T32A0 047:707.816 JLINK_ReadReg(XPSR)
T32A0 047:707.836 - 0.020ms returns 0x61000000
T32A0 047:707.856 JLINK_ReadReg(XPSR)
T32A0 047:707.872 - 0.016ms returns 0x61000000
T32A0 047:707.892 JLINK_ReadReg(XPSR)
T32A0 047:707.904 - 0.015ms returns 0x61000000
T32A0 047:707.924 JLINK_ReadReg(XPSR)
T32A0 047:707.940 - 0.014ms returns 0x61000000
T32A0 047:707.956 JLINK_ReadReg(XPSR)
T32A0 047:707.972 - 0.014ms returns 0x61000000
T32A0 047:707.988 JLINK_ReadReg(XPSR)
T32A0 047:708.004 - 0.015ms returns 0x61000000
T32A0 047:708.024 JLINK_ReadReg(XPSR)
T32A0 047:708.040 - 0.015ms returns 0x61000000
T32A0 047:708.056 JLINK_ReadReg(XPSR)
T32A0 047:708.072 - 0.016ms returns 0x61000000
T32A0 047:708.088 JLINK_ReadReg(XPSR)
T32A0 047:708.104 - 0.016ms returns 0x61000000
T32A0 047:708.200 JLINK_ReadReg(XPSR)
T32A0 047:708.324 - 0.123ms returns 0x61000000
T32A0 047:708.348 JLINK_ReadReg(XPSR)
T32A0 047:708.368 - 0.018ms returns 0x61000000
T32A0 047:708.388 JLINK_ReadReg(XPSR)
T32A0 047:708.448 - 0.063ms returns 0x61000000
T32A0 047:708.468 JLINK_ReadReg(XPSR)
T32A0 047:708.488 - 0.017ms returns 0x61000000
T32A0 047:708.504 JLINK_ReadReg(XPSR)
T32A0 047:708.520 - 0.016ms returns 0x61000000
T32A0 047:708.536 JLINK_ReadReg(XPSR)
T32A0 047:708.556 - 0.017ms returns 0x61000000
T32A0 047:708.576 JLINK_ReadReg(XPSR)
T32A0 047:708.592 - 0.016ms returns 0x61000000
T32A0 047:708.624 JLINK_ReadReg(XPSR)
T32A0 047:708.648 - 0.020ms returns 0x61000000
T32A0 047:708.664 JLINK_ReadReg(XPSR)
T32A0 047:708.680 - 0.017ms returns 0x61000000
T32A0 047:708.704 JLINK_ReadReg(XPSR)
T32A0 047:708.720 - 0.016ms returns 0x61000000
T32A0 047:708.740 JLINK_ReadReg(XPSR)
T32A0 047:708.756 - 0.016ms returns 0x61000000
T32A0 047:709.956 JLINK_ReadMem(0x20071058, 0x4 Bytes, ...)
T32A0 047:710.016    -- Read from C cache (4 bytes @ 0x20071058)
T32A0 047:710.048   Data:  03 00 00 00
T32A0 047:710.072 - 0.117ms returns 0
T32A0 047:710.104 JLINK_ReadMem(0x20071058, 0x4 Bytes, ...)
T32A0 047:710.140    -- Read from C cache (4 bytes @ 0x20071058)
T32A0 047:710.168   Data:  03 00 00 00
T32A0 047:710.184 - 0.080ms returns 0
T32A0 047:710.256 JLINK_ReadMem(0x20071058, 0x4 Bytes, ...)
T32A0 047:710.348    -- Read from C cache (4 bytes @ 0x20071058)
T32A0 047:710.388   Data:  03 00 00 00
T32A0 047:710.412 - 0.155ms returns 0
T32A0 047:713.292 JLINK_ReadMem(0x00022F12, 0x4 Bytes, ...)
T32A0 047:713.348    -- Read from flash cache (4 bytes @ 0x00022F12)
T32A0 047:713.380   Data:  0C 4B 1B 68
T32A0 047:713.560 - 0.269ms returns 0
T32A0 047:714.964 JLINK_ReadMem(0x20070B40, 0x40 Bytes, ...)
T32A0 047:715.020    -- Read from C cache (64 bytes @ 0x20070B40)
T32A0 047:715.052   Data:  00 00 00 00 41 6A 03 00 70 10 07 20 00 00 00 00 ...
T32A0 047:715.076 - 0.115ms returns 0
T32A0 047:717.112 JLINK_ReadMem(0x00036A40, 0x4 Bytes, ...)
T32A0 047:717.172    -- Read from flash cache (4 bytes @ 0x00036A40)
T32A0 047:717.200   Data:  08 B0 70 BD
T32A0 047:717.224 - 0.117ms returns 0
T32A0 047:718.716 JLINK_ReadMem(0x20070B00, 0x40 Bytes, ...)
T32A0 047:718.808    -- Read from C cache (64 bytes @ 0x20070B00)
T32A0 047:718.848   Data:  DE B3 AF FE FF BB FF FE D7 73 EF FE CF FB FF FC ...
T32A0 047:718.872 - 0.158ms returns 0
T5484 048:612.892 JLINK_IsHalted()
T5484 048:613.624 - 0.731ms returns TRUE
T5484 048:613.788 JLINK_ReadReg(XPSR)
T5484 048:613.824 - 0.033ms returns 0x61000000
T5484 048:613.848 JLINK_ReadReg(R15 (PC))
T5484 048:613.864 - 0.020ms returns 0x00022F12
T5484 048:613.888 JLINK_ReadReg(XPSR)
T5484 048:613.912 - 0.019ms returns 0x61000000
T5484 048:613.928 JLINK_ReadReg(XPSR)
T5484 048:613.944 - 0.017ms returns 0x61000000
T5484 048:613.968 JLINK_ReadReg(R15 (PC))
T5484 048:614.000 - 0.033ms returns 0x00022F12
T5484 048:614.040 JLINK_ReadReg(XPSR)
T5484 048:614.072 - 0.033ms returns 0x61000000
T5484 048:614.104 JLINK_ReadReg(XPSR)
T5484 048:614.136 - 0.031ms returns 0x61000000
T5484 048:614.172 JLINK_ReadMem(0x00022F12, 0x1 Bytes, ...)
T5484 048:614.204    -- Read from flash cache (1 bytes @ 0x00022F12)
T5484 048:614.248   Data:  0C
T5484 048:614.272 - 0.102ms returns 0
T5484 048:614.292 JLINK_IsHalted()
T5484 048:614.308 - 0.015ms returns TRUE
T5484 048:614.324 JLINK_ReadReg(XPSR)
T5484 048:614.344 - 0.016ms returns 0x61000000
T5484 048:614.360 JLINK_ReadReg(XPSR)
T5484 048:614.376 - 0.016ms returns 0x61000000
T5484 048:614.392 JLINK_ReadReg(R15 (PC))
T5484 048:614.408 - 0.016ms returns 0x00022F12
T5484 048:614.428 JLINK_ReadReg(XPSR)
T5484 048:614.440 - 0.015ms returns 0x61000000
T5484 048:614.460 JLINK_ReadReg(XPSR)
T5484 048:614.472 - 0.014ms returns 0x61000000
T5484 048:614.492 JLINK_ReadMem(0x00022F12, 0x1 Bytes, ...)
T5484 048:614.508    -- Read from flash cache (1 bytes @ 0x00022F12)
T5484 048:614.532   Data:  0C
T5484 048:614.552 - 0.060ms returns 0
T5484 048:614.580 JLINK_ReadMem(0xE0001004, 0x4 Bytes, ...)
T5484 048:614.608   CPU_ReadMem(4 bytes @ 0xE0001004)
T5484 048:615.624   Data:  A2 F6 87 6E
T5484 048:615.736   Debug reg: DWT_CYCCNT
T5484 048:615.760 - 1.180ms returns 0
T5484 048:617.192 JLINK_IsHalted()
T5484 048:617.236 - 0.045ms returns TRUE
T5484 048:617.264 JLINK_ReadReg(XPSR)
T5484 048:617.288 - 0.027ms returns 0x61000000
T5484 048:617.312 JLINK_ReadReg(R15 (PC))
T5484 048:617.332 - 0.018ms returns 0x00022F12
T5484 048:617.352 JLINK_ReadReg(XPSR)
T5484 048:617.372 - 0.018ms returns 0x61000000
T5484 048:617.396 JLINK_ReadReg(XPSR)
T5484 048:617.424 - 0.030ms returns 0x61000000
T5484 048:617.448 JLINK_ReadReg(R15 (PC))
T5484 048:617.460 - 0.015ms returns 0x00022F12
T5484 048:617.480 JLINK_ReadReg(XPSR)
T5484 048:617.496 - 0.015ms returns 0x61000000
T5484 048:617.512 JLINK_ReadReg(XPSR)
T5484 048:617.528 - 0.016ms returns 0x61000000
T5484 048:617.544 JLINK_ReadMem(0x00022F12, 0x1 Bytes, ...)
T5484 048:617.568    -- Read from flash cache (1 bytes @ 0x00022F12)
T5484 048:617.592   Data:  0C
T5484 048:617.612 - 0.065ms returns 0
T5484 048:617.680 JLINK_IsHalted()
T5484 048:617.700 - 0.016ms returns TRUE
T5484 048:617.720 JLINK_ReadReg(XPSR)
T5484 048:617.744 - 0.025ms returns 0x61000000
T5484 048:617.768 JLINK_ReadReg(XPSR)
T5484 048:617.784 - 0.017ms returns 0x61000000
T5484 048:617.804 JLINK_ReadReg(R15 (PC))
T5484 048:617.820 - 0.015ms returns 0x00022F12
T5484 048:617.840 JLINK_ReadReg(XPSR)
T5484 048:617.856 - 0.015ms returns 0x61000000
T5484 048:617.872 JLINK_ReadReg(XPSR)
T5484 048:617.892 - 0.016ms returns 0x61000000
T5484 048:617.912 JLINK_ReadMem(0x00022F12, 0x1 Bytes, ...)
T5484 048:617.928    -- Read from flash cache (1 bytes @ 0x00022F12)
T5484 048:617.948   Data:  0C
T5484 048:617.972 - 0.063ms returns 0
T5484 048:618.000 JLINK_ReadMem(0xE0001004, 0x4 Bytes, ...)
T5484 048:618.028   Data:  A2 F6 87 6E
T5484 048:618.056   Debug reg: DWT_CYCCNT
T5484 048:618.072 - 0.074ms returns 0
T5484 048:624.696 JLINK_IsHalted()
T5484 048:624.756 - 0.057ms returns TRUE
T5484 048:624.784 JLINK_ReadReg(XPSR)
T5484 048:624.816 - 0.031ms returns 0x61000000
T5484 048:624.840 JLINK_ReadReg(R15 (PC))
T5484 048:624.856 - 0.019ms returns 0x00022F12
T5484 048:624.884 JLINK_ReadReg(XPSR)
T5484 048:624.916 - 0.034ms returns 0x61000000
T5484 048:624.936 JLINK_ReadReg(XPSR)
T5484 048:624.952 - 0.017ms returns 0x61000000
T5484 048:624.972 JLINK_ReadReg(R15 (PC))
T5484 048:624.988 - 0.016ms returns 0x00022F12
T5484 048:625.012 JLINK_ReadReg(XPSR)
T5484 048:625.032 - 0.019ms returns 0x61000000
T5484 048:625.048 JLINK_ReadReg(XPSR)
T5484 048:625.068 - 0.016ms returns 0x61000000
T5484 048:625.088 JLINK_ReadMem(0x00022F12, 0x1 Bytes, ...)
T5484 048:625.108    -- Read from flash cache (1 bytes @ 0x00022F12)
T5484 048:625.128   Data:  0C
T5484 048:625.148 - 0.063ms returns 0
T5484 048:625.168 JLINK_IsHalted()
T5484 048:625.184 - 0.015ms returns TRUE
T5484 048:625.204 JLINK_ReadReg(XPSR)
T5484 048:625.220 - 0.016ms returns 0x61000000
T5484 048:625.236 JLINK_ReadReg(XPSR)
T5484 048:625.252 - 0.014ms returns 0x61000000
T5484 048:625.272 JLINK_ReadReg(R15 (PC))
T5484 048:625.284 - 0.015ms returns 0x00022F12
T5484 048:625.304 JLINK_ReadReg(XPSR)
T5484 048:625.320 - 0.015ms returns 0x61000000
T5484 048:625.336 JLINK_ReadReg(XPSR)
T5484 048:625.352 - 0.015ms returns 0x61000000
T5484 048:625.368 JLINK_ReadMem(0x00022F12, 0x1 Bytes, ...)
T5484 048:625.388    -- Read from flash cache (1 bytes @ 0x00022F12)
T5484 048:625.412   Data:  0C
T5484 048:625.432 - 0.063ms returns 0
T5484 048:625.464 JLINK_ReadMem(0xE0001004, 0x4 Bytes, ...)
T5484 048:625.492   Data:  A2 F6 87 6E
T5484 048:625.516   Debug reg: DWT_CYCCNT
T5484 048:625.536 - 0.072ms returns 0
T5484 048:627.092 JLINK_IsHalted()
T5484 048:627.156 - 0.066ms returns TRUE
T5484 048:627.184 JLINK_ReadReg(XPSR)
T5484 048:627.208 - 0.026ms returns 0x61000000
T5484 048:627.232 JLINK_ReadReg(R15 (PC))
T5484 048:627.252 - 0.018ms returns 0x00022F12
T5484 048:627.272 JLINK_ReadReg(XPSR)
T5484 048:627.292 - 0.019ms returns 0x61000000
T5484 048:627.312 JLINK_ReadReg(XPSR)
T5484 048:627.328 - 0.017ms returns 0x61000000
T5484 048:627.348 JLINK_ReadReg(R15 (PC))
T5484 048:627.368 - 0.017ms returns 0x00022F12
T5484 048:627.384 JLINK_ReadReg(XPSR)
T5484 048:627.404 - 0.017ms returns 0x61000000
T5484 048:627.424 JLINK_ReadReg(XPSR)
T5484 048:627.440 - 0.017ms returns 0x61000000
T5484 048:627.460 JLINK_ReadMem(0x00022F12, 0x1 Bytes, ...)
T5484 048:627.480    -- Read from flash cache (1 bytes @ 0x00022F12)
T5484 048:627.508   Data:  0C
T5484 048:627.544 - 0.084ms returns 0
T5484 048:627.564 JLINK_IsHalted()
T5484 048:627.580 - 0.016ms returns TRUE
T5484 048:627.596 JLINK_ReadReg(XPSR)
T5484 048:627.616 - 0.017ms returns 0x61000000
T5484 048:627.680 JLINK_ReadReg(XPSR)
T5484 048:627.700 - 0.019ms returns 0x61000000
T5484 048:627.720 JLINK_ReadReg(R15 (PC))
T5484 048:627.744 - 0.026ms returns 0x00022F12
T5484 048:627.768 JLINK_ReadReg(XPSR)
T5484 048:627.784 - 0.016ms returns 0x61000000
T5484 048:627.800 JLINK_ReadReg(XPSR)
T5484 048:627.816 - 0.015ms returns 0x61000000
T5484 048:627.832 JLINK_ReadMem(0x00022F12, 0x1 Bytes, ...)
T5484 048:627.852    -- Read from flash cache (1 bytes @ 0x00022F12)
T5484 048:627.876   Data:  0C
T5484 048:627.896 - 0.062ms returns 0
T5484 048:627.924 JLINK_ReadMem(0xE0001004, 0x4 Bytes, ...)
T5484 048:627.952   Data:  A2 F6 87 6E
T5484 048:627.976   Debug reg: DWT_CYCCNT
T5484 048:627.996 - 0.075ms returns 0
T32A0 048:963.832 JLINK_ReadMem(0x20071058, 0x4 Bytes, ...)
T32A0 048:963.892    -- Read from C cache (4 bytes @ 0x20071058)
T32A0 048:963.928   Data:  03 00 00 00
T32A0 048:963.952 - 0.124ms returns 0
T32A0 048:963.992 JLINK_ReadMem(0x20071058, 0x4 Bytes, ...)
T32A0 048:964.020    -- Read from C cache (4 bytes @ 0x20071058)
T32A0 048:964.040   Data:  03 00 00 00
T32A0 048:964.068 - 0.077ms returns 0
T32A0 048:964.148 JLINK_ReadMem(0x20071058, 0x4 Bytes, ...)
T32A0 048:964.176    -- Read from C cache (4 bytes @ 0x20071058)
T32A0 048:964.200   Data:  03 00 00 00
T32A0 048:964.224 - 0.076ms returns 0
T32A0 049:420.840 JLINK_ReadMem(0x00022F12, 0x4 Bytes, ...)
T32A0 049:420.904    -- Read from flash cache (4 bytes @ 0x00022F12)
T32A0 049:420.936   Data:  0C 4B 1B 68
T32A0 049:420.972 - 0.132ms returns 0
T32A0 049:421.544 JLINK_ReadMem(0x20070B40, 0x40 Bytes, ...)
T32A0 049:421.600    -- Read from C cache (64 bytes @ 0x20070B40)
T32A0 049:421.624   Data:  00 00 00 00 41 6A 03 00 70 10 07 20 00 00 00 00 ...
T32A0 049:421.644 - 0.106ms returns 0
T32A0 049:422.888 JLINK_ReadMem(0x00036A40, 0x4 Bytes, ...)
T32A0 049:422.944    -- Read from flash cache (4 bytes @ 0x00036A40)
T32A0 049:422.968   Data:  08 B0 70 BD
T32A0 049:422.992 - 0.105ms returns 0
T32A0 049:423.736 JLINK_ReadMem(0x0002C98E, 0x4 Bytes, ...)
T32A0 049:423.780    -- Read from flash cache (4 bytes @ 0x0002C98E)
T32A0 049:423.800   Data:  00 22 69 46
T32A0 049:423.820 - 0.089ms returns 0
T32A0 049:424.408 JLINK_ReadMem(0x20070B80, 0x40 Bytes, ...)
T32A0 049:424.472   CPU_ReadMem(64 bytes @ 0x20070B80)
T32A0 049:425.764    -- Updating C cache (64 bytes @ 0x20070B80)
T32A0 049:425.824    -- Read from C cache (64 bytes @ 0x20070B80)
T32A0 049:425.856   Data:  24 4E 04 20 00 00 FE 1F 70 B3 07 20 FD 21 02 00 ...
T32A0 049:425.880 - 1.469ms returns 0
T32A0 049:429.816 JLINK_ReadMem(0x0003A814, 0x4 Bytes, ...)
T32A0 049:429.932    -- Read from flash cache (4 bytes @ 0x0003A814)
T32A0 049:429.964   Data:  0F 4B 1B 68
T32A0 049:429.988 - 0.172ms returns 0
T32A0 049:434.248 JLINK_ReadMem(0x20071058, 0x4 Bytes, ...)
T32A0 049:434.324    -- Read from C cache (4 bytes @ 0x20071058)
T32A0 049:434.360   Data:  03 00 00 00
T32A0 049:434.380 - 0.138ms returns 0
T32A0 049:434.408 JLINK_ReadMem(0x20071058, 0x4 Bytes, ...)
T32A0 049:434.432    -- Read from C cache (4 bytes @ 0x20071058)
T32A0 049:434.448   Data:  03 00 00 00
T32A0 049:434.464 - 0.052ms returns 0
T32A0 049:434.512 JLINK_ReadMem(0x20071058, 0x4 Bytes, ...)
T32A0 049:434.528    -- Read from C cache (4 bytes @ 0x20071058)
T32A0 049:434.544   Data:  03 00 00 00
T32A0 049:434.560 - 0.046ms returns 0
T32A0 049:440.000 JLINK_ReadMem(0x20070B00, 0x40 Bytes, ...)
T32A0 049:440.128    -- Read from C cache (64 bytes @ 0x20070B00)
T32A0 049:440.168   Data:  DE B3 AF FE FF BB FF FE D7 73 EF FE CF FB FF FC ...
T32A0 049:440.196 - 0.199ms returns 0
T32A0 049:443.332 JLINK_ReadMem(0x00022F12, 0x4 Bytes, ...)
T32A0 049:443.396    -- Read from flash cache (4 bytes @ 0x00022F12)
T32A0 049:443.428   Data:  0C 4B 1B 68
T32A0 049:443.456 - 0.127ms returns 0
T32A0 049:444.536 JLINK_ReadMem(0x20070B40, 0x40 Bytes, ...)
T32A0 049:444.632    -- Read from C cache (64 bytes @ 0x20070B40)
T32A0 049:444.680   Data:  00 00 00 00 41 6A 03 00 70 10 07 20 00 00 00 00 ...
T32A0 049:444.708 - 0.175ms returns 0
T32A0 049:445.816 JLINK_ReadMem(0x00036A40, 0x4 Bytes, ...)
T32A0 049:445.880    -- Read from flash cache (4 bytes @ 0x00036A40)
T32A0 049:445.908   Data:  08 B0 70 BD
T32A0 049:445.932 - 0.118ms returns 0
T32A0 049:446.760 JLINK_ReadMem(0x20070B00, 0x40 Bytes, ...)
T32A0 049:446.820    -- Read from C cache (64 bytes @ 0x20070B00)
T32A0 049:446.856   Data:  DE B3 AF FE FF BB FF FE D7 73 EF FE CF FB FF FC ...
T32A0 049:446.880 - 0.123ms returns 0
T32A0 049:604.104 JLINK_ReadMem(0x00022F12, 0x4 Bytes, ...)
T32A0 049:604.172    -- Read from flash cache (4 bytes @ 0x00022F12)
T32A0 049:604.208   Data:  0C 4B 1B 68
T32A0 049:604.236 - 0.135ms returns 0
T32A0 049:605.128 JLINK_ReadMem(0x20070B40, 0x40 Bytes, ...)
T32A0 049:605.200    -- Read from C cache (64 bytes @ 0x20070B40)
T32A0 049:605.236   Data:  00 00 00 00 41 6A 03 00 70 10 07 20 00 00 00 00 ...
T32A0 049:605.260 - 0.131ms returns 0
T32A0 049:606.312 JLINK_ReadMem(0x00036A40, 0x4 Bytes, ...)
T32A0 049:606.380    -- Read from flash cache (4 bytes @ 0x00036A40)
T32A0 049:606.412   Data:  08 B0 70 BD
T32A0 049:606.440 - 0.125ms returns 0
T32A0 049:610.384 JLINK_ReadMem(0x0002C98E, 0x4 Bytes, ...)
T32A0 049:610.456    -- Read from flash cache (4 bytes @ 0x0002C98E)
T32A0 049:610.492   Data:  00 22 69 46
T32A0 049:610.520 - 0.140ms returns 0
T32A0 049:611.248 JLINK_ReadMem(0x20070B80, 0x40 Bytes, ...)
T32A0 049:611.304    -- Read from C cache (64 bytes @ 0x20070B80)
T32A0 049:611.360   Data:  24 4E 04 20 00 00 FE 1F 70 B3 07 20 FD 21 02 00 ...
T32A0 049:611.388 - 0.143ms returns 0
T32A0 049:613.712 JLINK_ReadMem(0x0003A814, 0x4 Bytes, ...)
T32A0 049:613.784    -- Read from flash cache (4 bytes @ 0x0003A814)
T32A0 049:613.828   Data:  0F 4B 1B 68
T32A0 049:613.852 - 0.141ms returns 0
T32A0 051:245.812 JLINK_ReadMem(0x0003AA96, 0x4 Bytes, ...)
T32A0 051:245.868    -- Read from flash cache (4 bytes @ 0x0003AA96)
T32A0 051:245.904   Data:  EF F3 10 83
T32A0 051:245.928 - 0.119ms returns 0
T32A0 051:246.616 JLINK_ReadMem(0x2007B300, 0x40 Bytes, ...)
T32A0 051:246.672    -- Read from C cache (64 bytes @ 0x2007B300)
T32A0 051:246.704   Data:  40 00 01 00 FC FA 06 20 00 00 00 10 00 00 00 00 ...
T32A0 051:246.728 - 0.119ms returns 0
T32A0 051:249.912 JLINK_ReadMem(0x0003A502, 0x4 Bytes, ...)
T32A0 051:249.984    -- Read from flash cache (4 bytes @ 0x0003A502)
T32A0 051:250.028   Data:  D4 F8 84 00
T32A0 051:250.112 - 0.199ms returns 0
T32A0 051:250.936 JLINK_ReadMem(0x2007B340, 0x40 Bytes, ...)
T32A0 051:251.008   CPU_ReadMem(64 bytes @ 0x2007B340)
T32A0 051:252.172    -- Updating C cache (64 bytes @ 0x2007B340)
T32A0 051:252.232    -- Read from C cache (64 bytes @ 0x2007B340)
T32A0 051:252.260   Data:  00 00 00 00 00 00 00 00 58 B3 07 20 CB 30 02 00 ...
T32A0 051:252.284 - 1.351ms returns 0
T32A0 051:256.108 JLINK_ReadMem(0x000230CA, 0x4 Bytes, ...)
T32A0 051:256.176    -- Read from flash cache (4 bytes @ 0x000230CA)
T32A0 051:256.204   Data:  3B 46 18 46
T32A0 051:256.228 - 0.120ms returns 0
T32A0 051:279.000 JLINK_ReadMem(0x000222EC, 0x4 Bytes, ...)
T32A0 051:279.064    -- Read from flash cache (4 bytes @ 0x000222EC)
T32A0 051:279.088   Data:  00 BF 08 37
T32A0 051:279.112 - 0.110ms returns 0
T32A0 051:279.708 JLINK_ReadMem(0x2007B380, 0x40 Bytes, ...)
T32A0 051:279.796   CPU_ReadMem(64 bytes @ 0x2007B380)
T32A0 051:280.828    -- Updating C cache (64 bytes @ 0x2007B380)
T32A0 051:280.880    -- Read from C cache (64 bytes @ 0x2007B380)
T32A0 051:280.908   Data:  00 00 00 00 00 00 00 00 00 00 00 00 15 A8 03 00 ...
T32A0 051:280.932 - 1.224ms returns 0
T32A0 051:282.272 JLINK_ReadMem(0x0003A814, 0x4 Bytes, ...)
T32A0 051:282.328    -- Read from flash cache (4 bytes @ 0x0003A814)
T32A0 051:282.356   Data:  0F 4B 1B 68
T32A0 051:282.376 - 0.105ms returns 0
T32A0 051:340.052 JLINK_ReadMem(0x0003AA96, 0x4 Bytes, ...)
T32A0 051:340.100    -- Read from flash cache (4 bytes @ 0x0003AA96)
T32A0 051:340.148   Data:  EF F3 10 83
T32A0 051:340.180 - 0.131ms returns 0
T32A0 051:340.836 JLINK_ReadMem(0x2007B300, 0x40 Bytes, ...)
T32A0 051:340.900    -- Read from C cache (64 bytes @ 0x2007B300)
T32A0 051:340.928   Data:  40 00 01 00 FC FA 06 20 00 00 00 10 00 00 00 00 ...
T32A0 051:340.952 - 0.119ms returns 0
T32A0 051:342.980 JLINK_ReadMem(0x0003A502, 0x4 Bytes, ...)
T32A0 051:343.036    -- Read from flash cache (4 bytes @ 0x0003A502)
T32A0 051:343.064   Data:  D4 F8 84 00
T32A0 051:343.088 - 0.109ms returns 0
T32A0 051:343.688 JLINK_ReadMem(0x2007B340, 0x40 Bytes, ...)
T32A0 051:343.756    -- Read from C cache (64 bytes @ 0x2007B340)
T32A0 051:343.800   Data:  00 00 00 00 00 00 00 00 58 B3 07 20 CB 30 02 00 ...
T32A0 051:343.820 - 0.133ms returns 0
T32A0 051:345.336 JLINK_ReadMem(0x000230CA, 0x4 Bytes, ...)
T32A0 051:345.420    -- Read from flash cache (4 bytes @ 0x000230CA)
T32A0 051:345.448   Data:  3B 46 18 46
T32A0 051:345.480 - 0.139ms returns 0
T32A0 051:347.192 JLINK_ReadMem(0x000222EC, 0x4 Bytes, ...)
T32A0 051:347.252    -- Read from flash cache (4 bytes @ 0x000222EC)
T32A0 051:347.272   Data:  00 BF 08 37
T32A0 051:347.288 - 0.096ms returns 0
T32A0 051:347.812 JLINK_ReadMem(0x2007B380, 0x40 Bytes, ...)
T32A0 051:347.868    -- Read from C cache (64 bytes @ 0x2007B380)
T32A0 051:347.908   Data:  00 00 00 00 00 00 00 00 00 00 00 00 15 A8 03 00 ...
T32A0 051:347.928 - 0.120ms returns 0
T32A0 051:350.152 JLINK_ReadMem(0x0003A814, 0x4 Bytes, ...)
T32A0 051:350.204    -- Read from flash cache (4 bytes @ 0x0003A814)
T32A0 051:350.232   Data:  0F 4B 1B 68
T32A0 051:350.264 - 0.114ms returns 0
T32A0 051:352.792 JLINK_ReadMem(0x0003AA96, 0x4 Bytes, ...)
T32A0 051:352.856    -- Read from flash cache (4 bytes @ 0x0003AA96)
T32A0 051:352.888   Data:  EF F3 10 83
T32A0 051:352.920 - 0.127ms returns 0
T32A0 051:353.872 JLINK_ReadMem(0x1FFE0AC0, 0x40 Bytes, ...)
T32A0 051:354.280    -- Read from C cache (64 bytes @ 0x1FFE0AC0)
T32A0 051:354.328   Data:  96 AA 03 00 00 00 00 61 70 10 07 20 A8 08 FE 1F ...
T32A0 051:354.348 - 0.479ms returns 0
T32A0 051:355.992 JLINK_ReadMem(0x0003A502, 0x4 Bytes, ...)
T32A0 051:356.048    -- Read from flash cache (4 bytes @ 0x0003A502)
T32A0 051:356.072   Data:  D4 F8 84 00
T32A0 051:356.096 - 0.104ms returns 0
T32A0 051:360.788 JLINK_ReadMem(0x0000F046, 0x4 Bytes, ...)
T32A0 051:360.856    -- Read from flash cache (4 bytes @ 0x0000F046)
T32A0 051:360.892   Data:  B8 60 BB 68
T32A0 051:360.920 - 0.131ms returns 0
T32A0 051:362.988 JLINK_ReadMem(0x1FFE0B00, 0x40 Bytes, ...)
T32A0 051:363.068   CPU_ReadMem(64 bytes @ 0x1FFE0B00)
T32A0 051:364.172    -- Updating C cache (64 bytes @ 0x1FFE0B00)
T32A0 051:364.212    -- Read from C cache (64 bytes @ 0x1FFE0B00)
T32A0 051:364.232   Data:  00 00 00 00 00 08 FE 1F 10 0B FE 1F DB 09 00 00 ...
T32A0 051:364.248 - 1.263ms returns 0
T32A0 051:373.900 JLINK_ReadMem(0x000009DA, 0x4 Bytes, ...)
T32A0 051:373.960    -- Read from flash cache (4 bytes @ 0x000009DA)
T32A0 051:373.980   Data:  38 61 3B 69
T32A0 051:373.996 - 0.098ms returns 0
T32A0 051:378.360 JLINK_ReadMem(0x0000D72C, 0x4 Bytes, ...)
T32A0 051:378.416    -- Read from flash cache (4 bytes @ 0x0000D72C)
T32A0 051:378.440   Data:  F8 60 FB 68
T32A0 051:378.468 - 0.110ms returns 0
T32A0 051:379.268 JLINK_ReadMem(0x1FFE0B40, 0x40 Bytes, ...)
T32A0 051:379.348   CPU_ReadMem(64 bytes @ 0x1FFE0B40)
T32A0 051:380.408    -- Updating C cache (64 bytes @ 0x1FFE0B40)
T32A0 051:380.464    -- Read from C cache (64 bytes @ 0x1FFE0B40)
T32A0 051:380.492   Data:  00 00 00 00 00 00 00 00 78 09 FE 1F 40 08 FE 1F ...
T32A0 051:380.520 - 1.250ms returns 0
T32A0 051:381.432 JLINK_ReadMem(0x0003A814, 0x4 Bytes, ...)
T32A0 051:381.488    -- Read from flash cache (4 bytes @ 0x0003A814)
T32A0 051:381.512   Data:  0F 4B 1B 68
T32A0 051:381.528 - 0.095ms returns 0
T32A0 051:450.508 JLINK_ReadMem(0x00022F12, 0x4 Bytes, ...)
T32A0 051:450.628    -- Read from flash cache (4 bytes @ 0x00022F12)
T32A0 051:450.660   Data:  0C 4B 1B 68
T32A0 051:450.688 - 0.179ms returns 0
T32A0 051:452.036 JLINK_ReadMem(0x20070B40, 0x40 Bytes, ...)
T32A0 051:452.088    -- Read from C cache (64 bytes @ 0x20070B40)
T32A0 051:452.120   Data:  00 00 00 00 41 6A 03 00 70 10 07 20 00 00 00 00 ...
T32A0 051:452.140 - 0.107ms returns 0
T32A0 051:452.888 JLINK_ReadMem(0x00036A40, 0x4 Bytes, ...)
T32A0 051:452.936    -- Read from flash cache (4 bytes @ 0x00036A40)
T32A0 051:452.960   Data:  08 B0 70 BD
T32A0 051:452.988 - 0.102ms returns 0
T32A0 051:454.152 JLINK_ReadMem(0x0002C98E, 0x4 Bytes, ...)
T32A0 051:454.200    -- Read from flash cache (4 bytes @ 0x0002C98E)
T32A0 051:454.236   Data:  00 22 69 46
T32A0 051:454.256 - 0.106ms returns 0
T32A0 051:454.864 JLINK_ReadMem(0x20070B80, 0x40 Bytes, ...)
T32A0 051:455.020    -- Read from C cache (64 bytes @ 0x20070B80)
T32A0 051:455.104   Data:  24 4E 04 20 00 00 FE 1F 70 B3 07 20 FD 21 02 00 ...
T32A0 051:455.284 - 0.416ms returns 0
T32A0 051:456.068 JLINK_ReadMem(0x0003A814, 0x4 Bytes, ...)
T32A0 051:456.104    -- Read from flash cache (4 bytes @ 0x0003A814)
T32A0 051:456.140   Data:  0F 4B 1B 68
T32A0 051:456.156 - 0.089ms returns 0
T32A0 051:458.324 JLINK_ReadMem(0x0003AA96, 0x4 Bytes, ...)
T32A0 051:458.376    -- Read from flash cache (4 bytes @ 0x0003AA96)
T32A0 051:458.404   Data:  EF F3 10 83
T32A0 051:458.424 - 0.105ms returns 0
T32A0 051:458.944 JLINK_ReadMem(0x1FFE0AC0, 0x40 Bytes, ...)
T32A0 051:458.996    -- Read from C cache (64 bytes @ 0x1FFE0AC0)
T32A0 051:459.016   Data:  96 AA 03 00 00 00 00 61 70 10 07 20 A8 08 FE 1F ...
T32A0 051:459.032 - 0.087ms returns 0
T32A0 051:460.128 JLINK_ReadMem(0x0003A502, 0x4 Bytes, ...)
T32A0 051:460.248    -- Read from flash cache (4 bytes @ 0x0003A502)
T32A0 051:460.296   Data:  D4 F8 84 00
T32A0 051:460.320 - 0.192ms returns 0
T32A0 051:461.400 JLINK_ReadMem(0x0000F046, 0x4 Bytes, ...)
T32A0 051:461.460    -- Read from flash cache (4 bytes @ 0x0000F046)
T32A0 051:461.488   Data:  B8 60 BB 68
T32A0 051:461.512 - 0.111ms returns 0
T32A0 051:462.048 JLINK_ReadMem(0x1FFE0B00, 0x40 Bytes, ...)
T32A0 051:462.096    -- Read from C cache (64 bytes @ 0x1FFE0B00)
T32A0 051:462.124   Data:  00 00 00 00 00 08 FE 1F 10 0B FE 1F DB 09 00 00 ...
T32A0 051:462.152 - 0.103ms returns 0
T32A0 051:464.860 JLINK_ReadMem(0x000009DA, 0x4 Bytes, ...)
T32A0 051:464.916    -- Read from flash cache (4 bytes @ 0x000009DA)
T32A0 051:464.952   Data:  38 61 3B 69
T32A0 051:464.984 - 0.122ms returns 0
T32A0 051:474.036 JLINK_ReadMem(0x0000D72C, 0x4 Bytes, ...)
T32A0 051:474.096    -- Read from flash cache (4 bytes @ 0x0000D72C)
T32A0 051:474.124   Data:  F8 60 FB 68
T32A0 051:474.152 - 0.120ms returns 0
T32A0 051:475.048 JLINK_ReadMem(0x1FFE0B40, 0x40 Bytes, ...)
T32A0 051:475.108    -- Read from C cache (64 bytes @ 0x1FFE0B40)
T32A0 051:475.140   Data:  00 00 00 00 00 00 00 00 78 09 FE 1F 40 08 FE 1F ...
T32A0 051:475.160 - 0.112ms returns 0
T32A0 051:478.864 JLINK_ReadMem(0x0003A814, 0x4 Bytes, ...)
T32A0 051:478.920    -- Read from flash cache (4 bytes @ 0x0003A814)
T32A0 051:478.940   Data:  0F 4B 1B 68
T32A0 051:478.968 - 0.103ms returns 0
T32A0 051:834.296 JLINK_ReadMem(0x20071058, 0x4 Bytes, ...)
T32A0 051:834.376    -- Read from C cache (4 bytes @ 0x20071058)
T32A0 051:834.412   Data:  03 00 00 00
T32A0 051:834.440 - 0.148ms returns 0
T32A0 051:834.480 JLINK_ReadMem(0x20071058, 0x4 Bytes, ...)
T32A0 051:834.512    -- Read from C cache (4 bytes @ 0x20071058)
T32A0 051:834.536   Data:  03 00 00 00
T32A0 051:834.560 - 0.078ms returns 0
T32A0 051:834.636 JLINK_ReadMem(0x20071058, 0x4 Bytes, ...)
T32A0 051:834.664    -- Read from C cache (4 bytes @ 0x20071058)
T32A0 051:834.688   Data:  03 00 00 00
T32A0 051:834.712 - 0.074ms returns 0
T32A0 051:836.712 JLINK_ReadMem(0x20071058, 0x4 Bytes, ...)
T32A0 051:836.812    -- Read from C cache (4 bytes @ 0x20071058)
T32A0 051:836.872   Data:  03 00 00 00
T32A0 051:837.236 - 0.521ms returns 0
T32A0 051:837.304 JLINK_ReadMem(0x20071058, 0x4 Bytes, ...)
T32A0 051:837.344    -- Read from C cache (4 bytes @ 0x20071058)
T32A0 051:837.368   Data:  03 00 00 00
T32A0 051:837.388 - 0.080ms returns 0
T32A0 051:837.452 JLINK_ReadMem(0x20071058, 0x4 Bytes, ...)
T32A0 051:837.508    -- Read from C cache (4 bytes @ 0x20071058)
T32A0 051:837.532   Data:  03 00 00 00
T32A0 051:837.556 - 0.103ms returns 0
T32A0 051:840.700 JLINK_ClrBPEx(BPHandle = 0x00000012)
T32A0 051:841.544 - 0.844ms returns 0x00
T32A0 051:841.604 JLINK_ClrBPEx(BPHandle = 0x00000013)
T32A0 051:841.632 - 0.029ms returns 0x00
T32A0 051:841.656 JLINK_ClrBPEx(BPHandle = 0x00000014)
T32A0 051:841.672 - 0.018ms returns 0x00
T32A0 051:841.716 JLINK_SetBPEx(Addr = 0x00022F52, Type = 0xFFFFFF00)
T32A0 051:841.780 - 0.062ms returns 0x00000015
T32A0 051:841.832 JLINK_SetBPEx(Addr = 0x00022F1C, Type = 0xFFFFFF00)
T32A0 051:841.868 - 0.036ms returns 0x00000016
T32A0 051:844.640 JLINK_ReadMem(0x20071058, 0x4 Bytes, ...)
T32A0 051:844.704    -- Read from C cache (4 bytes @ 0x20071058)
T32A0 051:844.764   Data:  03 00 00 00
T32A0 051:844.792 - 0.153ms returns 0
T32A0 051:844.824 JLINK_ReadMem(0x20071060, 0x4 Bytes, ...)
T32A0 051:844.848    -- Read from C cache (4 bytes @ 0x20071060)
T32A0 051:844.872   Data:  FC FA 06 20
T32A0 051:844.896 - 0.072ms returns 0
T32A0 051:844.948 JLINK_ReadMem(0x20071058, 0x4 Bytes, ...)
T32A0 051:844.972    -- Read from C cache (4 bytes @ 0x20071058)
T32A0 051:845.000   Data:  03 00 00 00
T32A0 051:845.020 - 0.071ms returns 0
T32A0 051:845.044 JLINK_ReadMem(0x20071058, 0x4 Bytes, ...)
T32A0 051:845.064    -- Read from C cache (4 bytes @ 0x20071058)
T32A0 051:845.092   Data:  03 00 00 00
T32A0 051:845.128 - 0.083ms returns 0
T32A0 051:845.148 JLINK_ReadMem(0x20071060, 0x4 Bytes, ...)
T32A0 051:845.172    -- Read from C cache (4 bytes @ 0x20071060)
T32A0 051:845.192   Data:  FC FA 06 20
T32A0 051:845.216 - 0.068ms returns 0
T32A0 051:845.280 JLINK_ReadMem(0x20071058, 0x4 Bytes, ...)
T32A0 051:845.304    -- Read from C cache (4 bytes @ 0x20071058)
T32A0 051:845.328   Data:  03 00 00 00
T32A0 051:845.352 - 0.070ms returns 0
T32A0 051:845.392 JLINK_STRACE_Read(..., NumItems = 0x10000)
T32A0 051:845.416 - 0.027ms NumItemsRead = 0x00
T32A0 051:845.448 JLINK_ReadMem(0xE0001004, 0x4 Bytes, ...)
T32A0 051:845.476   Data:  A2 F6 87 6E
T32A0 051:845.500   Debug reg: DWT_CYCCNT
T32A0 051:845.524 - 0.075ms returns 0
T32A0 051:845.548 JLINK_Step()
T32A0 051:845.572    -- Read from flash cache (2 bytes @ 0x00022F12)
T32A0 051:845.600   CPU_ReadMem(4 bytes @ 0xE000ED18)
T32A0 051:846.884   CPU_WriteMem(4 bytes @ 0xE000ED18)
T32A0 051:847.968   CPU_ReadMem(4 bytes @ 0xE000ED18)
T32A0 051:849.984   CPU_WriteMem(4 bytes @ 0xE000ED18)
T32A0 051:851.256    -- Read from flash cache (4 bytes @ 0x00022F44)
T32A0 051:851.316   -- Simulated
T32A0 051:851.340 - 5.789ms returns 0
T32A0 051:851.408 JLINK_ReadReg(XPSR)
T32A0 051:851.436 - 0.027ms returns 0x61000000
T32A0 051:852.848 JLINK_ClrBPEx(BPHandle = 0x00000015)
T32A0 051:852.900 - 0.052ms returns 0x00
T32A0 051:852.920 JLINK_ClrBPEx(BPHandle = 0x00000016)
T32A0 051:852.936 - 0.016ms returns 0x00
T32A0 051:852.956 JLINK_SetBPEx(Addr = 0x00022F52, Type = 0xFFFFFF00)
T32A0 051:852.976 - 0.018ms returns 0x00000017
T32A0 051:852.992 JLINK_SetBPEx(Addr = 0x00022F1C, Type = 0xFFFFFF00)
T32A0 051:853.004 - 0.014ms returns 0x00000018
T32A0 051:853.020 JLINK_SetBPEx(Addr = 0x00022F12, Type = 0xFFFFFF00)
T32A0 051:853.036 - 0.014ms returns 0x00000019
T32A0 051:856.728 JLINK_ReadMem(0x20071058, 0x4 Bytes, ...)
T32A0 051:856.812    -- Read from C cache (4 bytes @ 0x20071058)
T32A0 051:856.840   Data:  03 00 00 00
T32A0 051:856.864 - 0.137ms returns 0
T32A0 051:856.900 JLINK_ReadMem(0x20071058, 0x4 Bytes, ...)
T32A0 051:856.920    -- Read from C cache (4 bytes @ 0x20071058)
T32A0 051:856.948   Data:  03 00 00 00
T32A0 051:856.972 - 0.072ms returns 0
T32A0 051:857.040 JLINK_ReadMem(0x20071058, 0x4 Bytes, ...)
T32A0 051:857.144    -- Read from C cache (4 bytes @ 0x20071058)
T32A0 051:857.164   Data:  03 00 00 00
T32A0 051:857.188 - 0.149ms returns 0
T32A0 051:857.220 JLINK_ReadMem(0x20071058, 0x4 Bytes, ...)
T32A0 051:857.240    -- Read from C cache (4 bytes @ 0x20071058)
T32A0 051:857.264   Data:  03 00 00 00
T32A0 051:857.288 - 0.070ms returns 0
T32A0 051:857.312 JLINK_ReadMem(0x20071058, 0x4 Bytes, ...)
T32A0 051:857.332    -- Read from C cache (4 bytes @ 0x20071058)
T32A0 051:857.368   Data:  03 00 00 00
T32A0 051:857.388 - 0.076ms returns 0
T32A0 051:857.412 JLINK_ReadMem(0x20071060, 0x4 Bytes, ...)
T32A0 051:857.436    -- Read from C cache (4 bytes @ 0x20071060)
T32A0 051:857.460   Data:  FC FA 06 20
T32A0 051:857.492 - 0.079ms returns 0
T32A0 051:857.512 JLINK_ReadMem(0x2007105C, 0x4 Bytes, ...)
T32A0 051:857.532    -- Read from C cache (4 bytes @ 0x2007105C)
T32A0 051:857.556   Data:  E8 06 FE 1F
T32A0 051:857.576 - 0.067ms returns 0
T32A0 051:857.596 JLINK_ReadMem(0x1FFE06E8, 0xB4 Bytes, ...)
T32A0 051:857.620    -- Read from C cache (180 bytes @ 0x1FFE06E8)
T32A0 051:857.652   Data:  44 52 48 54 52 00 00 00 DC B2 07 20 A0 AB 07 20 ...
T32A0 051:857.672 - 0.076ms returns 0
T32A0 051:857.720 JLINK_ReadMem(0x0003D904, 0xC8 Bytes, ...)
T32A0 051:857.740    -- Read from flash cache (200 bytes @ 0x0003D904)
T32A0 051:857.876   Data:  47 46 6F 72 63 65 47 55 49 20 54 68 72 65 61 64 ...
T32A0 051:857.896 - 0.176ms returns 0
T32A0 051:857.956 JLINK_ReadMem(0x1FFE08A8, 0xB4 Bytes, ...)
T32A0 051:857.992    -- Read from C cache (180 bytes @ 0x1FFE08A8)
T32A0 051:858.020   Data:  44 52 48 54 06 00 00 00 84 0A FE 1F 78 09 FE 1F ...
T32A0 051:858.056 - 0.101ms returns 0
T32A0 051:858.120 JLINK_ReadMem(0x0003D43C, 0xC8 Bytes, ...)
T32A0 051:858.152    -- Read from flash cache (200 bytes @ 0x0003D43C)
T32A0 051:858.212   Data:  54 6F 75 63 68 20 50 61 6E 65 6C 20 54 68 72 65 ...
T32A0 051:858.232 - 0.109ms returns 0
T32A0 051:858.260 JLINK_ReadMem(0x2006FAFC, 0xB4 Bytes, ...)
T32A0 051:858.284    -- Read from C cache (180 bytes @ 0x2006FAFC)
T32A0 051:858.312   Data:  44 52 48 54 05 00 00 00 74 0A 07 20 B0 FB 06 20 ...
T32A0 051:858.332 - 0.074ms returns 0
T32A0 051:858.368 JLINK_ReadMem(0x0004B224, 0xC8 Bytes, ...)
T32A0 051:858.388    -- Read from flash cache (200 bytes @ 0x0004B224)
T32A0 051:858.408   Data:  47 55 49 58 20 53 79 73 74 65 6D 20 54 68 72 65 ...
T32A0 051:858.432 - 0.065ms returns 0
T32A0 051:861.968 JLINK_ReadMem(0x20071058, 0x4 Bytes, ...)
T32A0 051:862.076    -- Read from C cache (4 bytes @ 0x20071058)
T32A0 051:862.104   Data:  03 00 00 00
T32A0 051:862.216 - 0.245ms returns 0
T32A0 051:862.304 JLINK_ReadMem(0x20071060, 0x4 Bytes, ...)
T32A0 051:862.340    -- Read from C cache (4 bytes @ 0x20071060)
T32A0 051:862.364   Data:  FC FA 06 20
T32A0 051:862.388 - 0.083ms returns 0
T32A0 051:862.472 JLINK_ReadRegs(NumRegs = 20, Indexes: 0, 1, 2, 3, 4, 5, 6, 7, 8, 9, 10, 11, 12, 13, 14, 15, 16, 17, 18, 20)
T32A0 051:862.508    -- R0=0x00, R1=0x20070B50, R2=0x48628, R3=0x1FFE03DC, R4=0x40000001, R5=0x2006DAE4, R6=0x2006E1E4, R7=0x20070B30, R8=0x00, R9=0x00, R10=0x2006FBB0, R11=0x00, R12=0x20070B88, R13 (SP)=0x20070B30, R14=0x22EFB, R15 (PC)=0x22F14, XPSR=0x61000000, MSP=0x2007AB70, PSP=0x20070B30, CFBP=0x6000000
T32A0 051:862.528 - 0.057ms returns 0x00
T32A0 051:876.756 JLINK_ReadMem(0x0003AA96, 0x4 Bytes, ...)
T32A0 051:876.828    -- Read from flash cache (4 bytes @ 0x0003AA96)
T32A0 051:876.864   Data:  EF F3 10 83
T32A0 051:876.892 - 0.139ms returns 0
T32A0 051:877.648 JLINK_ReadMem(0x2007B300, 0x40 Bytes, ...)
T32A0 051:877.716    -- Read from C cache (64 bytes @ 0x2007B300)
T32A0 051:877.744   Data:  40 00 01 00 FC FA 06 20 00 00 00 10 00 00 00 00 ...
T32A0 051:877.784 - 0.140ms returns 0
T32A0 051:879.224 JLINK_ReadMem(0x0003A502, 0x4 Bytes, ...)
T32A0 051:879.276    -- Read from flash cache (4 bytes @ 0x0003A502)
T32A0 051:879.300   Data:  D4 F8 84 00
T32A0 051:879.320 - 0.100ms returns 0
T32A0 051:879.844 JLINK_ReadMem(0x2007B340, 0x40 Bytes, ...)
T32A0 051:879.896    -- Read from C cache (64 bytes @ 0x2007B340)
T32A0 051:879.924   Data:  00 00 00 00 00 00 00 00 58 B3 07 20 CB 30 02 00 ...
T32A0 051:879.944 - 0.102ms returns 0
T32A0 051:881.032 JLINK_ReadMem(0x000230CA, 0x4 Bytes, ...)
T32A0 051:881.096    -- Read from flash cache (4 bytes @ 0x000230CA)
T32A0 051:881.132   Data:  3B 46 18 46
T32A0 051:881.160 - 0.130ms returns 0
T32A0 051:882.112 JLINK_ReadMem(0x000222EC, 0x4 Bytes, ...)
T32A0 051:882.168    -- Read from flash cache (4 bytes @ 0x000222EC)
T32A0 051:882.200   Data:  00 BF 08 37
T32A0 051:882.224 - 0.111ms returns 0
T32A0 051:882.968 JLINK_ReadMem(0x2007B380, 0x40 Bytes, ...)
T32A0 051:883.024    -- Read from C cache (64 bytes @ 0x2007B380)
T32A0 051:883.056   Data:  00 00 00 00 00 00 00 00 00 00 00 00 15 A8 03 00 ...
T32A0 051:883.084 - 0.114ms returns 0
T32A0 051:884.372 JLINK_ReadMem(0x0003A814, 0x4 Bytes, ...)
T32A0 051:884.428    -- Read from flash cache (4 bytes @ 0x0003A814)
T32A0 051:884.460   Data:  0F 4B 1B 68
T32A0 051:884.488 - 0.116ms returns 0
T32A0 051:890.000 JLINK_ReadMem(0x20071058, 0x4 Bytes, ...)
T32A0 051:890.084    -- Read from C cache (4 bytes @ 0x20071058)
T32A0 051:890.120   Data:  03 00 00 00
T32A0 051:890.148 - 0.148ms returns 0
T32A0 051:890.184 JLINK_ReadMem(0x20071058, 0x4 Bytes, ...)
T32A0 051:890.212    -- Read from C cache (4 bytes @ 0x20071058)
T32A0 051:890.236   Data:  03 00 00 00
T32A0 051:890.260 - 0.079ms returns 0
T32A0 051:890.288 JLINK_ReadMem(0x20071060, 0x4 Bytes, ...)
T32A0 051:890.312    -- Read from C cache (4 bytes @ 0x20071060)
T32A0 051:890.340   Data:  FC FA 06 20
T32A0 051:890.360 - 0.075ms returns 0
T32A0 051:890.440 JLINK_ReadMem(0x20071058, 0x4 Bytes, ...)
T32A0 051:890.468    -- Read from C cache (4 bytes @ 0x20071058)
T32A0 051:890.504   Data:  03 00 00 00
T32A0 051:890.532 - 0.090ms returns 0
T32A0 051:890.556 JLINK_ReadMem(0x20071058, 0x4 Bytes, ...)
T32A0 051:890.592    -- Read from C cache (4 bytes @ 0x20071058)
T32A0 051:890.616   Data:  03 00 00 00
T32A0 051:890.640 - 0.083ms returns 0
T32A0 051:890.664 JLINK_ReadMem(0x20071060, 0x4 Bytes, ...)
T32A0 051:890.688    -- Read from C cache (4 bytes @ 0x20071060)
T32A0 051:890.716   Data:  FC FA 06 20
T32A0 051:890.744 - 0.075ms returns 0
T32A0 051:890.824 JLINK_ReadMem(0x20071058, 0x4 Bytes, ...)
T32A0 051:890.856    -- Read from C cache (4 bytes @ 0x20071058)
T32A0 051:890.876   Data:  03 00 00 00
T32A0 051:890.900 - 0.073ms returns 0
T32A0 051:890.944 JLINK_STRACE_Read(..., NumItems = 0x10000)
T32A0 051:890.968 - 0.024ms NumItemsRead = 0x00
T32A0 051:890.996 JLINK_ReadMem(0xE0001004, 0x4 Bytes, ...)
T32A0 051:891.032   Data:  A4 F6 87 6E
T32A0 051:891.052   Debug reg: DWT_CYCCNT
T32A0 051:891.076 - 0.078ms returns 0
T32A0 051:891.096 JLINK_IsHalted()
T32A0 051:891.112 - 0.016ms returns TRUE
T32A0 051:891.132 JLINK_STRACE_Read(..., NumItems = 0x10000)
T32A0 051:891.152 - 0.017ms NumItemsRead = 0x00
T32A0 051:891.176 JLINK_ReadMem(0xE0001004, 0x4 Bytes, ...)
T32A0 051:891.196   Data:  A4 F6 87 6E
T32A0 051:891.220   Debug reg: DWT_CYCCNT
T32A0 051:891.240 - 0.066ms returns 0
T32A0 051:891.256 JLINK_GoEx(MaxEmulInsts = 0, Flags = 0x01)
T32A0 051:891.284   CPU_WriteMem(4 bytes @ 0xE0002000)
T32A0 051:892.964   CPU_WriteMem(4 bytes @ 0xE0002000)
T32A0 051:893.916   CPU_WriteMem(4 bytes @ 0xE0002000)
T32A0 051:895.284   CPU_ReadMem(4 bytes @ 0xE0001000)
T32A0 051:895.928   CPU_WriteMem(4 bytes @ 0xE0001004)
T32A0 051:901.220 - 9.959ms
T32A0 052:013.944 JLINK_IsHalted()
T32A0 052:025.784 - 11.841ms returns FALSE
T32A0 052:025.836 JLINK_IsHalted()
T32A0 052:028.148 - 2.310ms returns FALSE
T32A0 052:130.880 JLINK_IsHalted()
T32A0 052:132.376 - 1.496ms returns FALSE
T32A0 052:132.424 JLINK_IsHalted()
T32A0 052:133.600 - 1.172ms returns FALSE
T32A0 052:240.264 JLINK_IsHalted()
T32A0 052:240.960 - 0.696ms returns FALSE
T32A0 052:241.012 JLINK_IsHalted()
T32A0 052:241.628 - 0.615ms returns FALSE
T32A0 052:348.872 JLINK_IsHalted()
T32A0 052:349.560 - 0.690ms returns FALSE
T32A0 052:349.640 JLINK_IsHalted()
T32A0 052:350.540 - 0.899ms returns FALSE
T32A0 052:458.952 JLINK_IsHalted()
T32A0 052:459.776 - 0.824ms returns FALSE
T32A0 052:459.832 JLINK_IsHalted()
T32A0 052:460.600 - 0.769ms returns FALSE
T32A0 052:567.968 JLINK_IsHalted()
T32A0 052:571.956 - 3.984ms returns FALSE
T32A0 052:572.024 JLINK_IsHalted()
T32A0 052:573.356 - 1.330ms returns FALSE
T32A0 052:676.860 JLINK_IsHalted()
T32A0 052:677.716 - 0.852ms returns FALSE
T32A0 052:677.856 JLINK_IsHalted()
T32A0 052:685.724 - 7.865ms returns FALSE
T32A0 052:786.888 JLINK_IsHalted()
T32A0 052:790.020 - 3.129ms returns FALSE
T32A0 052:790.072 JLINK_IsHalted()
T32A0 052:791.200 - 1.125ms returns FALSE
T32A0 052:896.112 JLINK_IsHalted()
T32A0 052:902.428 - 6.316ms returns FALSE
T32A0 052:902.520 JLINK_IsHalted()
T32A0 052:905.196 - 2.677ms returns FALSE
T32A0 053:005.012 JLINK_IsHalted()
T32A0 053:010.860 - 5.848ms returns FALSE
T32A0 053:010.972 JLINK_IsHalted()
T32A0 053:016.068 - 5.092ms returns FALSE
T32A0 053:115.012 JLINK_IsHalted()
T32A0 053:116.300 - 1.289ms returns FALSE
T32A0 053:116.380 JLINK_IsHalted()
T32A0 053:119.192 - 2.812ms returns FALSE
T5484 053:132.936 JLINK_IsHalted()
T5484 053:136.664 - 3.733ms returns FALSE
T5484 053:136.716 JLINK_IsHalted()
T5484 053:141.916 - 5.198ms returns FALSE
T32A0 053:224.012 JLINK_IsHalted()
T32A0 053:226.632 - 2.588ms returns FALSE
T32A0 053:226.696 JLINK_IsHalted()
T32A0 053:227.468 - 0.774ms returns FALSE
T32A0 053:334.392 JLINK_IsHalted()
T32A0 053:335.632 - 1.241ms returns FALSE
T32A0 053:335.720 JLINK_IsHalted()
T32A0 053:336.632 - 0.909ms returns FALSE
T32A0 053:443.000 JLINK_IsHalted()
T32A0 053:445.632 - 2.630ms returns FALSE
T32A0 053:445.692 JLINK_IsHalted()
T32A0 053:446.728 - 1.032ms returns FALSE
T32A0 053:566.204 JLINK_IsHalted()
T32A0 053:569.856 - 3.651ms returns FALSE
T32A0 053:569.924 JLINK_IsHalted()
T32A0 053:578.972 - 9.046ms returns FALSE
T32A0 053:677.060 JLINK_IsHalted()
T32A0 053:679.512 - 2.453ms returns FALSE
T32A0 053:679.568 JLINK_IsHalted()
T32A0 053:680.568 - 1.001ms returns FALSE
T32A0 053:787.176 JLINK_IsHalted()
T32A0 053:791.444 - 4.267ms returns FALSE
T32A0 053:792.844 JLINK_IsHalted()
T32A0 053:794.552 - 1.793ms returns FALSE
T32A0 053:896.008 JLINK_IsHalted()
T32A0 053:896.824 - 0.822ms returns FALSE
T32A0 053:896.876 JLINK_IsHalted()
T32A0 053:897.780 - 0.900ms returns FALSE
T32A0 054:005.280 JLINK_IsHalted()
T32A0 054:006.184 - 0.902ms returns FALSE
T32A0 054:006.232 JLINK_IsHalted()
T32A0 054:006.836 - 0.602ms returns FALSE
T32A0 054:115.584 JLINK_IsHalted()
T32A0 054:117.736 - 2.222ms returns FALSE
T32A0 054:117.772 JLINK_IsHalted()
T32A0 054:121.640 - 3.863ms returns FALSE
T32A0 054:224.020 JLINK_IsHalted()
T32A0 054:226.152 - 2.128ms returns FALSE
T32A0 054:226.216 JLINK_IsHalted()
T32A0 054:227.796 - 1.575ms returns FALSE
T32A0 054:334.016 JLINK_IsHalted()
T32A0 054:335.704 - 1.684ms returns FALSE
T32A0 054:335.852 JLINK_IsHalted()
T32A0 054:343.136 - 7.278ms returns FALSE
T32A0 054:443.608 JLINK_IsHalted()
T32A0 054:445.632 - 2.019ms returns FALSE
T32A0 054:445.780 JLINK_IsHalted()
T32A0 054:446.648 - 0.870ms returns FALSE
T5484 054:765.900 JLINK_IsHalted()
T5484 054:767.432 - 1.523ms returns FALSE
T5484 054:767.480 JLINK_IsHalted()
T5484 054:768.632 - 1.149ms returns FALSE
T32A0 054:770.452 JLINK_IsHalted()
T32A0 054:777.600 - 7.148ms returns FALSE
T32A0 054:777.684 JLINK_IsHalted()
T32A0 054:780.692 - 3.010ms returns FALSE
T32A0 054:880.084 JLINK_IsHalted()
T32A0 054:883.980 - 3.896ms returns FALSE
T32A0 054:884.052 JLINK_IsHalted()
T32A0 054:887.168 - 3.097ms returns FALSE
T32A0 054:993.672 JLINK_IsHalted()
T32A0 055:055.840 - 62.172ms returns FALSE
T32A0 055:057.792 JLINK_IsHalted()
T32A0 055:065.588 - 7.793ms returns FALSE
T32A0 055:162.152 JLINK_IsHalted()
T32A0 055:166.188 - 4.046ms returns FALSE
T32A0 055:166.264 JLINK_IsHalted()
T32A0 055:168.116 - 1.847ms returns FALSE
T32A0 055:271.092 JLINK_IsHalted()
T32A0 055:273.160 - 2.070ms returns FALSE
T32A0 055:273.228 JLINK_IsHalted()
T32A0 055:273.972 - 0.742ms returns FALSE
T32A0 055:380.524 JLINK_IsHalted()
T32A0 055:381.356 - 0.833ms returns FALSE
T32A0 055:381.408 JLINK_IsHalted()
T32A0 055:381.996 - 0.589ms returns FALSE
T32A0 055:489.656 JLINK_IsHalted()
T32A0 055:491.016 - 1.350ms returns FALSE
T32A0 055:491.060 JLINK_IsHalted()
T32A0 055:492.472 - 1.415ms returns FALSE
T32A0 055:600.264 JLINK_IsHalted()
T32A0 055:601.032 - 0.765ms returns FALSE
T32A0 055:601.068 JLINK_IsHalted()
T32A0 055:601.804 - 0.731ms returns FALSE
T32A0 055:711.660 JLINK_IsHalted()
T32A0 055:722.528 - 10.863ms returns FALSE
T32A0 055:722.664 JLINK_IsHalted()
T32A0 055:724.236 - 1.570ms returns FALSE
T32A0 055:834.124 JLINK_IsHalted()
T32A0 055:835.444 - 1.323ms returns FALSE
T32A0 055:835.488 JLINK_IsHalted()
T32A0 055:836.180 - 0.689ms returns FALSE
T32A0 055:943.136 JLINK_IsHalted()
T32A0 055:943.924 - 0.785ms returns FALSE
T32A0 055:943.968 JLINK_IsHalted()
T32A0 055:944.960 - 0.990ms returns FALSE
T32A0 056:052.160 JLINK_IsHalted()
T32A0 056:053.320 - 1.161ms returns FALSE
T32A0 056:053.376 JLINK_IsHalted()
T32A0 056:054.336 - 0.957ms returns FALSE
T32A0 056:163.656 JLINK_IsHalted()
T32A0 056:166.368 - 2.713ms returns FALSE
T32A0 056:166.424 JLINK_IsHalted()
T32A0 056:173.848 - 7.426ms returns FALSE
T5484 056:263.352 JLINK_IsHalted()
T5484 056:264.468 - 1.112ms returns FALSE
T5484 056:264.520 JLINK_IsHalted()
T5484 056:265.568 - 1.047ms returns FALSE
T32A0 056:271.272 JLINK_IsHalted()
T32A0 056:272.044 - 0.774ms returns FALSE
T32A0 056:272.088 JLINK_IsHalted()
T32A0 056:273.580 - 1.489ms returns FALSE
T32A0 056:380.556 JLINK_IsHalted()
T32A0 056:386.836 - 6.275ms returns FALSE
T32A0 056:386.904 JLINK_IsHalted()
T32A0 056:395.020 - 8.112ms returns FALSE
T32A0 056:490.092 JLINK_IsHalted()
T32A0 056:492.864 - 2.770ms returns FALSE
T32A0 056:493.000 JLINK_IsHalted()
T32A0 056:495.028 - 2.026ms returns FALSE
T32A0 056:745.720 JLINK_IsHalted()
T32A0 056:746.536 - 0.816ms returns FALSE
T32A0 056:746.580 JLINK_IsHalted()
T32A0 056:747.404 - 0.827ms returns FALSE
T32A0 056:851.496 JLINK_IsHalted()
T32A0 056:865.472 - 13.976ms returns FALSE
T32A0 056:865.528 JLINK_IsHalted()
T32A0 056:867.148 - 1.621ms returns FALSE
T32A0 056:974.424 JLINK_IsHalted()
T32A0 056:975.636 - 1.204ms returns FALSE
T32A0 056:975.688 JLINK_IsHalted()
T32A0 056:977.036 - 1.351ms returns FALSE
T32A0 057:084.168 JLINK_IsHalted()
T32A0 057:087.916 - 3.753ms returns FALSE
T32A0 057:087.976 JLINK_IsHalted()
T32A0 057:097.272 - 9.299ms returns FALSE
T32A0 057:193.256 JLINK_IsHalted()
T32A0 057:194.572 - 1.320ms returns FALSE
T32A0 057:194.616 JLINK_IsHalted()
T32A0 057:195.904 - 1.288ms returns FALSE
T32A0 057:302.228 JLINK_IsHalted()
T32A0 057:304.104 - 1.872ms returns FALSE
T32A0 057:304.148 JLINK_IsHalted()
T32A0 057:309.912 - 5.762ms returns FALSE
T32A0 057:412.040 JLINK_IsHalted()
T32A0 057:413.032 - 0.992ms returns FALSE
T32A0 057:413.068 JLINK_IsHalted()
T32A0 057:415.456 - 2.384ms returns FALSE
T5484 057:489.000 JLINK_IsHalted()
T5484 057:494.432 - 5.432ms returns FALSE
T5484 057:494.516 JLINK_IsHalted()
T5484 057:495.540 - 1.021ms returns FALSE
T32A0 057:521.280 JLINK_IsHalted()
T32A0 057:526.328 - 5.051ms returns FALSE
T32A0 057:526.400 JLINK_IsHalted()
T32A0 057:528.116 - 1.713ms returns FALSE
T32A0 057:631.816 JLINK_IsHalted()
T32A0 057:636.020 - 4.202ms returns FALSE
T32A0 057:636.072 JLINK_IsHalted()
T32A0 057:638.328 - 2.256ms returns FALSE
T32A0 057:907.372 JLINK_IsHalted()
T32A0 057:908.532 - 1.158ms returns FALSE
T32A0 057:908.584 JLINK_IsHalted()
T32A0 057:909.516 - 0.933ms returns FALSE
T32A0 058:005.600 JLINK_IsHalted()
T32A0 058:006.956 - 1.361ms returns FALSE
T32A0 058:007.016 JLINK_IsHalted()
T32A0 058:007.860 - 0.844ms returns FALSE
T32A0 058:115.072 JLINK_IsHalted()
T32A0 058:116.980 - 1.909ms returns FALSE
T32A0 058:117.024 JLINK_IsHalted()
T32A0 058:120.472 - 3.446ms returns FALSE
T32A0 058:224.744 JLINK_IsHalted()
T32A0 058:225.440 - 0.694ms returns FALSE
T32A0 058:225.492 JLINK_IsHalted()
T32A0 058:226.156 - 0.661ms returns FALSE
T32A0 058:333.576 JLINK_IsHalted()
T32A0 058:334.520 - 0.942ms returns FALSE
T32A0 058:334.568 JLINK_IsHalted()
T32A0 058:335.144 - 0.572ms returns FALSE
T32A0 058:443.264 JLINK_IsHalted()
T32A0 058:444.072 - 0.808ms returns FALSE
T32A0 058:444.116 JLINK_IsHalted()
T32A0 058:444.832 - 0.716ms returns FALSE
T32A0 058:552.248 JLINK_IsHalted()
T32A0 058:552.960 - 0.710ms returns FALSE
T32A0 058:553.004 JLINK_IsHalted()
T32A0 058:553.736 - 0.731ms returns FALSE
T32A0 058:662.080 JLINK_IsHalted()
T32A0 058:662.888 - 0.811ms returns FALSE
T32A0 058:662.932 JLINK_IsHalted()
T32A0 058:664.872 - 1.936ms returns FALSE
T32A0 058:771.532 JLINK_IsHalted()
T32A0 058:775.744 - 4.210ms returns FALSE
T32A0 058:775.796 JLINK_IsHalted()
T32A0 058:777.824 - 2.029ms returns FALSE
T32A0 058:880.504 JLINK_IsHalted()
T32A0 058:885.528 - 5.025ms returns FALSE
T32A0 058:885.588 JLINK_IsHalted()
T32A0 058:887.148 - 1.559ms returns FALSE
T32A0 058:989.804 JLINK_IsHalted()
T32A0 059:060.608 - 70.799ms returns FALSE
T32A0 059:060.788 JLINK_IsHalted()
T32A0 059:062.168 - 1.375ms returns FALSE
T32A0 059:161.512 JLINK_IsHalted()
T32A0 059:162.796 - 1.283ms returns FALSE
T32A0 059:162.856 JLINK_IsHalted()
T32A0 059:163.560 - 0.705ms returns FALSE
T32A0 059:271.156 JLINK_IsHalted()
T32A0 059:271.860 - 0.705ms returns FALSE
T32A0 059:271.904 JLINK_IsHalted()
T32A0 059:273.708 - 1.801ms returns FALSE
T32A0 059:380.204 JLINK_IsHalted()
T32A0 059:381.056 - 0.846ms returns FALSE
T32A0 059:381.164 JLINK_IsHalted()
T32A0 059:382.104 - 0.939ms returns FALSE
T32A0 059:490.164 JLINK_IsHalted()
T32A0 059:492.760 - 2.595ms returns FALSE
T32A0 059:492.824 JLINK_IsHalted()
T32A0 059:493.568 - 0.736ms returns FALSE
T32A0 059:599.704 JLINK_IsHalted()
T32A0 059:600.564 - 0.856ms returns FALSE
T32A0 059:600.640 JLINK_IsHalted()
T32A0 059:601.352 - 0.707ms returns FALSE
T32A0 059:708.812 JLINK_IsHalted()
T32A0 059:710.616 - 1.803ms returns FALSE
T32A0 059:710.676 JLINK_IsHalted()
T32A0 059:711.508 - 0.808ms returns FALSE
T32A0 059:830.656 JLINK_IsHalted()
T32A0 059:834.632 - 3.979ms returns FALSE
T32A0 059:834.688 JLINK_IsHalted()
T32A0 059:845.824 - 11.137ms returns FALSE
T32A0 059:942.956 JLINK_IsHalted()
T32A0 059:944.064 - 1.104ms returns FALSE
T32A0 059:944.108 JLINK_IsHalted()
T32A0 059:952.552 - 8.438ms returns FALSE
T32A0 060:052.104 JLINK_IsHalted()
T32A0 060:056.268 - 4.162ms returns FALSE
T32A0 060:056.320 JLINK_IsHalted()
T32A0 060:061.044 - 4.723ms returns FALSE
T32A0 060:162.568 JLINK_IsHalted()
T32A0 060:163.976 - 1.405ms returns FALSE
T32A0 060:164.020 JLINK_IsHalted()
T32A0 060:183.456 - 19.433ms returns FALSE
T32A0 060:322.248 JLINK_IsHalted()
T32A0 060:323.020 - 0.773ms returns FALSE
T32A0 060:323.104 JLINK_IsHalted()
T32A0 060:324.160 - 1.054ms returns FALSE
T32A0 060:427.180 JLINK_IsHalted()
T32A0 060:429.172 - 1.991ms returns FALSE
T32A0 060:429.228 JLINK_IsHalted()
T32A0 060:431.052 - 1.822ms returns FALSE
T32A0 060:537.300 JLINK_IsHalted()
T32A0 060:539.688 - 2.391ms returns FALSE
T32A0 060:539.768 JLINK_IsHalted()
T32A0 060:540.744 - 0.975ms returns FALSE
T32A0 060:646.056 JLINK_IsHalted()
T32A0 060:647.328 - 1.272ms returns FALSE
T32A0 060:647.384 JLINK_IsHalted()
T32A0 060:649.800 - 2.403ms returns FALSE
T32A0 060:755.200 JLINK_IsHalted()
T32A0 060:755.976 - 0.776ms returns FALSE
T32A0 060:756.032 JLINK_IsHalted()
T32A0 060:756.808 - 0.774ms returns FALSE
T5484 060:813.548 JLINK_IsHalted()
T5484 060:815.368 - 1.815ms returns FALSE
T5484 060:815.424 JLINK_IsHalted()
T5484 060:816.436 - 1.008ms returns FALSE
T32A0 060:865.260 JLINK_IsHalted()
T32A0 060:865.960 - 0.696ms returns FALSE
T32A0 060:866.008 JLINK_IsHalted()
T32A0 060:866.720 - 0.711ms returns FALSE
T32A0 060:974.200 JLINK_IsHalted()
T32A0 060:978.284 - 4.081ms returns FALSE
T32A0 060:978.360 JLINK_IsHalted()
T32A0 060:978.952 - 0.591ms returns FALSE
T32A0 061:083.156 JLINK_IsHalted()
T32A0 061:083.916 - 0.763ms returns FALSE
T32A0 061:083.960 JLINK_IsHalted()
T32A0 061:084.588 - 0.626ms returns FALSE
T32A0 061:193.208 JLINK_IsHalted()
T32A0 061:194.164 - 0.953ms returns FALSE
T32A0 061:194.228 JLINK_IsHalted()
T32A0 061:195.156 - 0.927ms returns FALSE
T32A0 061:302.132 JLINK_IsHalted()
T32A0 061:302.760 - 0.623ms returns FALSE
T32A0 061:302.836 JLINK_IsHalted()
T32A0 061:303.436 - 0.596ms returns FALSE
T32A0 061:412.168 JLINK_IsHalted()
T32A0 061:413.076 - 0.906ms returns FALSE
T32A0 061:413.140 JLINK_IsHalted()
T32A0 061:413.832 - 0.688ms returns FALSE
T32A0 061:521.192 JLINK_IsHalted()
T32A0 061:521.856 - 0.663ms returns FALSE
T32A0 061:521.912 JLINK_IsHalted()
T32A0 061:522.520 - 0.607ms returns FALSE
T32A0 061:631.112 JLINK_IsHalted()
T32A0 061:631.796 - 0.682ms returns FALSE
T32A0 061:631.852 JLINK_IsHalted()
T32A0 061:632.640 - 0.783ms returns FALSE
T32A0 061:740.108 JLINK_IsHalted()
T32A0 061:740.808 - 0.697ms returns FALSE
T32A0 061:740.852 JLINK_IsHalted()
T32A0 061:741.560 - 0.711ms returns FALSE
T5484 061:818.804 JLINK_IsHalted()
T5484 061:819.756 - 0.951ms returns FALSE
T5484 061:819.864 JLINK_IsHalted()
T5484 061:820.512 - 0.642ms returns FALSE
T32A0 061:849.172 JLINK_IsHalted()
T32A0 061:849.876 - 0.704ms returns FALSE
T32A0 061:849.932 JLINK_IsHalted()
T32A0 061:850.536 - 0.597ms returns FALSE
T32A0 061:959.528 JLINK_IsHalted()
T32A0 061:960.940 - 1.414ms returns FALSE
T32A0 061:961.016 JLINK_IsHalted()
T32A0 061:961.676 - 0.657ms returns FALSE
T32A0 062:068.180 JLINK_IsHalted()
T32A0 062:068.960 - 0.776ms returns FALSE
T32A0 062:069.016 JLINK_IsHalted()
T32A0 062:069.688 - 0.668ms returns FALSE
T32A0 062:177.172 JLINK_IsHalted()
T32A0 062:178.624 - 1.445ms returns FALSE
T32A0 062:178.676 JLINK_IsHalted()
T32A0 062:179.976 - 1.298ms returns FALSE
T32A0 062:287.176 JLINK_IsHalted()
T32A0 062:288.216 - 1.042ms returns FALSE
T32A0 062:288.264 JLINK_IsHalted()
T32A0 062:290.528 - 2.260ms returns FALSE
T32A0 062:396.216 JLINK_IsHalted()
T32A0 062:397.024 - 0.804ms returns FALSE
T32A0 062:397.108 JLINK_IsHalted()
T32A0 062:400.856 - 3.745ms returns FALSE
T32A0 062:505.192 JLINK_IsHalted()
T32A0 062:507.208 - 1.988ms returns FALSE
T32A0 062:507.264 JLINK_IsHalted()
T32A0 062:509.300 - 2.028ms returns FALSE
T32A0 062:615.188 JLINK_IsHalted()
T32A0 062:615.840 - 0.647ms returns FALSE
T32A0 062:615.884 JLINK_IsHalted()
T32A0 062:616.524 - 0.638ms returns FALSE
T32A0 062:724.224 JLINK_IsHalted()
T32A0 062:730.060 - 5.832ms returns FALSE
T32A0 062:730.112 JLINK_IsHalted()
T32A0 062:738.392 - 8.277ms returns FALSE
T32A0 062:833.208 JLINK_IsHalted()
T32A0 062:834.664 - 1.455ms returns FALSE
T32A0 062:834.708 JLINK_IsHalted()
T32A0 062:835.544 - 0.835ms returns FALSE
T32A0 062:943.368 JLINK_IsHalted()
T32A0 062:944.940 - 1.574ms returns FALSE
T32A0 062:945.036 JLINK_IsHalted()
T32A0 062:946.880 - 1.844ms returns FALSE
T32A0 063:052.160 JLINK_IsHalted()
T32A0 063:053.100 - 0.937ms returns FALSE
T32A0 063:053.176 JLINK_IsHalted()
T32A0 063:053.920 - 0.740ms returns FALSE
T32A0 063:162.004 JLINK_IsHalted()
T32A0 063:163.432 - 1.426ms returns FALSE
T32A0 063:163.480 JLINK_IsHalted()
T32A0 063:167.160 - 3.679ms returns FALSE
T5484 063:203.880 JLINK_IsHalted()
T5484 063:205.864 - 1.984ms returns FALSE
T5484 063:205.952 JLINK_IsHalted()
T5484 063:206.772 - 0.816ms returns FALSE
T32A0 063:270.996 JLINK_IsHalted()
T32A0 063:274.196 - 3.200ms returns FALSE
T32A0 063:274.252 JLINK_IsHalted()
T32A0 063:275.160 - 0.907ms returns FALSE
T32A0 063:379.992 JLINK_IsHalted()
T32A0 063:388.392 - 8.393ms returns FALSE
T32A0 063:388.440 JLINK_IsHalted()
T32A0 063:392.984 - 4.541ms returns FALSE
T32A0 063:524.168 JLINK_IsHalted()
T32A0 063:524.820 - 0.656ms returns FALSE
T32A0 063:525.048 JLINK_IsHalted()
T32A0 063:526.840 - 1.788ms returns FALSE
T32A0 063:630.036 JLINK_IsHalted()
T32A0 063:630.720 - 0.685ms returns FALSE
T32A0 063:630.776 JLINK_IsHalted()
T32A0 063:631.416 - 0.638ms returns FALSE
T32A0 063:740.160 JLINK_IsHalted()
T32A0 063:741.848 - 1.693ms returns FALSE
T32A0 063:741.920 JLINK_IsHalted()
T32A0 063:742.624 - 0.699ms returns FALSE
T32A0 063:849.076 JLINK_IsHalted()
T32A0 063:850.164 - 1.086ms returns FALSE
T32A0 063:850.252 JLINK_IsHalted()
T32A0 063:851.424 - 1.169ms returns FALSE
T32A0 063:958.156 JLINK_IsHalted()
T32A0 063:997.428 - 39.238ms returns FALSE
T32A0 063:997.496 JLINK_IsHalted()
T32A0 064:014.496 - 16.997ms returns FALSE
T32A0 064:115.200 JLINK_IsHalted()
T32A0 064:115.976 - 0.768ms returns FALSE
T32A0 064:116.032 JLINK_IsHalted()
T32A0 064:116.908 - 0.883ms returns FALSE
T32A0 064:224.160 JLINK_IsHalted()
T32A0 064:225.260 - 1.100ms returns FALSE
T32A0 064:225.408 JLINK_IsHalted()
T32A0 064:227.752 - 2.337ms returns FALSE
T5484 064:292.436 JLINK_IsHalted()
T5484 064:297.812 - 5.371ms returns FALSE
T5484 064:297.876 JLINK_IsHalted()
T5484 064:300.244 - 2.367ms returns FALSE
T32A0 064:347.272 JLINK_IsHalted()
T32A0 064:353.996 - 6.722ms returns FALSE
T32A0 064:354.068 JLINK_IsHalted()
T32A0 064:360.824 - 6.758ms returns FALSE
T32A0 064:458.240 JLINK_IsHalted()
T32A0 064:460.148 - 1.906ms returns FALSE
T32A0 064:460.200 JLINK_IsHalted()
T32A0 064:460.916 - 0.716ms returns FALSE
T32A0 064:568.300 JLINK_IsHalted()
T32A0 064:569.848 - 1.547ms returns FALSE
T32A0 064:569.900 JLINK_IsHalted()
T32A0 064:571.156 - 1.250ms returns FALSE
T32A0 064:677.152 JLINK_IsHalted()
T32A0 064:683.348 - 6.198ms returns FALSE
T32A0 064:683.404 JLINK_IsHalted()
T32A0 064:685.932 - 2.529ms returns FALSE
T32A0 064:787.160 JLINK_IsHalted()
T32A0 064:792.756 - 5.595ms returns FALSE
T32A0 064:792.808 JLINK_IsHalted()
T32A0 064:794.752 - 1.941ms returns FALSE
T32A0 064:896.244 JLINK_IsHalted()
T32A0 064:900.652 - 4.409ms returns FALSE
T32A0 064:900.864 JLINK_IsHalted()
T32A0 064:913.640 - 12.769ms returns FALSE
T32A0 065:021.172 JLINK_IsHalted()
T32A0 065:022.360 - 1.196ms returns FALSE
T32A0 065:022.412 JLINK_IsHalted()
T32A0 065:024.376 - 1.963ms returns FALSE
T32A0 065:130.060 JLINK_IsHalted()
T32A0 065:137.536 - 7.471ms returns FALSE
T32A0 065:137.588 JLINK_IsHalted()
T32A0 065:140.840 - 3.248ms returns FALSE
T32A0 065:240.180 JLINK_IsHalted()
T32A0 065:244.928 - 4.748ms returns FALSE
T32A0 065:244.972 JLINK_IsHalted()
T32A0 065:262.816 - 17.842ms returns FALSE
T32A0 065:365.164 JLINK_IsHalted()
T32A0 065:366.188 - 1.026ms returns FALSE
T32A0 065:366.232 JLINK_IsHalted()
T32A0 065:366.904 - 0.672ms returns FALSE
T5484 065:422.700 JLINK_IsHalted()
T5484 065:423.916 - 1.215ms returns FALSE
T5484 065:423.980 JLINK_IsHalted()
T5484 065:425.100 - 1.113ms returns FALSE
T32A0 065:474.120 JLINK_IsHalted()
T32A0 065:479.008 - 4.890ms returns FALSE
T32A0 065:479.156 JLINK_IsHalted()
T32A0 065:483.264 - 4.105ms returns FALSE
T32A0 065:583.160 JLINK_IsHalted()
T32A0 065:584.424 - 1.262ms returns FALSE
T32A0 065:584.472 JLINK_IsHalted()
T32A0 065:585.160 - 0.678ms returns FALSE
T32A0 065:693.152 JLINK_IsHalted()
T32A0 065:695.368 - 2.214ms returns FALSE
T32A0 065:695.416 JLINK_IsHalted()
T32A0 065:697.144 - 1.729ms returns FALSE
T32A0 065:802.688 JLINK_IsHalted()
T32A0 065:803.604 - 0.915ms returns FALSE
T32A0 065:803.660 JLINK_IsHalted()
T32A0 065:804.684 - 1.023ms returns FALSE
T32A0 065:911.768 JLINK_IsHalted()
T32A0 065:912.428 - 0.655ms returns FALSE
T32A0 065:912.468 JLINK_IsHalted()
T32A0 065:913.144 - 0.682ms returns FALSE
T32A0 066:020.884 JLINK_IsHalted()
T32A0 066:022.072 - 1.188ms returns FALSE
T32A0 066:022.124 JLINK_IsHalted()
T32A0 066:022.792 - 0.661ms returns FALSE
T32A0 066:130.848 JLINK_IsHalted()
T32A0 066:131.720 - 0.872ms returns FALSE
T32A0 066:131.776 JLINK_IsHalted()
T32A0 066:133.356 - 1.576ms returns FALSE
T32A0 066:239.752 JLINK_IsHalted()
T32A0 066:240.460 - 0.705ms returns FALSE
T32A0 066:240.524 JLINK_IsHalted()
T32A0 066:241.224 - 0.695ms returns FALSE
T32A0 066:349.704 JLINK_IsHalted()
T32A0 066:351.816 - 2.111ms returns FALSE
T32A0 066:351.872 JLINK_IsHalted()
T32A0 066:352.704 - 0.828ms returns FALSE
T5484 066:426.856 JLINK_IsHalted()
T5484 066:427.816 - 0.961ms returns FALSE
T5484 066:427.872 JLINK_IsHalted()
T5484 066:428.660 - 0.788ms returns FALSE
T32A0 066:458.872 JLINK_IsHalted()
T32A0 066:460.052 - 1.177ms returns FALSE
T32A0 066:460.088 JLINK_IsHalted()
T32A0 066:461.036 - 0.947ms returns FALSE
T32A0 066:567.916 JLINK_IsHalted()
T32A0 066:571.072 - 3.157ms returns FALSE
T32A0 066:571.136 JLINK_IsHalted()
T32A0 066:572.524 - 1.383ms returns FALSE
T32A0 066:676.972 JLINK_IsHalted()
T32A0 066:679.852 - 2.878ms returns FALSE
T32A0 066:679.896 JLINK_IsHalted()
T32A0 066:681.544 - 1.639ms returns FALSE
T32A0 066:786.828 JLINK_IsHalted()
T32A0 066:789.708 - 2.879ms returns FALSE
T32A0 066:789.768 JLINK_IsHalted()
T32A0 066:790.944 - 1.175ms returns FALSE
T32A0 066:895.848 JLINK_IsHalted()
T32A0 066:896.972 - 1.130ms returns FALSE
T32A0 066:897.036 JLINK_IsHalted()
T32A0 066:900.012 - 2.975ms returns FALSE
T32A0 067:005.972 JLINK_IsHalted()
T32A0 067:009.900 - 3.932ms returns FALSE
T32A0 067:009.976 JLINK_IsHalted()
T32A0 067:011.072 - 1.090ms returns FALSE
T32A0 067:114.952 JLINK_IsHalted()
T32A0 067:124.016 - 9.062ms returns FALSE
T32A0 067:124.096 JLINK_IsHalted()
T32A0 067:134.312 - 10.217ms returns FALSE
T32A0 067:239.936 JLINK_IsHalted()
T32A0 067:240.800 - 0.860ms returns FALSE
T32A0 067:240.912 JLINK_IsHalted()
T32A0 067:241.912 - 1.003ms returns FALSE
T32A0 067:348.976 JLINK_IsHalted()
T32A0 067:354.000 - 5.033ms returns FALSE
T32A0 067:354.072 JLINK_IsHalted()
T32A0 067:355.632 - 1.554ms returns FALSE
T5484 067:435.296 JLINK_IsHalted()
T5484 067:436.072 - 0.779ms returns FALSE
T5484 067:436.152 JLINK_IsHalted()
T5484 067:436.896 - 0.737ms returns FALSE
T32A0 067:459.136 JLINK_IsHalted()
T32A0 067:459.872 - 0.734ms returns FALSE
T32A0 067:459.928 JLINK_IsHalted()
T32A0 067:460.600 - 0.673ms returns FALSE
T32A0 067:568.080 JLINK_IsHalted()
T32A0 067:571.520 - 3.438ms returns FALSE
T32A0 067:571.568 JLINK_IsHalted()
T32A0 067:572.312 - 0.741ms returns FALSE
T32A0 067:677.112 JLINK_IsHalted()
T32A0 067:678.144 - 1.033ms returns FALSE
T32A0 067:678.224 JLINK_IsHalted()
T32A0 067:679.808 - 1.579ms returns FALSE
T32A0 067:787.112 JLINK_IsHalted()
T32A0 067:792.656 - 5.540ms returns FALSE
T32A0 067:792.728 JLINK_IsHalted()
T32A0 067:793.704 - 0.973ms returns FALSE
T32A0 067:896.296 JLINK_IsHalted()
T32A0 067:900.240 - 3.944ms returns FALSE
T32A0 067:900.296 JLINK_IsHalted()
T32A0 067:903.664 - 3.373ms returns FALSE
T32A0 068:005.176 JLINK_IsHalted()
T32A0 068:006.808 - 1.632ms returns FALSE
T32A0 068:006.856 JLINK_IsHalted()
T32A0 068:009.544 - 2.681ms returns FALSE
T32A0 068:115.152 JLINK_IsHalted()
T32A0 068:116.464 - 1.314ms returns FALSE
T32A0 068:116.520 JLINK_IsHalted()
T32A0 068:119.792 - 3.269ms returns FALSE
T32A0 068:224.120 JLINK_IsHalted()
T32A0 068:225.832 - 1.702ms returns FALSE
T32A0 068:225.880 JLINK_IsHalted()
T32A0 068:226.576 - 0.691ms returns FALSE
T32A0 068:334.080 JLINK_IsHalted()
T32A0 068:334.704 - 0.629ms returns FALSE
T32A0 068:334.760 JLINK_IsHalted()
T32A0 068:335.416 - 0.652ms returns FALSE
T32A0 068:443.120 JLINK_IsHalted()
T32A0 068:443.720 - 0.592ms returns FALSE
T32A0 068:443.760 JLINK_IsHalted()
T32A0 068:444.336 - 0.583ms returns FALSE
T32A0 068:552.104 JLINK_IsHalted()
T32A0 068:552.824 - 0.722ms returns FALSE
T32A0 068:552.880 JLINK_IsHalted()
T32A0 068:553.544 - 0.662ms returns FALSE
T32A0 068:662.280 JLINK_IsHalted()
T32A0 068:662.936 - 0.660ms returns FALSE
T32A0 068:663.000 JLINK_IsHalted()
T32A0 068:663.584 - 0.581ms returns FALSE
T32A0 068:771.096 JLINK_IsHalted()
T32A0 068:772.672 - 1.573ms returns FALSE
T32A0 068:772.736 JLINK_IsHalted()
T32A0 068:773.520 - 0.785ms returns FALSE
T32A0 068:887.776 JLINK_IsHalted()
T32A0 068:888.440 - 0.662ms returns FALSE
T32A0 068:888.488 JLINK_IsHalted()
T32A0 068:889.296 - 0.802ms returns FALSE
T32A0 068:989.808 JLINK_IsHalted()
T32A0 068:991.184 - 1.371ms returns FALSE
T32A0 068:991.272 JLINK_IsHalted()
T32A0 068:991.960 - 0.689ms returns FALSE
T32A0 069:099.088 JLINK_IsHalted()
T32A0 069:113.344 - 14.257ms returns FALSE
T32A0 069:113.392 JLINK_IsHalted()
T32A0 069:125.696 - 12.301ms returns FALSE
T32A0 069:224.096 JLINK_IsHalted()
T32A0 069:227.768 - 3.673ms returns FALSE
T32A0 069:227.824 JLINK_IsHalted()
T32A0 069:230.336 - 2.508ms returns FALSE
T32A0 069:334.192 JLINK_IsHalted()
T32A0 069:342.968 - 8.780ms returns FALSE
T32A0 069:343.024 JLINK_IsHalted()
T32A0 069:349.248 - 6.218ms returns FALSE
T32A0 069:460.120 JLINK_IsHalted()
T32A0 069:490.136 - 30.013ms returns FALSE
T32A0 069:490.216 JLINK_IsHalted()
T32A0 069:507.288 - 17.076ms returns FALSE
T5484 069:565.416 JLINK_IsHalted()
T5484 069:567.600 - 2.185ms returns FALSE
T5484 069:567.656 JLINK_IsHalted()
T5484 069:571.504 - 3.847ms returns FALSE
T32A0 069:615.192 JLINK_IsHalted()
T32A0 069:620.832 - 5.634ms returns FALSE
T32A0 069:620.896 JLINK_IsHalted()
T32A0 069:621.848 - 0.954ms returns FALSE
T32A0 069:724.256 JLINK_IsHalted()
T32A0 069:730.960 - 6.706ms returns FALSE
T32A0 069:731.024 JLINK_IsHalted()
T32A0 069:743.920 - 12.888ms returns FALSE
T32A0 069:849.160 JLINK_IsHalted()
T32A0 069:850.696 - 1.536ms returns FALSE
T32A0 069:850.752 JLINK_IsHalted()
T32A0 069:851.672 - 0.917ms returns FALSE
T32A0 069:958.944 JLINK_IsHalted()
T32A0 069:961.672 - 2.726ms returns FALSE
T32A0 069:961.744 JLINK_IsHalted()
T32A0 069:962.368 - 0.626ms returns FALSE
T32A0 070:068.328 JLINK_IsHalted()
T32A0 070:152.560 - 84.228ms returns FALSE
T32A0 070:152.616 JLINK_IsHalted()
T32A0 070:156.040 - 3.422ms returns FALSE
T32A0 070:255.264 JLINK_IsHalted()
T32A0 070:256.000 - 0.731ms returns FALSE
T32A0 070:256.064 JLINK_IsHalted()
T32A0 070:256.624 - 0.558ms returns FALSE
T32A0 070:365.240 JLINK_IsHalted()
T32A0 070:365.872 - 0.629ms returns FALSE
T32A0 070:365.920 JLINK_IsHalted()
T32A0 070:366.568 - 0.642ms returns FALSE
T32A0 070:474.256 JLINK_IsHalted()
T32A0 070:474.888 - 0.631ms returns FALSE
T32A0 070:474.960 JLINK_IsHalted()
T32A0 070:475.560 - 0.600ms returns FALSE
T5484 070:575.112 JLINK_IsHalted()
T5484 070:575.824 - 0.706ms returns FALSE
T5484 070:575.888 JLINK_IsHalted()
T5484 070:576.536 - 0.651ms returns FALSE
T32A0 070:583.248 JLINK_IsHalted()
T32A0 070:584.056 - 0.810ms returns FALSE
T32A0 070:584.112 JLINK_IsHalted()
T32A0 070:584.720 - 0.602ms returns FALSE
T32A0 070:693.240 JLINK_IsHalted()
T32A0 070:694.064 - 0.813ms returns FALSE
T32A0 070:694.120 JLINK_IsHalted()
T32A0 070:694.848 - 0.727ms returns FALSE
T32A0 070:802.312 JLINK_IsHalted()
T32A0 070:803.072 - 0.763ms returns FALSE
T32A0 070:803.168 JLINK_IsHalted()
T32A0 070:803.792 - 0.621ms returns FALSE
T32A0 070:911.272 JLINK_IsHalted()
T32A0 070:912.048 - 0.776ms returns FALSE
T32A0 070:912.104 JLINK_IsHalted()
T32A0 070:912.696 - 0.596ms returns FALSE
T32A0 071:021.408 JLINK_IsHalted()
T32A0 071:022.240 - 0.833ms returns FALSE
T32A0 071:022.312 JLINK_IsHalted()
T32A0 071:023.008 - 0.696ms returns FALSE
T32A0 071:130.288 JLINK_IsHalted()
T32A0 071:130.936 - 0.652ms returns FALSE
T32A0 071:130.992 JLINK_IsHalted()
T32A0 071:131.696 - 0.704ms returns FALSE
T32A0 071:240.288 JLINK_IsHalted()
T32A0 071:241.024 - 0.740ms returns FALSE
T32A0 071:241.120 JLINK_IsHalted()
T32A0 071:242.168 - 1.048ms returns FALSE
T32A0 071:349.264 JLINK_IsHalted()
T32A0 071:349.928 - 0.665ms returns FALSE
T32A0 071:349.984 JLINK_IsHalted()
T32A0 071:350.568 - 0.580ms returns FALSE
T32A0 071:458.256 JLINK_IsHalted()
T32A0 071:458.896 - 0.644ms returns FALSE
T32A0 071:458.944 JLINK_IsHalted()
T32A0 071:459.664 - 0.711ms returns FALSE
T32A0 071:568.320 JLINK_IsHalted()
T32A0 071:568.976 - 0.653ms returns FALSE
T32A0 071:569.016 JLINK_IsHalted()
T32A0 071:569.712 - 0.699ms returns FALSE
T5484 071:576.512 JLINK_IsHalted()
T5484 071:577.200 - 0.685ms returns FALSE
T5484 071:577.256 JLINK_IsHalted()
T5484 071:577.856 - 0.597ms returns FALSE
T32A0 071:677.232 JLINK_IsHalted()
T32A0 071:677.840 - 0.611ms returns FALSE
T32A0 071:677.896 JLINK_IsHalted()
T32A0 071:678.528 - 0.628ms returns FALSE
T32A0 071:786.288 JLINK_IsHalted()
T32A0 071:786.912 - 0.622ms returns FALSE
T32A0 071:786.992 JLINK_IsHalted()
T32A0 071:787.616 - 0.615ms returns FALSE
T32A0 071:896.248 JLINK_IsHalted()
T32A0 071:896.912 - 0.662ms returns FALSE
T32A0 071:897.008 JLINK_IsHalted()
T32A0 071:897.768 - 0.754ms returns FALSE
T32A0 072:005.232 JLINK_IsHalted()
T32A0 072:005.904 - 0.665ms returns FALSE
T32A0 072:005.952 JLINK_IsHalted()
T32A0 072:006.560 - 0.607ms returns FALSE
T32A0 072:115.248 JLINK_IsHalted()
T32A0 072:115.904 - 0.660ms returns FALSE
T32A0 072:115.952 JLINK_IsHalted()
T32A0 072:116.560 - 0.606ms returns FALSE
T32A0 072:224.272 JLINK_IsHalted()
T32A0 072:224.896 - 0.617ms returns FALSE
T32A0 072:224.936 JLINK_IsHalted()
T32A0 072:225.672 - 0.736ms returns FALSE
T32A0 072:333.224 JLINK_IsHalted()
T32A0 072:333.904 - 0.672ms returns FALSE
T32A0 072:333.944 JLINK_IsHalted()
T32A0 072:334.640 - 0.685ms returns FALSE
T32A0 072:443.240 JLINK_IsHalted()
T32A0 072:444.080 - 0.837ms returns FALSE
T32A0 072:444.128 JLINK_IsHalted()
T32A0 072:444.736 - 0.603ms returns FALSE
T32A0 072:552.256 JLINK_IsHalted()
T32A0 072:552.944 - 0.680ms returns FALSE
T32A0 072:552.984 JLINK_IsHalted()
T32A0 072:553.640 - 0.648ms returns FALSE
T5484 072:579.544 JLINK_IsHalted()
T5484 072:580.152 - 0.609ms returns FALSE
T5484 072:580.208 JLINK_IsHalted()
T5484 072:582.120 - 1.913ms returns FALSE
T32A0 072:661.248 JLINK_IsHalted()
T32A0 072:661.840 - 0.595ms returns FALSE
T32A0 072:661.872 JLINK_IsHalted()
T32A0 072:662.416 - 0.552ms returns FALSE
T32A0 072:771.256 JLINK_IsHalted()
T32A0 072:771.968 - 0.706ms returns FALSE
T32A0 072:772.016 JLINK_IsHalted()
T32A0 072:772.552 - 0.532ms returns FALSE
T32A0 072:880.224 JLINK_IsHalted()
T32A0 072:881.176 - 0.958ms returns FALSE
T32A0 072:881.232 JLINK_IsHalted()
T32A0 072:881.792 - 0.557ms returns FALSE
T32A0 072:990.240 JLINK_IsHalted()
T32A0 072:990.864 - 0.634ms returns FALSE
T32A0 072:990.904 JLINK_IsHalted()
T32A0 072:991.440 - 0.529ms returns FALSE
T32A0 073:098.800 JLINK_IsHalted()
T32A0 073:099.448 - 0.653ms returns FALSE
T32A0 073:099.512 JLINK_IsHalted()
T32A0 073:100.160 - 0.645ms returns FALSE
T32A0 073:209.288 JLINK_IsHalted()
T32A0 073:210.176 - 0.890ms returns FALSE
T32A0 073:210.256 JLINK_IsHalted()
T32A0 073:210.896 - 0.638ms returns FALSE
T32A0 073:318.056 JLINK_IsHalted()
T32A0 073:318.672 - 0.617ms returns FALSE
T32A0 073:318.704 JLINK_IsHalted()
T32A0 073:319.328 - 0.613ms returns FALSE
T32A0 073:427.824 JLINK_IsHalted()
T32A0 073:428.496 - 0.678ms returns FALSE
T32A0 073:428.536 JLINK_IsHalted()
T32A0 073:429.176 - 0.638ms returns FALSE
T32A0 073:536.808 JLINK_IsHalted()
T32A0 073:537.448 - 0.639ms returns FALSE
T32A0 073:537.504 JLINK_IsHalted()
T32A0 073:538.160 - 0.653ms returns FALSE
T5484 073:584.160 JLINK_IsHalted()
T5484 073:584.816 - 0.660ms returns FALSE
T5484 073:584.872 JLINK_IsHalted()
T5484 073:585.440 - 0.567ms returns FALSE
T32A0 073:645.832 JLINK_IsHalted()
T32A0 073:646.552 - 0.727ms returns FALSE
T32A0 073:646.616 JLINK_IsHalted()
T32A0 073:647.328 - 0.705ms returns FALSE
T32A0 073:755.784 JLINK_IsHalted()
T32A0 073:756.416 - 0.631ms returns FALSE
T32A0 073:756.456 JLINK_IsHalted()
T32A0 073:757.008 - 0.556ms returns FALSE
T32A0 073:865.008 JLINK_IsHalted()
T32A0 073:865.712 - 0.697ms returns FALSE
T32A0 073:865.768 JLINK_IsHalted()
T32A0 073:866.616 - 0.851ms returns FALSE
T32A0 073:973.952 JLINK_IsHalted()
T32A0 073:974.624 - 0.671ms returns FALSE
T32A0 073:974.672 JLINK_IsHalted()
T32A0 073:975.248 - 0.573ms returns FALSE
T32A0 074:083.984 JLINK_IsHalted()
T32A0 074:084.704 - 0.722ms returns FALSE
T32A0 074:084.752 JLINK_IsHalted()
T32A0 074:085.312 - 0.559ms returns FALSE
T32A0 074:192.944 JLINK_IsHalted()
T32A0 074:193.592 - 0.654ms returns FALSE
T32A0 074:193.624 JLINK_IsHalted()
T32A0 074:194.144 - 0.517ms returns FALSE
T32A0 074:302.000 JLINK_IsHalted()
T32A0 074:302.648 - 0.647ms returns FALSE
T32A0 074:302.688 JLINK_IsHalted()
T32A0 074:303.320 - 0.630ms returns FALSE
T32A0 074:411.936 JLINK_IsHalted()
T32A0 074:412.536 - 0.596ms returns FALSE
T32A0 074:412.568 JLINK_IsHalted()
T32A0 074:413.144 - 0.573ms returns FALSE
T32A0 074:521.040 JLINK_IsHalted()
T32A0 074:521.680 - 0.640ms returns FALSE
T32A0 074:521.728 JLINK_IsHalted()
T32A0 074:522.320 - 0.592ms returns FALSE
T5484 074:586.448 JLINK_IsHalted()
T5484 074:587.192 - 0.742ms returns FALSE
T5484 074:587.248 JLINK_IsHalted()
T5484 074:587.824 - 0.579ms returns FALSE
T32A0 074:630.032 JLINK_IsHalted()
T32A0 074:630.672 - 0.635ms returns FALSE
T32A0 074:630.712 JLINK_IsHalted()
T32A0 074:631.312 - 0.593ms returns FALSE
T32A0 074:740.016 JLINK_IsHalted()
T32A0 074:740.704 - 0.684ms returns FALSE
T32A0 074:740.752 JLINK_IsHalted()
T32A0 074:741.696 - 0.943ms returns FALSE
T32A0 074:849.056 JLINK_IsHalted()
T32A0 074:849.680 - 0.624ms returns FALSE
T32A0 074:849.728 JLINK_IsHalted()
T32A0 074:850.320 - 0.584ms returns FALSE
T32A0 074:959.024 JLINK_IsHalted()
T32A0 074:959.848 - 0.823ms returns FALSE
T32A0 074:959.888 JLINK_IsHalted()
T32A0 074:960.848 - 0.962ms returns FALSE
T32A0 075:068.480 JLINK_IsHalted()
T32A0 075:069.408 - 0.927ms returns FALSE
T32A0 075:069.456 JLINK_IsHalted()
T32A0 075:070.080 - 0.614ms returns FALSE
T32A0 075:177.096 JLINK_IsHalted()
T32A0 075:177.768 - 0.674ms returns FALSE
T32A0 075:177.816 JLINK_IsHalted()
T32A0 075:178.344 - 0.521ms returns FALSE
T32A0 075:287.184 JLINK_IsHalted()
T32A0 075:288.232 - 1.046ms returns FALSE
T32A0 075:288.288 JLINK_IsHalted()
T32A0 075:290.704 - 2.408ms returns FALSE
T32A0 075:395.984 JLINK_IsHalted()
T32A0 075:396.656 - 0.671ms returns FALSE
T32A0 075:396.696 JLINK_IsHalted()
T32A0 075:397.384 - 0.681ms returns FALSE
T32A0 075:504.992 JLINK_IsHalted()
T32A0 075:505.584 - 0.592ms returns FALSE
T32A0 075:505.624 JLINK_IsHalted()
T32A0 075:506.176 - 0.545ms returns FALSE
T5484 075:588.376 JLINK_IsHalted()
T5484 075:589.080 - 0.704ms returns FALSE
T5484 075:589.144 JLINK_IsHalted()
T5484 075:589.800 - 0.655ms returns FALSE
T32A0 075:614.992 JLINK_IsHalted()
T32A0 075:615.952 - 0.954ms returns FALSE
T32A0 075:616.024 JLINK_IsHalted()
T32A0 075:616.592 - 0.560ms returns FALSE
T32A0 075:724.696 JLINK_IsHalted()
T32A0 075:725.424 - 0.724ms returns FALSE
T32A0 075:725.472 JLINK_IsHalted()
T32A0 075:726.064 - 0.586ms returns FALSE
T32A0 075:833.800 JLINK_IsHalted()
T32A0 075:834.560 - 0.759ms returns FALSE
T32A0 075:834.608 JLINK_IsHalted()
T32A0 075:835.632 - 1.017ms returns FALSE
T32A0 075:942.824 JLINK_IsHalted()
T32A0 075:944.376 - 1.554ms returns FALSE
T32A0 075:944.432 JLINK_IsHalted()
T32A0 075:947.272 - 2.835ms returns FALSE
T32A0 076:052.864 JLINK_IsHalted()
T32A0 076:054.576 - 1.710ms returns FALSE
T32A0 076:054.632 JLINK_IsHalted()
T32A0 076:055.992 - 1.361ms returns FALSE
T32A0 076:161.984 JLINK_IsHalted()
T32A0 076:163.352 - 1.363ms returns FALSE
T32A0 076:163.432 JLINK_IsHalted()
T32A0 076:164.200 - 0.765ms returns FALSE
T32A0 076:270.824 JLINK_IsHalted()
T32A0 076:271.456 - 0.612ms returns FALSE
T32A0 076:271.504 JLINK_IsHalted()
T32A0 076:272.080 - 0.576ms returns FALSE
T32A0 076:380.896 JLINK_IsHalted()
T32A0 076:381.552 - 0.659ms returns FALSE
T32A0 076:381.616 JLINK_IsHalted()
T32A0 076:382.184 - 0.572ms returns FALSE
T32A0 076:489.600 JLINK_IsHalted()
T32A0 076:490.144 - 0.545ms returns FALSE
T32A0 076:490.160 JLINK_IsHalted()
T32A0 076:490.664 - 0.498ms returns FALSE
T5484 076:591.168 JLINK_IsHalted()
T5484 076:591.832 - 0.663ms returns FALSE
T5484 076:591.864 JLINK_IsHalted()
T5484 076:592.456 - 0.586ms returns FALSE
T32A0 076:599.088 JLINK_IsHalted()
T32A0 076:600.184 - 1.090ms returns FALSE
T32A0 076:600.264 JLINK_IsHalted()
T32A0 076:600.976 - 0.709ms returns FALSE
T32A0 076:708.720 JLINK_IsHalted()
T32A0 076:709.360 - 0.637ms returns FALSE
T32A0 076:709.456 JLINK_IsHalted()
T32A0 076:710.024 - 0.556ms returns FALSE
T32A0 076:817.560 JLINK_IsHalted()
T32A0 076:818.352 - 0.784ms returns FALSE
T32A0 076:818.400 JLINK_IsHalted()
T32A0 076:819.848 - 1.444ms returns FALSE
T32A0 076:927.168 JLINK_IsHalted()
T32A0 076:927.800 - 0.634ms returns FALSE
T32A0 076:927.840 JLINK_IsHalted()
T32A0 076:928.424 - 0.585ms returns FALSE
T32A0 077:036.296 JLINK_IsHalted()
T32A0 077:036.992 - 0.696ms returns FALSE
T32A0 077:037.040 JLINK_IsHalted()
T32A0 077:037.688 - 0.655ms returns FALSE
T32A0 077:145.648 JLINK_IsHalted()
T32A0 077:146.336 - 0.689ms returns FALSE
T32A0 077:146.376 JLINK_IsHalted()
T32A0 077:146.968 - 0.590ms returns FALSE
T32A0 077:255.216 JLINK_IsHalted()
T32A0 077:255.856 - 0.635ms returns FALSE
T32A0 077:255.888 JLINK_IsHalted()
T32A0 077:256.464 - 0.571ms returns FALSE
T32A0 077:365.232 JLINK_IsHalted()
T32A0 077:365.864 - 0.633ms returns FALSE
T32A0 077:365.904 JLINK_IsHalted()
T32A0 077:366.496 - 0.589ms returns FALSE
T32A0 077:474.304 JLINK_IsHalted()
T32A0 077:475.072 - 0.765ms returns FALSE
T32A0 077:475.176 JLINK_IsHalted()
T32A0 077:475.824 - 0.649ms returns FALSE
T32A0 077:583.280 JLINK_IsHalted()
T32A0 077:583.952 - 0.676ms returns FALSE
T32A0 077:584.016 JLINK_IsHalted()
T32A0 077:584.704 - 0.684ms returns FALSE
T5484 077:592.432 JLINK_IsHalted()
T5484 077:593.064 - 0.627ms returns FALSE
T5484 077:593.104 JLINK_IsHalted()
T5484 077:593.688 - 0.586ms returns FALSE
T32A0 077:693.248 JLINK_IsHalted()
T32A0 077:693.944 - 0.697ms returns FALSE
T32A0 077:694.000 JLINK_IsHalted()
T32A0 077:695.184 - 1.181ms returns FALSE
T32A0 077:802.248 JLINK_IsHalted()
T32A0 077:802.936 - 0.694ms returns FALSE
T32A0 077:802.984 JLINK_IsHalted()
T32A0 077:803.544 - 0.562ms returns FALSE
T32A0 077:912.080 JLINK_IsHalted()
T32A0 077:912.944 - 0.861ms returns FALSE
T32A0 077:913.000 JLINK_IsHalted()
T32A0 077:913.784 - 0.785ms returns FALSE
T32A0 078:020.888 JLINK_IsHalted()
T32A0 078:021.552 - 0.666ms returns FALSE
T32A0 078:021.600 JLINK_IsHalted()
T32A0 078:022.160 - 0.551ms returns FALSE
T32A0 078:131.040 JLINK_IsHalted()
T32A0 078:131.896 - 0.855ms returns FALSE
T32A0 078:131.952 JLINK_IsHalted()
T32A0 078:132.624 - 0.673ms returns FALSE
T32A0 078:239.864 JLINK_IsHalted()
T32A0 078:275.456 - 35.590ms returns FALSE
T32A0 078:275.528 JLINK_IsHalted()
T32A0 078:304.400 - 28.877ms returns FALSE
T32A0 078:412.120 JLINK_IsHalted()
T32A0 078:413.024 - 0.901ms returns FALSE
T32A0 078:413.072 JLINK_IsHalted()
T32A0 078:413.720 - 0.645ms returns FALSE
T32A0 078:521.616 JLINK_IsHalted()
T32A0 078:541.312 - 19.690ms returns FALSE
T32A0 078:541.384 JLINK_IsHalted()
T32A0 078:545.144 - 3.763ms returns FALSE
T32A0 078:646.128 JLINK_IsHalted()
T32A0 078:671.976 - 25.842ms returns FALSE
T32A0 078:672.064 JLINK_IsHalted()
T32A0 078:675.544 - 3.480ms returns FALSE
T5484 078:713.472 JLINK_IsHalted()
T5484 078:714.184 - 0.708ms returns FALSE
T5484 078:714.240 JLINK_IsHalted()
T5484 078:714.960 - 0.723ms returns FALSE
T32A0 078:771.008 JLINK_IsHalted()
T32A0 078:774.184 - 3.174ms returns FALSE
T32A0 078:774.256 JLINK_IsHalted()
T32A0 078:775.088 - 0.827ms returns FALSE
T32A0 078:880.368 JLINK_IsHalted()
T32A0 078:881.976 - 1.610ms returns FALSE
T32A0 078:882.032 JLINK_IsHalted()
T32A0 078:885.360 - 3.321ms returns FALSE
T32A0 078:989.744 JLINK_IsHalted()
T32A0 078:990.392 - 0.643ms returns FALSE
T32A0 078:990.440 JLINK_IsHalted()
T32A0 078:991.016 - 0.570ms returns FALSE
T32A0 079:098.800 JLINK_IsHalted()
T32A0 079:099.488 - 0.694ms returns FALSE
T32A0 079:099.552 JLINK_IsHalted()
T32A0 079:100.176 - 0.629ms returns FALSE
T32A0 079:208.832 JLINK_IsHalted()
T32A0 079:209.616 - 0.782ms returns FALSE
T32A0 079:209.888 JLINK_IsHalted()
T32A0 079:210.728 - 0.840ms returns FALSE
T32A0 079:319.264 JLINK_IsHalted()
T32A0 079:319.968 - 0.704ms returns FALSE
T32A0 079:320.080 JLINK_IsHalted()
T32A0 079:321.000 - 0.920ms returns FALSE
T32A0 079:427.816 JLINK_IsHalted()
T32A0 079:428.480 - 0.666ms returns FALSE
T32A0 079:428.528 JLINK_IsHalted()
T32A0 079:429.168 - 0.631ms returns FALSE
T32A0 079:536.848 JLINK_IsHalted()
T32A0 079:538.536 - 1.685ms returns FALSE
T32A0 079:538.616 JLINK_IsHalted()
T32A0 079:539.432 - 0.811ms returns FALSE
T32A0 079:645.776 JLINK_IsHalted()
T32A0 079:646.416 - 0.639ms returns FALSE
T32A0 079:646.456 JLINK_IsHalted()
T32A0 079:647.040 - 0.585ms returns FALSE
T5484 079:716.952 JLINK_IsHalted()
T5484 079:717.696 - 0.742ms returns FALSE
T5484 079:717.752 JLINK_IsHalted()
T5484 079:718.320 - 0.565ms returns FALSE
T32A0 079:755.792 JLINK_IsHalted()
T32A0 079:756.400 - 0.615ms returns FALSE
T32A0 079:756.440 JLINK_IsHalted()
T32A0 079:757.008 - 0.572ms returns FALSE
T32A0 079:864.728 JLINK_IsHalted()
T32A0 079:865.344 - 0.612ms returns FALSE
T32A0 079:865.384 JLINK_IsHalted()
T32A0 079:865.904 - 0.525ms returns FALSE
T32A0 079:973.776 JLINK_IsHalted()
T32A0 079:974.424 - 0.651ms returns FALSE
T32A0 079:974.480 JLINK_IsHalted()
T32A0 079:975.040 - 0.565ms returns FALSE
T32A0 080:083.664 JLINK_IsHalted()
T32A0 080:084.376 - 0.716ms returns FALSE
T32A0 080:084.480 JLINK_IsHalted()
T32A0 080:085.200 - 0.714ms returns FALSE
T32A0 080:192.688 JLINK_IsHalted()
T32A0 080:193.320 - 0.635ms returns FALSE
T32A0 080:193.360 JLINK_IsHalted()
T32A0 080:193.936 - 0.571ms returns FALSE
T32A0 080:302.504 JLINK_IsHalted()
T32A0 080:303.360 - 0.851ms returns FALSE
T32A0 080:303.424 JLINK_IsHalted()
T32A0 080:304.008 - 0.580ms returns FALSE
T32A0 080:412.688 JLINK_IsHalted()
T32A0 080:414.032 - 1.348ms returns FALSE
T32A0 080:414.096 JLINK_IsHalted()
T32A0 080:415.088 - 0.987ms returns FALSE
T32A0 080:521.232 JLINK_IsHalted()
T32A0 080:521.840 - 0.605ms returns FALSE
T32A0 080:521.872 JLINK_IsHalted()
T32A0 080:522.488 - 0.613ms returns FALSE
T32A0 080:630.288 JLINK_IsHalted()
T32A0 080:630.960 - 0.665ms returns FALSE
T32A0 080:631.008 JLINK_IsHalted()
T32A0 080:631.600 - 0.591ms returns FALSE
T5484 080:719.544 JLINK_IsHalted()
T5484 080:720.248 - 0.699ms returns FALSE
T5484 080:720.288 JLINK_IsHalted()
T5484 080:720.864 - 0.570ms returns FALSE
T32A0 080:740.400 JLINK_IsHalted()
T32A0 080:741.152 - 0.748ms returns FALSE
T32A0 080:741.224 JLINK_IsHalted()
T32A0 080:741.824 - 0.599ms returns FALSE
T32A0 080:849.584 JLINK_IsHalted()
T32A0 080:850.272 - 0.686ms returns FALSE
T32A0 080:850.312 JLINK_IsHalted()
T32A0 080:850.832 - 0.523ms returns FALSE
T32A0 080:959.008 JLINK_IsHalted()
T32A0 080:959.736 - 0.729ms returns FALSE
T32A0 080:959.776 JLINK_IsHalted()
T32A0 080:960.368 - 0.597ms returns FALSE
T32A0 081:067.568 JLINK_IsHalted()
T32A0 081:068.376 - 0.809ms returns FALSE
T32A0 081:068.440 JLINK_IsHalted()
T32A0 081:070.576 - 2.130ms returns FALSE
T32A0 081:177.120 JLINK_IsHalted()
T32A0 081:177.712 - 0.586ms returns FALSE
T32A0 081:177.744 JLINK_IsHalted()
T32A0 081:178.552 - 0.810ms returns FALSE
T32A0 081:286.728 JLINK_IsHalted()
T32A0 081:287.400 - 0.672ms returns FALSE
T32A0 081:287.440 JLINK_IsHalted()
T32A0 081:287.992 - 0.551ms returns FALSE
T32A0 081:395.688 JLINK_IsHalted()
T32A0 081:396.304 - 0.624ms returns FALSE
T32A0 081:396.344 JLINK_IsHalted()
T32A0 081:396.912 - 0.567ms returns FALSE
T32A0 081:505.640 JLINK_IsHalted()
T32A0 081:506.344 - 0.697ms returns FALSE
T32A0 081:506.376 JLINK_IsHalted()
T32A0 081:506.960 - 0.579ms returns FALSE
T32A0 081:615.160 JLINK_IsHalted()
T32A0 081:615.792 - 0.627ms returns FALSE
T32A0 081:615.824 JLINK_IsHalted()
T32A0 081:616.408 - 0.585ms returns FALSE
T5484 081:722.472 JLINK_IsHalted()
T5484 081:723.712 - 1.242ms returns FALSE
T5484 081:723.888 JLINK_IsHalted()
T5484 081:724.528 - 0.631ms returns FALSE
T32A0 081:724.664 JLINK_IsHalted()
T32A0 081:725.392 - 0.719ms returns FALSE
T32A0 081:725.440 JLINK_IsHalted()
T32A0 081:726.136 - 0.692ms returns FALSE
T32A0 081:833.496 JLINK_IsHalted()
T32A0 081:834.160 - 0.659ms returns FALSE
T32A0 081:834.192 JLINK_IsHalted()
T32A0 081:834.736 - 0.541ms returns FALSE
T32A0 081:942.528 JLINK_IsHalted()
T32A0 081:943.152 - 0.632ms returns FALSE
T32A0 081:943.192 JLINK_IsHalted()
T32A0 081:943.784 - 0.584ms returns FALSE
T32A0 082:052.560 JLINK_IsHalted()
T32A0 082:053.376 - 0.809ms returns FALSE
T32A0 082:053.440 JLINK_IsHalted()
T32A0 082:054.016 - 0.572ms returns FALSE
T32A0 082:161.440 JLINK_IsHalted()
T32A0 082:162.176 - 0.733ms returns FALSE
T32A0 082:162.232 JLINK_IsHalted()
T32A0 082:162.928 - 0.698ms returns FALSE
T32A0 082:271.008 JLINK_IsHalted()
T32A0 082:271.728 - 0.717ms returns FALSE
T32A0 082:271.784 JLINK_IsHalted()
T32A0 082:272.440 - 0.660ms returns FALSE
T32A0 082:380.920 JLINK_IsHalted()
T32A0 082:381.568 - 0.647ms returns FALSE
T32A0 082:381.616 JLINK_IsHalted()
T32A0 082:382.192 - 0.571ms returns FALSE
T32A0 082:489.872 JLINK_IsHalted()
T32A0 082:490.496 - 0.619ms returns FALSE
T32A0 082:490.528 JLINK_IsHalted()
T32A0 082:491.072 - 0.547ms returns FALSE
T32A0 082:598.800 JLINK_IsHalted()
T32A0 082:599.408 - 0.615ms returns FALSE
T32A0 082:599.440 JLINK_IsHalted()
T32A0 082:600.160 - 0.715ms returns FALSE
T32A0 082:708.808 JLINK_IsHalted()
T32A0 082:709.416 - 0.604ms returns FALSE
T32A0 082:709.456 JLINK_IsHalted()
T32A0 082:710.000 - 0.551ms returns FALSE
T5484 082:725.024 JLINK_IsHalted()
T5484 082:725.680 - 0.657ms returns FALSE
T5484 082:725.736 JLINK_IsHalted()
T5484 082:726.312 - 0.569ms returns FALSE
T32A0 082:817.928 JLINK_IsHalted()
T32A0 082:818.616 - 0.692ms returns FALSE
T32A0 082:818.688 JLINK_IsHalted()
T32A0 082:819.608 - 0.920ms returns FALSE
T32A0 082:926.896 JLINK_IsHalted()
T32A0 082:927.600 - 0.709ms returns FALSE
T32A0 082:927.656 JLINK_IsHalted()
T32A0 082:929.328 - 1.677ms returns FALSE
T32A0 083:036.856 JLINK_IsHalted()
T32A0 083:076.816 - 39.952ms returns FALSE
T32A0 083:076.872 JLINK_IsHalted()
T32A0 083:077.648 - 0.772ms returns FALSE
T32A0 083:176.840 JLINK_IsHalted()
T32A0 083:185.576 - 8.733ms returns FALSE
T32A0 083:185.648 JLINK_IsHalted()
T32A0 083:186.640 - 0.996ms returns FALSE
T32A0 083:286.928 JLINK_IsHalted()
T32A0 083:287.544 - 0.620ms returns FALSE
T32A0 083:287.576 JLINK_IsHalted()
T32A0 083:288.160 - 0.581ms returns FALSE
T32A0 083:395.984 JLINK_IsHalted()
T32A0 083:396.912 - 0.938ms returns FALSE
T32A0 083:397.040 JLINK_IsHalted()
T32A0 083:398.040 - 1.002ms returns FALSE
T32A0 083:505.168 JLINK_IsHalted()
T32A0 083:505.904 - 0.732ms returns FALSE
T32A0 083:505.944 JLINK_IsHalted()
T32A0 083:506.544 - 0.601ms returns FALSE
T32A0 083:614.568 JLINK_IsHalted()
T32A0 083:615.472 - 0.910ms returns FALSE
T32A0 083:615.536 JLINK_IsHalted()
T32A0 083:616.416 - 0.876ms returns FALSE
T32A0 083:724.368 JLINK_IsHalted()
T32A0 083:725.072 - 0.702ms returns FALSE
T32A0 083:725.104 JLINK_IsHalted()
T32A0 083:725.720 - 0.607ms returns FALSE
T5484 083:726.616 JLINK_IsHalted()
T5484 083:727.336 - 0.719ms returns FALSE
T5484 083:727.408 JLINK_IsHalted()
T5484 083:728.088 - 0.680ms returns FALSE
T32A0 083:833.784 JLINK_IsHalted()
T32A0 083:834.416 - 0.632ms returns FALSE
T32A0 083:834.448 JLINK_IsHalted()
T32A0 083:835.032 - 0.585ms returns FALSE
T32A0 083:943.136 JLINK_IsHalted()
T32A0 083:943.856 - 0.723ms returns FALSE
T32A0 083:943.920 JLINK_IsHalted()
T32A0 083:944.656 - 0.738ms returns FALSE
T32A0 084:052.720 JLINK_IsHalted()
T32A0 084:053.488 - 0.775ms returns FALSE
T32A0 084:053.544 JLINK_IsHalted()
T32A0 084:054.064 - 0.519ms returns FALSE
T32A0 084:161.888 JLINK_IsHalted()
T32A0 084:162.600 - 0.714ms returns FALSE
T32A0 084:162.640 JLINK_IsHalted()
T32A0 084:163.280 - 0.634ms returns FALSE
T32A0 084:271.600 JLINK_IsHalted()
T32A0 084:272.360 - 0.761ms returns FALSE
T32A0 084:272.432 JLINK_IsHalted()
T32A0 084:273.168 - 0.736ms returns FALSE
T32A0 084:380.848 JLINK_IsHalted()
T32A0 084:381.512 - 0.656ms returns FALSE
T32A0 084:381.552 JLINK_IsHalted()
T32A0 084:382.208 - 0.654ms returns FALSE
T32A0 084:489.472 JLINK_IsHalted()
T32A0 084:490.056 - 0.584ms returns FALSE
T32A0 084:490.080 JLINK_IsHalted()
T32A0 084:490.576 - 0.497ms returns FALSE
T32A0 084:598.952 JLINK_IsHalted()
T32A0 084:599.600 - 0.644ms returns FALSE
T32A0 084:599.632 JLINK_IsHalted()
T32A0 084:600.208 - 0.575ms returns FALSE
T32A0 084:708.952 JLINK_IsHalted()
T32A0 084:709.632 - 0.676ms returns FALSE
T32A0 084:709.712 JLINK_IsHalted()
T32A0 084:710.352 - 0.636ms returns FALSE
T5484 084:728.984 JLINK_IsHalted()
T5484 084:729.712 - 0.724ms returns FALSE
T5484 084:729.776 JLINK_IsHalted()
T5484 084:730.448 - 0.667ms returns FALSE
T32A0 084:818.008 JLINK_IsHalted()
T32A0 084:818.672 - 0.665ms returns FALSE
T32A0 084:818.752 JLINK_IsHalted()
T32A0 084:819.328 - 0.576ms returns FALSE
T32A0 084:927.136 JLINK_IsHalted()
T32A0 084:927.800 - 0.662ms returns FALSE
T32A0 084:927.848 JLINK_IsHalted()
T32A0 084:928.432 - 0.584ms returns FALSE
T32A0 085:037.296 JLINK_IsHalted()
T32A0 085:038.176 - 0.881ms returns FALSE
T32A0 085:038.240 JLINK_IsHalted()
T32A0 085:038.872 - 0.628ms returns FALSE
T32A0 085:145.928 JLINK_IsHalted()
T32A0 085:146.568 - 0.636ms returns FALSE
T32A0 085:146.608 JLINK_IsHalted()
T32A0 085:147.184 - 0.576ms returns FALSE
T32A0 085:255.696 JLINK_IsHalted()
T32A0 085:256.456 - 0.764ms returns FALSE
T32A0 085:256.528 JLINK_IsHalted()
T32A0 085:257.168 - 0.640ms returns FALSE
T32A0 085:364.824 JLINK_IsHalted()
T32A0 085:365.424 - 0.602ms returns FALSE
T32A0 085:365.464 JLINK_IsHalted()
T32A0 085:366.024 - 0.558ms returns FALSE
T32A0 085:473.904 JLINK_IsHalted()
T32A0 085:474.608 - 0.700ms returns FALSE
T32A0 085:474.648 JLINK_IsHalted()
T32A0 085:475.264 - 0.617ms returns FALSE
T32A0 085:583.992 JLINK_IsHalted()
T32A0 085:584.592 - 0.598ms returns FALSE
T32A0 085:584.624 JLINK_IsHalted()
T32A0 085:585.200 - 0.573ms returns FALSE
T32A0 085:692.520 JLINK_IsHalted()
T32A0 085:693.160 - 0.641ms returns FALSE
T32A0 085:693.184 JLINK_IsHalted()
T32A0 085:693.712 - 0.520ms returns FALSE
T5484 085:731.480 JLINK_IsHalted()
T5484 085:732.184 - 0.707ms returns FALSE
T5484 085:732.240 JLINK_IsHalted()
T5484 085:732.920 - 0.681ms returns FALSE
T32A0 085:802.552 JLINK_IsHalted()
T32A0 085:803.216 - 0.658ms returns FALSE
T32A0 085:803.248 JLINK_IsHalted()
T32A0 085:803.920 - 0.668ms returns FALSE
T32A0 085:911.864 JLINK_IsHalted()
T32A0 085:912.496 - 0.623ms returns FALSE
T32A0 085:912.528 JLINK_IsHalted()
T32A0 085:913.184 - 0.657ms returns FALSE
T32A0 086:020.752 JLINK_IsHalted()
T32A0 086:021.424 - 0.671ms returns FALSE
T32A0 086:021.528 JLINK_IsHalted()
T32A0 086:022.224 - 0.698ms returns FALSE
T32A0 086:130.992 JLINK_IsHalted()
T32A0 086:131.712 - 0.712ms returns FALSE
T32A0 086:131.760 JLINK_IsHalted()
T32A0 086:132.408 - 0.643ms returns FALSE
T32A0 086:239.376 JLINK_IsHalted()
T32A0 086:239.968 - 0.597ms returns FALSE
T32A0 086:240.008 JLINK_IsHalted()
T32A0 086:240.592 - 0.581ms returns FALSE
T32A0 086:348.976 JLINK_IsHalted()
T32A0 086:349.656 - 0.682ms returns FALSE
T32A0 086:349.712 JLINK_IsHalted()
T32A0 086:350.352 - 0.638ms returns FALSE
T32A0 086:458.984 JLINK_IsHalted()
T32A0 086:459.712 - 0.734ms returns FALSE
T32A0 086:459.752 JLINK_IsHalted()
T32A0 086:460.344 - 0.589ms returns FALSE
T32A0 086:567.976 JLINK_IsHalted()
T32A0 086:568.696 - 0.721ms returns FALSE
T32A0 086:568.752 JLINK_IsHalted()
T32A0 086:569.552 - 0.798ms returns FALSE
T32A0 086:677.712 JLINK_IsHalted()
T32A0 086:678.448 - 0.725ms returns FALSE
T32A0 086:678.488 JLINK_IsHalted()
T32A0 086:679.048 - 0.555ms returns FALSE
T5484 086:733.864 JLINK_IsHalted()
T5484 086:734.560 - 0.699ms returns FALSE
T5484 086:734.600 JLINK_IsHalted()
T5484 086:735.192 - 0.594ms returns FALSE
T32A0 086:786.672 JLINK_IsHalted()
T32A0 086:787.336 - 0.664ms returns FALSE
T32A0 086:787.368 JLINK_IsHalted()
T32A0 086:788.176 - 0.804ms returns FALSE
T32A0 086:896.016 JLINK_IsHalted()
T32A0 086:896.720 - 0.703ms returns FALSE
T32A0 086:896.776 JLINK_IsHalted()
T32A0 086:897.456 - 0.682ms returns FALSE
T32A0 087:005.744 JLINK_IsHalted()
T32A0 087:006.480 - 0.730ms returns FALSE
T32A0 087:006.520 JLINK_IsHalted()
T32A0 087:007.184 - 0.665ms returns FALSE
T32A0 087:114.832 JLINK_IsHalted()
T32A0 087:115.472 - 0.643ms returns FALSE
T32A0 087:115.512 JLINK_IsHalted()
T32A0 087:116.064 - 0.551ms returns FALSE
T32A0 087:223.808 JLINK_IsHalted()
T32A0 087:224.432 - 0.623ms returns FALSE
T32A0 087:224.456 JLINK_IsHalted()
T32A0 087:224.960 - 0.504ms returns FALSE
T32A0 087:333.776 JLINK_IsHalted()
T32A0 087:334.456 - 0.681ms returns FALSE
T32A0 087:334.504 JLINK_IsHalted()
T32A0 087:335.072 - 0.568ms returns FALSE
T32A0 087:443.448 JLINK_IsHalted()
T32A0 087:444.168 - 0.713ms returns FALSE
T32A0 087:444.216 JLINK_IsHalted()
T32A0 087:445.088 - 0.864ms returns FALSE
T32A0 087:551.984 JLINK_IsHalted()
T32A0 087:552.648 - 0.663ms returns FALSE
T32A0 087:552.672 JLINK_IsHalted()
T32A0 087:553.264 - 0.586ms returns FALSE
T32A0 087:661.976 JLINK_IsHalted()
T32A0 087:662.864 - 0.886ms returns FALSE
T32A0 087:662.960 JLINK_IsHalted()
T32A0 087:663.760 - 0.797ms returns FALSE
T5484 087:735.304 JLINK_IsHalted()
T5484 087:736.000 - 0.703ms returns FALSE
T5484 087:736.024 JLINK_IsHalted()
T5484 087:736.592 - 0.564ms returns FALSE
T32A0 087:771.696 JLINK_IsHalted()
T32A0 087:772.344 - 0.655ms returns FALSE
T32A0 087:772.416 JLINK_IsHalted()
T32A0 087:773.160 - 0.740ms returns FALSE
T32A0 087:879.992 JLINK_IsHalted()
T32A0 087:880.624 - 0.628ms returns FALSE
T32A0 087:880.656 JLINK_IsHalted()
T32A0 087:881.200 - 0.543ms returns FALSE
T32A0 087:990.208 JLINK_IsHalted()
T32A0 087:991.168 - 0.960ms returns FALSE
T32A0 087:991.224 JLINK_IsHalted()
T32A0 087:992.000 - 0.773ms returns FALSE
T32A0 088:099.288 JLINK_IsHalted()
T32A0 088:100.000 - 0.710ms returns FALSE
T32A0 088:100.048 JLINK_IsHalted()
T32A0 088:100.784 - 0.737ms returns FALSE
T32A0 088:209.072 JLINK_IsHalted()
T32A0 088:209.792 - 0.722ms returns FALSE
T32A0 088:209.848 JLINK_IsHalted()
T32A0 088:211.152 - 1.295ms returns FALSE
T32A0 088:318.000 JLINK_IsHalted()
T32A0 088:318.704 - 0.697ms returns FALSE
T32A0 088:318.768 JLINK_IsHalted()
T32A0 088:319.672 - 0.907ms returns FALSE
T32A0 088:427.000 JLINK_IsHalted()
T32A0 088:427.688 - 0.682ms returns FALSE
T32A0 088:427.728 JLINK_IsHalted()
T32A0 088:428.336 - 0.606ms returns FALSE
T32A0 088:537.104 JLINK_IsHalted()
T32A0 088:538.408 - 1.293ms returns FALSE
T32A0 088:538.656 JLINK_IsHalted()
T32A0 088:540.936 - 2.270ms returns FALSE
T32A0 088:646.056 JLINK_IsHalted()
T32A0 088:647.416 - 1.364ms returns FALSE
T32A0 088:647.472 JLINK_IsHalted()
T32A0 088:649.384 - 1.904ms returns FALSE
T5484 088:737.248 JLINK_IsHalted()
T5484 088:737.912 - 0.663ms returns FALSE
T5484 088:738.104 JLINK_IsHalted()
T5484 088:739.928 - 1.820ms returns FALSE
T32A0 088:754.992 JLINK_IsHalted()
T32A0 088:755.920 - 0.930ms returns FALSE
T32A0 088:755.976 JLINK_IsHalted()
T32A0 088:756.544 - 0.564ms returns FALSE
T32A0 088:864.984 JLINK_IsHalted()
T32A0 088:865.848 - 0.862ms returns FALSE
T32A0 088:865.888 JLINK_IsHalted()
T32A0 088:866.944 - 1.054ms returns FALSE
T32A0 088:974.072 JLINK_IsHalted()
T32A0 088:974.736 - 0.658ms returns FALSE
T32A0 088:974.792 JLINK_IsHalted()
T32A0 088:975.360 - 0.572ms returns FALSE
T32A0 089:084.008 JLINK_IsHalted()
T32A0 089:084.632 - 0.626ms returns FALSE
T32A0 089:084.664 JLINK_IsHalted()
T32A0 089:085.248 - 0.584ms returns FALSE
T32A0 089:193.152 JLINK_IsHalted()
T32A0 089:193.752 - 0.601ms returns FALSE
T32A0 089:193.792 JLINK_IsHalted()
T32A0 089:194.344 - 0.550ms returns FALSE
T32A0 089:302.128 JLINK_IsHalted()
T32A0 089:302.784 - 0.661ms returns FALSE
T32A0 089:302.816 JLINK_IsHalted()
T32A0 089:303.328 - 0.513ms returns FALSE
T32A0 089:412.168 JLINK_IsHalted()
T32A0 089:412.800 - 0.629ms returns FALSE
T32A0 089:412.824 JLINK_IsHalted()
T32A0 089:413.360 - 0.535ms returns FALSE
T32A0 089:521.128 JLINK_IsHalted()
T32A0 089:521.744 - 0.622ms returns FALSE
T32A0 089:521.776 JLINK_IsHalted()
T32A0 089:522.512 - 0.726ms returns FALSE
T32A0 089:630.136 JLINK_IsHalted()
T32A0 089:630.896 - 0.751ms returns FALSE
T32A0 089:630.936 JLINK_IsHalted()
T32A0 089:631.640 - 0.700ms returns FALSE
T32A0 089:739.696 JLINK_IsHalted()
T32A0 089:740.512 - 0.821ms returns FALSE
T32A0 089:740.592 JLINK_IsHalted()
T32A0 089:741.264 - 0.666ms returns FALSE
T5484 089:741.424 JLINK_IsHalted()
T5484 089:742.072 - 0.653ms returns FALSE
T5484 089:742.112 JLINK_IsHalted()
T5484 089:742.728 - 0.614ms returns FALSE
T32A0 089:849.008 JLINK_IsHalted()
T32A0 089:849.672 - 0.667ms returns FALSE
T32A0 089:849.712 JLINK_IsHalted()
T32A0 089:850.352 - 0.636ms returns FALSE
T32A0 089:958.608 JLINK_IsHalted()
T32A0 089:959.280 - 0.660ms returns FALSE
T32A0 089:959.336 JLINK_IsHalted()
T32A0 089:959.952 - 0.608ms returns FALSE
T32A0 090:067.536 JLINK_IsHalted()
T32A0 090:068.176 - 0.645ms returns FALSE
T32A0 090:068.208 JLINK_IsHalted()
T32A0 090:068.768 - 0.556ms returns FALSE
T32A0 090:177.784 JLINK_IsHalted()
T32A0 090:178.432 - 0.639ms returns FALSE
T32A0 090:178.472 JLINK_IsHalted()
T32A0 090:179.080 - 0.606ms returns FALSE
T32A0 090:287.128 JLINK_IsHalted()
T32A0 090:287.688 - 0.559ms returns FALSE
T32A0 090:287.720 JLINK_IsHalted()
T32A0 090:288.312 - 0.592ms returns FALSE
T32A0 090:396.240 JLINK_IsHalted()
T32A0 090:396.896 - 0.659ms returns FALSE
T32A0 090:396.936 JLINK_IsHalted()
T32A0 090:397.528 - 0.597ms returns FALSE
T32A0 090:505.816 JLINK_IsHalted()
T32A0 090:506.488 - 0.669ms returns FALSE
T32A0 090:506.536 JLINK_IsHalted()
T32A0 090:507.184 - 0.650ms returns FALSE
T32A0 090:614.824 JLINK_IsHalted()
T32A0 090:615.488 - 0.664ms returns FALSE
T32A0 090:615.528 JLINK_IsHalted()
T32A0 090:616.072 - 0.542ms returns FALSE
T32A0 090:724.728 JLINK_IsHalted()
T32A0 090:725.408 - 0.678ms returns FALSE
T32A0 090:725.472 JLINK_IsHalted()
T32A0 090:726.080 - 0.606ms returns FALSE
T5484 090:743.296 JLINK_IsHalted()
T5484 090:743.984 - 0.689ms returns FALSE
T5484 090:744.040 JLINK_IsHalted()
T5484 090:744.696 - 0.658ms returns FALSE
T32A0 090:833.624 JLINK_IsHalted()
T32A0 090:834.336 - 0.711ms returns FALSE
T32A0 090:834.384 JLINK_IsHalted()
T32A0 090:834.952 - 0.565ms returns FALSE
T32A0 090:943.432 JLINK_IsHalted()
T32A0 090:944.176 - 0.739ms returns FALSE
T32A0 090:944.216 JLINK_IsHalted()
T32A0 090:944.832 - 0.613ms returns FALSE
T32A0 091:051.984 JLINK_IsHalted()
T32A0 091:052.688 - 0.707ms returns FALSE
T32A0 091:052.768 JLINK_IsHalted()
T32A0 091:053.512 - 0.740ms returns FALSE
T32A0 091:161.520 JLINK_IsHalted()
T32A0 091:162.152 - 0.627ms returns FALSE
T32A0 091:162.184 JLINK_IsHalted()
T32A0 091:162.752 - 0.564ms returns FALSE
T32A0 091:271.520 JLINK_IsHalted()
T32A0 091:272.208 - 0.688ms returns FALSE
T32A0 091:272.240 JLINK_IsHalted()
T32A0 091:272.816 - 0.573ms returns FALSE
T32A0 091:381.024 JLINK_IsHalted()
T32A0 091:381.824 - 0.799ms returns FALSE
T32A0 091:381.896 JLINK_IsHalted()
T32A0 091:382.576 - 0.682ms returns FALSE
T32A0 091:489.928 JLINK_IsHalted()
T32A0 091:490.688 - 0.757ms returns FALSE
T32A0 091:490.736 JLINK_IsHalted()
T32A0 091:491.320 - 0.582ms returns FALSE
T32A0 091:599.144 JLINK_IsHalted()
T32A0 091:599.824 - 0.685ms returns FALSE
T32A0 091:599.888 JLINK_IsHalted()
T32A0 091:600.464 - 0.577ms returns FALSE
T32A0 091:708.864 JLINK_IsHalted()
T32A0 091:709.608 - 0.743ms returns FALSE
T32A0 091:709.648 JLINK_IsHalted()
T32A0 091:710.384 - 0.733ms returns FALSE
T5484 091:744.424 JLINK_IsHalted()
T5484 091:745.088 - 0.670ms returns FALSE
T5484 091:745.144 JLINK_IsHalted()
T5484 091:745.744 - 0.594ms returns FALSE
T32A0 091:817.816 JLINK_IsHalted()
T32A0 091:818.448 - 0.625ms returns FALSE
T32A0 091:818.480 JLINK_IsHalted()
T32A0 091:819.088 - 0.610ms returns FALSE
T32A0 091:927.088 JLINK_IsHalted()
T32A0 091:927.760 - 0.672ms returns FALSE
T32A0 091:927.800 JLINK_IsHalted()
T32A0 091:928.432 - 0.622ms returns FALSE
T32A0 092:036.928 JLINK_IsHalted()
T32A0 092:037.680 - 0.752ms returns FALSE
T32A0 092:037.728 JLINK_IsHalted()
T32A0 092:038.376 - 0.646ms returns FALSE
T32A0 092:145.896 JLINK_IsHalted()
T32A0 092:147.088 - 1.196ms returns FALSE
T32A0 092:147.152 JLINK_IsHalted()
T32A0 092:147.792 - 0.639ms returns FALSE
T32A0 092:255.880 JLINK_IsHalted()
T32A0 092:261.464 - 5.583ms returns FALSE
T32A0 092:261.520 JLINK_IsHalted()
T32A0 092:268.008 - 6.479ms returns FALSE
T32A0 092:364.688 JLINK_IsHalted()
T32A0 092:453.768 - 89.075ms returns FALSE
T32A0 092:453.824 JLINK_IsHalted()
T32A0 092:454.496 - 0.672ms returns FALSE
T32A0 092:552.840 JLINK_IsHalted()
T32A0 092:553.488 - 0.647ms returns FALSE
T32A0 092:553.536 JLINK_IsHalted()
T32A0 092:554.168 - 0.630ms returns FALSE
T32A0 092:661.728 JLINK_IsHalted()
T32A0 092:669.104 - 7.368ms returns FALSE
T32A0 092:669.168 JLINK_IsHalted()
T32A0 092:670.176 - 1.012ms returns FALSE
T5484 092:745.400 JLINK_IsHalted()
T5484 092:746.080 - 0.677ms returns FALSE
T5484 092:746.128 JLINK_IsHalted()
T5484 092:746.688 - 0.554ms returns FALSE
T32A0 092:770.912 JLINK_IsHalted()
T32A0 092:771.600 - 0.687ms returns FALSE
T32A0 092:771.664 JLINK_IsHalted()
T32A0 092:772.600 - 0.939ms returns FALSE
T32A0 092:880.832 JLINK_IsHalted()
T32A0 092:881.456 - 0.621ms returns FALSE
T32A0 092:881.520 JLINK_IsHalted()
T32A0 092:882.160 - 0.644ms returns FALSE
T32A0 092:989.616 JLINK_IsHalted()
T32A0 092:990.344 - 0.733ms returns FALSE
T32A0 092:990.384 JLINK_IsHalted()
T32A0 092:990.968 - 0.587ms returns FALSE
T32A0 093:098.800 JLINK_IsHalted()
T32A0 093:099.432 - 0.632ms returns FALSE
T32A0 093:099.472 JLINK_IsHalted()
T32A0 093:100.064 - 0.595ms returns FALSE
T32A0 093:208.208 JLINK_IsHalted()
T32A0 093:208.848 - 0.639ms returns FALSE
T32A0 093:208.888 JLINK_IsHalted()
T32A0 093:209.520 - 0.623ms returns FALSE
T32A0 093:317.944 JLINK_IsHalted()
T32A0 093:318.640 - 0.699ms returns FALSE
T32A0 093:318.712 JLINK_IsHalted()
T32A0 093:319.416 - 0.705ms returns FALSE
T32A0 093:426.944 JLINK_IsHalted()
T32A0 093:427.568 - 0.628ms returns FALSE
T32A0 093:427.624 JLINK_IsHalted()
T32A0 093:428.232 - 0.605ms returns FALSE
T32A0 093:536.912 JLINK_IsHalted()
T32A0 093:537.536 - 0.623ms returns FALSE
T32A0 093:537.600 JLINK_IsHalted()
T32A0 093:538.192 - 0.588ms returns FALSE
T32A0 093:645.904 JLINK_IsHalted()
T32A0 093:646.520 - 0.619ms returns FALSE
T32A0 093:646.568 JLINK_IsHalted()
T32A0 093:647.184 - 0.614ms returns FALSE
T5484 093:747.096 JLINK_IsHalted()
T5484 093:747.752 - 0.651ms returns FALSE
T5484 093:747.808 JLINK_IsHalted()
T5484 093:748.488 - 0.676ms returns FALSE
T32A0 093:755.952 JLINK_IsHalted()
T32A0 093:756.624 - 0.666ms returns FALSE
T32A0 093:756.688 JLINK_IsHalted()
T32A0 093:757.336 - 0.653ms returns FALSE
T32A0 093:864.744 JLINK_IsHalted()
T32A0 093:865.608 - 0.867ms returns FALSE
T32A0 093:865.648 JLINK_IsHalted()
T32A0 093:866.320 - 0.664ms returns FALSE
T32A0 093:973.776 JLINK_IsHalted()
T32A0 093:974.352 - 0.581ms returns FALSE
T32A0 093:974.392 JLINK_IsHalted()
T32A0 093:975.376 - 0.978ms returns FALSE
T32A0 094:083.824 JLINK_IsHalted()
T32A0 094:084.488 - 0.663ms returns FALSE
T32A0 094:084.528 JLINK_IsHalted()
T32A0 094:085.168 - 0.632ms returns FALSE
T32A0 094:192.784 JLINK_IsHalted()
T32A0 094:193.344 - 0.566ms returns FALSE
T32A0 094:193.384 JLINK_IsHalted()
T32A0 094:193.888 - 0.503ms returns FALSE
T32A0 094:302.848 JLINK_IsHalted()
T32A0 094:303.520 - 0.675ms returns FALSE
T32A0 094:303.568 JLINK_IsHalted()
T32A0 094:304.152 - 0.588ms returns FALSE
T32A0 094:411.728 JLINK_IsHalted()
T32A0 094:412.320 - 0.593ms returns FALSE
T32A0 094:412.352 JLINK_IsHalted()
T32A0 094:412.912 - 0.552ms returns FALSE
T32A0 094:520.784 JLINK_IsHalted()
T32A0 094:521.456 - 0.666ms returns FALSE
T32A0 094:521.488 JLINK_IsHalted()
T32A0 094:522.096 - 0.605ms returns FALSE
T32A0 094:630.800 JLINK_IsHalted()
T32A0 094:631.480 - 0.682ms returns FALSE
T32A0 094:631.536 JLINK_IsHalted()
T32A0 094:632.192 - 0.660ms returns FALSE
T32A0 094:739.800 JLINK_IsHalted()
T32A0 094:740.464 - 0.664ms returns FALSE
T32A0 094:740.520 JLINK_IsHalted()
T32A0 094:741.168 - 0.653ms returns FALSE
T5484 094:749.960 JLINK_IsHalted()
T5484 094:750.544 - 0.590ms returns FALSE
T5484 094:750.584 JLINK_IsHalted()
T5484 094:751.160 - 0.578ms returns FALSE
T32A0 094:848.816 JLINK_IsHalted()
T32A0 094:849.456 - 0.639ms returns FALSE
T32A0 094:849.504 JLINK_IsHalted()
T32A0 094:850.064 - 0.566ms returns FALSE
T32A0 094:958.776 JLINK_IsHalted()
T32A0 094:959.408 - 0.628ms returns FALSE
T32A0 094:959.440 JLINK_IsHalted()
T32A0 094:959.968 - 0.528ms returns FALSE
T32A0 095:067.816 JLINK_IsHalted()
T32A0 095:068.560 - 0.746ms returns FALSE
T32A0 095:068.608 JLINK_IsHalted()
T32A0 095:069.264 - 0.661ms returns FALSE
T32A0 095:177.912 JLINK_IsHalted()
T32A0 095:178.856 - 0.943ms returns FALSE
T32A0 095:178.960 JLINK_IsHalted()
T32A0 095:179.608 - 0.652ms returns FALSE
T32A0 095:286.576 JLINK_IsHalted()
T32A0 095:287.248 - 0.666ms returns FALSE
T32A0 095:287.280 JLINK_IsHalted()
T32A0 095:287.864 - 0.579ms returns FALSE
T32A0 095:395.600 JLINK_IsHalted()
T32A0 095:396.280 - 0.686ms returns FALSE
T32A0 095:396.320 JLINK_IsHalted()
T32A0 095:396.912 - 0.583ms returns FALSE
T32A0 095:505.568 JLINK_IsHalted()
T32A0 095:506.224 - 0.661ms returns FALSE
T32A0 095:506.264 JLINK_IsHalted()
T32A0 095:506.848 - 0.581ms returns FALSE
T32A0 095:614.576 JLINK_IsHalted()
T32A0 095:615.280 - 0.694ms returns FALSE
T32A0 095:615.312 JLINK_IsHalted()
T32A0 095:616.024 - 0.705ms returns FALSE
T32A0 095:724.576 JLINK_IsHalted()
T32A0 095:725.616 - 1.032ms returns FALSE
T32A0 095:725.672 JLINK_IsHalted()
T32A0 095:726.552 - 0.881ms returns FALSE
T5484 095:770.760 JLINK_IsHalted()
T5484 095:771.912 - 1.153ms returns FALSE
T5484 095:771.968 JLINK_IsHalted()
T5484 095:772.816 - 0.844ms returns FALSE
T32A0 095:833.800 JLINK_IsHalted()
T32A0 095:834.608 - 0.814ms returns FALSE
T32A0 095:834.664 JLINK_IsHalted()
T32A0 095:835.336 - 0.673ms returns FALSE
T32A0 095:943.448 JLINK_IsHalted()
T32A0 095:944.368 - 0.916ms returns FALSE
T32A0 095:944.416 JLINK_IsHalted()
T32A0 095:945.552 - 1.127ms returns FALSE
T32A0 096:052.208 JLINK_IsHalted()
T32A0 096:056.560 - 4.344ms returns FALSE
T32A0 096:056.632 JLINK_IsHalted()
T32A0 096:057.360 - 0.726ms returns FALSE
T32A0 096:162.040 JLINK_IsHalted()
T32A0 096:162.704 - 0.665ms returns FALSE
T32A0 096:162.760 JLINK_IsHalted()
T32A0 096:163.360 - 0.600ms returns FALSE
T32A0 096:271.056 JLINK_IsHalted()
T32A0 096:271.768 - 0.706ms returns FALSE
T32A0 096:271.832 JLINK_IsHalted()
T32A0 096:272.536 - 0.703ms returns FALSE
T32A0 096:380.048 JLINK_IsHalted()
T32A0 096:380.704 - 0.654ms returns FALSE
T32A0 096:380.744 JLINK_IsHalted()
T32A0 096:381.328 - 0.579ms returns FALSE
T32A0 096:490.032 JLINK_IsHalted()
T32A0 096:490.680 - 0.656ms returns FALSE
T32A0 096:490.728 JLINK_IsHalted()
T32A0 096:491.360 - 0.628ms returns FALSE
T32A0 096:599.024 JLINK_IsHalted()
T32A0 096:599.760 - 0.733ms returns FALSE
T32A0 096:599.800 JLINK_IsHalted()
T32A0 096:600.368 - 0.565ms returns FALSE
T32A0 096:709.048 JLINK_IsHalted()
T32A0 096:709.840 - 0.787ms returns FALSE
T32A0 096:709.904 JLINK_IsHalted()
T32A0 096:710.528 - 0.631ms returns FALSE
T5484 096:790.344 JLINK_IsHalted()
T5484 096:791.376 - 1.034ms returns FALSE
T5484 096:791.432 JLINK_IsHalted()
T5484 096:793.672 - 2.242ms returns FALSE
T32A0 096:818.160 JLINK_IsHalted()
T32A0 096:818.816 - 0.662ms returns FALSE
T32A0 096:818.864 JLINK_IsHalted()
T32A0 096:819.632 - 0.762ms returns FALSE
T32A0 096:927.472 JLINK_IsHalted()
T32A0 096:928.088 - 0.619ms returns FALSE
T32A0 096:928.128 JLINK_IsHalted()
T32A0 096:928.696 - 0.566ms returns FALSE
T32A0 097:036.504 JLINK_IsHalted()
T32A0 097:037.176 - 0.673ms returns FALSE
T32A0 097:037.224 JLINK_IsHalted()
T32A0 097:037.816 - 0.597ms returns FALSE
T32A0 097:146.472 JLINK_IsHalted()
T32A0 097:147.184 - 0.710ms returns FALSE
T32A0 097:147.208 JLINK_IsHalted()
T32A0 097:147.760 - 0.555ms returns FALSE
T32A0 097:255.504 JLINK_IsHalted()
T32A0 097:256.192 - 0.689ms returns FALSE
T32A0 097:256.224 JLINK_IsHalted()
T32A0 097:256.848 - 0.615ms returns FALSE
T32A0 097:364.496 JLINK_IsHalted()
T32A0 097:365.184 - 0.687ms returns FALSE
T32A0 097:365.224 JLINK_IsHalted()
T32A0 097:365.808 - 0.586ms returns FALSE
T32A0 097:474.544 JLINK_IsHalted()
T32A0 097:475.232 - 0.691ms returns FALSE
T32A0 097:475.272 JLINK_IsHalted()
T32A0 097:475.912 - 0.635ms returns FALSE
T32A0 097:583.456 JLINK_IsHalted()
T32A0 097:584.168 - 0.712ms returns FALSE
T32A0 097:584.208 JLINK_IsHalted()
T32A0 097:584.768 - 0.568ms returns FALSE
T32A0 097:692.496 JLINK_IsHalted()
T32A0 097:693.456 - 0.960ms returns FALSE
T32A0 097:693.520 JLINK_IsHalted()
T32A0 097:694.304 - 0.779ms returns FALSE
T5484 097:794.720 JLINK_IsHalted()
T5484 097:795.480 - 0.755ms returns FALSE
T5484 097:795.544 JLINK_IsHalted()
T5484 097:796.272 - 0.716ms returns FALSE
T32A0 097:802.472 JLINK_IsHalted()
T32A0 097:803.192 - 0.718ms returns FALSE
T32A0 097:803.224 JLINK_IsHalted()
T32A0 097:803.840 - 0.612ms returns FALSE
T32A0 097:911.568 JLINK_IsHalted()
T32A0 097:912.264 - 0.703ms returns FALSE
T32A0 097:912.320 JLINK_IsHalted()
T32A0 097:912.944 - 0.622ms returns FALSE
T32A0 098:021.224 JLINK_IsHalted()
T32A0 098:021.840 - 0.621ms returns FALSE
T32A0 098:021.880 JLINK_IsHalted()
T32A0 098:022.488 - 0.607ms returns FALSE
T32A0 098:130.264 JLINK_IsHalted()
T32A0 098:130.960 - 0.701ms returns FALSE
T32A0 098:131.000 JLINK_IsHalted()
T32A0 098:131.592 - 0.588ms returns FALSE
T32A0 098:239.880 JLINK_IsHalted()
T32A0 098:240.536 - 0.657ms returns FALSE
T32A0 098:240.584 JLINK_IsHalted()
T32A0 098:241.184 - 0.598ms returns FALSE
T32A0 098:348.896 JLINK_IsHalted()
T32A0 098:349.584 - 0.686ms returns FALSE
T32A0 098:349.616 JLINK_IsHalted()
T32A0 098:350.224 - 0.601ms returns FALSE
T32A0 098:458.840 JLINK_IsHalted()
T32A0 098:459.504 - 0.654ms returns FALSE
T32A0 098:459.536 JLINK_IsHalted()
T32A0 098:460.080 - 0.548ms returns FALSE
T32A0 098:567.912 JLINK_IsHalted()
T32A0 098:568.624 - 0.708ms returns FALSE
T32A0 098:568.680 JLINK_IsHalted()
T32A0 098:569.376 - 0.691ms returns FALSE
T32A0 098:677.040 JLINK_IsHalted()
T32A0 098:677.736 - 0.694ms returns FALSE
T32A0 098:677.800 JLINK_IsHalted()
T32A0 098:678.472 - 0.670ms returns FALSE
T32A0 098:786.888 JLINK_IsHalted()
T32A0 098:787.576 - 0.686ms returns FALSE
T32A0 098:787.616 JLINK_IsHalted()
T32A0 098:788.240 - 0.619ms returns FALSE
T5484 098:797.128 JLINK_IsHalted()
T5484 098:797.808 - 0.683ms returns FALSE
T5484 098:797.872 JLINK_IsHalted()
T5484 098:798.496 - 0.629ms returns FALSE
T32A0 098:895.920 JLINK_IsHalted()
T32A0 098:898.720 - 2.798ms returns FALSE
T32A0 098:898.784 JLINK_IsHalted()
T32A0 098:899.472 - 0.688ms returns FALSE
T32A0 099:005.864 JLINK_IsHalted()
T32A0 099:006.544 - 0.679ms returns FALSE
T32A0 099:006.576 JLINK_IsHalted()
T32A0 099:007.216 - 0.632ms returns FALSE
T32A0 099:114.856 JLINK_IsHalted()
T32A0 099:115.464 - 0.612ms returns FALSE
T32A0 099:115.488 JLINK_IsHalted()
T32A0 099:116.088 - 0.598ms returns FALSE
T32A0 099:224.464 JLINK_IsHalted()
T32A0 099:225.096 - 0.634ms returns FALSE
T32A0 099:225.152 JLINK_IsHalted()
T32A0 099:225.944 - 0.796ms returns FALSE
T32A0 099:333.400 JLINK_IsHalted()
T32A0 099:334.000 - 0.594ms returns FALSE
T32A0 099:334.032 JLINK_IsHalted()
T32A0 099:334.592 - 0.556ms returns FALSE
T32A0 099:443.408 JLINK_IsHalted()
T32A0 099:444.144 - 0.744ms returns FALSE
T32A0 099:444.208 JLINK_IsHalted()
T32A0 099:445.176 - 0.972ms returns FALSE
T32A0 099:552.376 JLINK_IsHalted()
T32A0 099:553.048 - 0.673ms returns FALSE
T32A0 099:553.080 JLINK_IsHalted()
T32A0 099:553.664 - 0.579ms returns FALSE
T32A0 099:661.392 JLINK_IsHalted()
T32A0 099:662.048 - 0.652ms returns FALSE
T32A0 099:662.104 JLINK_IsHalted()
T32A0 099:662.752 - 0.645ms returns FALSE
T32A0 099:771.088 JLINK_IsHalted()
T32A0 099:771.712 - 0.622ms returns FALSE
T32A0 099:771.752 JLINK_IsHalted()
T32A0 099:772.368 - 0.619ms returns FALSE
T5484 099:799.336 JLINK_IsHalted()
T5484 099:800.016 - 0.682ms returns FALSE
T5484 099:800.064 JLINK_IsHalted()
T5484 099:800.672 - 0.606ms returns FALSE
T32A0 099:880.944 JLINK_IsHalted()
T32A0 099:881.600 - 0.651ms returns FALSE
T32A0 099:881.640 JLINK_IsHalted()
T32A0 099:882.224 - 0.580ms returns FALSE
T32A0 099:989.880 JLINK_IsHalted()
T32A0 099:990.512 - 0.624ms returns FALSE
T32A0 099:990.552 JLINK_IsHalted()
T32A0 099:991.216 - 0.663ms returns FALSE
T32A0 100:098.928 JLINK_IsHalted()
T32A0 100:099.600 - 0.663ms returns FALSE
T32A0 100:099.632 JLINK_IsHalted()
T32A0 100:100.216 - 0.583ms returns FALSE
T32A0 100:208.608 JLINK_IsHalted()
T32A0 100:209.256 - 0.646ms returns FALSE
T32A0 100:209.288 JLINK_IsHalted()
T32A0 100:209.848 - 0.565ms returns FALSE
T32A0 100:317.624 JLINK_IsHalted()
T32A0 100:318.328 - 0.703ms returns FALSE
T32A0 100:318.368 JLINK_IsHalted()
T32A0 100:318.952 - 0.578ms returns FALSE
T32A0 100:427.680 JLINK_IsHalted()
T32A0 100:428.592 - 0.911ms returns FALSE
T32A0 100:428.648 JLINK_IsHalted()
T32A0 100:429.480 - 0.835ms returns FALSE
T32A0 100:536.696 JLINK_IsHalted()
T32A0 100:614.256 - 77.555ms returns FALSE
T32A0 100:614.368 JLINK_IsHalted()
T32A0 100:706.240 - 91.871ms returns FALSE
T32A0 100:802.632 JLINK_IsHalted()
T32A0 100:803.280 - 0.648ms returns FALSE
T32A0 100:803.328 JLINK_IsHalted()
T32A0 100:803.904 - 0.569ms returns FALSE
T5484 100:811.024 JLINK_IsHalted()
T5484 100:811.712 - 0.682ms returns FALSE
T5484 100:811.760 JLINK_IsHalted()
T5484 100:812.320 - 0.559ms returns FALSE
T32A0 100:911.728 JLINK_IsHalted()
T32A0 100:912.432 - 0.704ms returns FALSE
T32A0 100:912.488 JLINK_IsHalted()
T32A0 100:913.072 - 0.579ms returns FALSE
T32A0 101:020.632 JLINK_IsHalted()
T32A0 101:021.360 - 0.717ms returns FALSE
T32A0 101:021.392 JLINK_IsHalted()
T32A0 101:022.000 - 0.605ms returns FALSE
T32A0 101:130.624 JLINK_IsHalted()
T32A0 101:131.280 - 0.648ms returns FALSE
T32A0 101:131.312 JLINK_IsHalted()
T32A0 101:131.896 - 0.584ms returns FALSE
T32A0 101:239.664 JLINK_IsHalted()
T32A0 101:240.384 - 0.717ms returns FALSE
T32A0 101:240.416 JLINK_IsHalted()
T32A0 101:241.024 - 0.605ms returns FALSE
T32A0 101:349.632 JLINK_IsHalted()
T32A0 101:350.352 - 0.710ms returns FALSE
T32A0 101:350.408 JLINK_IsHalted()
T32A0 101:351.016 - 0.603ms returns FALSE
T32A0 101:458.704 JLINK_IsHalted()
T32A0 101:459.392 - 0.686ms returns FALSE
T32A0 101:459.448 JLINK_IsHalted()
T32A0 101:460.024 - 0.574ms returns FALSE
T32A0 101:567.632 JLINK_IsHalted()
T32A0 101:568.344 - 0.716ms returns FALSE
T32A0 101:568.384 JLINK_IsHalted()
T32A0 101:568.968 - 0.580ms returns FALSE
T32A0 101:677.656 JLINK_IsHalted()
T32A0 101:678.448 - 0.795ms returns FALSE
T32A0 101:678.584 JLINK_IsHalted()
T32A0 101:679.312 - 0.724ms returns FALSE
T32A0 101:786.664 JLINK_IsHalted()
T32A0 101:787.352 - 0.695ms returns FALSE
T32A0 101:787.392 JLINK_IsHalted()
T32A0 101:787.968 - 0.579ms returns FALSE
T5484 101:814.032 JLINK_IsHalted()
T5484 101:814.704 - 0.666ms returns FALSE
T5484 101:814.768 JLINK_IsHalted()
T5484 101:815.336 - 0.566ms returns FALSE
T32A0 101:896.408 JLINK_IsHalted()
T32A0 101:897.480 - 1.068ms returns FALSE
T32A0 101:897.544 JLINK_IsHalted()
T32A0 101:898.264 - 0.720ms returns FALSE
T32A0 102:005.376 JLINK_IsHalted()
T32A0 102:006.008 - 0.633ms returns FALSE
T32A0 102:006.040 JLINK_IsHalted()
T32A0 102:006.672 - 0.625ms returns FALSE
T32A0 102:114.368 JLINK_IsHalted()
T32A0 102:114.992 - 0.626ms returns FALSE
T32A0 102:115.024 JLINK_IsHalted()
T32A0 102:115.624 - 0.589ms returns FALSE
T32A0 102:224.080 JLINK_IsHalted()
T32A0 102:224.976 - 0.889ms returns FALSE
T32A0 102:225.040 JLINK_IsHalted()
T32A0 102:225.728 - 0.690ms returns FALSE
T32A0 102:333.960 JLINK_IsHalted()
T32A0 102:334.600 - 0.639ms returns FALSE
T32A0 102:334.640 JLINK_IsHalted()
T32A0 102:335.184 - 0.545ms returns FALSE
T32A0 102:443.112 JLINK_IsHalted()
T32A0 102:443.784 - 0.676ms returns FALSE
T32A0 102:443.824 JLINK_IsHalted()
T32A0 102:444.464 - 0.638ms returns FALSE
T32A0 102:551.992 JLINK_IsHalted()
T32A0 102:552.624 - 0.626ms returns FALSE
T32A0 102:552.672 JLINK_IsHalted()
T32A0 102:553.400 - 0.725ms returns FALSE
T32A0 102:662.032 JLINK_IsHalted()
T32A0 102:662.816 - 0.791ms returns FALSE
T32A0 102:662.880 JLINK_IsHalted()
T32A0 102:663.496 - 0.614ms returns FALSE
T32A0 102:771.336 JLINK_IsHalted()
T32A0 102:772.176 - 0.838ms returns FALSE
T32A0 102:772.256 JLINK_IsHalted()
T32A0 102:773.064 - 0.796ms returns FALSE
T5484 102:817.144 JLINK_IsHalted()
T5484 102:817.928 - 0.779ms returns FALSE
T5484 102:817.976 JLINK_IsHalted()
T5484 102:818.704 - 0.727ms returns FALSE
T32A0 102:880.656 JLINK_IsHalted()
T32A0 102:881.968 - 1.315ms returns FALSE
T32A0 102:882.016 JLINK_IsHalted()
T32A0 102:882.680 - 0.658ms returns FALSE
T32A0 102:989.640 JLINK_IsHalted()
T32A0 102:990.384 - 0.746ms returns FALSE
T32A0 102:990.448 JLINK_IsHalted()
T32A0 102:991.464 - 1.019ms returns FALSE
T32A0 103:099.616 JLINK_IsHalted()
T32A0 103:100.248 - 0.633ms returns FALSE
T32A0 103:100.296 JLINK_IsHalted()
T32A0 103:100.848 - 0.553ms returns FALSE
T32A0 103:208.336 JLINK_IsHalted()
T32A0 103:208.968 - 0.630ms returns FALSE
T32A0 103:209.000 JLINK_IsHalted()
T32A0 103:209.520 - 0.519ms returns FALSE
T32A0 103:318.376 JLINK_IsHalted()
T32A0 103:319.048 - 0.671ms returns FALSE
T32A0 103:319.120 JLINK_IsHalted()
T32A0 103:319.680 - 0.553ms returns FALSE
T32A0 103:427.344 JLINK_IsHalted()
T32A0 103:428.176 - 0.831ms returns FALSE
T32A0 103:428.224 JLINK_IsHalted()
T32A0 103:428.816 - 0.596ms returns FALSE
T32A0 103:536.368 JLINK_IsHalted()
T32A0 103:537.056 - 0.687ms returns FALSE
T32A0 103:537.104 JLINK_IsHalted()
T32A0 103:537.688 - 0.580ms returns FALSE
T32A0 103:646.416 JLINK_IsHalted()
T32A0 103:647.072 - 0.656ms returns FALSE
T32A0 103:647.104 JLINK_IsHalted()
T32A0 103:647.648 - 0.543ms returns FALSE
T32A0 103:755.352 JLINK_IsHalted()
T32A0 103:756.752 - 1.398ms returns FALSE
T32A0 103:756.800 JLINK_IsHalted()
T32A0 103:757.368 - 0.566ms returns FALSE
T5484 103:821.712 JLINK_IsHalted()
T5484 103:822.456 - 0.748ms returns FALSE
T5484 103:822.504 JLINK_IsHalted()
T5484 103:823.168 - 0.663ms returns FALSE
T32A0 103:864.400 JLINK_IsHalted()
T32A0 103:871.088 - 6.685ms returns FALSE
T32A0 103:871.152 JLINK_IsHalted()
T32A0 103:871.904 - 0.755ms returns FALSE
T32A0 103:974.360 JLINK_IsHalted()
T32A0 103:975.072 - 0.711ms returns FALSE
T32A0 103:975.128 JLINK_IsHalted()
T32A0 103:975.768 - 0.638ms returns FALSE
T32A0 104:083.344 JLINK_IsHalted()
T32A0 104:084.016 - 0.681ms returns FALSE
T32A0 104:084.104 JLINK_IsHalted()
T32A0 104:084.640 - 0.537ms returns FALSE
T32A0 104:193.336 JLINK_IsHalted()
T32A0 104:193.960 - 0.620ms returns FALSE
T32A0 104:194.000 JLINK_IsHalted()
T32A0 104:194.736 - 0.733ms returns FALSE
T32A0 104:302.328 JLINK_IsHalted()
T32A0 104:302.920 - 0.591ms returns FALSE
T32A0 104:302.952 JLINK_IsHalted()
T32A0 104:303.504 - 0.556ms returns FALSE
T32A0 104:411.344 JLINK_IsHalted()
T32A0 104:411.928 - 0.590ms returns FALSE
T32A0 104:411.968 JLINK_IsHalted()
T32A0 104:412.560 - 0.586ms returns FALSE
T32A0 104:521.376 JLINK_IsHalted()
T32A0 104:521.984 - 0.611ms returns FALSE
T32A0 104:522.032 JLINK_IsHalted()
T32A0 104:522.600 - 0.570ms returns FALSE
T32A0 104:630.360 JLINK_IsHalted()
T32A0 104:630.984 - 0.617ms returns FALSE
T32A0 104:631.024 JLINK_IsHalted()
T32A0 104:631.632 - 0.607ms returns FALSE
T32A0 104:739.368 JLINK_IsHalted()
T32A0 104:740.208 - 0.836ms returns FALSE
T32A0 104:740.272 JLINK_IsHalted()
T32A0 104:741.368 - 1.102ms returns FALSE
T32A0 104:849.400 JLINK_IsHalted()
T32A0 104:857.728 - 8.327ms returns FALSE
T32A0 104:857.792 JLINK_IsHalted()
T32A0 104:899.888 - 42.091ms returns FALSE
T5484 104:904.168 JLINK_IsHalted()
T5484 104:904.824 - 0.656ms returns FALSE
T5484 104:904.864 JLINK_IsHalted()
T5484 104:905.432 - 0.567ms returns FALSE
T32A0 105:005.352 JLINK_IsHalted()
T32A0 105:006.088 - 0.731ms returns FALSE
T32A0 105:006.128 JLINK_IsHalted()
T32A0 105:006.728 - 0.592ms returns FALSE
T32A0 105:114.584 JLINK_IsHalted()
T32A0 105:115.584 - 0.996ms returns FALSE
T32A0 105:115.624 JLINK_IsHalted()
T32A0 105:116.208 - 0.590ms returns FALSE
T32A0 105:224.288 JLINK_IsHalted()
T32A0 105:224.904 - 0.614ms returns FALSE
T32A0 105:224.944 JLINK_IsHalted()
T32A0 105:225.512 - 0.565ms returns FALSE
T32A0 105:333.264 JLINK_IsHalted()
T32A0 105:333.848 - 0.581ms returns FALSE
T32A0 105:333.904 JLINK_IsHalted()
T32A0 105:334.424 - 0.521ms returns FALSE
T32A0 105:443.264 JLINK_IsHalted()
T32A0 105:443.920 - 0.661ms returns FALSE
T32A0 105:443.968 JLINK_IsHalted()
T32A0 105:444.560 - 0.586ms returns FALSE
T32A0 105:552.296 JLINK_IsHalted()
T32A0 105:552.848 - 0.554ms returns FALSE
T32A0 105:552.880 JLINK_IsHalted()
T32A0 105:553.448 - 0.560ms returns FALSE
T32A0 105:661.312 JLINK_IsHalted()
T32A0 105:661.936 - 0.625ms returns FALSE
T32A0 105:661.976 JLINK_IsHalted()
T32A0 105:662.592 - 0.612ms returns FALSE
T32A0 105:771.344 JLINK_IsHalted()
T32A0 105:772.288 - 0.941ms returns FALSE
T32A0 105:772.352 JLINK_IsHalted()
T32A0 105:772.984 - 0.638ms returns FALSE
T32A0 105:880.272 JLINK_IsHalted()
T32A0 105:880.912 - 0.647ms returns FALSE
T32A0 105:880.952 JLINK_IsHalted()
T32A0 105:881.488 - 0.529ms returns FALSE
T5484 105:906.496 JLINK_IsHalted()
T5484 105:907.160 - 0.666ms returns FALSE
T5484 105:907.208 JLINK_IsHalted()
T5484 105:907.824 - 0.611ms returns FALSE
T32A0 105:990.288 JLINK_IsHalted()
T32A0 105:990.960 - 0.672ms returns FALSE
T32A0 105:991.016 JLINK_IsHalted()
T32A0 105:991.576 - 0.565ms returns FALSE
T32A0 106:099.344 JLINK_IsHalted()
T32A0 106:100.208 - 0.873ms returns FALSE
T32A0 106:100.272 JLINK_IsHalted()
T32A0 106:101.096 - 0.823ms returns FALSE
T32A0 106:208.336 JLINK_IsHalted()
T32A0 106:209.072 - 0.727ms returns FALSE
T32A0 106:209.104 JLINK_IsHalted()
T32A0 106:209.816 - 0.705ms returns FALSE
T32A0 106:318.272 JLINK_IsHalted()
T32A0 106:318.896 - 0.622ms returns FALSE
T32A0 106:318.928 JLINK_IsHalted()
T32A0 106:319.480 - 0.556ms returns FALSE
T32A0 106:427.312 JLINK_IsHalted()
T32A0 106:427.968 - 0.661ms returns FALSE
T32A0 106:428.008 JLINK_IsHalted()
T32A0 106:428.616 - 0.611ms returns FALSE
T32A0 106:536.272 JLINK_IsHalted()
T32A0 106:537.040 - 0.764ms returns FALSE
T32A0 106:537.088 JLINK_IsHalted()
T32A0 106:537.648 - 0.558ms returns FALSE
T32A0 106:645.960 JLINK_IsHalted()
T32A0 106:646.608 - 0.646ms returns FALSE
T32A0 106:646.680 JLINK_IsHalted()
T32A0 106:647.216 - 0.529ms returns FALSE
T32A0 106:755.912 JLINK_IsHalted()
T32A0 106:756.528 - 0.611ms returns FALSE
T32A0 106:756.560 JLINK_IsHalted()
T32A0 106:757.368 - 0.804ms returns FALSE
T32A0 106:864.944 JLINK_IsHalted()
T32A0 106:865.696 - 0.747ms returns FALSE
T32A0 106:865.744 JLINK_IsHalted()
T32A0 106:866.360 - 0.608ms returns FALSE
T5484 106:919.624 JLINK_IsHalted()
T5484 106:920.376 - 0.757ms returns FALSE
T5484 106:920.424 JLINK_IsHalted()
T5484 106:921.256 - 0.830ms returns FALSE
T32A0 106:974.184 JLINK_IsHalted()
T32A0 106:974.984 - 0.796ms returns FALSE
T32A0 106:975.032 JLINK_IsHalted()
T32A0 106:979.264 - 4.227ms returns FALSE
T32A0 107:083.968 JLINK_IsHalted()
T32A0 107:084.912 - 0.938ms returns FALSE
T32A0 107:084.944 JLINK_IsHalted()
T32A0 107:085.496 - 0.549ms returns FALSE
T32A0 107:192.952 JLINK_IsHalted()
T32A0 107:194.360 - 1.405ms returns FALSE
T32A0 107:194.472 JLINK_IsHalted()
T32A0 107:195.232 - 0.759ms returns FALSE
T32A0 107:301.912 JLINK_IsHalted()
T32A0 107:302.560 - 0.642ms returns FALSE
T32A0 107:302.592 JLINK_IsHalted()
T32A0 107:303.160 - 0.566ms returns FALSE
T32A0 107:411.904 JLINK_IsHalted()
T32A0 107:412.528 - 0.619ms returns FALSE
T32A0 107:412.560 JLINK_IsHalted()
T32A0 107:413.072 - 0.511ms returns FALSE
T32A0 107:520.912 JLINK_IsHalted()
T32A0 107:521.520 - 0.617ms returns FALSE
T32A0 107:521.560 JLINK_IsHalted()
T32A0 107:522.152 - 0.589ms returns FALSE
T32A0 107:630.656 JLINK_IsHalted()
T32A0 107:631.504 - 0.696ms returns FALSE
T32A0 107:631.656 JLINK_IsHalted()
T32A0 107:632.384 - 0.734ms returns FALSE
T32A0 107:739.608 JLINK_IsHalted()
T32A0 107:740.208 - 0.614ms returns FALSE
T32A0 107:740.248 JLINK_IsHalted()
T32A0 107:740.864 - 0.612ms returns FALSE
T32A0 107:849.640 JLINK_IsHalted()
T32A0 107:850.352 - 0.719ms returns FALSE
T32A0 107:850.392 JLINK_IsHalted()
T32A0 107:850.944 - 0.558ms returns FALSE
T5484 107:921.744 JLINK_IsHalted()
T5484 107:922.704 - 0.960ms returns FALSE
T5484 107:922.768 JLINK_IsHalted()
T5484 107:923.416 - 0.647ms returns FALSE
T32A0 107:958.360 JLINK_IsHalted()
T32A0 107:959.000 - 0.640ms returns FALSE
T32A0 107:959.024 JLINK_IsHalted()
T32A0 107:959.592 - 0.557ms returns FALSE
T32A0 108:068.400 JLINK_IsHalted()
T32A0 108:069.208 - 0.799ms returns FALSE
T32A0 108:069.264 JLINK_IsHalted()
T32A0 108:069.888 - 0.624ms returns FALSE
T32A0 108:177.040 JLINK_IsHalted()
T32A0 108:177.704 - 0.668ms returns FALSE
T32A0 108:177.744 JLINK_IsHalted()
T32A0 108:178.352 - 0.605ms returns FALSE
T32A0 108:286.568 JLINK_IsHalted()
T32A0 108:287.232 - 0.667ms returns FALSE
T32A0 108:287.272 JLINK_IsHalted()
T32A0 108:287.832 - 0.562ms returns FALSE
T32A0 108:396.504 JLINK_IsHalted()
T32A0 108:397.168 - 0.665ms returns FALSE
T32A0 108:397.200 JLINK_IsHalted()
T32A0 108:397.776 - 0.576ms returns FALSE
T32A0 108:505.520 JLINK_IsHalted()
T32A0 108:506.200 - 0.674ms returns FALSE
T32A0 108:506.240 JLINK_IsHalted()
T32A0 108:506.840 - 0.604ms returns FALSE
T32A0 108:615.320 JLINK_IsHalted()
T32A0 108:616.152 - 0.827ms returns FALSE
T32A0 108:616.208 JLINK_IsHalted()
T32A0 108:616.896 - 0.689ms returns FALSE
T32A0 108:724.656 JLINK_IsHalted()
T32A0 108:725.520 - 0.863ms returns FALSE
T32A0 108:725.568 JLINK_IsHalted()
T32A0 108:726.384 - 0.812ms returns FALSE
T32A0 108:833.872 JLINK_IsHalted()
T32A0 108:834.512 - 0.635ms returns FALSE
T32A0 108:834.536 JLINK_IsHalted()
T32A0 108:835.096 - 0.558ms returns FALSE
T5484 108:924.264 JLINK_IsHalted()
T5484 108:925.096 - 0.826ms returns FALSE
T5484 108:925.144 JLINK_IsHalted()
T5484 108:925.784 - 0.633ms returns FALSE
T32A0 108:943.832 JLINK_IsHalted()
T32A0 108:944.576 - 0.750ms returns FALSE
T32A0 108:944.624 JLINK_IsHalted()
T32A0 108:945.536 - 0.911ms returns FALSE
T32A0 109:051.928 JLINK_IsHalted()
T32A0 109:052.592 - 0.659ms returns FALSE
T32A0 109:052.632 JLINK_IsHalted()
T32A0 109:053.208 - 0.584ms returns FALSE
T32A0 109:161.392 JLINK_IsHalted()
T32A0 109:162.224 - 0.832ms returns FALSE
T32A0 109:162.280 JLINK_IsHalted()
T32A0 109:163.008 - 0.722ms returns FALSE
T32A0 109:270.760 JLINK_IsHalted()
T32A0 109:271.464 - 0.700ms returns FALSE
T32A0 109:271.504 JLINK_IsHalted()
T32A0 109:272.192 - 0.694ms returns FALSE
T32A0 109:380.840 JLINK_IsHalted()
T32A0 109:381.696 - 0.850ms returns FALSE
T32A0 109:381.744 JLINK_IsHalted()
T32A0 109:382.416 - 0.672ms returns FALSE
T32A0 109:489.816 JLINK_IsHalted()
T32A0 109:490.664 - 0.839ms returns FALSE
T32A0 109:490.704 JLINK_IsHalted()
T32A0 109:491.408 - 0.705ms returns FALSE
T32A0 109:598.824 JLINK_IsHalted()
T32A0 109:599.680 - 0.856ms returns FALSE
T32A0 109:599.744 JLINK_IsHalted()
T32A0 109:600.472 - 0.727ms returns FALSE
T32A0 109:708.848 JLINK_IsHalted()
T32A0 109:709.712 - 0.858ms returns FALSE
T32A0 109:709.760 JLINK_IsHalted()
T32A0 109:710.568 - 0.803ms returns FALSE
T32A0 109:817.744 JLINK_IsHalted()
T32A0 109:818.352 - 0.620ms returns FALSE
T32A0 109:818.392 JLINK_IsHalted()
T32A0 109:818.984 - 0.584ms returns FALSE
T5484 109:926.320 JLINK_IsHalted()
T5484 109:927.296 - 0.975ms returns FALSE
T5484 109:927.360 JLINK_IsHalted()
T5484 109:928.080 - 0.725ms returns FALSE
T32A0 109:928.232 JLINK_IsHalted()
T32A0 109:928.912 - 0.679ms returns FALSE
T32A0 109:928.960 JLINK_IsHalted()
T32A0 109:929.768 - 0.801ms returns FALSE
T32A0 110:036.840 JLINK_IsHalted()
T32A0 110:037.528 - 0.689ms returns FALSE
T32A0 110:037.584 JLINK_IsHalted()
T32A0 110:038.168 - 0.591ms returns FALSE
T32A0 110:145.944 JLINK_IsHalted()
T32A0 110:146.712 - 0.764ms returns FALSE
T32A0 110:146.768 JLINK_IsHalted()
T32A0 110:147.568 - 0.798ms returns FALSE
T32A0 110:255.640 JLINK_IsHalted()
T32A0 110:256.408 - 0.767ms returns FALSE
T32A0 110:256.448 JLINK_IsHalted()
T32A0 110:257.136 - 0.685ms returns FALSE
T32A0 110:364.712 JLINK_IsHalted()
T32A0 110:365.504 - 0.783ms returns FALSE
T32A0 110:365.544 JLINK_IsHalted()
T32A0 110:366.416 - 0.879ms returns FALSE
T32A0 110:474.728 JLINK_IsHalted()
T32A0 110:475.536 - 0.803ms returns FALSE
T32A0 110:475.584 JLINK_IsHalted()
T32A0 110:476.376 - 0.792ms returns FALSE
T32A0 110:583.640 JLINK_IsHalted()
T32A0 110:584.344 - 0.701ms returns FALSE
T32A0 110:584.384 JLINK_IsHalted()
T32A0 110:584.960 - 0.579ms returns FALSE
T32A0 110:692.928 JLINK_IsHalted()
T32A0 110:693.736 - 0.805ms returns FALSE
T32A0 110:693.808 JLINK_IsHalted()
T32A0 110:694.480 - 0.660ms returns FALSE
T32A0 110:801.904 JLINK_IsHalted()
T32A0 110:802.640 - 0.728ms returns FALSE
T32A0 110:802.688 JLINK_IsHalted()
T32A0 110:803.352 - 0.676ms returns FALSE
T32A0 110:911.960 JLINK_IsHalted()
T32A0 110:912.784 - 0.812ms returns FALSE
T32A0 110:912.832 JLINK_IsHalted()
T32A0 110:913.664 - 0.827ms returns FALSE
T5484 110:928.720 JLINK_IsHalted()
T5484 110:929.496 - 0.782ms returns FALSE
T5484 110:929.552 JLINK_IsHalted()
T5484 110:930.256 - 0.705ms returns FALSE
T32A0 111:020.880 JLINK_IsHalted()
T32A0 111:021.568 - 0.697ms returns FALSE
T32A0 111:021.608 JLINK_IsHalted()
T32A0 111:022.184 - 0.569ms returns FALSE
T32A0 111:130.864 JLINK_IsHalted()
T32A0 111:131.584 - 0.719ms returns FALSE
T32A0 111:131.648 JLINK_IsHalted()
T32A0 111:132.240 - 0.578ms returns FALSE
T32A0 111:240.488 JLINK_IsHalted()
T32A0 111:241.328 - 0.846ms returns FALSE
T32A0 111:241.384 JLINK_IsHalted()
T32A0 111:242.304 - 0.916ms returns FALSE
T32A0 111:349.712 JLINK_IsHalted()
T32A0 111:350.680 - 0.979ms returns FALSE
T32A0 111:350.760 JLINK_IsHalted()
T32A0 111:351.616 - 0.863ms returns FALSE
T32A0 111:458.968 JLINK_IsHalted()
T32A0 111:459.736 - 0.767ms returns FALSE
T32A0 111:459.824 JLINK_IsHalted()
T32A0 111:460.544 - 0.718ms returns FALSE
T32A0 111:567.824 JLINK_IsHalted()
T32A0 111:568.488 - 0.668ms returns FALSE
T32A0 111:568.576 JLINK_IsHalted()
T32A0 111:569.280 - 0.706ms returns FALSE
T32A0 111:677.440 JLINK_IsHalted()
T32A0 111:678.104 - 0.665ms returns FALSE
T32A0 111:678.128 JLINK_IsHalted()
T32A0 111:678.744 - 0.612ms returns FALSE
T32A0 111:786.960 JLINK_IsHalted()
T32A0 111:787.568 - 0.614ms returns FALSE
T32A0 111:787.608 JLINK_IsHalted()
T32A0 111:788.184 - 0.581ms returns FALSE
T32A0 111:896.144 JLINK_IsHalted()
T32A0 111:896.920 - 0.774ms returns FALSE
T32A0 111:896.976 JLINK_IsHalted()
T32A0 111:897.712 - 0.739ms returns FALSE
T5484 111:930.392 JLINK_IsHalted()
T5484 111:931.264 - 0.870ms returns FALSE
T5484 111:931.312 JLINK_IsHalted()
T5484 111:932.080 - 0.763ms returns FALSE
T32A0 112:005.040 JLINK_IsHalted()
T32A0 112:005.696 - 0.653ms returns FALSE
T32A0 112:005.736 JLINK_IsHalted()
T32A0 112:006.376 - 0.639ms returns FALSE
T32A0 112:115.136 JLINK_IsHalted()
T32A0 112:115.984 - 0.847ms returns FALSE
T32A0 112:116.032 JLINK_IsHalted()
T32A0 112:116.824 - 0.783ms returns FALSE
T32A0 112:224.152 JLINK_IsHalted()
T32A0 112:225.000 - 0.844ms returns FALSE
T32A0 112:225.072 JLINK_IsHalted()
T32A0 112:225.832 - 0.755ms returns FALSE
T32A0 112:333.168 JLINK_IsHalted()
T32A0 112:334.016 - 0.840ms returns FALSE
T32A0 112:334.056 JLINK_IsHalted()
T32A0 112:334.760 - 0.692ms returns FALSE
T32A0 112:443.176 JLINK_IsHalted()
T32A0 112:444.008 - 0.826ms returns FALSE
T32A0 112:444.048 JLINK_IsHalted()
T32A0 112:444.904 - 0.860ms returns FALSE
T32A0 112:552.808 JLINK_IsHalted()
T32A0 112:553.488 - 0.670ms returns FALSE
T32A0 112:553.520 JLINK_IsHalted()
T32A0 112:554.088 - 0.566ms returns FALSE
T32A0 112:662.168 JLINK_IsHalted()
T32A0 112:663.000 - 0.830ms returns FALSE
T32A0 112:663.080 JLINK_IsHalted()
T32A0 112:663.728 - 0.651ms returns FALSE
T32A0 112:771.048 JLINK_IsHalted()
T32A0 112:771.712 - 0.664ms returns FALSE
T32A0 112:771.776 JLINK_IsHalted()
T32A0 112:772.440 - 0.670ms returns FALSE
T32A0 112:880.152 JLINK_IsHalted()
T32A0 112:881.040 - 0.885ms returns FALSE
T32A0 112:881.088 JLINK_IsHalted()
T32A0 112:881.968 - 0.882ms returns FALSE
T5484 112:932.504 JLINK_IsHalted()
T5484 112:933.424 - 0.927ms returns FALSE
T5484 112:933.488 JLINK_IsHalted()
T5484 112:934.376 - 0.883ms returns FALSE
T32A0 112:990.168 JLINK_IsHalted()
T32A0 112:990.960 - 0.789ms returns FALSE
T32A0 112:991.000 JLINK_IsHalted()
T32A0 112:991.728 - 0.724ms returns FALSE
T32A0 113:099.688 JLINK_IsHalted()
T32A0 113:100.504 - 0.814ms returns FALSE
T32A0 113:100.560 JLINK_IsHalted()
T32A0 113:101.272 - 0.715ms returns FALSE
T32A0 113:208.832 JLINK_IsHalted()
T32A0 113:209.560 - 0.724ms returns FALSE
T32A0 113:209.600 JLINK_IsHalted()
T32A0 113:210.368 - 0.771ms returns FALSE
T32A0 113:317.904 JLINK_IsHalted()
T32A0 113:318.608 - 0.705ms returns FALSE
T32A0 113:318.640 JLINK_IsHalted()
T32A0 113:319.248 - 0.598ms returns FALSE
T32A0 113:426.960 JLINK_IsHalted()
T32A0 113:427.776 - 0.817ms returns FALSE
T32A0 113:427.816 JLINK_IsHalted()
T32A0 113:428.712 - 0.888ms returns FALSE
T32A0 113:537.176 JLINK_IsHalted()
T32A0 113:537.832 - 0.656ms returns FALSE
T32A0 113:537.872 JLINK_IsHalted()
T32A0 113:538.472 - 0.595ms returns FALSE
T32A0 113:646.128 JLINK_IsHalted()
T32A0 113:646.744 - 0.611ms returns FALSE
T32A0 113:646.768 JLINK_IsHalted()
T32A0 113:647.336 - 0.562ms returns FALSE
T32A0 113:755.416 JLINK_IsHalted()
T32A0 113:756.048 - 0.627ms returns FALSE
T32A0 113:756.080 JLINK_IsHalted()
T32A0 113:756.656 - 0.585ms returns FALSE
T32A0 113:864.720 JLINK_IsHalted()
T32A0 113:865.680 - 0.959ms returns FALSE
T32A0 113:865.712 JLINK_IsHalted()
T32A0 113:866.344 - 0.630ms returns FALSE
T5484 113:934.992 JLINK_IsHalted()
T5484 113:935.784 - 0.794ms returns FALSE
T5484 113:935.832 JLINK_IsHalted()
T5484 113:936.464 - 0.634ms returns FALSE
T32A0 113:974.576 JLINK_IsHalted()
T32A0 113:975.232 - 0.648ms returns FALSE
T32A0 113:975.280 JLINK_IsHalted()
T32A0 113:975.848 - 0.566ms returns FALSE
T32A0 114:083.688 JLINK_IsHalted()
T32A0 114:084.560 - 0.877ms returns FALSE
T32A0 114:084.632 JLINK_IsHalted()
T32A0 114:085.376 - 0.743ms returns FALSE
T32A0 114:192.688 JLINK_IsHalted()
T32A0 114:193.520 - 0.840ms returns FALSE
T32A0 114:193.584 JLINK_IsHalted()
T32A0 114:194.304 - 0.724ms returns FALSE
T32A0 114:302.608 JLINK_IsHalted()
T32A0 114:303.344 - 0.740ms returns FALSE
T32A0 114:303.376 JLINK_IsHalted()
T32A0 114:303.920 - 0.552ms returns FALSE
T32A0 114:411.696 JLINK_IsHalted()
T32A0 114:412.560 - 0.856ms returns FALSE
T32A0 114:412.592 JLINK_IsHalted()
T32A0 114:413.440 - 0.844ms returns FALSE
T32A0 114:520.664 JLINK_IsHalted()
T32A0 114:521.360 - 0.689ms returns FALSE
T32A0 114:521.384 JLINK_IsHalted()
T32A0 114:521.920 - 0.529ms returns FALSE
T32A0 114:630.976 JLINK_IsHalted()
T32A0 114:631.856 - 0.882ms returns FALSE
T32A0 114:631.896 JLINK_IsHalted()
T32A0 114:632.664 - 0.760ms returns FALSE
T32A0 114:739.880 JLINK_IsHalted()
T32A0 114:740.568 - 0.697ms returns FALSE
T32A0 114:740.624 JLINK_IsHalted()
T32A0 114:741.248 - 0.624ms returns FALSE
T32A0 114:848.880 JLINK_IsHalted()
T32A0 114:849.816 - 0.931ms returns FALSE
T32A0 114:849.872 JLINK_IsHalted()
T32A0 114:850.768 - 0.899ms returns FALSE
T5484 114:937.256 JLINK_IsHalted()
T5484 114:937.904 - 0.659ms returns FALSE
T5484 114:937.960 JLINK_IsHalted()
T5484 114:938.600 - 0.634ms returns FALSE
T32A0 114:958.616 JLINK_IsHalted()
T32A0 114:959.360 - 0.741ms returns FALSE
T32A0 114:959.400 JLINK_IsHalted()
T32A0 114:960.104 - 0.703ms returns FALSE
T32A0 115:067.584 JLINK_IsHalted()
T32A0 115:068.240 - 0.651ms returns FALSE
T32A0 115:068.304 JLINK_IsHalted()
T32A0 115:069.032 - 0.724ms returns FALSE
T32A0 115:176.920 JLINK_IsHalted()
T32A0 115:177.624 - 0.698ms returns FALSE
T32A0 115:177.680 JLINK_IsHalted()
T32A0 115:178.264 - 0.587ms returns FALSE
T32A0 115:287.040 JLINK_IsHalted()
T32A0 115:287.728 - 0.696ms returns FALSE
T32A0 115:287.768 JLINK_IsHalted()
T32A0 115:288.384 - 0.611ms returns FALSE
T32A0 115:396.016 JLINK_IsHalted()
T32A0 115:421.736 - 25.720ms returns FALSE
T32A0 115:421.800 JLINK_IsHalted()
T32A0 115:465.304 - 43.495ms returns FALSE
T32A0 115:568.024 JLINK_IsHalted()
T32A0 115:568.720 - 0.688ms returns FALSE
T32A0 115:568.784 JLINK_IsHalted()
T32A0 115:569.368 - 0.583ms returns FALSE
T32A0 115:677.080 JLINK_IsHalted()
T32A0 115:726.096 - 49.016ms returns FALSE
T32A0 115:726.160 JLINK_IsHalted()
T32A0 115:726.784 - 0.618ms returns FALSE
T32A0 115:834.096 JLINK_IsHalted()
T32A0 115:834.992 - 0.895ms returns FALSE
T32A0 115:835.048 JLINK_IsHalted()
T32A0 115:835.736 - 0.688ms returns FALSE
T5484 115:939.120 JLINK_IsHalted()
T5484 115:939.824 - 0.697ms returns FALSE
T5484 115:939.880 JLINK_IsHalted()
T5484 115:940.480 - 0.597ms returns FALSE
T32A0 115:942.832 JLINK_IsHalted()
T32A0 115:943.528 - 0.690ms returns FALSE
T32A0 115:943.552 JLINK_IsHalted()
T32A0 115:944.208 - 0.654ms returns FALSE
T32A0 116:051.968 JLINK_IsHalted()
T32A0 116:052.688 - 0.718ms returns FALSE
T32A0 116:052.736 JLINK_IsHalted()
T32A0 116:053.352 - 0.612ms returns FALSE
T32A0 116:162.088 JLINK_IsHalted()
T32A0 116:163.048 - 0.962ms returns FALSE
T32A0 116:163.096 JLINK_IsHalted()
T32A0 116:163.968 - 0.871ms returns FALSE
T32A0 116:271.144 JLINK_IsHalted()
T32A0 116:271.832 - 0.700ms returns FALSE
T32A0 116:271.872 JLINK_IsHalted()
T32A0 116:272.496 - 0.619ms returns FALSE
T32A0 116:380.240 JLINK_IsHalted()
T32A0 116:381.056 - 0.828ms returns FALSE
T32A0 116:381.104 JLINK_IsHalted()
T32A0 116:381.840 - 0.731ms returns FALSE
T32A0 116:490.136 JLINK_IsHalted()
T32A0 116:490.800 - 0.667ms returns FALSE
T32A0 116:490.840 JLINK_IsHalted()
T32A0 116:491.472 - 0.637ms returns FALSE
T32A0 116:599.576 JLINK_IsHalted()
T32A0 116:600.360 - 0.787ms returns FALSE
T32A0 116:600.408 JLINK_IsHalted()
T32A0 116:601.256 - 0.844ms returns FALSE
T32A0 116:708.328 JLINK_IsHalted()
T32A0 116:708.968 - 0.646ms returns FALSE
T32A0 116:709.008 JLINK_IsHalted()
T32A0 116:709.632 - 0.633ms returns FALSE
T32A0 116:818.304 JLINK_IsHalted()
T32A0 116:819.112 - 0.809ms returns FALSE
T32A0 116:819.176 JLINK_IsHalted()
T32A0 116:819.952 - 0.776ms returns FALSE
T32A0 116:927.128 JLINK_IsHalted()
T32A0 116:927.912 - 0.777ms returns FALSE
T32A0 116:927.976 JLINK_IsHalted()
T32A0 116:928.664 - 0.690ms returns FALSE
T5484 116:941.360 JLINK_IsHalted()
T5484 116:942.064 - 0.696ms returns FALSE
T5484 116:942.104 JLINK_IsHalted()
T5484 116:942.736 - 0.618ms returns FALSE
T32A0 117:037.040 JLINK_IsHalted()
T32A0 117:037.720 - 0.675ms returns FALSE
T32A0 117:037.744 JLINK_IsHalted()
T32A0 117:038.360 - 0.608ms returns FALSE
T32A0 117:146.112 JLINK_IsHalted()
T32A0 117:146.984 - 0.869ms returns FALSE
T32A0 117:147.032 JLINK_IsHalted()
T32A0 117:147.816 - 0.770ms returns FALSE
T32A0 117:255.016 JLINK_IsHalted()
T32A0 117:255.680 - 0.666ms returns FALSE
T32A0 117:255.720 JLINK_IsHalted()
T32A0 117:256.360 - 0.637ms returns FALSE
T32A0 117:365.080 JLINK_IsHalted()
T32A0 117:365.840 - 0.749ms returns FALSE
T32A0 117:365.872 JLINK_IsHalted()
T32A0 117:366.568 - 0.685ms returns FALSE
T32A0 117:474.024 JLINK_IsHalted()
T32A0 117:474.736 - 0.717ms returns FALSE
T32A0 117:474.792 JLINK_IsHalted()
T32A0 117:475.472 - 0.677ms returns FALSE
T32A0 117:584.064 JLINK_IsHalted()
T32A0 117:584.792 - 0.731ms returns FALSE
T32A0 117:584.832 JLINK_IsHalted()
T32A0 117:585.536 - 0.692ms returns FALSE
T32A0 117:693.040 JLINK_IsHalted()
T32A0 117:693.744 - 0.709ms returns FALSE
T32A0 117:693.800 JLINK_IsHalted()
T32A0 117:694.384 - 0.593ms returns FALSE
T32A0 117:802.008 JLINK_IsHalted()
T32A0 117:802.792 - 0.781ms returns FALSE
T32A0 117:802.864 JLINK_IsHalted()
T32A0 117:803.456 - 0.592ms returns FALSE
T32A0 117:912.112 JLINK_IsHalted()
T32A0 117:913.000 - 0.888ms returns FALSE
T32A0 117:913.048 JLINK_IsHalted()
T32A0 117:914.008 - 0.950ms returns FALSE
T5484 117:944.272 JLINK_IsHalted()
T5484 117:944.960 - 0.700ms returns FALSE
T5484 117:945.024 JLINK_IsHalted()
T5484 117:945.776 - 0.760ms returns FALSE
T32A0 118:021.032 JLINK_IsHalted()
T32A0 118:021.680 - 0.656ms returns FALSE
T32A0 118:021.720 JLINK_IsHalted()
T32A0 118:022.864 - 1.136ms returns FALSE
T32A0 118:130.152 JLINK_IsHalted()
T32A0 118:130.904 - 0.754ms returns FALSE
T32A0 118:130.960 JLINK_IsHalted()
T32A0 118:131.688 - 0.727ms returns FALSE
T32A0 118:240.064 JLINK_IsHalted()
T32A0 118:240.720 - 0.656ms returns FALSE
T32A0 118:240.752 JLINK_IsHalted()
T32A0 118:241.344 - 0.592ms returns FALSE
T32A0 118:349.144 JLINK_IsHalted()
T32A0 118:350.016 - 0.864ms returns FALSE
T32A0 118:350.064 JLINK_IsHalted()
T32A0 118:350.848 - 0.786ms returns FALSE
T32A0 118:458.984 JLINK_IsHalted()
T32A0 118:459.624 - 0.643ms returns FALSE
T32A0 118:459.664 JLINK_IsHalted()
T32A0 118:460.392 - 0.725ms returns FALSE
T32A0 118:568.016 JLINK_IsHalted()
T32A0 118:568.856 - 0.846ms returns FALSE
T32A0 118:568.912 JLINK_IsHalted()
T32A0 118:569.648 - 0.736ms returns FALSE
T32A0 118:676.912 JLINK_IsHalted()
T32A0 118:677.616 - 0.698ms returns FALSE
T32A0 118:677.656 JLINK_IsHalted()
T32A0 118:678.256 - 0.596ms returns FALSE
T32A0 118:786.880 JLINK_IsHalted()
T32A0 118:787.584 - 0.698ms returns FALSE
T32A0 118:787.624 JLINK_IsHalted()
T32A0 118:788.208 - 0.587ms returns FALSE
T32A0 118:895.912 JLINK_IsHalted()
T32A0 118:896.592 - 0.678ms returns FALSE
T32A0 118:896.640 JLINK_IsHalted()
T32A0 118:897.240 - 0.600ms returns FALSE
T5484 118:947.240 JLINK_IsHalted()
T5484 118:948.072 - 0.827ms returns FALSE
T5484 118:948.120 JLINK_IsHalted()
T5484 118:948.952 - 0.835ms returns FALSE
T32A0 119:005.200 JLINK_IsHalted()
T32A0 119:005.864 - 0.659ms returns FALSE
T32A0 119:005.912 JLINK_IsHalted()
T32A0 119:006.552 - 0.631ms returns FALSE
T32A0 119:115.280 JLINK_IsHalted()
T32A0 119:116.072 - 0.801ms returns FALSE
T32A0 119:116.120 JLINK_IsHalted()
T32A0 119:116.888 - 0.766ms returns FALSE
T32A0 119:224.624 JLINK_IsHalted()
T32A0 119:225.256 - 0.627ms returns FALSE
T32A0 119:225.296 JLINK_IsHalted()
T32A0 119:225.896 - 0.595ms returns FALSE
T32A0 119:333.696 JLINK_IsHalted()
T32A0 119:334.568 - 0.867ms returns FALSE
T32A0 119:334.640 JLINK_IsHalted()
T32A0 119:335.408 - 0.764ms returns FALSE
T32A0 119:442.608 JLINK_IsHalted()
T32A0 119:443.248 - 0.638ms returns FALSE
T32A0 119:443.288 JLINK_IsHalted()
T32A0 119:444.048 - 0.753ms returns FALSE
T32A0 119:552.256 JLINK_IsHalted()
T32A0 119:553.168 - 0.903ms returns FALSE
T32A0 119:553.200 JLINK_IsHalted()
T32A0 119:554.096 - 0.890ms returns FALSE
T32A0 119:661.528 JLINK_IsHalted()
T32A0 119:662.208 - 0.678ms returns FALSE
T32A0 119:662.232 JLINK_IsHalted()
T32A0 119:662.888 - 0.643ms returns FALSE
T32A0 119:770.648 JLINK_IsHalted()
T32A0 119:771.392 - 0.738ms returns FALSE
T32A0 119:771.456 JLINK_IsHalted()
T32A0 119:772.112 - 0.655ms returns FALSE
T32A0 119:880.064 JLINK_IsHalted()
T32A0 119:880.920 - 0.860ms returns FALSE
T32A0 119:880.984 JLINK_IsHalted()
T32A0 119:881.712 - 0.724ms returns FALSE
T5484 119:949.160 JLINK_IsHalted()
T5484 119:949.840 - 0.683ms returns FALSE
T5484 119:949.912 JLINK_IsHalted()
T5484 119:950.552 - 0.638ms returns FALSE
T32A0 119:989.952 JLINK_IsHalted()
T32A0 119:990.576 - 0.624ms returns FALSE
T32A0 119:990.608 JLINK_IsHalted()
T32A0 119:991.192 - 0.583ms returns FALSE
T32A0 120:099.008 JLINK_IsHalted()
T32A0 120:099.712 - 0.703ms returns FALSE
T32A0 120:099.752 JLINK_IsHalted()
T32A0 120:100.352 - 0.603ms returns FALSE
T32A0 120:208.240 JLINK_IsHalted()
T32A0 120:208.920 - 0.665ms returns FALSE
T32A0 120:208.944 JLINK_IsHalted()
T32A0 120:209.496 - 0.545ms returns FALSE
T32A0 120:317.976 JLINK_IsHalted()
T32A0 120:318.848 - 0.864ms returns FALSE
T32A0 120:318.928 JLINK_IsHalted()
T32A0 120:319.616 - 0.697ms returns FALSE
T32A0 120:426.896 JLINK_IsHalted()
T32A0 120:427.584 - 0.693ms returns FALSE
T32A0 120:427.624 JLINK_IsHalted()
T32A0 120:428.248 - 0.628ms returns FALSE
T32A0 120:536.984 JLINK_IsHalted()
T32A0 120:537.816 - 0.836ms returns FALSE
T32A0 120:537.968 JLINK_IsHalted()
T32A0 120:538.672 - 0.702ms returns FALSE
T32A0 120:645.912 JLINK_IsHalted()
T32A0 120:646.608 - 0.693ms returns FALSE
T32A0 120:646.640 JLINK_IsHalted()
T32A0 120:647.248 - 0.596ms returns FALSE
T32A0 120:755.944 JLINK_IsHalted()
T32A0 120:756.656 - 0.708ms returns FALSE
T32A0 120:756.688 JLINK_IsHalted()
T32A0 120:757.360 - 0.668ms returns FALSE
T32A0 120:865.024 JLINK_IsHalted()
T32A0 120:865.936 - 0.903ms returns FALSE
T32A0 120:865.984 JLINK_IsHalted()
T32A0 120:866.864 - 0.883ms returns FALSE
T5484 120:951.728 JLINK_IsHalted()
T5484 120:952.664 - 0.934ms returns FALSE
T5484 120:952.728 JLINK_IsHalted()
T5484 120:953.496 - 0.769ms returns FALSE
T32A0 120:974.360 JLINK_IsHalted()
T32A0 120:974.992 - 0.627ms returns FALSE
T32A0 120:975.024 JLINK_IsHalted()
T32A0 120:975.640 - 0.609ms returns FALSE
T32A0 121:083.480 JLINK_IsHalted()
T32A0 121:084.288 - 0.805ms returns FALSE
T32A0 121:084.336 JLINK_IsHalted()
T32A0 121:085.136 - 0.800ms returns FALSE
T32A0 121:193.232 JLINK_IsHalted()
T32A0 121:194.128 - 0.896ms returns FALSE
T32A0 121:194.192 JLINK_IsHalted()
T32A0 121:194.776 - 0.587ms returns FALSE
T32A0 121:302.168 JLINK_IsHalted()
T32A0 121:302.912 - 0.737ms returns FALSE
T32A0 121:302.952 JLINK_IsHalted()
T32A0 121:303.632 - 0.668ms returns FALSE
T32A0 121:411.408 JLINK_IsHalted()
T32A0 121:412.208 - 0.803ms returns FALSE
T32A0 121:412.272 JLINK_IsHalted()
T32A0 121:413.008 - 0.720ms returns FALSE
T32A0 121:521.552 JLINK_IsHalted()
T32A0 121:522.416 - 0.872ms returns FALSE
T32A0 121:522.480 JLINK_IsHalted()
T32A0 121:523.200 - 0.724ms returns FALSE
T32A0 121:630.272 JLINK_IsHalted()
T32A0 121:631.104 - 0.836ms returns FALSE
T32A0 121:631.152 JLINK_IsHalted()
T32A0 121:632.040 - 0.886ms returns FALSE
T32A0 121:739.984 JLINK_IsHalted()
T32A0 121:740.688 - 0.711ms returns FALSE
T32A0 121:740.720 JLINK_IsHalted()
T32A0 121:741.352 - 0.624ms returns FALSE
T32A0 121:849.128 JLINK_IsHalted()
T32A0 121:849.936 - 0.815ms returns FALSE
T32A0 121:849.984 JLINK_IsHalted()
T32A0 121:850.688 - 0.701ms returns FALSE
T5484 121:954.600 JLINK_IsHalted()
T5484 121:955.280 - 0.676ms returns FALSE
T5484 121:955.344 JLINK_IsHalted()
T5484 121:956.240 - 0.885ms returns FALSE
T32A0 121:958.336 JLINK_IsHalted()
T32A0 121:959.064 - 0.730ms returns FALSE
T32A0 121:959.104 JLINK_IsHalted()
T32A0 121:959.664 - 0.573ms returns FALSE
T32A0 122:068.440 JLINK_IsHalted()
T32A0 122:069.248 - 0.805ms returns FALSE
T32A0 122:069.288 JLINK_IsHalted()
T32A0 122:069.992 - 0.702ms returns FALSE
T32A0 122:177.360 JLINK_IsHalted()
T32A0 122:178.128 - 0.763ms returns FALSE
T32A0 122:178.176 JLINK_IsHalted()
T32A0 122:178.800 - 0.635ms returns FALSE
T32A0 122:286.424 JLINK_IsHalted()
T32A0 122:287.296 - 0.874ms returns FALSE
T32A0 122:287.344 JLINK_IsHalted()
T32A0 122:288.256 - 0.904ms returns FALSE
T32A0 122:396.464 JLINK_IsHalted()
T32A0 122:397.120 - 0.653ms returns FALSE
T32A0 122:397.168 JLINK_IsHalted()
T32A0 122:397.776 - 0.606ms returns FALSE
T32A0 122:505.520 JLINK_IsHalted()
T32A0 122:506.344 - 0.830ms returns FALSE
T32A0 122:506.392 JLINK_IsHalted()
T32A0 122:506.960 - 0.563ms returns FALSE
T32A0 122:614.416 JLINK_IsHalted()
T32A0 122:615.088 - 0.678ms returns FALSE
T32A0 122:615.144 JLINK_IsHalted()
T32A0 122:615.784 - 0.634ms returns FALSE
T32A0 122:724.416 JLINK_IsHalted()
T32A0 122:725.040 - 0.633ms returns FALSE
T32A0 122:725.096 JLINK_IsHalted()
T32A0 122:725.712 - 0.611ms returns FALSE
T32A0 122:833.408 JLINK_IsHalted()
T32A0 122:834.520 - 1.110ms returns FALSE
T32A0 122:834.584 JLINK_IsHalted()
T32A0 122:835.216 - 0.632ms returns FALSE
T32A0 122:943.400 JLINK_IsHalted()
T32A0 122:945.624 - 2.236ms returns FALSE
T32A0 122:945.688 JLINK_IsHalted()
T32A0 122:946.352 - 0.664ms returns FALSE
T5484 122:995.408 JLINK_IsHalted()
T5484 122:996.264 - 0.856ms returns FALSE
T5484 122:996.328 JLINK_IsHalted()
T5484 122:997.680 - 1.355ms returns FALSE
T32A0 123:052.432 JLINK_IsHalted()
T32A0 123:053.200 - 0.764ms returns FALSE
T32A0 123:053.248 JLINK_IsHalted()
T32A0 123:053.904 - 0.649ms returns FALSE
T32A0 123:161.344 JLINK_IsHalted()
T32A0 123:162.000 - 0.655ms returns FALSE
T32A0 123:162.048 JLINK_IsHalted()
T32A0 123:162.640 - 0.582ms returns FALSE
T32A0 123:271.344 JLINK_IsHalted()
T32A0 123:272.040 - 0.692ms returns FALSE
T32A0 123:272.080 JLINK_IsHalted()
T32A0 123:272.704 - 0.626ms returns FALSE
T32A0 123:380.336 JLINK_IsHalted()
T32A0 123:380.968 - 0.630ms returns FALSE
T32A0 123:381.016 JLINK_IsHalted()
T32A0 123:381.592 - 0.568ms returns FALSE
T32A0 123:490.352 JLINK_IsHalted()
T32A0 123:490.992 - 0.645ms returns FALSE
T32A0 123:491.048 JLINK_IsHalted()
T32A0 123:491.584 - 0.541ms returns FALSE
T32A0 123:599.320 JLINK_IsHalted()
T32A0 123:599.936 - 0.606ms returns FALSE
T32A0 123:599.960 JLINK_IsHalted()
T32A0 123:600.464 - 0.492ms returns FALSE
T32A0 123:708.352 JLINK_IsHalted()
T32A0 123:708.952 - 0.609ms returns FALSE
T32A0 123:708.992 JLINK_IsHalted()
T32A0 123:709.648 - 0.640ms returns FALSE
T32A0 123:818.024 JLINK_IsHalted()
T32A0 123:818.896 - 0.869ms returns FALSE
T32A0 123:818.944 JLINK_IsHalted()
T32A0 123:819.760 - 0.824ms returns FALSE
T32A0 123:926.912 JLINK_IsHalted()
T32A0 123:927.592 - 0.672ms returns FALSE
T32A0 123:927.632 JLINK_IsHalted()
T32A0 123:928.192 - 0.565ms returns FALSE
T5484 123:998.296 JLINK_IsHalted()
T5484 123:999.184 - 0.885ms returns FALSE
T5484 123:999.232 JLINK_IsHalted()
T5484 124:000.016 - 0.775ms returns FALSE
T32A0 124:037.016 JLINK_IsHalted()
T32A0 124:037.848 - 0.829ms returns FALSE
T32A0 124:037.888 JLINK_IsHalted()
T32A0 124:038.592 - 0.707ms returns FALSE
T32A0 124:146.384 JLINK_IsHalted()
T32A0 124:147.152 - 0.762ms returns FALSE
T32A0 124:147.184 JLINK_IsHalted()
T32A0 124:147.928 - 0.748ms returns FALSE
T32A0 124:255.256 JLINK_IsHalted()
T32A0 124:256.064 - 0.802ms returns FALSE
T32A0 124:256.128 JLINK_IsHalted()
T32A0 124:256.792 - 0.670ms returns FALSE
T32A0 124:365.232 JLINK_IsHalted()
T32A0 124:366.016 - 0.772ms returns FALSE
T32A0 124:366.056 JLINK_IsHalted()
T32A0 124:366.824 - 0.757ms returns FALSE
T32A0 124:474.240 JLINK_IsHalted()
T32A0 124:474.992 - 0.761ms returns FALSE
T32A0 124:475.224 JLINK_IsHalted()
T32A0 124:475.904 - 0.683ms returns FALSE
T32A0 124:583.256 JLINK_IsHalted()
T32A0 124:583.936 - 0.674ms returns FALSE
T32A0 124:583.984 JLINK_IsHalted()
T32A0 124:584.592 - 0.603ms returns FALSE
T32A0 124:693.168 JLINK_IsHalted()
T32A0 124:693.824 - 0.653ms returns FALSE
T32A0 124:693.864 JLINK_IsHalted()
T32A0 124:694.448 - 0.586ms returns FALSE
T32A0 124:802.304 JLINK_IsHalted()
T32A0 124:803.120 - 0.820ms returns FALSE
T32A0 124:803.176 JLINK_IsHalted()
T32A0 124:803.880 - 0.704ms returns FALSE
T32A0 124:911.960 JLINK_IsHalted()
T32A0 124:912.600 - 0.637ms returns FALSE
T32A0 124:912.624 JLINK_IsHalted()
T32A0 124:913.264 - 0.641ms returns FALSE
T5484 125:001.072 JLINK_IsHalted()
T5484 125:001.712 - 0.638ms returns FALSE
T5484 125:001.752 JLINK_IsHalted()
T5484 125:002.352 - 0.595ms returns FALSE
T32A0 125:020.840 JLINK_IsHalted()
T32A0 125:021.648 - 0.806ms returns FALSE
T32A0 125:021.680 JLINK_IsHalted()
T32A0 125:022.480 - 0.792ms returns FALSE
T32A0 125:130.816 JLINK_IsHalted()
T32A0 125:131.624 - 0.799ms returns FALSE
T32A0 125:131.664 JLINK_IsHalted()
T32A0 125:132.520 - 0.862ms returns FALSE
T32A0 125:239.784 JLINK_IsHalted()
T32A0 125:240.512 - 0.725ms returns FALSE
T32A0 125:240.560 JLINK_IsHalted()
T32A0 125:241.240 - 0.673ms returns FALSE
T32A0 125:348.800 JLINK_IsHalted()
T32A0 125:349.648 - 0.854ms returns FALSE
T32A0 125:349.720 JLINK_IsHalted()
T32A0 125:350.416 - 0.700ms returns FALSE
T32A0 125:458.640 JLINK_IsHalted()
T32A0 125:459.392 - 0.757ms returns FALSE
T32A0 125:459.432 JLINK_IsHalted()
T32A0 125:460.056 - 0.625ms returns FALSE
T32A0 125:567.768 JLINK_IsHalted()
T32A0 125:568.640 - 0.874ms returns FALSE
T32A0 125:568.688 JLINK_IsHalted()
T32A0 125:569.584 - 0.897ms returns FALSE
T32A0 125:677.712 JLINK_IsHalted()
T32A0 125:678.376 - 0.660ms returns FALSE
T32A0 125:678.416 JLINK_IsHalted()
T32A0 125:678.992 - 0.565ms returns FALSE
T32A0 125:786.800 JLINK_IsHalted()
T32A0 125:787.632 - 0.837ms returns FALSE
T32A0 125:787.672 JLINK_IsHalted()
T32A0 125:788.560 - 0.875ms returns FALSE
T32A0 125:896.624 JLINK_IsHalted()
T32A0 125:897.328 - 0.700ms returns FALSE
T32A0 125:897.368 JLINK_IsHalted()
T32A0 125:898.000 - 0.624ms returns FALSE
T5484 126:002.992 JLINK_IsHalted()
T5484 126:003.888 - 0.898ms returns FALSE
T5484 126:003.952 JLINK_IsHalted()
T5484 126:004.752 - 0.794ms returns FALSE
T32A0 126:005.584 JLINK_IsHalted()
T32A0 126:006.376 - 0.786ms returns FALSE
T32A0 126:006.424 JLINK_IsHalted()
T32A0 126:007.208 - 0.777ms returns FALSE
T32A0 126:114.984 JLINK_IsHalted()
T32A0 126:115.608 - 0.620ms returns FALSE
T32A0 126:115.648 JLINK_IsHalted()
T32A0 126:116.224 - 0.582ms returns FALSE
T32A0 126:224.152 JLINK_IsHalted()
T32A0 126:224.872 - 0.716ms returns FALSE
T32A0 126:224.944 JLINK_IsHalted()
T32A0 126:225.584 - 0.644ms returns FALSE
T32A0 126:334.080 JLINK_IsHalted()
T32A0 126:334.936 - 0.865ms returns FALSE
T32A0 126:334.992 JLINK_IsHalted()
T32A0 126:335.656 - 0.666ms returns FALSE
T32A0 126:443.312 JLINK_IsHalted()
T32A0 126:443.984 - 0.656ms returns FALSE
T32A0 126:444.016 JLINK_IsHalted()
T32A0 126:444.632 - 0.610ms returns FALSE
T32A0 126:552.400 JLINK_IsHalted()
T32A0 126:553.264 - 0.869ms returns FALSE
T32A0 126:553.304 JLINK_IsHalted()
T32A0 126:554.136 - 0.821ms returns FALSE
T32A0 126:661.584 JLINK_IsHalted()
T32A0 126:662.296 - 0.720ms returns FALSE
T32A0 126:662.336 JLINK_IsHalted()
T32A0 126:662.992 - 0.646ms returns FALSE
T32A0 126:770.984 JLINK_IsHalted()
T32A0 126:771.856 - 0.863ms returns FALSE
T32A0 126:771.904 JLINK_IsHalted()
T32A0 126:772.656 - 0.752ms returns FALSE
T32A0 126:881.000 JLINK_IsHalted()
T32A0 126:881.728 - 0.728ms returns FALSE
T32A0 126:881.768 JLINK_IsHalted()
T32A0 126:882.520 - 0.752ms returns FALSE
T32A0 126:990.032 JLINK_IsHalted()
T32A0 126:990.800 - 0.769ms returns FALSE
T32A0 126:990.888 JLINK_IsHalted()
T32A0 126:991.896 - 1.012ms returns FALSE
T5484 127:005.288 JLINK_IsHalted()
T5484 127:006.120 - 0.829ms returns FALSE
T5484 127:006.184 JLINK_IsHalted()
T5484 127:006.912 - 0.725ms returns FALSE
T32A0 127:098.904 JLINK_IsHalted()
T32A0 127:099.760 - 0.852ms returns FALSE
T32A0 127:099.816 JLINK_IsHalted()
T32A0 127:100.568 - 0.758ms returns FALSE
T32A0 127:208.848 JLINK_IsHalted()
T32A0 127:209.552 - 0.705ms returns FALSE
T32A0 127:209.576 JLINK_IsHalted()
T32A0 127:210.216 - 0.630ms returns FALSE
T32A0 127:317.912 JLINK_IsHalted()
T32A0 127:318.696 - 0.774ms returns FALSE
T32A0 127:318.744 JLINK_IsHalted()
T32A0 127:319.488 - 0.743ms returns FALSE
T32A0 127:427.096 JLINK_IsHalted()
T32A0 127:427.728 - 0.633ms returns FALSE
T32A0 127:427.760 JLINK_IsHalted()
T32A0 127:428.352 - 0.593ms returns FALSE
T32A0 127:537.200 JLINK_IsHalted()
T32A0 127:538.096 - 0.892ms returns FALSE
T32A0 127:538.136 JLINK_IsHalted()
T32A0 127:538.856 - 0.707ms returns FALSE
T32A0 127:646.184 JLINK_IsHalted()
T32A0 127:646.864 - 0.678ms returns FALSE
T32A0 127:646.896 JLINK_IsHalted()
T32A0 127:647.488 - 0.590ms returns FALSE
T32A0 127:755.280 JLINK_IsHalted()
T32A0 127:756.176 - 0.893ms returns FALSE
T32A0 127:756.224 JLINK_IsHalted()
T32A0 127:757.032 - 0.806ms returns FALSE
T32A0 127:865.280 JLINK_IsHalted()
T32A0 127:866.032 - 0.750ms returns FALSE
T32A0 127:866.072 JLINK_IsHalted()
T32A0 127:866.736 - 0.658ms returns FALSE
T32A0 127:974.504 JLINK_IsHalted()
T32A0 127:975.376 - 0.867ms returns FALSE
T32A0 127:975.440 JLINK_IsHalted()
T32A0 127:976.272 - 0.714ms returns FALSE
T5484 128:008.000 JLINK_IsHalted()
T5484 128:008.920 - 0.920ms returns FALSE
T5484 128:008.976 JLINK_IsHalted()
T5484 128:009.712 - 0.745ms returns FALSE
T32A0 128:083.632 JLINK_IsHalted()
T32A0 128:084.520 - 0.893ms returns FALSE
T32A0 128:084.568 JLINK_IsHalted()
T32A0 128:085.440 - 0.869ms returns FALSE
T32A0 128:193.360 JLINK_IsHalted()
T32A0 128:194.112 - 0.756ms returns FALSE
T32A0 128:194.152 JLINK_IsHalted()
T32A0 128:194.768 - 0.606ms returns FALSE
T32A0 128:302.360 JLINK_IsHalted()
T32A0 128:333.312 - 30.945ms returns FALSE
T32A0 128:333.376 JLINK_IsHalted()
T32A0 128:384.728 - 51.349ms returns FALSE
T32A0 128:490.352 JLINK_IsHalted()
T32A0 128:491.024 - 0.670ms returns FALSE
T32A0 128:491.056 JLINK_IsHalted()
T32A0 128:491.728 - 0.659ms returns FALSE
T32A0 128:599.400 JLINK_IsHalted()
T32A0 128:599.960 - 0.569ms returns FALSE
T32A0 128:600.000 JLINK_IsHalted()
T32A0 128:600.512 - 0.516ms returns FALSE
T32A0 128:708.352 JLINK_IsHalted()
T32A0 128:709.104 - 0.752ms returns FALSE
T32A0 128:709.144 JLINK_IsHalted()
T32A0 128:709.720 - 0.569ms returns FALSE
T32A0 128:818.176 JLINK_IsHalted()
T32A0 128:819.032 - 0.851ms returns FALSE
T32A0 128:819.088 JLINK_IsHalted()
T32A0 128:819.856 - 0.772ms returns FALSE
T32A0 128:927.088 JLINK_IsHalted()
T32A0 128:927.760 - 0.664ms returns FALSE
T32A0 128:927.792 JLINK_IsHalted()
T32A0 128:928.360 - 0.571ms returns FALSE
T5484 129:010.392 JLINK_IsHalted()
T5484 129:011.072 - 0.688ms returns FALSE
T5484 129:011.120 JLINK_IsHalted()
T5484 129:011.736 - 0.610ms returns FALSE
T32A0 129:037.224 JLINK_IsHalted()
T32A0 129:038.104 - 0.878ms returns FALSE
T32A0 129:038.160 JLINK_IsHalted()
T32A0 129:038.936 - 0.776ms returns FALSE
T32A0 129:145.744 JLINK_IsHalted()
T32A0 129:146.384 - 0.636ms returns FALSE
T32A0 129:146.416 JLINK_IsHalted()
T32A0 129:147.048 - 0.620ms returns FALSE
T32A0 129:255.120 JLINK_IsHalted()
T32A0 129:255.936 - 0.817ms returns FALSE
T32A0 129:255.984 JLINK_IsHalted()
T32A0 129:256.728 - 0.748ms returns FALSE
T32A0 129:364.656 JLINK_IsHalted()
T32A0 129:365.360 - 0.706ms returns FALSE
T32A0 129:365.400 JLINK_IsHalted()
T32A0 129:366.128 - 0.728ms returns FALSE
T32A0 129:474.688 JLINK_IsHalted()
T32A0 129:475.672 - 0.972ms returns FALSE
T32A0 129:475.736 JLINK_IsHalted()
T32A0 129:476.560 - 0.819ms returns FALSE
T32A0 129:583.720 JLINK_IsHalted()
T32A0 129:584.512 - 0.798ms returns FALSE
T32A0 129:584.560 JLINK_IsHalted()
T32A0 129:585.320 - 0.757ms returns FALSE
T32A0 129:692.712 JLINK_IsHalted()
T32A0 129:693.416 - 0.707ms returns FALSE
T32A0 129:693.464 JLINK_IsHalted()
T32A0 129:694.080 - 0.619ms returns FALSE
T32A0 129:801.984 JLINK_IsHalted()
T32A0 129:802.920 - 0.928ms returns FALSE
T32A0 129:802.968 JLINK_IsHalted()
T32A0 129:803.856 - 0.882ms returns FALSE
T32A0 129:912.064 JLINK_IsHalted()
T32A0 129:912.744 - 0.669ms returns FALSE
T32A0 129:912.784 JLINK_IsHalted()
T32A0 129:913.384 - 0.608ms returns FALSE
T5484 130:012.200 JLINK_IsHalted()
T5484 130:012.864 - 0.664ms returns FALSE
T5484 130:012.912 JLINK_IsHalted()
T5484 130:013.480 - 0.559ms returns FALSE
T32A0 130:021.040 JLINK_IsHalted()
T32A0 130:021.992 - 0.941ms returns FALSE
T32A0 130:022.040 JLINK_IsHalted()
T32A0 130:022.744 - 0.695ms returns FALSE
T32A0 130:130.240 JLINK_IsHalted()
T32A0 130:130.920 - 0.672ms returns FALSE
T32A0 130:130.944 JLINK_IsHalted()
T32A0 130:131.560 - 0.605ms returns FALSE
T32A0 130:239.664 JLINK_IsHalted()
T32A0 130:240.472 - 0.801ms returns FALSE
T32A0 130:240.512 JLINK_IsHalted()
T32A0 130:241.232 - 0.716ms returns FALSE
T32A0 130:349.672 JLINK_IsHalted()
T32A0 130:350.512 - 0.843ms returns FALSE
T32A0 130:350.552 JLINK_IsHalted()
T32A0 130:351.400 - 0.841ms returns FALSE
T32A0 130:459.056 JLINK_IsHalted()
T32A0 130:459.792 - 0.731ms returns FALSE
T32A0 130:459.840 JLINK_IsHalted()
T32A0 130:460.520 - 0.673ms returns FALSE
T32A0 130:568.064 JLINK_IsHalted()
T32A0 130:568.856 - 0.791ms returns FALSE
T32A0 130:568.912 JLINK_IsHalted()
T32A0 130:569.728 - 0.823ms returns FALSE
T32A0 130:677.296 JLINK_IsHalted()
T32A0 130:677.976 - 0.667ms returns FALSE
T32A0 130:678.016 JLINK_IsHalted()
T32A0 130:678.608 - 0.589ms returns FALSE
T32A0 130:786.576 JLINK_IsHalted()
T32A0 130:787.312 - 0.748ms returns FALSE
T32A0 130:787.368 JLINK_IsHalted()
T32A0 130:787.984 - 0.610ms returns FALSE
T32A0 130:896.528 JLINK_IsHalted()
T32A0 130:897.200 - 0.669ms returns FALSE
T32A0 130:897.232 JLINK_IsHalted()
T32A0 130:897.832 - 0.599ms returns FALSE
T32A0 131:005.808 JLINK_IsHalted()
T32A0 131:006.680 - 0.877ms returns FALSE
T32A0 131:006.736 JLINK_IsHalted()
T32A0 131:007.600 - 0.874ms returns FALSE
T5484 131:013.848 JLINK_IsHalted()
T5484 131:014.544 - 0.688ms returns FALSE
T5484 131:014.592 JLINK_IsHalted()
T5484 131:015.192 - 0.597ms returns FALSE
T32A0 131:114.840 JLINK_IsHalted()
T32A0 131:115.504 - 0.672ms returns FALSE
T32A0 131:115.544 JLINK_IsHalted()
T32A0 131:116.096 - 0.549ms returns FALSE
T32A0 131:224.168 JLINK_IsHalted()
T32A0 131:225.048 - 0.875ms returns FALSE
T32A0 131:225.112 JLINK_IsHalted()
T32A0 131:225.768 - 0.647ms returns FALSE
T32A0 131:334.128 JLINK_IsHalted()
T32A0 131:334.928 - 0.790ms returns FALSE
T32A0 131:334.992 JLINK_IsHalted()
T32A0 131:335.896 - 0.906ms returns FALSE
T32A0 131:443.184 JLINK_IsHalted()
T32A0 131:444.016 - 0.821ms returns FALSE
T32A0 131:444.056 JLINK_IsHalted()
T32A0 131:444.720 - 0.661ms returns FALSE
T32A0 131:552.168 JLINK_IsHalted()
T32A0 131:553.024 - 0.861ms returns FALSE
T32A0 131:553.072 JLINK_IsHalted()
T32A0 131:553.808 - 0.727ms returns FALSE
T32A0 131:661.720 JLINK_IsHalted()
T32A0 131:662.448 - 0.724ms returns FALSE
T32A0 131:662.488 JLINK_IsHalted()
T32A0 131:663.104 - 0.612ms returns FALSE
T32A0 131:770.704 JLINK_IsHalted()
T32A0 131:771.416 - 0.716ms returns FALSE
T32A0 131:771.456 JLINK_IsHalted()
T32A0 131:772.136 - 0.671ms returns FALSE
T32A0 131:880.536 JLINK_IsHalted()
T32A0 131:881.200 - 0.658ms returns FALSE
T32A0 131:881.232 JLINK_IsHalted()
T32A0 131:881.776 - 0.547ms returns FALSE
T32A0 131:989.608 JLINK_IsHalted()
T32A0 131:990.360 - 0.760ms returns FALSE
T32A0 131:990.424 JLINK_IsHalted()
T32A0 131:991.256 - 0.825ms returns FALSE
T5484 132:016.704 JLINK_IsHalted()
T5484 132:017.488 - 0.788ms returns FALSE
T5484 132:017.520 JLINK_IsHalted()
T5484 132:018.320 - 0.784ms returns FALSE
T32A0 132:099.304 JLINK_IsHalted()
T32A0 132:099.992 - 0.687ms returns FALSE
T32A0 132:100.032 JLINK_IsHalted()
T32A0 132:101.016 - 0.983ms returns FALSE
T32A0 132:208.424 JLINK_IsHalted()
T32A0 132:209.256 - 0.833ms returns FALSE
T32A0 132:209.304 JLINK_IsHalted()
T32A0 132:210.048 - 0.743ms returns FALSE
T32A0 132:318.416 JLINK_IsHalted()
T32A0 132:319.280 - 0.862ms returns FALSE
T32A0 132:319.336 JLINK_IsHalted()
T32A0 132:320.080 - 0.731ms returns FALSE
T32A0 132:427.352 JLINK_IsHalted()
T32A0 132:428.096 - 0.748ms returns FALSE
T32A0 132:428.144 JLINK_IsHalted()
T32A0 132:428.784 - 0.641ms returns FALSE
T32A0 132:536.280 JLINK_IsHalted()
T32A0 132:537.088 - 0.800ms returns FALSE
T32A0 132:537.136 JLINK_IsHalted()
T32A0 132:537.896 - 0.756ms returns FALSE
T32A0 132:646.184 JLINK_IsHalted()
T32A0 132:646.864 - 0.678ms returns FALSE
T32A0 132:646.896 JLINK_IsHalted()
T32A0 132:647.504 - 0.595ms returns FALSE
T32A0 132:755.432 JLINK_IsHalted()
T32A0 132:756.304 - 0.872ms returns FALSE
T32A0 132:756.352 JLINK_IsHalted()
T32A0 132:757.080 - 0.723ms returns FALSE
T32A0 132:865.328 JLINK_IsHalted()
T32A0 132:866.024 - 0.691ms returns FALSE
T32A0 132:866.064 JLINK_IsHalted()
T32A0 132:866.640 - 0.568ms returns FALSE
T32A0 132:973.744 JLINK_IsHalted()
T32A0 132:974.616 - 0.868ms returns FALSE
T32A0 132:974.656 JLINK_IsHalted()
T32A0 132:975.528 - 0.867ms returns FALSE
T5484 133:019.888 JLINK_IsHalted()
T5484 133:020.760 - 0.857ms returns FALSE
T5484 133:020.816 JLINK_IsHalted()
T5484 133:021.608 - 0.789ms returns FALSE
T32A0 133:083.544 JLINK_IsHalted()
T32A0 133:084.240 - 0.703ms returns FALSE
T32A0 133:084.272 JLINK_IsHalted()
T32A0 133:084.992 - 0.720ms returns FALSE
T32A0 133:193.488 JLINK_IsHalted()
T32A0 133:194.280 - 0.796ms returns FALSE
T32A0 133:194.344 JLINK_IsHalted()
T32A0 133:195.072 - 0.721ms returns FALSE
T32A0 133:302.440 JLINK_IsHalted()
T32A0 133:303.312 - 0.860ms returns FALSE
T32A0 133:303.360 JLINK_IsHalted()
T32A0 133:304.104 - 0.750ms returns FALSE
T32A0 133:411.408 JLINK_IsHalted()
T32A0 133:412.120 - 0.711ms returns FALSE
T32A0 133:412.160 JLINK_IsHalted()
T32A0 133:412.784 - 0.626ms returns FALSE
T32A0 133:521.472 JLINK_IsHalted()
T32A0 133:528.784 - 7.306ms returns FALSE
T32A0 133:528.848 JLINK_IsHalted()
T32A0 133:529.488 - 0.633ms returns FALSE
T32A0 133:630.696 JLINK_IsHalted()
T32A0 133:631.360 - 0.673ms returns FALSE
T32A0 133:631.400 JLINK_IsHalted()
T32A0 133:631.984 - 0.591ms returns FALSE
T32A0 133:739.816 JLINK_IsHalted()
T32A0 133:740.520 - 0.703ms returns FALSE
T32A0 133:740.568 JLINK_IsHalted()
T32A0 133:741.376 - 0.806ms returns FALSE
T32A0 133:849.688 JLINK_IsHalted()
T32A0 133:850.352 - 0.670ms returns FALSE
T32A0 133:850.392 JLINK_IsHalted()
T32A0 133:850.960 - 0.565ms returns FALSE
T32A0 133:959.104 JLINK_IsHalted()
T32A0 133:959.856 - 0.762ms returns FALSE
T32A0 133:959.920 JLINK_IsHalted()
T32A0 133:960.728 - 0.807ms returns FALSE
T5484 134:022.416 JLINK_IsHalted()
T5484 134:023.280 - 0.864ms returns FALSE
T5484 134:023.336 JLINK_IsHalted()
T5484 134:024.048 - 0.706ms returns FALSE
T32A0 134:068.160 JLINK_IsHalted()
T32A0 134:068.904 - 0.736ms returns FALSE
T32A0 134:068.944 JLINK_IsHalted()
T32A0 134:069.672 - 0.726ms returns FALSE
T32A0 134:177.488 JLINK_IsHalted()
T32A0 134:178.264 - 0.769ms returns FALSE
T32A0 134:178.304 JLINK_IsHalted()
T32A0 134:178.904 - 0.597ms returns FALSE
T32A0 134:286.384 JLINK_IsHalted()
T32A0 134:287.264 - 0.868ms returns FALSE
T32A0 134:287.296 JLINK_IsHalted()
T32A0 134:288.112 - 0.812ms returns FALSE
T32A0 134:395.776 JLINK_IsHalted()
T32A0 134:396.448 - 0.674ms returns FALSE
T32A0 134:396.496 JLINK_IsHalted()
T32A0 134:397.104 - 0.605ms returns FALSE
T32A0 134:505.760 JLINK_IsHalted()
T32A0 134:506.688 - 0.922ms returns FALSE
T32A0 134:506.768 JLINK_IsHalted()
T32A0 134:507.520 - 0.747ms returns FALSE
T32A0 134:614.544 JLINK_IsHalted()
T32A0 134:615.200 - 0.661ms returns FALSE
T32A0 134:615.248 JLINK_IsHalted()
T32A0 134:615.856 - 0.618ms returns FALSE
T32A0 134:724.656 JLINK_IsHalted()
T32A0 134:725.536 - 0.878ms returns FALSE
T32A0 134:725.600 JLINK_IsHalted()
T32A0 134:726.496 - 0.898ms returns FALSE
T32A0 134:833.552 JLINK_IsHalted()
T32A0 134:834.224 - 0.675ms returns FALSE
T32A0 134:834.272 JLINK_IsHalted()
T32A0 134:834.880 - 0.611ms returns FALSE
T32A0 134:943.104 JLINK_IsHalted()
T32A0 134:943.904 - 0.796ms returns FALSE
T32A0 134:943.936 JLINK_IsHalted()
T32A0 134:944.848 - 0.898ms returns FALSE
T5484 135:024.368 JLINK_IsHalted()
T5484 135:025.280 - 0.903ms returns FALSE
T5484 135:025.328 JLINK_IsHalted()
T5484 135:026.192 - 0.853ms returns FALSE
T32A0 135:052.064 JLINK_IsHalted()
T32A0 135:052.832 - 0.766ms returns FALSE
T32A0 135:052.912 JLINK_IsHalted()
T32A0 135:053.776 - 0.850ms returns FALSE
T32A0 135:161.360 JLINK_IsHalted()
T32A0 135:162.144 - 0.793ms returns FALSE
T32A0 135:162.208 JLINK_IsHalted()
T32A0 135:162.848 - 0.662ms returns FALSE
T32A0 135:271.312 JLINK_IsHalted()
T32A0 135:272.160 - 0.845ms returns FALSE
T32A0 135:272.208 JLINK_IsHalted()
T32A0 135:272.928 - 0.723ms returns FALSE
T32A0 135:380.192 JLINK_IsHalted()
T32A0 135:380.864 - 0.667ms returns FALSE
T32A0 135:380.896 JLINK_IsHalted()
T32A0 135:381.472 - 0.563ms returns FALSE
T32A0 135:489.616 JLINK_IsHalted()
T32A0 135:490.496 - 0.883ms returns FALSE
T32A0 135:490.544 JLINK_IsHalted()
T32A0 135:491.312 - 0.759ms returns FALSE
T32A0 135:599.584 JLINK_IsHalted()
T32A0 135:600.208 - 0.634ms returns FALSE
T32A0 135:600.240 JLINK_IsHalted()
T32A0 135:600.800 - 0.562ms returns FALSE
T32A0 135:708.832 JLINK_IsHalted()
T32A0 135:709.632 - 0.813ms returns FALSE
T32A0 135:709.680 JLINK_IsHalted()
T32A0 135:710.448 - 0.756ms returns FALSE
T32A0 135:817.568 JLINK_IsHalted()
T32A0 135:818.224 - 0.660ms returns FALSE
T32A0 135:818.272 JLINK_IsHalted()
T32A0 135:818.848 - 0.594ms returns FALSE
T32A0 135:927.808 JLINK_IsHalted()
T32A0 135:928.608 - 0.813ms returns FALSE
T32A0 135:928.672 JLINK_IsHalted()
T32A0 135:929.392 - 0.726ms returns FALSE
T5484 136:026.720 JLINK_IsHalted()
T5484 136:027.536 - 0.810ms returns FALSE
T5484 136:027.584 JLINK_IsHalted()
T5484 136:028.400 - 0.817ms returns FALSE
T32A0 136:036.464 JLINK_IsHalted()
T32A0 136:037.328 - 0.851ms returns FALSE
T32A0 136:037.376 JLINK_IsHalted()
T32A0 136:038.096 - 0.710ms returns FALSE
T32A0 136:145.920 JLINK_IsHalted()
T32A0 136:146.640 - 0.719ms returns FALSE
T32A0 136:146.688 JLINK_IsHalted()
T32A0 136:147.360 - 0.687ms returns FALSE
T32A0 136:255.904 JLINK_IsHalted()
T32A0 136:256.672 - 0.779ms returns FALSE
T32A0 136:256.736 JLINK_IsHalted()
T32A0 136:257.424 - 0.696ms returns FALSE
T32A0 136:364.880 JLINK_IsHalted()
T32A0 136:365.472 - 0.596ms returns FALSE
T32A0 136:365.504 JLINK_IsHalted()
T32A0 136:366.112 - 0.592ms returns FALSE
T32A0 136:473.888 JLINK_IsHalted()
T32A0 136:474.720 - 0.829ms returns FALSE
T32A0 136:474.784 JLINK_IsHalted()
T32A0 136:475.472 - 0.693ms returns FALSE
T32A0 136:583.904 JLINK_IsHalted()
T32A0 136:584.544 - 0.635ms returns FALSE
T32A0 136:584.560 JLINK_IsHalted()
T32A0 136:585.184 - 0.627ms returns FALSE
T32A0 136:692.832 JLINK_IsHalted()
T32A0 136:693.536 - 0.707ms returns FALSE
T32A0 136:693.584 JLINK_IsHalted()
T32A0 136:694.240 - 0.662ms returns FALSE
T32A0 136:802.800 JLINK_IsHalted()
T32A0 136:803.552 - 0.746ms returns FALSE
T32A0 136:803.600 JLINK_IsHalted()
T32A0 136:804.432 - 0.825ms returns FALSE
T32A0 136:911.472 JLINK_IsHalted()
T32A0 136:912.320 - 0.850ms returns FALSE
T32A0 136:912.368 JLINK_IsHalted()
T32A0 136:913.088 - 0.705ms returns FALSE
T32A0 137:021.168 JLINK_IsHalted()
T32A0 137:022.016 - 0.844ms returns FALSE
T32A0 137:022.064 JLINK_IsHalted()
T32A0 137:022.864 - 0.796ms returns FALSE
T5484 137:029.584 JLINK_IsHalted()
T5484 137:030.416 - 0.829ms returns FALSE
T5484 137:030.464 JLINK_IsHalted()
T5484 137:031.120 - 0.654ms returns FALSE
T32A0 137:130.112 JLINK_IsHalted()
T32A0 137:130.800 - 0.687ms returns FALSE
T32A0 137:130.848 JLINK_IsHalted()
T32A0 137:131.504 - 0.650ms returns FALSE
T32A0 137:240.192 JLINK_IsHalted()
T32A0 137:240.992 - 0.797ms returns FALSE
T32A0 137:241.040 JLINK_IsHalted()
T32A0 137:241.808 - 0.758ms returns FALSE
T32A0 137:349.056 JLINK_IsHalted()
T32A0 137:349.744 - 0.680ms returns FALSE
T32A0 137:349.776 JLINK_IsHalted()
T32A0 137:350.864 - 1.090ms returns FALSE
T32A0 137:458.224 JLINK_IsHalted()
T32A0 137:458.912 - 0.691ms returns FALSE
T32A0 137:458.976 JLINK_IsHalted()
T32A0 137:459.648 - 0.669ms returns FALSE
T32A0 137:568.096 JLINK_IsHalted()
T32A0 137:568.768 - 0.666ms returns FALSE
T32A0 137:568.800 JLINK_IsHalted()
T32A0 137:569.408 - 0.597ms returns FALSE
T32A0 137:677.056 JLINK_IsHalted()
T32A0 137:677.728 - 0.681ms returns FALSE
T32A0 137:677.776 JLINK_IsHalted()
T32A0 137:678.384 - 0.617ms returns FALSE
T32A0 137:787.168 JLINK_IsHalted()
T32A0 137:787.936 - 0.779ms returns FALSE
T32A0 137:788.000 JLINK_IsHalted()
T32A0 137:788.768 - 0.759ms returns FALSE
T32A0 137:896.304 JLINK_IsHalted()
T32A0 137:897.200 - 0.893ms returns FALSE
T32A0 137:897.248 JLINK_IsHalted()
T32A0 137:897.840 - 0.584ms returns FALSE
T32A0 138:005.872 JLINK_IsHalted()
T32A0 138:006.656 - 0.778ms returns FALSE
T32A0 138:006.688 JLINK_IsHalted()
T32A0 138:007.488 - 0.792ms returns FALSE
T5484 138:031.680 JLINK_IsHalted()
T5484 138:032.416 - 0.727ms returns FALSE
T5484 138:032.464 JLINK_IsHalted()
T5484 138:033.056 - 0.596ms returns FALSE
T32A0 138:115.344 JLINK_IsHalted()
T32A0 138:116.080 - 0.734ms returns FALSE
T32A0 138:116.128 JLINK_IsHalted()
T32A0 138:116.720 - 0.591ms returns FALSE
T32A0 138:224.416 JLINK_IsHalted()
T32A0 138:225.248 - 0.844ms returns FALSE
T32A0 138:225.312 JLINK_IsHalted()
T32A0 138:226.176 - 0.871ms returns FALSE
T32A0 138:333.296 JLINK_IsHalted()
T32A0 138:333.968 - 0.663ms returns FALSE
T32A0 138:334.000 JLINK_IsHalted()
T32A0 138:334.624 - 0.614ms returns FALSE
T32A0 138:442.720 JLINK_IsHalted()
T32A0 138:443.552 - 0.821ms returns FALSE
T32A0 138:443.616 JLINK_IsHalted()
T32A0 138:444.384 - 0.776ms returns FALSE
T32A0 138:552.624 JLINK_IsHalted()
T32A0 138:553.456 - 0.826ms returns FALSE
T32A0 138:553.504 JLINK_IsHalted()
T32A0 138:554.256 - 0.749ms returns FALSE
T32A0 138:661.728 JLINK_IsHalted()
T32A0 138:662.544 - 0.808ms returns FALSE
T32A0 138:662.576 JLINK_IsHalted()
T32A0 138:663.328 - 0.737ms returns FALSE
T32A0 138:770.768 JLINK_IsHalted()
T32A0 138:771.648 - 0.871ms returns FALSE
T32A0 138:771.728 JLINK_IsHalted()
T32A0 138:772.432 - 0.703ms returns FALSE
T32A0 138:880.656 JLINK_IsHalted()
T32A0 138:881.520 - 0.873ms returns FALSE
T32A0 138:881.568 JLINK_IsHalted()
T32A0 138:882.208 - 0.632ms returns FALSE
T32A0 138:989.840 JLINK_IsHalted()
T32A0 138:990.640 - 0.800ms returns FALSE
T32A0 138:990.688 JLINK_IsHalted()
T32A0 138:991.552 - 0.866ms returns FALSE
T5484 139:034.016 JLINK_IsHalted()
T5484 139:034.672 - 0.663ms returns FALSE
T5484 139:034.720 JLINK_IsHalted()
T5484 139:035.360 - 0.644ms returns FALSE
T32A0 139:098.800 JLINK_IsHalted()
T32A0 139:099.552 - 0.750ms returns FALSE
T32A0 139:099.600 JLINK_IsHalted()
T32A0 139:100.256 - 0.654ms returns FALSE
T32A0 139:208.736 JLINK_IsHalted()
T32A0 139:209.376 - 0.626ms returns FALSE
T32A0 139:209.392 JLINK_IsHalted()
T32A0 139:209.984 - 0.586ms returns FALSE
T32A0 139:318.032 JLINK_IsHalted()
T32A0 139:318.688 - 0.657ms returns FALSE
T32A0 139:318.720 JLINK_IsHalted()
T32A0 139:319.360 - 0.637ms returns FALSE
T32A0 139:427.104 JLINK_IsHalted()
T32A0 139:427.920 - 0.811ms returns FALSE
T32A0 139:427.968 JLINK_IsHalted()
T32A0 139:428.768 - 0.804ms returns FALSE
T32A0 139:536.784 JLINK_IsHalted()
T32A0 139:537.536 - 0.749ms returns FALSE
T32A0 139:537.584 JLINK_IsHalted()
T32A0 139:538.400 - 0.811ms returns FALSE
T32A0 139:645.760 JLINK_IsHalted()
T32A0 139:646.496 - 0.724ms returns FALSE
T32A0 139:646.512 JLINK_IsHalted()
T32A0 139:647.200 - 0.681ms returns FALSE
T32A0 139:755.744 JLINK_IsHalted()
T32A0 139:756.416 - 0.663ms returns FALSE
T32A0 139:756.448 JLINK_IsHalted()
T32A0 139:757.104 - 0.659ms returns FALSE
T32A0 139:865.408 JLINK_IsHalted()
T32A0 139:866.048 - 0.644ms returns FALSE
T32A0 139:866.080 JLINK_IsHalted()
T32A0 139:866.736 - 0.655ms returns FALSE
T32A0 139:974.432 JLINK_IsHalted()
T32A0 139:975.264 - 0.818ms returns FALSE
T32A0 139:975.312 JLINK_IsHalted()
T32A0 139:976.096 - 0.776ms returns FALSE
T5484 140:035.360 JLINK_IsHalted()
T5484 140:035.984 - 0.619ms returns FALSE
T5484 140:036.016 JLINK_IsHalted()
T5484 140:036.576 - 0.568ms returns FALSE
T32A0 140:083.104 JLINK_IsHalted()
T32A0 140:083.744 - 0.621ms returns FALSE
T32A0 140:083.760 JLINK_IsHalted()
T32A0 140:084.368 - 0.593ms returns FALSE
T32A0 140:193.168 JLINK_IsHalted()
T32A0 140:193.888 - 0.721ms returns FALSE
T32A0 140:193.936 JLINK_IsHalted()
T32A0 140:194.608 - 0.677ms returns FALSE
T32A0 140:302.688 JLINK_IsHalted()
T32A0 140:303.360 - 0.676ms returns FALSE
T32A0 140:303.392 JLINK_IsHalted()
T32A0 140:303.920 - 0.529ms returns FALSE
T32A0 140:411.872 JLINK_IsHalted()
T32A0 140:412.656 - 0.799ms returns FALSE
T32A0 140:412.704 JLINK_IsHalted()
T32A0 140:413.472 - 0.751ms returns FALSE
T32A0 140:521.088 JLINK_IsHalted()
T32A0 140:521.856 - 0.756ms returns FALSE
T32A0 140:521.888 JLINK_IsHalted()
T32A0 140:522.640 - 0.737ms returns FALSE
T32A0 140:630.976 JLINK_IsHalted()
T32A0 140:631.792 - 0.824ms returns FALSE
T32A0 140:631.840 JLINK_IsHalted()
T32A0 140:632.560 - 0.704ms returns FALSE
T32A0 140:740.128 JLINK_IsHalted()
T32A0 140:740.960 - 0.834ms returns FALSE
T32A0 140:741.024 JLINK_IsHalted()
T32A0 140:741.792 - 0.767ms returns FALSE
T32A0 140:849.488 JLINK_IsHalted()
T32A0 140:850.112 - 0.624ms returns FALSE
T32A0 140:850.144 JLINK_IsHalted()
T32A0 140:850.720 - 0.587ms returns FALSE
T32A0 140:958.656 JLINK_IsHalted()
T32A0 140:959.504 - 0.833ms returns FALSE
T32A0 140:959.536 JLINK_IsHalted()
T32A0 140:960.432 - 0.888ms returns FALSE
T5484 141:036.832 JLINK_IsHalted()
T5484 141:037.504 - 0.665ms returns FALSE
T5484 141:037.536 JLINK_IsHalted()
T5484 141:038.304 - 0.749ms returns FALSE
T32A0 141:067.616 JLINK_IsHalted()
T32A0 141:068.256 - 0.658ms returns FALSE
T32A0 141:068.304 JLINK_IsHalted()
T32A0 141:068.864 - 0.566ms returns FALSE
T32A0 141:177.280 JLINK_IsHalted()
T32A0 141:198.352 - 21.068ms returns FALSE
T32A0 141:198.432 JLINK_IsHalted()
T32A0 141:280.240 - 81.820ms returns FALSE
T32A0 141:380.272 JLINK_IsHalted()
T32A0 141:380.976 - 0.706ms returns FALSE
T32A0 141:381.024 JLINK_IsHalted()
T32A0 141:381.760 - 0.723ms returns FALSE
T32A0 141:490.272 JLINK_IsHalted()
T32A0 141:490.912 - 0.628ms returns FALSE
T32A0 141:490.944 JLINK_IsHalted()
T32A0 141:491.488 - 0.555ms returns FALSE
T32A0 141:599.296 JLINK_IsHalted()
T32A0 141:599.968 - 0.680ms returns FALSE
T32A0 141:600.016 JLINK_IsHalted()
T32A0 141:600.880 - 0.867ms returns FALSE
T32A0 141:708.672 JLINK_IsHalted()
T32A0 141:709.536 - 0.868ms returns FALSE
T32A0 141:709.600 JLINK_IsHalted()
T32A0 141:710.432 - 0.849ms returns FALSE
T32A0 141:817.952 JLINK_IsHalted()
T32A0 141:818.592 - 0.648ms returns FALSE
T32A0 141:818.640 JLINK_IsHalted()
T32A0 141:819.200 - 0.571ms returns FALSE
T32A0 141:927.008 JLINK_IsHalted()
T32A0 141:927.840 - 0.835ms returns FALSE
T32A0 141:927.904 JLINK_IsHalted()
T32A0 141:928.672 - 0.764ms returns FALSE
T32A0 142:036.864 JLINK_IsHalted()
T32A0 142:037.504 - 0.627ms returns FALSE
T32A0 142:037.536 JLINK_IsHalted()
T32A0 142:038.144 - 0.614ms returns FALSE
T5484 142:039.232 JLINK_IsHalted()
T5484 142:040.160 - 0.924ms returns FALSE
T5484 142:040.224 JLINK_IsHalted()
T5484 142:041.040 - 0.820ms returns FALSE
T32A0 142:145.904 JLINK_IsHalted()
T32A0 142:146.640 - 0.730ms returns FALSE
T32A0 142:146.672 JLINK_IsHalted()
T32A0 142:147.456 - 0.774ms returns FALSE
T32A0 142:255.920 JLINK_IsHalted()
T32A0 142:256.720 - 0.792ms returns FALSE
T32A0 142:256.768 JLINK_IsHalted()
T32A0 142:257.568 - 0.808ms returns FALSE
T32A0 142:364.832 JLINK_IsHalted()
T32A0 142:365.568 - 0.729ms returns FALSE
T32A0 142:365.616 JLINK_IsHalted()
T32A0 142:366.240 - 0.627ms returns FALSE
T32A0 142:473.920 JLINK_IsHalted()
T32A0 142:474.768 - 0.854ms returns FALSE
T32A0 142:474.816 JLINK_IsHalted()
T32A0 142:475.520 - 0.702ms returns FALSE
T32A0 142:583.760 JLINK_IsHalted()
T32A0 142:584.416 - 0.653ms returns FALSE
T32A0 142:584.448 JLINK_IsHalted()
T32A0 142:584.992 - 0.532ms returns FALSE
T32A0 142:692.848 JLINK_IsHalted()
T32A0 142:693.584 - 0.728ms returns FALSE
T32A0 142:693.632 JLINK_IsHalted()
T32A0 142:694.304 - 0.663ms returns FALSE
T32A0 142:802.032 JLINK_IsHalted()
T32A0 142:802.688 - 0.657ms returns FALSE
T32A0 142:802.720 JLINK_IsHalted()
T32A0 142:803.296 - 0.561ms returns FALSE
T32A0 142:912.160 JLINK_IsHalted()
T32A0 142:912.960 - 0.792ms returns FALSE
T32A0 142:913.008 JLINK_IsHalted()
T32A0 142:913.696 - 0.690ms returns FALSE
T32A0 143:021.056 JLINK_IsHalted()
T32A0 143:021.744 - 0.681ms returns FALSE
T32A0 143:021.792 JLINK_IsHalted()
T32A0 143:022.432 - 0.639ms returns FALSE
T5484 143:041.776 JLINK_IsHalted()
T5484 143:042.624 - 0.842ms returns FALSE
T5484 143:042.672 JLINK_IsHalted()
T5484 143:043.504 - 0.829ms returns FALSE
T32A0 143:130.208 JLINK_IsHalted()
T32A0 143:131.040 - 0.837ms returns FALSE
T32A0 143:131.104 JLINK_IsHalted()
T32A0 143:131.952 - 0.848ms returns FALSE
T32A0 143:240.336 JLINK_IsHalted()
T32A0 143:241.008 - 0.674ms returns FALSE
T32A0 143:241.072 JLINK_IsHalted()
T32A0 143:241.680 - 0.601ms returns FALSE
T32A0 143:349.344 JLINK_IsHalted()
T32A0 143:350.128 - 0.786ms returns FALSE
T32A0 143:350.176 JLINK_IsHalted()
T32A0 143:350.816 - 0.637ms returns FALSE
T32A0 143:458.736 JLINK_IsHalted()
T32A0 143:459.648 - 0.900ms returns FALSE
T32A0 143:459.680 JLINK_IsHalted()
T32A0 143:460.432 - 0.737ms returns FALSE
T32A0 143:568.160 JLINK_IsHalted()
T32A0 143:568.848 - 0.673ms returns FALSE
T32A0 143:568.864 JLINK_IsHalted()
T32A0 143:569.456 - 0.589ms returns FALSE
T32A0 143:676.896 JLINK_IsHalted()
T32A0 143:677.600 - 0.687ms returns FALSE
T32A0 143:677.632 JLINK_IsHalted()
T32A0 143:678.208 - 0.577ms returns FALSE
T32A0 143:786.464 JLINK_IsHalted()
T32A0 143:787.200 - 0.732ms returns FALSE
T32A0 143:787.264 JLINK_IsHalted()
T32A0 143:787.936 - 0.661ms returns FALSE
T32A0 143:896.464 JLINK_IsHalted()
T32A0 143:897.296 - 0.827ms returns FALSE
T32A0 143:897.328 JLINK_IsHalted()
T32A0 143:898.048 - 0.715ms returns FALSE
T32A0 144:005.536 JLINK_IsHalted()
T32A0 144:006.288 - 0.751ms returns FALSE
T32A0 144:006.304 JLINK_IsHalted()
T32A0 144:007.072 - 0.755ms returns FALSE
T5484 144:043.872 JLINK_IsHalted()
T5484 144:044.800 - 0.914ms returns FALSE
T5484 144:044.848 JLINK_IsHalted()
T5484 144:045.696 - 0.838ms returns FALSE
T32A0 144:114.688 JLINK_IsHalted()
T32A0 144:115.504 - 0.827ms returns FALSE
T32A0 144:115.552 JLINK_IsHalted()
T32A0 144:116.320 - 0.769ms returns FALSE
T32A0 144:224.624 JLINK_IsHalted()
T32A0 144:225.504 - 0.883ms returns FALSE
T32A0 144:225.568 JLINK_IsHalted()
T32A0 144:226.288 - 0.733ms returns FALSE
T32A0 144:333.584 JLINK_IsHalted()
T32A0 144:334.272 - 0.684ms returns FALSE
T32A0 144:334.304 JLINK_IsHalted()
T32A0 144:334.848 - 0.539ms returns FALSE
T32A0 144:442.640 JLINK_IsHalted()
T32A0 144:443.504 - 0.868ms returns FALSE
T32A0 144:443.552 JLINK_IsHalted()
T32A0 144:444.416 - 0.863ms returns FALSE
T32A0 144:552.800 JLINK_IsHalted()
T32A0 144:553.504 - 0.698ms returns FALSE
T32A0 144:553.552 JLINK_IsHalted()
T32A0 144:554.208 - 0.666ms returns FALSE
T32A0 144:661.856 JLINK_IsHalted()
T32A0 144:662.688 - 0.812ms returns FALSE
T32A0 144:662.720 JLINK_IsHalted()
T32A0 144:663.456 - 0.748ms returns FALSE
T32A0 144:770.800 JLINK_IsHalted()
T32A0 144:771.488 - 0.677ms returns FALSE
T32A0 144:771.520 JLINK_IsHalted()
T32A0 144:772.208 - 0.695ms returns FALSE
T32A0 144:880.976 JLINK_IsHalted()
T32A0 144:881.760 - 0.773ms returns FALSE
T32A0 144:881.808 JLINK_IsHalted()
T32A0 144:882.576 - 0.768ms returns FALSE
T32A0 144:989.856 JLINK_IsHalted()
T32A0 144:990.592 - 0.732ms returns FALSE
T32A0 144:990.624 JLINK_IsHalted()
T32A0 144:991.344 - 0.709ms returns FALSE
T5484 145:046.048 JLINK_IsHalted()
T5484 145:046.896 - 0.851ms returns FALSE
T5484 145:046.944 JLINK_IsHalted()
T5484 145:047.696 - 0.744ms returns FALSE
T32A0 145:099.072 JLINK_IsHalted()
T32A0 145:099.920 - 0.839ms returns FALSE
T32A0 145:099.984 JLINK_IsHalted()
T32A0 145:100.672 - 0.680ms returns FALSE
T32A0 145:208.816 JLINK_IsHalted()
T32A0 145:209.536 - 0.725ms returns FALSE
T32A0 145:209.600 JLINK_IsHalted()
T32A0 145:210.224 - 0.626ms returns FALSE
T32A0 145:318.464 JLINK_IsHalted()
T32A0 145:319.200 - 0.741ms returns FALSE
T32A0 145:319.264 JLINK_IsHalted()
T32A0 145:319.856 - 0.582ms returns FALSE
T32A0 145:427.504 JLINK_IsHalted()
T32A0 145:428.352 - 0.838ms returns FALSE
T32A0 145:428.384 JLINK_IsHalted()
T32A0 145:429.264 - 0.865ms returns FALSE
T32A0 145:536.832 JLINK_IsHalted()
T32A0 145:537.488 - 0.650ms returns FALSE
T32A0 145:537.520 JLINK_IsHalted()
T32A0 145:538.112 - 0.588ms returns FALSE
T32A0 145:645.792 JLINK_IsHalted()
T32A0 145:646.496 - 0.699ms returns FALSE
T32A0 145:646.528 JLINK_IsHalted()
T32A0 145:647.088 - 0.558ms returns FALSE
T32A0 145:755.040 JLINK_IsHalted()
T32A0 145:755.648 - 0.622ms returns FALSE
T32A0 145:755.680 JLINK_IsHalted()
T32A0 145:756.304 - 0.619ms returns FALSE
T32A0 145:864.960 JLINK_IsHalted()
T32A0 145:865.808 - 0.837ms returns FALSE
T32A0 145:865.856 JLINK_IsHalted()
T32A0 145:866.576 - 0.717ms returns FALSE
T32A0 145:973.856 JLINK_IsHalted()
T32A0 145:974.592 - 0.730ms returns FALSE
T32A0 145:974.624 JLINK_IsHalted()
T32A0 145:975.424 - 0.792ms returns FALSE
T5484 146:048.880 JLINK_IsHalted()
T5484 146:049.664 - 0.778ms returns FALSE
T5484 146:049.712 JLINK_IsHalted()
T5484 146:050.512 - 0.794ms returns FALSE
T32A0 146:083.424 JLINK_IsHalted()
T32A0 146:084.256 - 0.821ms returns FALSE
T32A0 146:084.320 JLINK_IsHalted()
T32A0 146:084.960 - 0.646ms returns FALSE
T32A0 146:193.376 JLINK_IsHalted()
T32A0 146:194.144 - 0.759ms returns FALSE
T32A0 146:194.176 JLINK_IsHalted()
T32A0 146:194.896 - 0.714ms returns FALSE
T32A0 146:302.224 JLINK_IsHalted()
T32A0 146:302.944 - 0.721ms returns FALSE
T32A0 146:302.992 JLINK_IsHalted()
T32A0 146:303.584 - 0.596ms returns FALSE
T32A0 146:411.312 JLINK_IsHalted()
T32A0 146:412.192 - 0.862ms returns FALSE
T32A0 146:412.224 JLINK_IsHalted()
T32A0 146:412.992 - 0.764ms returns FALSE
T32A0 146:521.376 JLINK_IsHalted()
T32A0 146:522.032 - 0.661ms returns FALSE
T32A0 146:522.080 JLINK_IsHalted()
T32A0 146:522.688 - 0.617ms returns FALSE
T32A0 146:630.112 JLINK_IsHalted()
T32A0 146:630.880 - 0.774ms returns FALSE
T32A0 146:630.944 JLINK_IsHalted()
T32A0 146:631.680 - 0.742ms returns FALSE
T32A0 146:740.336 JLINK_IsHalted()
T32A0 146:741.024 - 0.697ms returns FALSE
T32A0 146:741.072 JLINK_IsHalted()
T32A0 146:741.776 - 0.705ms returns FALSE
T32A0 146:848.768 JLINK_IsHalted()
T32A0 146:849.648 - 0.882ms returns FALSE
T32A0 146:849.696 JLINK_IsHalted()
T32A0 146:850.560 - 0.865ms returns FALSE
T32A0 146:958.848 JLINK_IsHalted()
T32A0 146:959.664 - 0.828ms returns FALSE
T32A0 146:959.712 JLINK_IsHalted()
T32A0 146:960.496 - 0.778ms returns FALSE
T5484 147:051.200 JLINK_IsHalted()
T5484 147:051.968 - 0.775ms returns FALSE
T5484 147:052.016 JLINK_IsHalted()
T5484 147:052.640 - 0.618ms returns FALSE
T32A0 147:067.936 JLINK_IsHalted()
T32A0 147:068.704 - 0.769ms returns FALSE
T32A0 147:068.784 JLINK_IsHalted()
T32A0 147:069.408 - 0.628ms returns FALSE
T32A0 147:176.880 JLINK_IsHalted()
T32A0 147:177.648 - 0.756ms returns FALSE
T32A0 147:177.760 JLINK_IsHalted()
T32A0 147:178.448 - 0.695ms returns FALSE
T32A0 147:286.800 JLINK_IsHalted()
T32A0 147:287.472 - 0.688ms returns FALSE
T32A0 147:287.520 JLINK_IsHalted()
T32A0 147:288.112 - 0.601ms returns FALSE
T32A0 147:395.872 JLINK_IsHalted()
T32A0 147:396.720 - 0.848ms returns FALSE
T32A0 147:396.768 JLINK_IsHalted()
T32A0 147:397.568 - 0.793ms returns FALSE
T32A0 147:505.728 JLINK_IsHalted()
T32A0 147:506.368 - 0.636ms returns FALSE
T32A0 147:506.400 JLINK_IsHalted()
T32A0 147:507.024 - 0.615ms returns FALSE
T32A0 147:614.784 JLINK_IsHalted()
T32A0 147:615.664 - 0.872ms returns FALSE
T32A0 147:615.712 JLINK_IsHalted()
T32A0 147:616.464 - 0.751ms returns FALSE
T32A0 147:724.576 JLINK_IsHalted()
T32A0 147:725.280 - 0.705ms returns FALSE
T32A0 147:725.328 JLINK_IsHalted()
T32A0 147:726.032 - 0.701ms returns FALSE
T32A0 147:833.696 JLINK_IsHalted()
T32A0 147:834.560 - 0.865ms returns FALSE
T32A0 147:834.624 JLINK_IsHalted()
T32A0 147:835.392 - 0.771ms returns FALSE
T32A0 147:942.496 JLINK_IsHalted()
T32A0 147:943.280 - 0.779ms returns FALSE
T32A0 147:943.328 JLINK_IsHalted()
T32A0 147:944.112 - 0.769ms returns FALSE
T32A0 148:052.176 JLINK_IsHalted()
T32A0 148:052.880 - 0.714ms returns FALSE
T32A0 148:052.928 JLINK_IsHalted()
T32A0 148:053.520 - 0.594ms returns FALSE
T5484 148:053.648 JLINK_IsHalted()
T5484 148:054.320 - 0.682ms returns FALSE
T5484 148:054.368 JLINK_IsHalted()
T5484 148:054.960 - 0.606ms returns FALSE
T32A0 148:162.208 JLINK_IsHalted()
T32A0 148:163.088 - 0.876ms returns FALSE
T32A0 148:163.120 JLINK_IsHalted()
T32A0 148:163.936 - 0.796ms returns FALSE
T32A0 148:271.216 JLINK_IsHalted()
T32A0 148:271.872 - 0.651ms returns FALSE
T32A0 148:271.904 JLINK_IsHalted()
T32A0 148:272.496 - 0.585ms returns FALSE
T32A0 148:380.320 JLINK_IsHalted()
T32A0 148:381.168 - 0.846ms returns FALSE
T32A0 148:381.216 JLINK_IsHalted()
T32A0 148:381.952 - 0.734ms returns FALSE
T32A0 148:489.552 JLINK_IsHalted()
T32A0 148:490.208 - 0.655ms returns FALSE
T32A0 148:490.240 JLINK_IsHalted()
T32A0 148:490.848 - 0.601ms returns FALSE
T32A0 148:598.944 JLINK_IsHalted()
T32A0 148:599.760 - 0.804ms returns FALSE
T32A0 148:599.792 JLINK_IsHalted()
T32A0 148:600.672 - 0.884ms returns FALSE
T32A0 148:709.088 JLINK_IsHalted()
T32A0 148:709.920 - 0.824ms returns FALSE
T32A0 148:709.968 JLINK_IsHalted()
T32A0 148:710.624 - 0.665ms returns FALSE
T32A0 148:818.208 JLINK_IsHalted()
T32A0 148:818.944 - 0.747ms returns FALSE
T32A0 148:818.992 JLINK_IsHalted()
T32A0 148:820.000 - 0.996ms returns FALSE
T32A0 148:926.976 JLINK_IsHalted()
T32A0 148:927.648 - 0.676ms returns FALSE
T32A0 148:927.696 JLINK_IsHalted()
T32A0 148:928.256 - 0.565ms returns FALSE
T32A0 149:036.960 JLINK_IsHalted()
T32A0 149:037.664 - 0.685ms returns FALSE
T32A0 149:037.696 JLINK_IsHalted()
T32A0 149:038.368 - 0.675ms returns FALSE
T5484 149:056.224 JLINK_IsHalted()
T5484 149:056.928 - 0.705ms returns FALSE
T5484 149:056.992 JLINK_IsHalted()
T5484 149:057.616 - 0.623ms returns FALSE
T32A0 149:146.096 JLINK_IsHalted()
T32A0 149:146.912 - 0.813ms returns FALSE
T32A0 149:146.960 JLINK_IsHalted()
T32A0 149:147.824 - 0.866ms returns FALSE
T32A0 149:255.040 JLINK_IsHalted()
T32A0 149:255.728 - 0.690ms returns FALSE
T32A0 149:255.776 JLINK_IsHalted()
T32A0 149:256.368 - 0.597ms returns FALSE
T32A0 149:365.008 JLINK_IsHalted()
T32A0 149:365.616 - 0.618ms returns FALSE
T32A0 149:365.648 JLINK_IsHalted()
T32A0 149:366.272 - 0.617ms returns FALSE
T32A0 149:474.240 JLINK_IsHalted()
T32A0 149:474.864 - 0.633ms returns FALSE
T32A0 149:474.912 JLINK_IsHalted()
T32A0 149:475.472 - 0.561ms returns FALSE
T32A0 149:583.616 JLINK_IsHalted()
T32A0 149:584.496 - 0.883ms returns FALSE
T32A0 149:584.544 JLINK_IsHalted()
T32A0 149:585.312 - 0.750ms returns FALSE
T32A0 149:692.864 JLINK_IsHalted()
T32A0 149:693.536 - 0.670ms returns FALSE
T32A0 149:693.568 JLINK_IsHalted()
T32A0 149:694.208 - 0.633ms returns FALSE
T32A0 149:802.848 JLINK_IsHalted()
T32A0 149:803.520 - 0.673ms returns FALSE
T32A0 149:803.552 JLINK_IsHalted()
T32A0 149:804.192 - 0.632ms returns FALSE
T32A0 149:912.048 JLINK_IsHalted()
T32A0 149:912.864 - 0.822ms returns FALSE
T32A0 149:912.928 JLINK_IsHalted()
T32A0 149:913.728 - 0.797ms returns FALSE
T32A0 150:021.136 JLINK_IsHalted()
T32A0 150:021.872 - 0.747ms returns FALSE
T32A0 150:021.920 JLINK_IsHalted()
T32A0 150:022.496 - 0.575ms returns FALSE
T5484 150:058.400 JLINK_IsHalted()
T5484 150:059.120 - 0.728ms returns FALSE
T5484 150:059.184 JLINK_IsHalted()
T5484 150:059.872 - 0.687ms returns FALSE
T32A0 150:130.144 JLINK_IsHalted()
T32A0 150:133.152 - 3.011ms returns FALSE
T32A0 150:133.216 JLINK_IsHalted()
T32A0 150:133.952 - 0.725ms returns FALSE
T32A0 150:240.096 JLINK_IsHalted()
T32A0 150:242.000 - 1.897ms returns FALSE
T32A0 150:242.048 JLINK_IsHalted()
T32A0 150:242.752 - 0.709ms returns FALSE
T32A0 150:348.768 JLINK_IsHalted()
T32A0 150:350.176 - 1.405ms returns FALSE
T32A0 150:350.240 JLINK_IsHalted()
T32A0 150:351.168 - 0.926ms returns FALSE
T32A0 150:458.912 JLINK_IsHalted()
T32A0 150:459.600 - 0.678ms returns FALSE
T32A0 150:459.648 JLINK_IsHalted()
T32A0 150:460.192 - 0.541ms returns FALSE
T32A0 150:567.904 JLINK_IsHalted()
T32A0 150:568.560 - 0.668ms returns FALSE
T32A0 150:568.608 JLINK_IsHalted()
T32A0 150:569.184 - 0.587ms returns FALSE
T32A0 150:676.912 JLINK_IsHalted()
T32A0 150:677.584 - 0.673ms returns FALSE
T32A0 150:677.632 JLINK_IsHalted()
T32A0 150:678.192 - 0.558ms returns FALSE
T32A0 150:786.912 JLINK_IsHalted()
T32A0 150:787.584 - 0.667ms returns FALSE
T32A0 150:787.616 JLINK_IsHalted()
T32A0 150:788.192 - 0.562ms returns FALSE
T32A0 150:895.936 JLINK_IsHalted()
T32A0 150:896.832 - 0.893ms returns FALSE
T32A0 150:896.864 JLINK_IsHalted()
T32A0 150:897.536 - 0.656ms returns FALSE
T32A0 151:005.936 JLINK_IsHalted()
T32A0 151:006.608 - 0.668ms returns FALSE
T32A0 151:006.640 JLINK_IsHalted()
T32A0 151:007.312 - 0.657ms returns FALSE
T5484 151:061.104 JLINK_IsHalted()
T5484 151:062.656 - 1.544ms returns FALSE
T5484 151:062.704 JLINK_IsHalted()
T5484 151:063.872 - 1.170ms returns FALSE
T32A0 151:114.864 JLINK_IsHalted()
T32A0 151:115.472 - 0.604ms returns FALSE
T32A0 151:115.504 JLINK_IsHalted()
T32A0 151:116.032 - 0.534ms returns FALSE
T32A0 151:223.936 JLINK_IsHalted()
T32A0 151:224.608 - 0.664ms returns FALSE
T32A0 151:224.656 JLINK_IsHalted()
T32A0 151:225.216 - 0.566ms returns FALSE
T32A0 151:333.920 JLINK_IsHalted()
T32A0 151:334.624 - 0.701ms returns FALSE
T32A0 151:334.672 JLINK_IsHalted()
T32A0 151:335.280 - 0.611ms returns FALSE
T32A0 151:442.944 JLINK_IsHalted()
T32A0 151:443.648 - 0.711ms returns FALSE
T32A0 151:443.712 JLINK_IsHalted()
T32A0 151:444.384 - 0.672ms returns FALSE
T32A0 151:552.032 JLINK_IsHalted()
T32A0 151:552.880 - 0.841ms returns FALSE
T32A0 151:552.928 JLINK_IsHalted()
T32A0 151:553.648 - 0.711ms returns FALSE
T32A0 151:661.568 JLINK_IsHalted()
T32A0 151:662.240 - 0.686ms returns FALSE
T32A0 151:662.304 JLINK_IsHalted()
T32A0 151:662.848 - 0.548ms returns FALSE
T32A0 151:771.616 JLINK_IsHalted()
T32A0 151:772.384 - 0.763ms returns FALSE
T32A0 151:772.448 JLINK_IsHalted()
T32A0 151:773.024 - 0.597ms returns FALSE
T32A0 151:880.432 JLINK_IsHalted()
T32A0 151:881.312 - 0.891ms returns FALSE
T32A0 151:881.376 JLINK_IsHalted()
T32A0 151:882.080 - 0.704ms returns FALSE
T32A0 151:989.968 JLINK_IsHalted()
T32A0 151:990.656 - 0.695ms returns FALSE
T32A0 151:990.688 JLINK_IsHalted()
T32A0 151:991.392 - 0.684ms returns FALSE
T5484 152:064.336 JLINK_IsHalted()
T5484 152:065.184 - 0.850ms returns FALSE
T5484 152:065.248 JLINK_IsHalted()
T5484 152:066.016 - 0.777ms returns FALSE
T32A0 152:099.120 JLINK_IsHalted()
T32A0 152:099.808 - 0.686ms returns FALSE
T32A0 152:099.888 JLINK_IsHalted()
T32A0 152:100.496 - 0.596ms returns FALSE
T32A0 152:208.976 JLINK_IsHalted()
T32A0 152:209.616 - 0.636ms returns FALSE
T32A0 152:209.664 JLINK_IsHalted()
T32A0 152:210.432 - 0.760ms returns FALSE
T32A0 152:318.064 JLINK_IsHalted()
T32A0 152:318.880 - 0.803ms returns FALSE
T32A0 152:318.912 JLINK_IsHalted()
T32A0 152:319.744 - 0.823ms returns FALSE
T32A0 152:427.056 JLINK_IsHalted()
T32A0 152:427.904 - 0.838ms returns FALSE
T32A0 152:427.984 JLINK_IsHalted()
T32A0 152:428.720 - 0.742ms returns FALSE
T32A0 152:537.216 JLINK_IsHalted()
T32A0 152:537.984 - 0.764ms returns FALSE
T32A0 152:538.032 JLINK_IsHalted()
T32A0 152:538.640 - 0.596ms returns FALSE
T32A0 152:645.984 JLINK_IsHalted()
T32A0 152:646.640 - 0.670ms returns FALSE
T32A0 152:646.688 JLINK_IsHalted()
T32A0 152:647.248 - 0.561ms returns FALSE
T32A0 152:756.000 JLINK_IsHalted()
T32A0 152:756.736 - 0.745ms returns FALSE
T32A0 152:756.816 JLINK_IsHalted()
T32A0 152:757.504 - 0.689ms returns FALSE
T32A0 152:864.960 JLINK_IsHalted()
T32A0 152:865.680 - 0.712ms returns FALSE
T32A0 152:865.696 JLINK_IsHalted()
T32A0 152:866.256 - 0.545ms returns FALSE
T32A0 152:974.000 JLINK_IsHalted()
T32A0 152:974.752 - 0.741ms returns FALSE
T32A0 152:974.784 JLINK_IsHalted()
T32A0 152:975.424 - 0.636ms returns FALSE
T5484 153:067.248 JLINK_IsHalted()
T5484 153:067.984 - 0.729ms returns FALSE
T5484 153:068.016 JLINK_IsHalted()
T5484 153:068.672 - 0.644ms returns FALSE
T32A0 153:083.152 JLINK_IsHalted()
T32A0 153:083.808 - 0.674ms returns FALSE
T32A0 153:083.856 JLINK_IsHalted()
T32A0 153:084.432 - 0.576ms returns FALSE
T32A0 153:192.992 JLINK_IsHalted()
T32A0 153:193.856 - 0.853ms returns FALSE
T32A0 153:193.920 JLINK_IsHalted()
T32A0 153:194.896 - 0.965ms returns FALSE
T32A0 153:302.048 JLINK_IsHalted()
T32A0 153:302.768 - 0.725ms returns FALSE
T32A0 153:302.816 JLINK_IsHalted()
T32A0 153:303.456 - 0.641ms returns FALSE
T32A0 153:412.128 JLINK_IsHalted()
T32A0 153:412.944 - 0.812ms returns FALSE
T32A0 153:412.976 JLINK_IsHalted()
T32A0 153:413.712 - 0.722ms returns FALSE
T32A0 153:521.120 JLINK_IsHalted()
T32A0 153:521.888 - 0.750ms returns FALSE
T32A0 153:521.952 JLINK_IsHalted()
T32A0 153:522.624 - 0.658ms returns FALSE
T32A0 153:630.112 JLINK_IsHalted()
T32A0 153:630.928 - 0.797ms returns FALSE
T32A0 153:630.960 JLINK_IsHalted()
T32A0 153:631.728 - 0.763ms returns FALSE
T32A0 153:740.032 JLINK_IsHalted()
T32A0 153:740.768 - 0.752ms returns FALSE
T32A0 153:740.832 JLINK_IsHalted()
T32A0 153:741.504 - 0.664ms returns FALSE
T32A0 153:849.616 JLINK_IsHalted()
T32A0 153:850.272 - 0.655ms returns FALSE
T32A0 153:850.304 JLINK_IsHalted()
T32A0 153:850.896 - 0.591ms returns FALSE
T32A0 153:958.192 JLINK_IsHalted()
T32A0 153:958.816 - 0.633ms returns FALSE
T32A0 153:958.864 JLINK_IsHalted()
T32A0 153:959.472 - 0.611ms returns FALSE
T32A0 154:219.104 JLINK_IsHalted()
T32A0 154:219.744 - 0.627ms returns FALSE
T32A0 154:219.792 JLINK_IsHalted()
T32A0 154:220.448 - 0.661ms returns FALSE
T5484 154:220.576 JLINK_IsHalted()
T5484 154:221.280 - 0.701ms returns FALSE
T5484 154:221.440 JLINK_IsHalted()
T5484 154:222.208 - 0.761ms returns FALSE
T32A0 154:318.208 JLINK_IsHalted()
T32A0 154:318.896 - 0.682ms returns FALSE
T32A0 154:318.944 JLINK_IsHalted()
T32A0 154:319.776 - 0.840ms returns FALSE
T32A0 154:427.216 JLINK_IsHalted()
T32A0 154:427.872 - 0.650ms returns FALSE
T32A0 154:427.920 JLINK_IsHalted()
T32A0 154:428.544 - 0.626ms returns FALSE
T32A0 154:537.216 JLINK_IsHalted()
T32A0 154:537.904 - 0.696ms returns FALSE
T32A0 154:537.952 JLINK_IsHalted()
T32A0 154:538.608 - 0.669ms returns FALSE
T32A0 154:646.176 JLINK_IsHalted()
T32A0 154:646.880 - 0.697ms returns FALSE
T32A0 154:646.928 JLINK_IsHalted()
T32A0 154:647.504 - 0.582ms returns FALSE
T32A0 154:755.200 JLINK_IsHalted()
T32A0 154:755.856 - 0.650ms returns FALSE
T32A0 154:755.904 JLINK_IsHalted()
T32A0 154:756.448 - 0.544ms returns FALSE
T32A0 154:865.264 JLINK_IsHalted()
T32A0 154:866.160 - 0.885ms returns FALSE
T32A0 154:866.208 JLINK_IsHalted()
T32A0 154:866.992 - 0.781ms returns FALSE
T32A0 154:974.272 JLINK_IsHalted()
T32A0 154:974.880 - 0.610ms returns FALSE
T32A0 154:974.928 JLINK_IsHalted()
T32A0 154:975.504 - 0.572ms returns FALSE
T32A0 155:083.968 JLINK_IsHalted()
T32A0 155:084.768 - 0.798ms returns FALSE
T32A0 155:084.816 JLINK_IsHalted()
T32A0 155:085.696 - 0.892ms returns FALSE
T32A0 155:192.672 JLINK_IsHalted()
T32A0 155:193.264 - 0.605ms returns FALSE
T32A0 155:193.312 JLINK_IsHalted()
T32A0 155:193.856 - 0.549ms returns FALSE
T5484 155:222.672 JLINK_IsHalted()
T5484 155:223.536 - 0.866ms returns FALSE
T5484 155:223.600 JLINK_IsHalted()
T5484 155:224.352 - 0.754ms returns FALSE
T32A0 155:302.432 JLINK_IsHalted()
T32A0 155:303.264 - 0.836ms returns FALSE
T32A0 155:303.328 JLINK_IsHalted()
T32A0 155:304.128 - 0.806ms returns FALSE
T32A0 155:412.160 JLINK_IsHalted()
T32A0 155:412.768 - 0.615ms returns FALSE
T32A0 155:412.800 JLINK_IsHalted()
T32A0 155:413.392 - 0.584ms returns FALSE
T32A0 155:521.248 JLINK_IsHalted()
T32A0 155:522.048 - 0.800ms returns FALSE
T32A0 155:522.128 JLINK_IsHalted()
T32A0 155:522.816 - 0.696ms returns FALSE
T32A0 155:630.560 JLINK_IsHalted()
T32A0 155:631.424 - 0.868ms returns FALSE
T32A0 155:631.472 JLINK_IsHalted()
T32A0 155:632.368 - 0.900ms returns FALSE
T32A0 155:739.552 JLINK_IsHalted()
T32A0 155:740.192 - 0.651ms returns FALSE
T32A0 155:740.240 JLINK_IsHalted()
T32A0 155:740.960 - 0.721ms returns FALSE
T32A0 155:849.312 JLINK_IsHalted()
T32A0 155:850.096 - 0.784ms returns FALSE
T32A0 155:850.144 JLINK_IsHalted()
T32A0 155:850.912 - 0.750ms returns FALSE
T32A0 155:959.056 JLINK_IsHalted()
T32A0 155:959.728 - 0.673ms returns FALSE
T32A0 155:959.792 JLINK_IsHalted()
T32A0 155:960.352 - 0.567ms returns FALSE
T32A0 156:067.552 JLINK_IsHalted()
T32A0 156:068.448 - 0.887ms returns FALSE
T32A0 156:068.496 JLINK_IsHalted()
T32A0 156:069.280 - 0.792ms returns FALSE
T32A0 156:177.040 JLINK_IsHalted()
T32A0 156:177.696 - 0.665ms returns FALSE
T32A0 156:177.728 JLINK_IsHalted()
T32A0 156:178.384 - 0.645ms returns FALSE
T5484 156:225.376 JLINK_IsHalted()
T5484 156:226.144 - 0.749ms returns FALSE
T5484 156:226.176 JLINK_IsHalted()
T5484 156:226.736 - 0.556ms returns FALSE
T32A0 156:287.184 JLINK_IsHalted()
T32A0 156:288.032 - 0.837ms returns FALSE
T32A0 156:288.096 JLINK_IsHalted()
T32A0 156:288.880 - 0.786ms returns FALSE
T32A0 156:396.736 JLINK_IsHalted()
T32A0 156:397.536 - 0.810ms returns FALSE
T32A0 156:397.600 JLINK_IsHalted()
T32A0 156:398.400 - 0.795ms returns FALSE
T32A0 156:505.728 JLINK_IsHalted()
T32A0 156:506.544 - 0.820ms returns FALSE
T32A0 156:506.592 JLINK_IsHalted()
T32A0 156:507.232 - 0.635ms returns FALSE
T32A0 156:614.976 JLINK_IsHalted()
T32A0 156:615.824 - 0.852ms returns FALSE
T32A0 156:615.872 JLINK_IsHalted()
T32A0 156:616.608 - 0.737ms returns FALSE
T32A0 156:723.904 JLINK_IsHalted()
T32A0 156:724.608 - 0.710ms returns FALSE
T32A0 156:724.656 JLINK_IsHalted()
T32A0 156:725.248 - 0.582ms returns FALSE
T32A0 156:833.344 JLINK_IsHalted()
T32A0 156:834.144 - 0.802ms returns FALSE
T32A0 156:834.192 JLINK_IsHalted()
T32A0 156:834.880 - 0.688ms returns FALSE
T32A0 156:943.504 JLINK_IsHalted()
T32A0 156:944.224 - 0.720ms returns FALSE
T32A0 156:944.256 JLINK_IsHalted()
T32A0 156:944.864 - 0.614ms returns FALSE
T32A0 157:052.576 JLINK_IsHalted()
T32A0 157:053.424 - 0.855ms returns FALSE
T32A0 157:053.472 JLINK_IsHalted()
T32A0 157:054.368 - 0.888ms returns FALSE
T32A0 157:161.568 JLINK_IsHalted()
T32A0 157:162.208 - 0.649ms returns FALSE
T32A0 157:162.240 JLINK_IsHalted()
T32A0 157:162.912 - 0.679ms returns FALSE
T5484 157:227.792 JLINK_IsHalted()
T5484 157:228.480 - 0.687ms returns FALSE
T5484 157:228.528 JLINK_IsHalted()
T5484 157:229.168 - 0.644ms returns FALSE
T32A0 157:271.456 JLINK_IsHalted()
T32A0 157:272.320 - 0.856ms returns FALSE
T32A0 157:272.368 JLINK_IsHalted()
T32A0 157:273.072 - 0.702ms returns FALSE
T32A0 157:380.048 JLINK_IsHalted()
T32A0 157:380.784 - 0.744ms returns FALSE
T32A0 157:380.832 JLINK_IsHalted()
T32A0 157:381.664 - 0.833ms returns FALSE
T32A0 157:490.064 JLINK_IsHalted()
T32A0 157:490.752 - 0.683ms returns FALSE
T32A0 157:490.784 JLINK_IsHalted()
T32A0 157:491.376 - 0.590ms returns FALSE
T32A0 157:599.072 JLINK_IsHalted()
T32A0 157:599.808 - 0.737ms returns FALSE
T32A0 157:599.840 JLINK_IsHalted()
T32A0 157:600.544 - 0.700ms returns FALSE
T32A0 157:708.352 JLINK_IsHalted()
T32A0 157:709.088 - 0.718ms returns FALSE
T32A0 157:709.120 JLINK_IsHalted()
T32A0 157:709.696 - 0.574ms returns FALSE
T32A0 157:817.760 JLINK_IsHalted()
T32A0 157:818.640 - 0.877ms returns FALSE
T32A0 157:818.704 JLINK_IsHalted()
T32A0 157:819.488 - 0.773ms returns FALSE
T32A0 157:927.200 JLINK_IsHalted()
T32A0 157:927.824 - 0.627ms returns FALSE
T32A0 157:927.856 JLINK_IsHalted()
T32A0 157:928.512 - 0.657ms returns FALSE
T32A0 158:036.256 JLINK_IsHalted()
T32A0 158:037.152 - 0.888ms returns FALSE
T32A0 158:037.216 JLINK_IsHalted()
T32A0 158:038.000 - 0.786ms returns FALSE
T32A0 158:145.840 JLINK_IsHalted()
T32A0 158:146.608 - 0.760ms returns FALSE
T32A0 158:146.656 JLINK_IsHalted()
T32A0 158:147.408 - 0.756ms returns FALSE
T5484 158:230.416 JLINK_IsHalted()
T5484 158:231.280 - 0.876ms returns FALSE
T5484 158:231.328 JLINK_IsHalted()
T5484 158:232.144 - 0.794ms returns FALSE
T32A0 158:255.232 JLINK_IsHalted()
T32A0 158:256.128 - 0.892ms returns FALSE
T32A0 158:256.176 JLINK_IsHalted()
T32A0 158:256.896 - 0.709ms returns FALSE
T32A0 158:365.280 JLINK_IsHalted()
T32A0 158:366.096 - 0.816ms returns FALSE
T32A0 158:366.128 JLINK_IsHalted()
T32A0 158:367.008 - 0.881ms returns FALSE
T32A0 158:474.528 JLINK_IsHalted()
T32A0 158:475.232 - 0.700ms returns FALSE
T32A0 158:475.264 JLINK_IsHalted()
T32A0 158:475.824 - 0.562ms returns FALSE
T32A0 158:583.840 JLINK_IsHalted()
T32A0 158:584.496 - 0.666ms returns FALSE
T32A0 158:584.544 JLINK_IsHalted()
T32A0 158:585.136 - 0.592ms returns FALSE
T32A0 158:693.280 JLINK_IsHalted()
T32A0 158:694.048 - 0.788ms returns FALSE
T32A0 158:694.128 JLINK_IsHalted()
T32A0 158:694.672 - 0.534ms returns FALSE
T32A0 158:802.512 JLINK_IsHalted()
T32A0 158:803.408 - 0.891ms returns FALSE
T32A0 158:803.456 JLINK_IsHalted()
T32A0 158:804.320 - 0.876ms returns FALSE
T32A0 158:911.408 JLINK_IsHalted()
T32A0 158:912.048 - 0.631ms returns FALSE
T32A0 158:912.096 JLINK_IsHalted()
T32A0 158:912.688 - 0.598ms returns FALSE
T32A0 159:021.024 JLINK_IsHalted()
T32A0 159:021.856 - 0.834ms returns FALSE
T32A0 159:021.920 JLINK_IsHalted()
T32A0 159:022.688 - 0.758ms returns FALSE
T32A0 159:130.384 JLINK_IsHalted()
T32A0 159:131.152 - 0.772ms returns FALSE
T32A0 159:131.200 JLINK_IsHalted()
T32A0 159:132.048 - 0.836ms returns FALSE
T5484 159:232.928 JLINK_IsHalted()
T5484 159:233.744 - 0.821ms returns FALSE
T5484 159:233.792 JLINK_IsHalted()
T5484 159:234.688 - 0.891ms returns FALSE
T32A0 159:239.776 JLINK_IsHalted()
T32A0 159:240.656 - 0.874ms returns FALSE
T32A0 159:240.736 JLINK_IsHalted()
T32A0 159:241.424 - 0.686ms returns FALSE
T32A0 159:348.992 JLINK_IsHalted()
T32A0 159:349.632 - 0.633ms returns FALSE
T32A0 159:349.664 JLINK_IsHalted()
T32A0 159:350.224 - 0.550ms returns FALSE
T32A0 159:458.400 JLINK_IsHalted()
T32A0 159:459.056 - 0.646ms returns FALSE
T32A0 159:459.152 JLINK_IsHalted()
T32A0 159:459.760 - 0.612ms returns FALSE
T32A0 159:567.568 JLINK_IsHalted()
T32A0 159:568.320 - 0.751ms returns FALSE
T32A0 159:568.352 JLINK_IsHalted()
T32A0 159:569.184 - 0.816ms returns FALSE
T32A0 159:677.728 JLINK_IsHalted()
T32A0 159:678.368 - 0.645ms returns FALSE
T32A0 159:678.400 JLINK_IsHalted()
T32A0 159:678.992 - 0.590ms returns FALSE
T32A0 159:786.336 JLINK_IsHalted()
T32A0 159:787.184 - 0.850ms returns FALSE
T32A0 159:787.232 JLINK_IsHalted()
T32A0 159:788.000 - 0.772ms returns FALSE
T32A0 159:896.448 JLINK_IsHalted()
T32A0 159:897.104 - 0.645ms returns FALSE
T32A0 159:897.120 JLINK_IsHalted()
T32A0 159:897.712 - 0.589ms returns FALSE
T32A0 160:005.440 JLINK_IsHalted()
T32A0 160:006.272 - 0.827ms returns FALSE
T32A0 160:006.336 JLINK_IsHalted()
T32A0 160:007.040 - 0.709ms returns FALSE
T32A0 160:114.528 JLINK_IsHalted()
T32A0 160:115.392 - 0.872ms returns FALSE
T32A0 160:115.440 JLINK_IsHalted()
T32A0 160:116.256 - 0.816ms returns FALSE
T32A0 160:224.480 JLINK_IsHalted()
T32A0 160:225.248 - 0.772ms returns FALSE
T32A0 160:225.296 JLINK_IsHalted()
T32A0 160:225.904 - 0.610ms returns FALSE
T5484 160:236.352 JLINK_IsHalted()
T5484 160:237.200 - 0.842ms returns FALSE
T5484 160:237.248 JLINK_IsHalted()
T5484 160:238.112 - 0.855ms returns FALSE
T32A0 160:333.312 JLINK_IsHalted()
T32A0 160:334.128 - 0.826ms returns FALSE
T32A0 160:334.176 JLINK_IsHalted()
T32A0 160:335.072 - 0.890ms returns FALSE
T32A0 160:443.488 JLINK_IsHalted()
T32A0 160:444.192 - 0.709ms returns FALSE
T32A0 160:444.240 JLINK_IsHalted()
T32A0 160:444.768 - 0.536ms returns FALSE
T32A0 160:552.640 JLINK_IsHalted()
T32A0 160:553.472 - 0.824ms returns FALSE
T32A0 160:553.536 JLINK_IsHalted()
T32A0 160:554.272 - 0.749ms returns FALSE
T32A0 160:661.504 JLINK_IsHalted()
T32A0 160:662.256 - 0.754ms returns FALSE
T32A0 160:662.304 JLINK_IsHalted()
T32A0 160:662.880 - 0.581ms returns FALSE
T32A0 160:770.912 JLINK_IsHalted()
T32A0 160:771.776 - 0.853ms returns FALSE
T32A0 160:771.824 JLINK_IsHalted()
T32A0 160:772.624 - 0.796ms returns FALSE
T32A0 160:880.848 JLINK_IsHalted()
T32A0 160:881.504 - 0.656ms returns FALSE
T32A0 160:881.552 JLINK_IsHalted()
T32A0 160:882.224 - 0.672ms returns FALSE
T32A0 160:990.224 JLINK_IsHalted()
T32A0 160:991.024 - 0.807ms returns FALSE
T32A0 160:991.072 JLINK_IsHalted()
T32A0 160:991.776 - 0.700ms returns FALSE
T32A0 161:099.504 JLINK_IsHalted()
T32A0 161:100.416 - 0.903ms returns FALSE
T32A0 161:100.480 JLINK_IsHalted()
T32A0 161:101.280 - 0.800ms returns FALSE
T32A0 161:208.464 JLINK_IsHalted()
T32A0 161:209.232 - 0.770ms returns FALSE
T32A0 161:209.312 JLINK_IsHalted()
T32A0 161:209.904 - 0.607ms returns FALSE
T5484 161:238.800 JLINK_IsHalted()
T5484 161:239.664 - 0.874ms returns FALSE
T5484 161:239.712 JLINK_IsHalted()
T5484 161:240.448 - 0.721ms returns FALSE
T32A0 161:318.464 JLINK_IsHalted()
T32A0 161:319.312 - 0.844ms returns FALSE
T32A0 161:319.344 JLINK_IsHalted()
T32A0 161:320.064 - 0.706ms returns FALSE
T32A0 161:427.344 JLINK_IsHalted()
T32A0 161:428.032 - 0.688ms returns FALSE
T32A0 161:428.064 JLINK_IsHalted()
T32A0 161:428.656 - 0.590ms returns FALSE
T32A0 161:536.672 JLINK_IsHalted()
T32A0 161:537.584 - 0.922ms returns FALSE
T32A0 161:537.632 JLINK_IsHalted()
T32A0 161:538.416 - 0.774ms returns FALSE
T32A0 161:646.432 JLINK_IsHalted()
T32A0 161:647.072 - 0.638ms returns FALSE
T32A0 161:647.120 JLINK_IsHalted()
T32A0 161:647.712 - 0.594ms returns FALSE
T32A0 161:755.808 JLINK_IsHalted()
T32A0 161:756.672 - 0.852ms returns FALSE
T32A0 161:756.720 JLINK_IsHalted()
T32A0 161:757.408 - 0.692ms returns FALSE
T32A0 161:864.512 JLINK_IsHalted()
T32A0 161:865.280 - 0.768ms returns FALSE
T32A0 161:865.328 JLINK_IsHalted()
T32A0 161:866.048 - 0.721ms returns FALSE
T32A0 161:974.592 JLINK_IsHalted()
T32A0 161:975.440 - 0.845ms returns FALSE
T32A0 161:975.488 JLINK_IsHalted()
T32A0 161:976.144 - 0.652ms returns FALSE
T32A0 162:083.424 JLINK_IsHalted()
T32A0 162:084.272 - 0.842ms returns FALSE
T32A0 162:084.336 JLINK_IsHalted()
T32A0 162:085.072 - 0.735ms returns FALSE
T32A0 162:193.216 JLINK_IsHalted()
T32A0 162:193.888 - 0.681ms returns FALSE
T32A0 162:193.952 JLINK_IsHalted()
T32A0 162:194.528 - 0.575ms returns FALSE
T5484 162:241.568 JLINK_IsHalted()
T5484 162:242.400 - 0.822ms returns FALSE
T5484 162:242.448 JLINK_IsHalted()
T5484 162:243.056 - 0.610ms returns FALSE
T32A0 162:302.496 JLINK_IsHalted()
T32A0 162:303.328 - 0.845ms returns FALSE
T32A0 162:303.392 JLINK_IsHalted()
T32A0 162:304.288 - 0.897ms returns FALSE
T32A0 162:411.296 JLINK_IsHalted()
T32A0 162:411.888 - 0.598ms returns FALSE
T32A0 162:411.936 JLINK_IsHalted()
T32A0 162:412.480 - 0.560ms returns FALSE
T32A0 162:521.376 JLINK_IsHalted()
T32A0 162:522.272 - 0.892ms returns FALSE
T32A0 162:522.320 JLINK_IsHalted()
T32A0 162:523.040 - 0.727ms returns FALSE
T32A0 162:630.288 JLINK_IsHalted()
T32A0 162:630.944 - 0.664ms returns FALSE
T32A0 162:630.976 JLINK_IsHalted()
T32A0 162:631.584 - 0.596ms returns FALSE
T32A0 162:740.352 JLINK_IsHalted()
T32A0 162:741.248 - 0.899ms returns FALSE
T32A0 162:741.296 JLINK_IsHalted()
T32A0 162:741.984 - 0.678ms returns FALSE
T32A0 162:849.248 JLINK_IsHalted()
T32A0 162:850.048 - 0.808ms returns FALSE
T32A0 162:850.096 JLINK_IsHalted()
T32A0 162:850.784 - 0.688ms returns FALSE
T32A0 162:958.240 JLINK_IsHalted()
T32A0 162:959.088 - 0.841ms returns FALSE
T32A0 162:959.152 JLINK_IsHalted()
T32A0 162:959.824 - 0.667ms returns FALSE
T32A0 163:067.824 JLINK_IsHalted()
T32A0 163:068.560 - 0.725ms returns FALSE
T32A0 163:068.592 JLINK_IsHalted()
T32A0 163:069.280 - 0.685ms returns FALSE
T32A0 163:177.040 JLINK_IsHalted()
T32A0 163:177.744 - 0.701ms returns FALSE
T32A0 163:177.824 JLINK_IsHalted()
T32A0 163:178.496 - 0.679ms returns FALSE
T5484 163:244.224 JLINK_IsHalted()
T5484 163:244.848 - 0.627ms returns FALSE
T5484 163:244.896 JLINK_IsHalted()
T5484 163:245.520 - 0.612ms returns FALSE
T32A0 163:287.088 JLINK_IsHalted()
T32A0 163:287.888 - 0.787ms returns FALSE
T32A0 163:287.936 JLINK_IsHalted()
T32A0 163:288.624 - 0.699ms returns FALSE
T32A0 163:396.000 JLINK_IsHalted()
T32A0 163:396.624 - 0.627ms returns FALSE
T32A0 163:396.640 JLINK_IsHalted()
T32A0 163:397.264 - 0.611ms returns FALSE
T32A0 163:505.008 JLINK_IsHalted()
T32A0 163:505.760 - 0.738ms returns FALSE
T32A0 163:505.792 JLINK_IsHalted()
T32A0 163:506.464 - 0.677ms returns FALSE
T32A0 163:614.992 JLINK_IsHalted()
T32A0 163:615.696 - 0.713ms returns FALSE
T32A0 163:615.744 JLINK_IsHalted()
T32A0 163:616.480 - 0.745ms returns FALSE
T32A0 163:724.432 JLINK_IsHalted()
T32A0 163:725.296 - 0.863ms returns FALSE
T32A0 163:725.344 JLINK_IsHalted()
T32A0 163:726.128 - 0.776ms returns FALSE
T32A0 163:833.456 JLINK_IsHalted()
T32A0 163:834.272 - 0.813ms returns FALSE
T32A0 163:834.320 JLINK_IsHalted()
T32A0 163:835.088 - 0.768ms returns FALSE
T32A0 163:943.040 JLINK_IsHalted()
T32A0 163:943.824 - 0.779ms returns FALSE
T32A0 163:943.904 JLINK_IsHalted()
T32A0 163:944.576 - 0.670ms returns FALSE
T32A0 164:052.080 JLINK_IsHalted()
T32A0 164:052.896 - 0.798ms returns FALSE
T32A0 164:052.944 JLINK_IsHalted()
T32A0 164:053.712 - 0.769ms returns FALSE
T32A0 164:161.584 JLINK_IsHalted()
T32A0 164:162.256 - 0.654ms returns FALSE
T32A0 164:162.272 JLINK_IsHalted()
T32A0 164:162.832 - 0.546ms returns FALSE
T5484 164:245.808 JLINK_IsHalted()
T5484 164:246.432 - 0.610ms returns FALSE
T5484 164:246.464 JLINK_IsHalted()
T5484 164:247.072 - 0.609ms returns FALSE
T32A0 164:270.688 JLINK_IsHalted()
T32A0 164:271.568 - 0.860ms returns FALSE
T32A0 164:271.616 JLINK_IsHalted()
T32A0 164:272.416 - 0.794ms returns FALSE
T32A0 164:380.256 JLINK_IsHalted()
T32A0 164:380.880 - 0.627ms returns FALSE
T32A0 164:380.912 JLINK_IsHalted()
T32A0 164:381.472 - 0.569ms returns FALSE
T32A0 164:489.936 JLINK_IsHalted()
T32A0 164:490.800 - 0.876ms returns FALSE
T32A0 164:490.848 JLINK_IsHalted()
T32A0 164:491.632 - 0.775ms returns FALSE
T32A0 164:599.504 JLINK_IsHalted()
T32A0 164:600.288 - 0.777ms returns FALSE
T32A0 164:600.336 JLINK_IsHalted()
T32A0 164:601.136 - 0.799ms returns FALSE
T32A0 164:708.480 JLINK_IsHalted()
T32A0 164:709.360 - 0.874ms returns FALSE
T32A0 164:709.408 JLINK_IsHalted()
T32A0 164:710.144 - 0.739ms returns FALSE
T32A0 164:817.824 JLINK_IsHalted()
T32A0 164:818.592 - 0.771ms returns FALSE
T32A0 164:818.656 JLINK_IsHalted()
T32A0 164:819.440 - 0.779ms returns FALSE
T32A0 164:927.648 JLINK_IsHalted()
T32A0 164:928.384 - 0.746ms returns FALSE
T32A0 164:928.416 JLINK_IsHalted()
T32A0 164:929.008 - 0.580ms returns FALSE
T32A0 165:036.688 JLINK_IsHalted()
T32A0 165:037.536 - 0.858ms returns FALSE
T32A0 165:037.600 JLINK_IsHalted()
T32A0 165:038.320 - 0.730ms returns FALSE
T32A0 165:146.064 JLINK_IsHalted()
T32A0 165:146.720 - 0.656ms returns FALSE
T32A0 165:146.752 JLINK_IsHalted()
T32A0 165:147.360 - 0.613ms returns FALSE
T5484 165:247.712 JLINK_IsHalted()
T5484 165:248.400 - 0.675ms returns FALSE
T5484 165:248.448 JLINK_IsHalted()
T5484 165:249.104 - 0.648ms returns FALSE
T32A0 165:255.584 JLINK_IsHalted()
T32A0 165:256.464 - 0.885ms returns FALSE
T32A0 165:256.512 JLINK_IsHalted()
T32A0 165:257.264 - 0.758ms returns FALSE
T32A0 165:364.688 JLINK_IsHalted()
T32A0 165:365.392 - 0.704ms returns FALSE
T32A0 165:365.424 JLINK_IsHalted()
T32A0 165:366.000 - 0.570ms returns FALSE
T32A0 165:474.192 JLINK_IsHalted()
T32A0 165:475.056 - 0.867ms returns FALSE
T32A0 165:475.104 JLINK_IsHalted()
T32A0 165:475.792 - 0.675ms returns FALSE
T32A0 165:583.328 JLINK_IsHalted()
T32A0 165:584.160 - 0.838ms returns FALSE
T32A0 165:584.224 JLINK_IsHalted()
T32A0 165:584.928 - 0.719ms returns FALSE
T32A0 165:693.472 JLINK_IsHalted()
T32A0 165:695.920 - 2.457ms returns FALSE
T32A0 165:696.000 JLINK_IsHalted()
T32A0 165:696.672 - 0.678ms returns FALSE
T32A0 165:802.528 JLINK_IsHalted()
T32A0 165:803.328 - 0.788ms returns FALSE
T32A0 165:803.360 JLINK_IsHalted()
T32A0 165:804.144 - 0.780ms returns FALSE
T32A0 165:912.160 JLINK_IsHalted()
T32A0 165:912.896 - 0.732ms returns FALSE
T32A0 165:912.928 JLINK_IsHalted()
T32A0 165:913.584 - 0.646ms returns FALSE
T32A0 166:021.456 JLINK_IsHalted()
T32A0 166:022.288 - 0.838ms returns FALSE
T32A0 166:022.320 JLINK_IsHalted()
T32A0 166:023.072 - 0.731ms returns FALSE
T32A0 166:130.048 JLINK_IsHalted()
T32A0 166:130.720 - 0.678ms returns FALSE
T32A0 166:130.768 JLINK_IsHalted()
T32A0 166:131.376 - 0.615ms returns FALSE
T32A0 166:240.032 JLINK_IsHalted()
T32A0 166:240.896 - 0.864ms returns FALSE
T32A0 166:240.944 JLINK_IsHalted()
T32A0 166:241.728 - 0.780ms returns FALSE
T5484 166:250.160 JLINK_IsHalted()
T5484 166:250.928 - 0.759ms returns FALSE
T5484 166:250.976 JLINK_IsHalted()
T5484 166:251.936 - 0.941ms returns FALSE
T32A0 166:348.944 JLINK_IsHalted()
T32A0 166:349.632 - 0.689ms returns FALSE
T32A0 166:349.664 JLINK_IsHalted()
T32A0 166:350.336 - 0.679ms returns FALSE
T32A0 166:458.976 JLINK_IsHalted()
T32A0 166:459.776 - 0.791ms returns FALSE
T32A0 166:459.824 JLINK_IsHalted()
T32A0 166:460.544 - 0.723ms returns FALSE
T32A0 166:567.936 JLINK_IsHalted()
T32A0 166:568.832 - 0.891ms returns FALSE
T32A0 166:568.896 JLINK_IsHalted()
T32A0 166:569.696 - 0.791ms returns FALSE
T32A0 166:677.520 JLINK_IsHalted()
T32A0 166:678.256 - 0.739ms returns FALSE
T32A0 166:678.304 JLINK_IsHalted()
T32A0 166:678.896 - 0.607ms returns FALSE
T32A0 166:787.040 JLINK_IsHalted()
T32A0 166:787.936 - 0.875ms returns FALSE
T32A0 166:787.968 JLINK_IsHalted()
T32A0 166:788.880 - 0.901ms returns FALSE
T32A0 166:895.840 JLINK_IsHalted()
T32A0 166:975.536 - 79.690ms returns FALSE
T32A0 166:975.616 JLINK_IsHalted()
T32A0 167:021.632 - 46.006ms returns FALSE
T32A0 167:130.336 JLINK_IsHalted()
T32A0 167:131.088 - 0.745ms returns FALSE
T32A0 167:131.152 JLINK_IsHalted()
T32A0 167:131.744 - 0.591ms returns FALSE
T32A0 167:240.320 JLINK_IsHalted()
T32A0 167:240.944 - 0.624ms returns FALSE
T32A0 167:240.992 JLINK_IsHalted()
T32A0 167:241.552 - 0.559ms returns FALSE
T5484 167:252.544 JLINK_IsHalted()
T5484 167:253.200 - 0.652ms returns FALSE
T5484 167:253.264 JLINK_IsHalted()
T5484 167:253.856 - 0.591ms returns FALSE
T32A0 167:349.360 JLINK_IsHalted()
T32A0 167:350.048 - 0.674ms returns FALSE
T32A0 167:350.080 JLINK_IsHalted()
T32A0 167:350.688 - 0.600ms returns FALSE
T32A0 167:458.512 JLINK_IsHalted()
T32A0 167:459.440 - 0.943ms returns FALSE
T32A0 167:459.488 JLINK_IsHalted()
T32A0 167:460.256 - 0.760ms returns FALSE
T32A0 167:567.648 JLINK_IsHalted()
T32A0 167:568.416 - 0.765ms returns FALSE
T32A0 167:568.448 JLINK_IsHalted()
T32A0 167:569.280 - 0.828ms returns FALSE
T32A0 167:677.472 JLINK_IsHalted()
T32A0 167:678.112 - 0.641ms returns FALSE
T32A0 167:678.160 JLINK_IsHalted()
T32A0 167:678.768 - 0.606ms returns FALSE
T32A0 167:786.528 JLINK_IsHalted()
T32A0 167:787.264 - 0.729ms returns FALSE
T32A0 167:787.344 JLINK_IsHalted()
T32A0 167:788.032 - 0.695ms returns FALSE
T32A0 167:895.808 JLINK_IsHalted()
T32A0 167:896.560 - 0.759ms returns FALSE
T32A0 167:896.768 JLINK_IsHalted()
T32A0 167:898.096 - 1.329ms returns FALSE
T32A0 168:005.088 JLINK_IsHalted()
T32A0 168:005.744 - 0.658ms returns FALSE
T32A0 168:005.792 JLINK_IsHalted()
T32A0 168:006.400 - 0.613ms returns FALSE
T32A0 168:115.072 JLINK_IsHalted()
T32A0 168:115.696 - 0.628ms returns FALSE
T32A0 168:115.744 JLINK_IsHalted()
T32A0 168:116.368 - 0.607ms returns FALSE
T32A0 168:223.872 JLINK_IsHalted()
T32A0 168:224.784 - 0.918ms returns FALSE
T32A0 168:224.848 JLINK_IsHalted()
T32A0 168:225.680 - 0.830ms returns FALSE
T5484 168:254.192 JLINK_IsHalted()
T5484 168:255.008 - 0.809ms returns FALSE
T5484 168:255.056 JLINK_IsHalted()
T5484 168:255.904 - 0.845ms returns FALSE
T32A0 168:333.824 JLINK_IsHalted()
T32A0 168:334.496 - 0.666ms returns FALSE
T32A0 168:334.528 JLINK_IsHalted()
T32A0 168:335.152 - 0.624ms returns FALSE
T32A0 168:443.456 JLINK_IsHalted()
T32A0 168:444.320 - 0.870ms returns FALSE
T32A0 168:444.368 JLINK_IsHalted()
T32A0 168:445.152 - 0.775ms returns FALSE
T32A0 168:552.576 JLINK_IsHalted()
T32A0 168:553.408 - 0.825ms returns FALSE
T32A0 168:553.440 JLINK_IsHalted()
T32A0 168:554.160 - 0.725ms returns FALSE
T32A0 168:661.792 JLINK_IsHalted()
T32A0 168:662.624 - 0.818ms returns FALSE
T32A0 168:662.656 JLINK_IsHalted()
T32A0 168:663.264 - 0.595ms returns FALSE
T32A0 168:771.056 JLINK_IsHalted()
T32A0 168:771.968 - 0.914ms returns FALSE
T32A0 168:772.048 JLINK_IsHalted()
T32A0 168:772.944 - 0.902ms returns FALSE
T32A0 168:880.112 JLINK_IsHalted()
T32A0 168:880.944 - 0.836ms returns FALSE
T32A0 168:880.992 JLINK_IsHalted()
T32A0 168:881.696 - 0.698ms returns FALSE
T32A0 168:989.664 JLINK_IsHalted()
T32A0 168:990.512 - 0.854ms returns FALSE
T32A0 168:990.560 JLINK_IsHalted()
T32A0 168:991.472 - 0.908ms returns FALSE
T32A0 169:099.504 JLINK_IsHalted()
T32A0 169:100.224 - 0.714ms returns FALSE
T32A0 169:100.256 JLINK_IsHalted()
T32A0 169:100.880 - 0.621ms returns FALSE
T32A0 169:208.608 JLINK_IsHalted()
T32A0 169:209.456 - 0.845ms returns FALSE
T32A0 169:209.504 JLINK_IsHalted()
T32A0 169:210.272 - 0.770ms returns FALSE
T5484 169:256.896 JLINK_IsHalted()
T5484 169:257.728 - 0.830ms returns FALSE
T5484 169:257.776 JLINK_IsHalted()
T5484 169:258.512 - 0.723ms returns FALSE
T32A0 169:317.792 JLINK_IsHalted()
T32A0 169:318.608 - 0.810ms returns FALSE
T32A0 169:318.640 JLINK_IsHalted()
T32A0 169:319.424 - 0.781ms returns FALSE
T32A0 169:427.088 JLINK_IsHalted()
T32A0 169:427.872 - 0.793ms returns FALSE
T32A0 169:427.920 JLINK_IsHalted()
T32A0 169:428.752 - 0.831ms returns FALSE
T32A0 169:536.768 JLINK_IsHalted()
T32A0 169:537.552 - 0.782ms returns FALSE
T32A0 169:537.648 JLINK_IsHalted()
T32A0 169:538.416 - 0.775ms returns FALSE
T32A0 169:645.664 JLINK_IsHalted()
T32A0 169:646.368 - 0.729ms returns FALSE
T32A0 169:646.416 JLINK_IsHalted()
T32A0 169:647.008 - 0.594ms returns FALSE
T32A0 169:755.776 JLINK_IsHalted()
T32A0 169:756.608 - 0.836ms returns FALSE
T32A0 169:756.640 JLINK_IsHalted()
T32A0 169:757.568 - 0.914ms returns FALSE
T32A0 169:864.816 JLINK_IsHalted()
T32A0 169:865.504 - 0.668ms returns FALSE
T32A0 169:865.520 JLINK_IsHalted()
T32A0 169:866.128 - 0.589ms returns FALSE
T32A0 169:973.840 JLINK_IsHalted()
T32A0 169:974.752 - 0.899ms returns FALSE
T32A0 169:974.784 JLINK_IsHalted()
T32A0 169:975.536 - 0.749ms returns FALSE
T32A0 170:083.616 JLINK_IsHalted()
T32A0 170:084.256 - 0.633ms returns FALSE
T32A0 170:084.288 JLINK_IsHalted()
T32A0 170:084.864 - 0.573ms returns FALSE
T32A0 170:192.752 JLINK_IsHalted()
T32A0 170:193.568 - 0.821ms returns FALSE
T32A0 170:193.632 JLINK_IsHalted()
T32A0 170:194.448 - 0.812ms returns FALSE
T5484 170:260.032 JLINK_IsHalted()
T5484 170:260.832 - 0.788ms returns FALSE
T5484 170:260.880 JLINK_IsHalted()
T5484 170:261.584 - 0.695ms returns FALSE
T32A0 170:302.016 JLINK_IsHalted()
T32A0 170:302.768 - 0.758ms returns FALSE
T32A0 170:302.816 JLINK_IsHalted()
T32A0 170:303.536 - 0.717ms returns FALSE
T32A0 170:411.392 JLINK_IsHalted()
T32A0 170:412.288 - 0.901ms returns FALSE
T32A0 170:412.352 JLINK_IsHalted()
T32A0 170:413.024 - 0.682ms returns FALSE
T32A0 170:521.632 JLINK_IsHalted()
T32A0 170:522.720 - 1.081ms returns FALSE
T32A0 170:522.752 JLINK_IsHalted()
T32A0 170:523.488 - 0.720ms returns FALSE
T32A0 170:631.136 JLINK_IsHalted()
T32A0 170:632.784 - 1.636ms returns FALSE
T32A0 170:632.832 JLINK_IsHalted()
T32A0 170:633.456 - 0.634ms returns FALSE
T32A0 170:739.952 JLINK_IsHalted()
T32A0 170:749.120 - 9.164ms returns FALSE
T32A0 170:749.168 JLINK_IsHalted()
T32A0 170:758.240 - 9.061ms returns FALSE
T32A0 170:864.656 JLINK_IsHalted()
T32A0 170:878.544 - 13.883ms returns FALSE
T32A0 170:878.592 JLINK_IsHalted()
T32A0 170:885.184 - 6.587ms returns FALSE
T32A0 170:989.472 JLINK_IsHalted()
T32A0 170:991.248 - 1.773ms returns FALSE
T32A0 170:991.280 JLINK_IsHalted()
T32A0 170:993.184 - 1.903ms returns FALSE
T32A0 171:099.536 JLINK_IsHalted()
T32A0 171:100.256 - 0.729ms returns FALSE
T32A0 171:100.400 JLINK_IsHalted()
T32A0 171:101.408 - 1.008ms returns FALSE
T32A0 171:208.544 JLINK_IsHalted()
T32A0 171:209.408 - 0.865ms returns FALSE
T32A0 171:209.440 JLINK_IsHalted()
T32A0 171:210.080 - 0.624ms returns FALSE
T5484 171:262.752 JLINK_IsHalted()
T5484 171:263.568 - 0.818ms returns FALSE
T5484 171:263.632 JLINK_IsHalted()
T5484 171:264.256 - 0.625ms returns FALSE
T32A0 171:318.464 JLINK_IsHalted()
T32A0 171:319.280 - 0.828ms returns FALSE
T32A0 171:319.328 JLINK_IsHalted()
T32A0 171:320.352 - 1.017ms returns FALSE
T32A0 171:427.456 JLINK_IsHalted()
T32A0 171:428.192 - 0.741ms returns FALSE
T32A0 171:428.256 JLINK_IsHalted()
T32A0 171:428.832 - 0.581ms returns FALSE
T32A0 171:536.432 JLINK_IsHalted()
T32A0 171:537.776 - 1.347ms returns FALSE
T32A0 171:537.840 JLINK_IsHalted()
T32A0 171:538.752 - 0.908ms returns FALSE
T32A0 171:646.464 JLINK_IsHalted()
T32A0 171:647.472 - 1.016ms returns FALSE
T32A0 171:647.520 JLINK_IsHalted()
T32A0 171:648.112 - 0.589ms returns FALSE
T32A0 171:756.032 JLINK_IsHalted()
T32A0 171:757.376 - 1.347ms returns FALSE
T32A0 171:757.472 JLINK_IsHalted()
T32A0 171:758.432 - 0.969ms returns FALSE
T32A0 171:864.848 JLINK_IsHalted()
T32A0 171:865.600 - 0.746ms returns FALSE
T32A0 171:865.648 JLINK_IsHalted()
T32A0 171:866.576 - 0.919ms returns FALSE
T32A0 171:973.856 JLINK_IsHalted()
T32A0 171:974.496 - 0.642ms returns FALSE
T32A0 171:974.544 JLINK_IsHalted()
T32A0 171:975.104 - 0.564ms returns FALSE
T32A0 172:083.936 JLINK_IsHalted()
T32A0 172:084.576 - 0.649ms returns FALSE
T32A0 172:084.672 JLINK_IsHalted()
T32A0 172:085.232 - 0.568ms returns FALSE
T32A0 172:192.864 JLINK_IsHalted()
T32A0 172:193.472 - 0.603ms returns FALSE
T32A0 172:193.504 JLINK_IsHalted()
T32A0 172:194.096 - 0.587ms returns FALSE
T5484 172:265.264 JLINK_IsHalted()
T5484 172:265.872 - 0.607ms returns FALSE
T5484 172:265.920 JLINK_IsHalted()
T5484 172:266.528 - 0.600ms returns FALSE
T32A0 172:301.872 JLINK_IsHalted()
T32A0 172:302.528 - 0.663ms returns FALSE
T32A0 172:302.560 JLINK_IsHalted()
T32A0 172:303.216 - 0.641ms returns FALSE
T32A0 172:412.000 JLINK_IsHalted()
T32A0 172:412.688 - 0.683ms returns FALSE
T32A0 172:412.720 JLINK_IsHalted()
T32A0 172:413.408 - 0.682ms returns FALSE
T32A0 172:521.120 JLINK_IsHalted()
T32A0 172:521.968 - 0.846ms returns FALSE
T32A0 172:522.016 JLINK_IsHalted()
T32A0 172:522.720 - 0.701ms returns FALSE
T32A0 172:630.656 JLINK_IsHalted()
T32A0 172:631.456 - 0.805ms returns FALSE
T32A0 172:631.520 JLINK_IsHalted()
T32A0 172:632.128 - 0.598ms returns FALSE
T32A0 172:739.456 JLINK_IsHalted()
T32A0 172:740.128 - 0.661ms returns FALSE
T32A0 172:740.144 JLINK_IsHalted()
T32A0 172:740.736 - 0.594ms returns FALSE
T32A0 172:849.552 JLINK_IsHalted()
T32A0 172:850.624 - 1.076ms returns FALSE
T32A0 172:850.672 JLINK_IsHalted()
T32A0 172:851.264 - 0.599ms returns FALSE
T32A0 172:958.464 JLINK_IsHalted()
T32A0 172:959.136 - 0.663ms returns FALSE
T32A0 172:959.152 JLINK_IsHalted()
T32A0 172:959.776 - 0.624ms returns FALSE
T32A0 173:067.488 JLINK_IsHalted()
T32A0 173:068.224 - 0.730ms returns FALSE
T32A0 173:068.256 JLINK_IsHalted()
T32A0 173:068.832 - 0.562ms returns FALSE
T32A0 173:177.520 JLINK_IsHalted()
T32A0 173:178.400 - 0.872ms returns FALSE
T32A0 173:178.464 JLINK_IsHalted()
T32A0 173:179.264 - 0.816ms returns FALSE
T5484 173:267.648 JLINK_IsHalted()
T5484 173:268.368 - 0.717ms returns FALSE
T5484 173:268.400 JLINK_IsHalted()
T5484 173:268.992 - 0.597ms returns FALSE
T32A0 173:286.352 JLINK_IsHalted()
T32A0 173:287.040 - 0.684ms returns FALSE
T32A0 173:287.088 JLINK_IsHalted()
T32A0 173:287.776 - 0.670ms returns FALSE
T32A0 173:396.608 JLINK_IsHalted()
T32A0 173:397.472 - 0.858ms returns FALSE
T32A0 173:397.632 JLINK_IsHalted()
T32A0 173:398.320 - 0.684ms returns FALSE
T32A0 173:505.760 JLINK_IsHalted()
T32A0 173:506.608 - 0.849ms returns FALSE
T32A0 173:506.656 JLINK_IsHalted()
T32A0 173:507.504 - 0.848ms returns FALSE
T32A0 173:614.944 JLINK_IsHalted()
T32A0 173:615.648 - 0.708ms returns FALSE
T32A0 173:615.680 JLINK_IsHalted()
T32A0 173:616.272 - 0.586ms returns FALSE
T32A0 173:723.792 JLINK_IsHalted()
T32A0 173:724.448 - 0.646ms returns FALSE
T32A0 173:724.464 JLINK_IsHalted()
T32A0 173:725.056 - 0.583ms returns FALSE
T32A0 173:833.856 JLINK_IsHalted()
T32A0 173:834.528 - 0.682ms returns FALSE
T32A0 173:834.576 JLINK_IsHalted()
T32A0 173:835.232 - 0.643ms returns FALSE
T32A0 173:943.136 JLINK_IsHalted()
T32A0 173:944.096 - 0.954ms returns FALSE
T32A0 173:944.160 JLINK_IsHalted()
T32A0 173:944.960 - 0.796ms returns FALSE
T32A0 174:052.080 JLINK_IsHalted()
T32A0 174:052.768 - 0.668ms returns FALSE
T32A0 174:052.800 JLINK_IsHalted()
T32A0 174:053.408 - 0.601ms returns FALSE
T32A0 174:162.144 JLINK_IsHalted()
T32A0 174:163.024 - 0.867ms returns FALSE
T32A0 174:163.088 JLINK_IsHalted()
T32A0 174:163.840 - 0.755ms returns FALSE
T5484 174:270.336 JLINK_IsHalted()
T5484 174:270.928 - 0.579ms returns FALSE
T5484 174:270.960 JLINK_IsHalted()
T5484 174:271.536 - 0.570ms returns FALSE
T32A0 174:271.632 JLINK_IsHalted()
T32A0 174:272.336 - 0.700ms returns FALSE
T32A0 174:272.400 JLINK_IsHalted()
T32A0 174:272.976 - 0.581ms returns FALSE
T32A0 174:380.256 JLINK_IsHalted()
T32A0 174:381.072 - 0.798ms returns FALSE
T32A0 174:381.136 JLINK_IsHalted()
T32A0 174:381.792 - 0.671ms returns FALSE
T32A0 174:490.176 JLINK_IsHalted()
T32A0 174:490.944 - 0.767ms returns FALSE
T32A0 174:491.008 JLINK_IsHalted()
T32A0 174:491.744 - 0.731ms returns FALSE
T32A0 174:599.104 JLINK_IsHalted()
T32A0 174:599.776 - 0.668ms returns FALSE
T32A0 174:599.808 JLINK_IsHalted()
T32A0 174:600.480 - 0.673ms returns FALSE
T32A0 174:708.448 JLINK_IsHalted()
T32A0 174:709.328 - 0.878ms returns FALSE
T32A0 174:709.376 JLINK_IsHalted()
T32A0 174:710.288 - 0.909ms returns FALSE
T32A0 174:817.504 JLINK_IsHalted()
T32A0 174:818.224 - 0.713ms returns FALSE
T32A0 174:818.256 JLINK_IsHalted()
T32A0 174:818.880 - 0.625ms returns FALSE
T32A0 174:927.616 JLINK_IsHalted()
T32A0 174:928.480 - 0.876ms returns FALSE
T32A0 174:928.560 JLINK_IsHalted()
T32A0 174:929.328 - 0.766ms returns FALSE
T32A0 175:036.544 JLINK_IsHalted()
T32A0 175:037.216 - 0.674ms returns FALSE
T32A0 175:037.264 JLINK_IsHalted()
T32A0 175:037.888 - 0.627ms returns FALSE
T32A0 175:146.080 JLINK_IsHalted()
T32A0 175:146.976 - 0.897ms returns FALSE
T32A0 175:147.024 JLINK_IsHalted()
T32A0 175:147.904 - 0.879ms returns FALSE
T32A0 175:255.200 JLINK_IsHalted()
T32A0 175:255.936 - 0.734ms returns FALSE
T32A0 175:256.000 JLINK_IsHalted()
T32A0 175:256.672 - 0.674ms returns FALSE
T5484 175:271.280 JLINK_IsHalted()
T5484 175:272.032 - 0.753ms returns FALSE
T5484 175:272.096 JLINK_IsHalted()
T5484 175:272.928 - 0.829ms returns FALSE
T32A0 175:365.376 JLINK_IsHalted()
T32A0 175:366.096 - 0.710ms returns FALSE
T32A0 175:366.128 JLINK_IsHalted()
T32A0 175:366.768 - 0.643ms returns FALSE
T32A0 175:474.208 JLINK_IsHalted()
T32A0 175:475.168 - 0.963ms returns FALSE
T32A0 175:475.232 JLINK_IsHalted()
T32A0 175:476.032 - 0.813ms returns FALSE
T32A0 175:584.048 JLINK_IsHalted()
T32A0 175:584.736 - 0.683ms returns FALSE
T32A0 175:584.768 JLINK_IsHalted()
T32A0 175:585.376 - 0.617ms returns FALSE
T32A0 175:693.184 JLINK_IsHalted()
T32A0 175:693.920 - 0.725ms returns FALSE
T32A0 175:693.968 JLINK_IsHalted()
T32A0 175:694.576 - 0.612ms returns FALSE
T32A0 175:802.096 JLINK_IsHalted()
T32A0 175:802.736 - 0.641ms returns FALSE
T32A0 175:802.784 JLINK_IsHalted()
T32A0 175:803.392 - 0.614ms returns FALSE
T32A0 175:912.128 JLINK_IsHalted()
T32A0 175:912.976 - 0.852ms returns FALSE
T32A0 175:913.024 JLINK_IsHalted()
T32A0 175:913.696 - 0.669ms returns FALSE
T32A0 176:021.120 JLINK_IsHalted()
T32A0 176:021.808 - 0.693ms returns FALSE
T32A0 176:021.856 JLINK_IsHalted()
T32A0 176:022.512 - 0.658ms returns FALSE
T32A0 176:130.192 JLINK_IsHalted()
T32A0 176:130.944 - 0.747ms returns FALSE
T32A0 176:130.992 JLINK_IsHalted()
T32A0 176:131.808 - 0.798ms returns FALSE
T32A0 176:239.968 JLINK_IsHalted()
T32A0 176:240.736 - 0.759ms returns FALSE
T32A0 176:240.800 JLINK_IsHalted()
T32A0 176:241.504 - 0.723ms returns FALSE
T5484 176:274.240 JLINK_IsHalted()
T5484 176:275.040 - 0.809ms returns FALSE
T5484 176:275.104 JLINK_IsHalted()
T5484 176:275.856 - 0.753ms returns FALSE
T32A0 176:349.584 JLINK_IsHalted()
T32A0 176:350.304 - 0.714ms returns FALSE
T32A0 176:350.336 JLINK_IsHalted()
T32A0 176:351.104 - 0.769ms returns FALSE
T32A0 176:458.592 JLINK_IsHalted()
T32A0 176:459.344 - 0.764ms returns FALSE
T32A0 176:459.392 JLINK_IsHalted()
T32A0 176:460.128 - 0.724ms returns FALSE
T32A0 176:567.584 JLINK_IsHalted()
T32A0 176:568.224 - 0.637ms returns FALSE
T32A0 176:568.256 JLINK_IsHalted()
T32A0 176:568.864 - 0.607ms returns FALSE
T32A0 176:677.552 JLINK_IsHalted()
T32A0 176:678.208 - 0.657ms returns FALSE
T32A0 176:678.240 JLINK_IsHalted()
T32A0 176:678.768 - 0.527ms returns FALSE
T32A0 176:786.288 JLINK_IsHalted()
T32A0 176:786.992 - 0.697ms returns FALSE
T32A0 176:787.040 JLINK_IsHalted()
T32A0 176:787.664 - 0.611ms returns FALSE
T32A0 176:896.352 JLINK_IsHalted()
T32A0 176:897.248 - 0.903ms returns FALSE
T32A0 176:897.312 JLINK_IsHalted()
T32A0 176:898.016 - 0.712ms returns FALSE
T32A0 177:005.552 JLINK_IsHalted()
T32A0 177:006.240 - 0.699ms returns FALSE
T32A0 177:006.288 JLINK_IsHalted()
T32A0 177:007.136 - 0.851ms returns FALSE
T32A0 177:114.464 JLINK_IsHalted()
T32A0 177:115.280 - 0.818ms returns FALSE
T32A0 177:115.328 JLINK_IsHalted()
T32A0 177:116.128 - 0.795ms returns FALSE
T32A0 177:224.432 JLINK_IsHalted()
T32A0 177:225.216 - 0.783ms returns FALSE
T32A0 177:225.264 JLINK_IsHalted()
T32A0 177:226.000 - 0.730ms returns FALSE
T5484 177:276.304 JLINK_IsHalted()
T5484 177:277.136 - 0.833ms returns FALSE
T5484 177:277.184 JLINK_IsHalted()
T5484 177:278.064 - 0.885ms returns FALSE
T32A0 177:333.968 JLINK_IsHalted()
T32A0 177:334.672 - 0.703ms returns FALSE
T32A0 177:334.704 JLINK_IsHalted()
T32A0 177:335.376 - 0.675ms returns FALSE
T32A0 177:442.720 JLINK_IsHalted()
T32A0 177:443.552 - 0.843ms returns FALSE
T32A0 177:443.616 JLINK_IsHalted()
T32A0 177:444.416 - 0.806ms returns FALSE
T32A0 177:551.824 JLINK_IsHalted()
T32A0 177:552.512 - 0.685ms returns FALSE
T32A0 177:552.544 JLINK_IsHalted()
T32A0 177:553.120 - 0.587ms returns FALSE
T32A0 177:661.984 JLINK_IsHalted()
T32A0 177:662.688 - 0.705ms returns FALSE
T32A0 177:662.736 JLINK_IsHalted()
T32A0 177:663.536 - 0.798ms returns FALSE
T32A0 177:770.576 JLINK_IsHalted()
T32A0 177:771.232 - 0.656ms returns FALSE
T32A0 177:771.264 JLINK_IsHalted()
T32A0 177:771.872 - 0.604ms returns FALSE
T32A0 177:880.992 JLINK_IsHalted()
T32A0 177:881.808 - 0.809ms returns FALSE
T32A0 177:881.888 JLINK_IsHalted()
T32A0 177:882.560 - 0.684ms returns FALSE
T32A0 177:990.000 JLINK_IsHalted()
T32A0 177:990.880 - 0.863ms returns FALSE
T32A0 177:990.928 JLINK_IsHalted()
T32A0 177:991.696 - 0.766ms returns FALSE
T32A0 178:099.152 JLINK_IsHalted()
T32A0 178:099.968 - 0.802ms returns FALSE
T32A0 178:100.032 JLINK_IsHalted()
T32A0 178:100.768 - 0.726ms returns FALSE
T32A0 178:208.288 JLINK_IsHalted()
T32A0 178:209.056 - 0.751ms returns FALSE
T32A0 178:209.120 JLINK_IsHalted()
T32A0 178:209.872 - 0.745ms returns FALSE
T5484 178:278.560 JLINK_IsHalted()
T5484 178:279.440 - 0.867ms returns FALSE
T5484 178:279.488 JLINK_IsHalted()
T5484 178:280.256 - 0.766ms returns FALSE
T32A0 178:318.224 JLINK_IsHalted()
T32A0 178:318.832 - 0.619ms returns FALSE
T32A0 178:318.880 JLINK_IsHalted()
T32A0 178:319.488 - 0.608ms returns FALSE
T32A0 178:427.312 JLINK_IsHalted()
T32A0 178:428.112 - 0.799ms returns FALSE
T32A0 178:428.160 JLINK_IsHalted()
T32A0 178:428.928 - 0.767ms returns FALSE
T32A0 178:537.216 JLINK_IsHalted()
T32A0 178:537.872 - 0.661ms returns FALSE
T32A0 178:537.904 JLINK_IsHalted()
T32A0 178:538.560 - 0.646ms returns FALSE
T32A0 178:646.240 JLINK_IsHalted()
T32A0 178:646.864 - 0.623ms returns FALSE
T32A0 178:646.880 JLINK_IsHalted()
T32A0 178:647.456 - 0.556ms returns FALSE
T32A0 178:755.312 JLINK_IsHalted()
T32A0 178:755.968 - 0.651ms returns FALSE
T32A0 178:756.000 JLINK_IsHalted()
T32A0 178:756.656 - 0.658ms returns FALSE
T32A0 178:864.480 JLINK_IsHalted()
T32A0 178:865.152 - 0.678ms returns FALSE
T32A0 178:865.184 JLINK_IsHalted()
T32A0 178:865.888 - 0.709ms returns FALSE
T32A0 178:974.576 JLINK_IsHalted()
T32A0 178:975.392 - 0.814ms returns FALSE
T32A0 178:975.456 JLINK_IsHalted()
T32A0 178:976.272 - 0.814ms returns FALSE
T32A0 179:083.936 JLINK_IsHalted()
T32A0 179:084.624 - 0.674ms returns FALSE
T32A0 179:084.672 JLINK_IsHalted()
T32A0 179:085.280 - 0.599ms returns FALSE
T32A0 179:193.024 JLINK_IsHalted()
T32A0 179:193.888 - 0.858ms returns FALSE
T32A0 179:193.936 JLINK_IsHalted()
T32A0 179:194.704 - 0.762ms returns FALSE
T5484 179:280.928 JLINK_IsHalted()
T5484 179:281.744 - 0.817ms returns FALSE
T5484 179:281.792 JLINK_IsHalted()
T5484 179:282.672 - 0.884ms returns FALSE
T32A0 179:302.176 JLINK_IsHalted()
T32A0 179:302.864 - 0.691ms returns FALSE
T32A0 179:302.880 JLINK_IsHalted()
T32A0 179:303.504 - 0.614ms returns FALSE
T32A0 179:411.248 JLINK_IsHalted()
T32A0 179:412.080 - 0.837ms returns FALSE
T32A0 179:412.128 JLINK_IsHalted()
T32A0 179:413.024 - 0.879ms returns FALSE
T32A0 179:521.360 JLINK_IsHalted()
T32A0 179:522.016 - 0.652ms returns FALSE
T32A0 179:522.048 JLINK_IsHalted()
T32A0 179:522.624 - 0.585ms returns FALSE
T32A0 179:630.448 JLINK_IsHalted()
T32A0 179:631.312 - 0.854ms returns FALSE
T32A0 179:631.360 JLINK_IsHalted()
T32A0 179:632.144 - 0.775ms returns FALSE
T32A0 179:739.536 JLINK_IsHalted()
T32A0 179:740.208 - 0.683ms returns FALSE
T32A0 179:740.256 JLINK_IsHalted()
T32A0 179:740.960 - 0.694ms returns FALSE
T32A0 179:849.632 JLINK_IsHalted()
T32A0 179:850.448 - 0.807ms returns FALSE
T32A0 179:850.496 JLINK_IsHalted()
T32A0 179:851.248 - 0.759ms returns FALSE
T32A0 179:958.656 JLINK_IsHalted()
T32A0 179:959.488 - 0.833ms returns FALSE
T32A0 179:959.536 JLINK_IsHalted()
T32A0 179:960.320 - 0.783ms returns FALSE
T32A0 180:067.824 JLINK_IsHalted()
T32A0 180:068.576 - 0.736ms returns FALSE
T32A0 180:068.608 JLINK_IsHalted()
T32A0 180:069.216 - 0.621ms returns FALSE
T32A0 180:177.872 JLINK_IsHalted()
T32A0 180:204.544 - 26.678ms returns FALSE
T32A0 180:204.624 JLINK_IsHalted()
T32A0 180:282.592 - 77.965ms returns FALSE
T5484 180:374.272 JLINK_IsHalted()
T5484 180:374.864 - 0.587ms returns FALSE
T5484 180:374.912 JLINK_IsHalted()
T5484 180:375.520 - 0.605ms returns FALSE
T32A0 180:396.512 JLINK_IsHalted()
T32A0 180:397.216 - 0.692ms returns FALSE
T32A0 180:397.264 JLINK_IsHalted()
T32A0 180:397.808 - 0.544ms returns FALSE
T32A0 180:505.536 JLINK_IsHalted()
T32A0 180:528.896 - 23.351ms returns FALSE
T32A0 180:528.976 JLINK_IsHalted()
T32A0 180:529.600 - 0.623ms returns FALSE
T32A0 180:630.784 JLINK_IsHalted()
T32A0 180:631.696 - 0.908ms returns FALSE
T32A0 180:631.744 JLINK_IsHalted()
T32A0 180:632.560 - 0.808ms returns FALSE
T32A0 180:739.680 JLINK_IsHalted()
T32A0 180:740.272 - 0.602ms returns FALSE
T32A0 180:740.304 JLINK_IsHalted()
T32A0 180:740.880 - 0.575ms returns FALSE
T32A0 180:849.008 JLINK_IsHalted()
T32A0 180:849.888 - 0.875ms returns FALSE
T32A0 180:849.936 JLINK_IsHalted()
T32A0 180:850.784 - 0.860ms returns FALSE
T32A0 180:958.592 JLINK_IsHalted()
T32A0 180:959.424 - 0.827ms returns FALSE
T32A0 180:959.456 JLINK_IsHalted()
T32A0 180:960.288 - 0.808ms returns FALSE
T32A0 181:067.616 JLINK_IsHalted()
T32A0 181:068.320 - 0.708ms returns FALSE
T32A0 181:068.384 JLINK_IsHalted()
T32A0 181:069.024 - 0.631ms returns FALSE
T32A0 181:177.536 JLINK_IsHalted()
T32A0 181:178.432 - 0.892ms returns FALSE
T32A0 181:178.480 JLINK_IsHalted()
T32A0 181:179.232 - 0.764ms returns FALSE
T32A0 181:286.624 JLINK_IsHalted()
T32A0 181:287.392 - 0.757ms returns FALSE
T32A0 181:287.424 JLINK_IsHalted()
T32A0 181:287.984 - 0.562ms returns FALSE
T5484 181:375.904 JLINK_IsHalted()
T5484 181:376.672 - 0.763ms returns FALSE
T5484 181:376.720 JLINK_IsHalted()
T5484 181:377.488 - 0.761ms returns FALSE
T32A0 181:395.744 JLINK_IsHalted()
T32A0 181:396.576 - 0.834ms returns FALSE
T32A0 181:396.624 JLINK_IsHalted()
T32A0 181:397.408 - 0.783ms returns FALSE
T32A0 181:505.632 JLINK_IsHalted()
T32A0 181:506.320 - 0.671ms returns FALSE
T32A0 181:506.352 JLINK_IsHalted()
T32A0 181:506.912 - 0.561ms returns FALSE
T32A0 181:614.608 JLINK_IsHalted()
T32A0 181:615.440 - 0.825ms returns FALSE
T32A0 181:615.488 JLINK_IsHalted()
T32A0 181:616.288 - 0.782ms returns FALSE
T32A0 181:724.528 JLINK_IsHalted()
T32A0 181:725.296 - 0.773ms returns FALSE
T32A0 181:725.344 JLINK_IsHalted()
T32A0 181:726.064 - 0.725ms returns FALSE
T32A0 181:833.504 JLINK_IsHalted()
T32A0 181:834.352 - 0.848ms returns FALSE
T32A0 181:834.400 JLINK_IsHalted()
T32A0 181:835.136 - 0.728ms returns FALSE
T32A0 181:942.752 JLINK_IsHalted()
T32A0 181:943.584 - 0.824ms returns FALSE
T32A0 181:943.616 JLINK_IsHalted()
T32A0 181:944.352 - 0.741ms returns FALSE
T32A0 182:052.656 JLINK_IsHalted()
T32A0 182:053.408 - 0.746ms returns FALSE
T32A0 182:053.440 JLINK_IsHalted()
T32A0 182:054.048 - 0.606ms returns FALSE
T32A0 182:161.568 JLINK_IsHalted()
T32A0 182:162.448 - 0.871ms returns FALSE
T32A0 182:162.480 JLINK_IsHalted()
T32A0 182:163.360 - 0.876ms returns FALSE
T32A0 182:271.568 JLINK_IsHalted()
T32A0 182:272.272 - 0.697ms returns FALSE
T32A0 182:272.304 JLINK_IsHalted()
T32A0 182:272.896 - 0.591ms returns FALSE
T5484 182:378.192 JLINK_IsHalted()
T5484 182:379.008 - 0.816ms returns FALSE
T5484 182:379.040 JLINK_IsHalted()
T5484 182:379.856 - 0.804ms returns FALSE
T32A0 182:380.848 JLINK_IsHalted()
T32A0 182:381.712 - 0.861ms returns FALSE
T32A0 182:381.776 JLINK_IsHalted()
T32A0 182:382.672 - 0.898ms returns FALSE
T32A0 182:489.792 JLINK_IsHalted()
T32A0 182:490.448 - 0.660ms returns FALSE
T32A0 182:490.480 JLINK_IsHalted()
T32A0 182:491.040 - 0.552ms returns FALSE
T32A0 182:599.264 JLINK_IsHalted()
T32A0 182:600.016 - 0.762ms returns FALSE
T32A0 182:600.080 JLINK_IsHalted()
T32A0 182:600.880 - 0.801ms returns FALSE
T32A0 182:709.024 JLINK_IsHalted()
T32A0 182:709.856 - 0.826ms returns FALSE
T32A0 182:709.920 JLINK_IsHalted()
T32A0 182:710.688 - 0.761ms returns FALSE
T32A0 182:818.048 JLINK_IsHalted()
T32A0 182:818.816 - 0.776ms returns FALSE
T32A0 182:818.896 JLINK_IsHalted()
T32A0 182:819.616 - 0.733ms returns FALSE
T32A0 182:926.944 JLINK_IsHalted()
T32A0 182:927.712 - 0.784ms returns FALSE
T32A0 182:927.776 JLINK_IsHalted()
T32A0 182:928.496 - 0.730ms returns FALSE
T32A0 183:037.008 JLINK_IsHalted()
T32A0 183:037.680 - 0.669ms returns FALSE
T32A0 183:037.728 JLINK_IsHalted()
T32A0 183:038.368 - 0.644ms returns FALSE
T32A0 183:146.032 JLINK_IsHalted()
T32A0 183:146.912 - 0.890ms returns FALSE
T32A0 183:146.976 JLINK_IsHalted()
T32A0 183:147.856 - 0.881ms returns FALSE
T32A0 183:255.024 JLINK_IsHalted()
T32A0 183:255.648 - 0.632ms returns FALSE
T32A0 183:255.696 JLINK_IsHalted()
T32A0 183:256.288 - 0.592ms returns FALSE
T32A0 183:365.120 JLINK_IsHalted()
T32A0 183:365.920 - 0.789ms returns FALSE
T32A0 183:365.952 JLINK_IsHalted()
T32A0 183:366.672 - 0.722ms returns FALSE
T5484 183:380.768 JLINK_IsHalted()
T5484 183:381.632 - 0.859ms returns FALSE
T5484 183:381.680 JLINK_IsHalted()
T5484 183:382.560 - 0.888ms returns FALSE
T32A0 183:474.544 JLINK_IsHalted()
T32A0 183:475.248 - 0.708ms returns FALSE
T32A0 183:475.296 JLINK_IsHalted()
T32A0 183:475.904 - 0.619ms returns FALSE
T32A0 183:583.536 JLINK_IsHalted()
T32A0 183:584.448 - 0.902ms returns FALSE
T32A0 183:584.480 JLINK_IsHalted()
T32A0 183:585.376 - 0.894ms returns FALSE
T32A0 183:692.880 JLINK_IsHalted()
T32A0 183:693.536 - 0.650ms returns FALSE
T32A0 183:693.584 JLINK_IsHalted()
T32A0 183:694.112 - 0.542ms returns FALSE
T32A0 183:801.936 JLINK_IsHalted()
T32A0 183:802.768 - 0.831ms returns FALSE
T32A0 183:802.848 JLINK_IsHalted()
T32A0 183:803.536 - 0.700ms returns FALSE
T32A0 183:911.712 JLINK_IsHalted()
T32A0 183:912.512 - 0.803ms returns FALSE
T32A0 183:912.560 JLINK_IsHalted()
T32A0 183:913.376 - 0.795ms returns FALSE
T32A0 184:021.568 JLINK_IsHalted()
T32A0 184:022.240 - 0.656ms returns FALSE
T32A0 184:022.256 JLINK_IsHalted()
T32A0 184:022.880 - 0.615ms returns FALSE
T32A0 184:130.720 JLINK_IsHalted()
T32A0 184:131.504 - 0.772ms returns FALSE
T32A0 184:131.552 JLINK_IsHalted()
T32A0 184:132.256 - 0.704ms returns FALSE
T32A0 184:239.840 JLINK_IsHalted()
T32A0 184:240.512 - 0.682ms returns FALSE
T32A0 184:240.544 JLINK_IsHalted()
T32A0 184:241.120 - 0.579ms returns FALSE
T32A0 184:349.248 JLINK_IsHalted()
T32A0 184:350.112 - 0.851ms returns FALSE
T32A0 184:350.160 JLINK_IsHalted()
T32A0 184:350.896 - 0.740ms returns FALSE
T5484 184:383.632 JLINK_IsHalted()
T5484 184:384.464 - 0.832ms returns FALSE
T5484 184:384.528 JLINK_IsHalted()
T5484 184:385.296 - 0.773ms returns FALSE
T32A0 184:458.160 JLINK_IsHalted()
T32A0 184:458.800 - 0.648ms returns FALSE
T32A0 184:458.848 JLINK_IsHalted()
T32A0 184:459.424 - 0.585ms returns FALSE
T32A0 184:568.496 JLINK_IsHalted()
T32A0 184:569.344 - 0.845ms returns FALSE
T32A0 184:569.392 JLINK_IsHalted()
T32A0 184:570.032 - 0.643ms returns FALSE
T32A0 184:677.392 JLINK_IsHalted()
T32A0 184:678.080 - 0.695ms returns FALSE
T32A0 184:678.112 JLINK_IsHalted()
T32A0 184:678.752 - 0.625ms returns FALSE
T32A0 184:786.880 JLINK_IsHalted()
T32A0 184:787.568 - 0.691ms returns FALSE
T32A0 184:787.616 JLINK_IsHalted()
T32A0 184:788.224 - 0.610ms returns FALSE
T32A0 184:895.968 JLINK_IsHalted()
T32A0 184:896.800 - 0.828ms returns FALSE
T32A0 184:896.832 JLINK_IsHalted()
T32A0 184:897.744 - 0.903ms returns FALSE
T32A0 185:005.088 JLINK_IsHalted()
T32A0 185:005.776 - 0.688ms returns FALSE
T32A0 185:005.808 JLINK_IsHalted()
T32A0 185:006.384 - 0.574ms returns FALSE
T32A0 185:114.368 JLINK_IsHalted()
T32A0 185:115.296 - 0.932ms returns FALSE
T32A0 185:115.360 JLINK_IsHalted()
T32A0 185:116.144 - 0.784ms returns FALSE
T32A0 185:223.712 JLINK_IsHalted()
T32A0 185:224.400 - 0.676ms returns FALSE
T32A0 185:224.432 JLINK_IsHalted()
T32A0 185:225.056 - 0.635ms returns FALSE
T32A0 185:334.080 JLINK_IsHalted()
T32A0 185:334.816 - 0.737ms returns FALSE
T32A0 185:334.864 JLINK_IsHalted()
T32A0 185:335.584 - 0.739ms returns FALSE
T5484 185:386.208 JLINK_IsHalted()
T5484 185:386.848 - 0.655ms returns FALSE
T5484 185:386.912 JLINK_IsHalted()
T5484 185:387.632 - 0.720ms returns FALSE
T32A0 185:443.024 JLINK_IsHalted()
T32A0 185:443.776 - 0.743ms returns FALSE
T32A0 185:443.808 JLINK_IsHalted()
T32A0 185:444.432 - 0.623ms returns FALSE
T32A0 185:552.144 JLINK_IsHalted()
T32A0 185:552.928 - 0.777ms returns FALSE
T32A0 185:552.976 JLINK_IsHalted()
T32A0 185:553.696 - 0.714ms returns FALSE
T32A0 185:662.048 JLINK_IsHalted()
T32A0 185:662.784 - 0.739ms returns FALSE
T32A0 185:662.816 JLINK_IsHalted()
T32A0 185:663.536 - 0.708ms returns FALSE
T32A0 185:770.944 JLINK_IsHalted()
T32A0 185:771.632 - 0.690ms returns FALSE
T32A0 185:771.680 JLINK_IsHalted()
T32A0 185:772.272 - 0.601ms returns FALSE
T32A0 185:880.720 JLINK_IsHalted()
T32A0 185:881.488 - 0.760ms returns FALSE
T32A0 185:881.552 JLINK_IsHalted()
T32A0 185:882.272 - 0.714ms returns FALSE
T32A0 185:989.536 JLINK_IsHalted()
T32A0 185:990.224 - 0.689ms returns FALSE
T32A0 185:990.240 JLINK_IsHalted()
T32A0 185:990.816 - 0.550ms returns FALSE
T32A0 186:099.632 JLINK_IsHalted()
T32A0 186:100.480 - 0.841ms returns FALSE
T32A0 186:100.512 JLINK_IsHalted()
T32A0 186:101.312 - 0.789ms returns FALSE
T32A0 186:208.544 JLINK_IsHalted()
T32A0 186:209.232 - 0.675ms returns FALSE
T32A0 186:209.248 JLINK_IsHalted()
T32A0 186:209.808 - 0.547ms returns FALSE
T32A0 186:317.648 JLINK_IsHalted()
T32A0 186:318.480 - 0.826ms returns FALSE
T32A0 186:318.544 JLINK_IsHalted()
T32A0 186:319.280 - 0.733ms returns FALSE
T5484 186:387.792 JLINK_IsHalted()
T5484 186:388.512 - 0.715ms returns FALSE
T5484 186:388.576 JLINK_IsHalted()
T5484 186:389.216 - 0.650ms returns FALSE
T32A0 186:427.552 JLINK_IsHalted()
T32A0 186:428.352 - 0.793ms returns FALSE
T32A0 186:428.400 JLINK_IsHalted()
T32A0 186:429.200 - 0.784ms returns FALSE
T32A0 186:536.624 JLINK_IsHalted()
T32A0 186:537.440 - 0.811ms returns FALSE
T32A0 186:537.504 JLINK_IsHalted()
T32A0 186:538.256 - 0.742ms returns FALSE
T32A0 186:646.480 JLINK_IsHalted()
T32A0 186:647.216 - 0.740ms returns FALSE
T32A0 186:647.296 JLINK_IsHalted()
T32A0 186:647.872 - 0.582ms returns FALSE
T32A0 186:755.760 JLINK_IsHalted()
T32A0 186:756.432 - 0.658ms returns FALSE
T32A0 186:756.448 JLINK_IsHalted()
T32A0 186:757.104 - 0.652ms returns FALSE
T32A0 186:864.432 JLINK_IsHalted()
T32A0 186:865.312 - 0.872ms returns FALSE
T32A0 186:865.360 JLINK_IsHalted()
T32A0 186:866.112 - 0.749ms returns FALSE
T32A0 186:974.320 JLINK_IsHalted()
T32A0 186:974.992 - 0.671ms returns FALSE
T32A0 186:975.024 JLINK_IsHalted()
T32A0 186:975.584 - 0.554ms returns FALSE
T32A0 187:083.424 JLINK_IsHalted()
T32A0 187:084.304 - 0.865ms returns FALSE
T32A0 187:084.368 JLINK_IsHalted()
T32A0 187:085.088 - 0.729ms returns FALSE
T32A0 187:193.248 JLINK_IsHalted()
T32A0 187:193.952 - 0.707ms returns FALSE
T32A0 187:194.016 JLINK_IsHalted()
T32A0 187:194.688 - 0.686ms returns FALSE
T32A0 187:302.192 JLINK_IsHalted()
T32A0 187:303.024 - 0.837ms returns FALSE
T32A0 187:303.072 JLINK_IsHalted()
T32A0 187:303.936 - 0.856ms returns FALSE
T5484 187:390.368 JLINK_IsHalted()
T5484 187:391.008 - 0.657ms returns FALSE
T5484 187:391.056 JLINK_IsHalted()
T5484 187:391.648 - 0.582ms returns FALSE
T32A0 187:412.128 JLINK_IsHalted()
T32A0 187:412.768 - 0.628ms returns FALSE
T32A0 187:412.784 JLINK_IsHalted()
T32A0 187:413.392 - 0.603ms returns FALSE
T32A0 187:520.928 JLINK_IsHalted()
T32A0 187:521.648 - 0.717ms returns FALSE
T32A0 187:521.744 JLINK_IsHalted()
T32A0 187:522.416 - 0.675ms returns FALSE
T32A0 187:630.880 JLINK_IsHalted()
T32A0 187:631.744 - 0.859ms returns FALSE
T32A0 187:631.792 JLINK_IsHalted()
T32A0 187:632.592 - 0.787ms returns FALSE
T32A0 187:739.456 JLINK_IsHalted()
T32A0 187:740.080 - 0.624ms returns FALSE
T32A0 187:740.128 JLINK_IsHalted()
T32A0 187:740.784 - 0.659ms returns FALSE
T32A0 187:849.504 JLINK_IsHalted()
T32A0 187:850.240 - 0.741ms returns FALSE
T32A0 187:850.272 JLINK_IsHalted()
T32A0 187:850.912 - 0.623ms returns FALSE
T32A0 187:958.400 JLINK_IsHalted()
T32A0 187:959.056 - 0.652ms returns FALSE
T32A0 187:959.088 JLINK_IsHalted()
T32A0 187:959.632 - 0.540ms returns FALSE
T32A0 188:067.712 JLINK_IsHalted()
T32A0 188:068.512 - 0.788ms returns FALSE
T32A0 188:068.560 JLINK_IsHalted()
T32A0 188:069.424 - 0.870ms returns FALSE
T32A0 188:177.392 JLINK_IsHalted()
T32A0 188:178.032 - 0.631ms returns FALSE
T32A0 188:178.064 JLINK_IsHalted()
T32A0 188:178.720 - 0.667ms returns FALSE
T32A0 188:287.040 JLINK_IsHalted()
T32A0 188:287.856 - 0.824ms returns FALSE
T32A0 188:287.920 JLINK_IsHalted()
T32A0 188:288.608 - 0.689ms returns FALSE
T5484 188:392.176 JLINK_IsHalted()
T5484 188:392.864 - 0.687ms returns FALSE
T5484 188:392.912 JLINK_IsHalted()
T5484 188:393.504 - 0.599ms returns FALSE
T32A0 188:395.936 JLINK_IsHalted()
T32A0 188:396.704 - 0.753ms returns FALSE
T32A0 188:396.752 JLINK_IsHalted()
T32A0 188:397.472 - 0.711ms returns FALSE
T32A0 188:505.600 JLINK_IsHalted()
T32A0 188:506.400 - 0.801ms returns FALSE
T32A0 188:506.448 JLINK_IsHalted()
T32A0 188:507.152 - 0.699ms returns FALSE
T32A0 188:614.592 JLINK_IsHalted()
T32A0 188:615.392 - 0.796ms returns FALSE
T32A0 188:615.424 JLINK_IsHalted()
T32A0 188:615.984 - 0.553ms returns FALSE
T32A0 188:724.576 JLINK_IsHalted()
T32A0 188:725.216 - 0.658ms returns FALSE
T32A0 188:725.264 JLINK_IsHalted()
T32A0 188:725.840 - 0.576ms returns FALSE
T32A0 188:833.824 JLINK_IsHalted()
T32A0 188:834.560 - 0.738ms returns FALSE
T32A0 188:834.608 JLINK_IsHalted()
T32A0 188:835.296 - 0.675ms returns FALSE
T32A0 188:942.624 JLINK_IsHalted()
T32A0 188:943.392 - 0.758ms returns FALSE
T32A0 188:943.440 JLINK_IsHalted()
T32A0 188:944.032 - 0.603ms returns FALSE
T32A0 189:052.032 JLINK_IsHalted()
T32A0 189:052.896 - 0.852ms returns FALSE
T32A0 189:052.960 JLINK_IsHalted()
T32A0 189:053.760 - 0.809ms returns FALSE
T32A0 189:161.760 JLINK_IsHalted()
T32A0 189:162.544 - 0.788ms returns FALSE
T32A0 189:162.592 JLINK_IsHalted()
T32A0 189:163.456 - 0.860ms returns FALSE
T32A0 189:271.120 JLINK_IsHalted()
T32A0 189:271.968 - 0.848ms returns FALSE
T32A0 189:272.032 JLINK_IsHalted()
T32A0 189:272.832 - 0.796ms returns FALSE
T32A0 189:380.112 JLINK_IsHalted()
T32A0 189:380.944 - 0.830ms returns FALSE
T32A0 189:380.976 JLINK_IsHalted()
T32A0 189:381.760 - 0.778ms returns FALSE
T5484 189:394.272 JLINK_IsHalted()
T5484 189:394.960 - 0.669ms returns FALSE
T5484 189:395.008 JLINK_IsHalted()
T5484 189:395.632 - 0.632ms returns FALSE
T32A0 189:489.936 JLINK_IsHalted()
T32A0 189:490.576 - 0.646ms returns FALSE
T32A0 189:490.608 JLINK_IsHalted()
T32A0 189:491.232 - 0.614ms returns FALSE
T32A0 189:599.024 JLINK_IsHalted()
T32A0 189:599.872 - 0.838ms returns FALSE
T32A0 189:599.952 JLINK_IsHalted()
T32A0 189:600.704 - 0.755ms returns FALSE
T32A0 189:708.240 JLINK_IsHalted()
T32A0 189:708.912 - 0.688ms returns FALSE
T32A0 189:708.960 JLINK_IsHalted()
T32A0 189:709.536 - 0.591ms returns FALSE
T32A0 189:818.368 JLINK_IsHalted()
T32A0 189:819.216 - 0.838ms returns FALSE
T32A0 189:819.264 JLINK_IsHalted()
T32A0 189:820.144 - 0.886ms returns FALSE
T32A0 189:927.808 JLINK_IsHalted()
T32A0 189:928.464 - 0.659ms returns FALSE
T32A0 189:928.496 JLINK_IsHalted()
T32A0 189:929.120 - 0.615ms returns FALSE
T32A0 190:036.896 JLINK_IsHalted()
T32A0 190:037.792 - 0.898ms returns FALSE
T32A0 190:037.856 JLINK_IsHalted()
T32A0 190:038.640 - 0.791ms returns FALSE
T32A0 190:145.872 JLINK_IsHalted()
T32A0 190:146.688 - 0.824ms returns FALSE
T32A0 190:146.752 JLINK_IsHalted()
T32A0 190:147.664 - 0.906ms returns FALSE
T32A0 190:256.048 JLINK_IsHalted()
T32A0 190:256.784 - 0.728ms returns FALSE
T32A0 190:256.848 JLINK_IsHalted()
T32A0 190:257.536 - 0.682ms returns FALSE
T32A0 190:364.896 JLINK_IsHalted()
T32A0 190:365.792 - 0.894ms returns FALSE
T32A0 190:365.840 JLINK_IsHalted()
T32A0 190:366.736 - 0.889ms returns FALSE
T5484 190:397.696 JLINK_IsHalted()
T5484 190:398.624 - 0.914ms returns FALSE
T5484 190:398.672 JLINK_IsHalted()
T5484 190:399.392 - 0.729ms returns FALSE
T32A0 190:474.352 JLINK_IsHalted()
T32A0 190:475.056 - 0.704ms returns FALSE
T32A0 190:475.104 JLINK_IsHalted()
T32A0 190:475.696 - 0.595ms returns FALSE
T32A0 190:583.744 JLINK_IsHalted()
T32A0 190:584.528 - 0.778ms returns FALSE
T32A0 190:584.592 JLINK_IsHalted()
T32A0 190:585.472 - 0.889ms returns FALSE
T32A0 190:692.832 JLINK_IsHalted()
T32A0 190:693.552 - 0.708ms returns FALSE
T32A0 190:693.600 JLINK_IsHalted()
T32A0 190:694.240 - 0.637ms returns FALSE
T32A0 190:802.448 JLINK_IsHalted()
T32A0 190:803.280 - 0.830ms returns FALSE
T32A0 190:803.312 JLINK_IsHalted()
T32A0 190:804.096 - 0.773ms returns FALSE
T32A0 190:911.440 JLINK_IsHalted()
T32A0 190:912.240 - 0.804ms returns FALSE
T32A0 190:912.304 JLINK_IsHalted()
T32A0 190:912.944 - 0.629ms returns FALSE
T32A0 191:021.168 JLINK_IsHalted()
T32A0 191:021.968 - 0.793ms returns FALSE
T32A0 191:022.016 JLINK_IsHalted()
T32A0 191:022.752 - 0.725ms returns FALSE
T32A0 191:130.144 JLINK_IsHalted()
T32A0 191:131.040 - 0.894ms returns FALSE
T32A0 191:131.104 JLINK_IsHalted()
T32A0 191:131.808 - 0.710ms returns FALSE
T32A0 191:240.096 JLINK_IsHalted()
T32A0 191:240.800 - 0.696ms returns FALSE
T32A0 191:240.848 JLINK_IsHalted()
T32A0 191:241.440 - 0.599ms returns FALSE
T32A0 191:348.896 JLINK_IsHalted()
T32A0 191:349.680 - 0.788ms returns FALSE
T32A0 191:349.728 JLINK_IsHalted()
T32A0 191:350.608 - 0.879ms returns FALSE
T5484 191:400.128 JLINK_IsHalted()
T5484 191:400.960 - 0.823ms returns FALSE
T5484 191:401.008 JLINK_IsHalted()
T5484 191:401.760 - 0.738ms returns FALSE
T32A0 191:458.752 JLINK_IsHalted()
T32A0 191:459.392 - 0.637ms returns FALSE
T32A0 191:459.424 JLINK_IsHalted()
T32A0 191:460.000 - 0.568ms returns FALSE
T32A0 191:567.888 JLINK_IsHalted()
T32A0 191:568.624 - 0.752ms returns FALSE
T32A0 191:568.688 JLINK_IsHalted()
T32A0 191:569.440 - 0.755ms returns FALSE
T32A0 191:676.896 JLINK_IsHalted()
T32A0 191:677.616 - 0.717ms returns FALSE
T32A0 191:677.664 JLINK_IsHalted()
T32A0 191:678.272 - 0.604ms returns FALSE
T32A0 191:786.400 JLINK_IsHalted()
T32A0 191:787.296 - 0.887ms returns FALSE
T32A0 191:787.360 JLINK_IsHalted()
T32A0 191:788.144 - 0.785ms returns FALSE
T32A0 191:896.224 JLINK_IsHalted()
T32A0 191:896.960 - 0.731ms returns FALSE
T32A0 191:896.992 JLINK_IsHalted()
T32A0 191:897.760 - 0.757ms returns FALSE
T32A0 192:005.328 JLINK_IsHalted()
T32A0 192:006.192 - 0.860ms returns FALSE
T32A0 192:006.240 JLINK_IsHalted()
T32A0 192:007.008 - 0.766ms returns FALSE
T32A0 192:115.264 JLINK_IsHalted()
T32A0 192:116.048 - 0.780ms returns FALSE
T32A0 192:116.080 JLINK_IsHalted()
T32A0 192:116.848 - 0.773ms returns FALSE
T32A0 192:224.080 JLINK_IsHalted()
T32A0 192:224.736 - 0.668ms returns FALSE
T32A0 192:224.784 JLINK_IsHalted()
T32A0 192:225.424 - 0.634ms returns FALSE
T32A0 192:333.184 JLINK_IsHalted()
T32A0 192:334.064 - 0.882ms returns FALSE
T32A0 192:334.112 JLINK_IsHalted()
T32A0 192:335.008 - 0.876ms returns FALSE
T5484 192:402.528 JLINK_IsHalted()
T5484 192:403.488 - 0.957ms returns FALSE
T5484 192:403.552 JLINK_IsHalted()
T5484 192:404.448 - 0.898ms returns FALSE
T32A0 192:443.344 JLINK_IsHalted()
T32A0 192:444.000 - 0.662ms returns FALSE
T32A0 192:444.032 JLINK_IsHalted()
T32A0 192:444.640 - 0.602ms returns FALSE
T32A0 192:552.352 JLINK_IsHalted()
T32A0 192:553.088 - 0.739ms returns FALSE
T32A0 192:553.136 JLINK_IsHalted()
T32A0 192:553.824 - 0.691ms returns FALSE
T32A0 192:661.760 JLINK_IsHalted()
T32A0 192:662.464 - 0.702ms returns FALSE
T32A0 192:662.496 JLINK_IsHalted()
T32A0 192:663.088 - 0.585ms returns FALSE
T32A0 192:770.656 JLINK_IsHalted()
T32A0 192:771.488 - 0.823ms returns FALSE
T32A0 192:771.536 JLINK_IsHalted()
T32A0 192:772.320 - 0.776ms returns FALSE
T32A0 192:880.032 JLINK_IsHalted()
T32A0 192:880.752 - 0.725ms returns FALSE
T32A0 192:880.800 JLINK_IsHalted()
T32A0 192:881.408 - 0.603ms returns FALSE
T32A0 192:990.320 JLINK_IsHalted()
T32A0 192:991.056 - 0.722ms returns FALSE
T32A0 192:991.088 JLINK_IsHalted()
T32A0 192:991.760 - 0.657ms returns FALSE
T32A0 193:099.248 JLINK_IsHalted()
T32A0 193:126.352 - 27.094ms returns FALSE
T32A0 193:126.432 JLINK_IsHalted()
T32A0 193:213.216 - 86.780ms returns FALSE
T32A0 193:318.304 JLINK_IsHalted()
T32A0 193:331.408 - 13.109ms returns FALSE
T32A0 193:331.472 JLINK_IsHalted()
T32A0 193:338.640 - 7.156ms returns FALSE
T5484 193:419.664 JLINK_IsHalted()
T5484 193:420.416 - 0.752ms returns FALSE
T5484 193:420.480 JLINK_IsHalted()
T5484 193:421.120 - 0.641ms returns FALSE
T32A0 193:443.296 JLINK_IsHalted()
T32A0 193:443.904 - 0.606ms returns FALSE
T32A0 193:443.936 JLINK_IsHalted()
T32A0 193:444.496 - 0.554ms returns FALSE
T32A0 193:552.368 JLINK_IsHalted()
T32A0 193:553.280 - 0.905ms returns FALSE
T32A0 193:553.328 JLINK_IsHalted()
T32A0 193:554.080 - 0.733ms returns FALSE
T32A0 193:661.328 JLINK_IsHalted()
T32A0 193:662.000 - 0.677ms returns FALSE
T32A0 193:662.048 JLINK_IsHalted()
T32A0 193:662.672 - 0.618ms returns FALSE
T32A0 193:770.624 JLINK_IsHalted()
T32A0 193:771.248 - 0.626ms returns FALSE
T32A0 193:771.280 JLINK_IsHalted()
T32A0 193:771.856 - 0.580ms returns FALSE
T32A0 193:880.432 JLINK_IsHalted()
T32A0 193:881.264 - 0.823ms returns FALSE
T32A0 193:881.312 JLINK_IsHalted()
T32A0 193:882.016 - 0.699ms returns FALSE
T32A0 193:989.552 JLINK_IsHalted()
T32A0 193:990.432 - 0.875ms returns FALSE
T32A0 193:990.464 JLINK_IsHalted()
T32A0 193:991.456 - 0.973ms returns FALSE
T32A0 194:099.376 JLINK_IsHalted()
T32A0 194:100.160 - 0.782ms returns FALSE
T32A0 194:100.208 JLINK_IsHalted()
T32A0 194:100.944 - 0.732ms returns FALSE
T32A0 194:208.224 JLINK_IsHalted()
T32A0 194:208.992 - 0.753ms returns FALSE
T32A0 194:209.040 JLINK_IsHalted()
T32A0 194:209.696 - 0.651ms returns FALSE
T32A0 194:318.320 JLINK_IsHalted()
T32A0 194:319.168 - 0.852ms returns FALSE
T32A0 194:319.216 JLINK_IsHalted()
T32A0 194:319.984 - 0.756ms returns FALSE
T5484 194:422.592 JLINK_IsHalted()
T5484 194:423.408 - 0.818ms returns FALSE
T5484 194:423.456 JLINK_IsHalted()
T5484 194:424.256 - 0.791ms returns FALSE
T32A0 194:427.232 JLINK_IsHalted()
T32A0 194:427.840 - 0.603ms returns FALSE
T32A0 194:427.872 JLINK_IsHalted()
T32A0 194:428.512 - 0.636ms returns FALSE
T32A0 194:537.040 JLINK_IsHalted()
T32A0 194:537.824 - 0.783ms returns FALSE
T32A0 194:537.888 JLINK_IsHalted()
T32A0 194:538.672 - 0.798ms returns FALSE
T32A0 194:646.240 JLINK_IsHalted()
T32A0 194:646.880 - 0.630ms returns FALSE
T32A0 194:646.912 JLINK_IsHalted()
T32A0 194:647.472 - 0.559ms returns FALSE
T32A0 194:755.296 JLINK_IsHalted()
T32A0 194:755.952 - 0.656ms returns FALSE
T32A0 194:756.000 JLINK_IsHalted()
T32A0 194:756.608 - 0.613ms returns FALSE
T32A0 194:864.784 JLINK_IsHalted()
T32A0 194:865.600 - 0.822ms returns FALSE
T32A0 194:865.648 JLINK_IsHalted()
T32A0 194:866.448 - 0.796ms returns FALSE
T32A0 194:973.824 JLINK_IsHalted()
T32A0 194:974.688 - 0.853ms returns FALSE
T32A0 194:974.736 JLINK_IsHalted()
T32A0 194:975.408 - 0.681ms returns FALSE
T32A0 195:083.232 JLINK_IsHalted()
T32A0 195:084.064 - 0.844ms returns FALSE
T32A0 195:084.112 JLINK_IsHalted()
T32A0 195:084.928 - 0.806ms returns FALSE
T32A0 195:192.768 JLINK_IsHalted()
T32A0 195:193.440 - 0.678ms returns FALSE
T32A0 195:193.488 JLINK_IsHalted()
T32A0 195:194.144 - 0.654ms returns FALSE
T32A0 195:302.144 JLINK_IsHalted()
T32A0 195:303.008 - 0.855ms returns FALSE
T32A0 195:303.056 JLINK_IsHalted()
T32A0 195:303.760 - 0.705ms returns FALSE
T32A0 195:412.064 JLINK_IsHalted()
T32A0 195:412.752 - 0.696ms returns FALSE
T32A0 195:412.784 JLINK_IsHalted()
T32A0 195:413.424 - 0.637ms returns FALSE
T5484 195:425.664 JLINK_IsHalted()
T5484 195:426.432 - 0.765ms returns FALSE
T5484 195:426.480 JLINK_IsHalted()
T5484 195:427.008 - 0.527ms returns FALSE
T32A0 195:521.152 JLINK_IsHalted()
T32A0 195:521.888 - 0.741ms returns FALSE
T32A0 195:521.952 JLINK_IsHalted()
T32A0 195:522.720 - 0.775ms returns FALSE
T32A0 195:630.224 JLINK_IsHalted()
T32A0 195:630.896 - 0.677ms returns FALSE
T32A0 195:630.928 JLINK_IsHalted()
T32A0 195:631.568 - 0.631ms returns FALSE
T32A0 195:739.872 JLINK_IsHalted()
T32A0 195:740.720 - 0.840ms returns FALSE
T32A0 195:740.848 JLINK_IsHalted()
T32A0 195:741.568 - 0.719ms returns FALSE
T32A0 195:848.848 JLINK_IsHalted()
T32A0 195:849.696 - 0.861ms returns FALSE
T32A0 195:849.760 JLINK_IsHalted()
T32A0 195:850.640 - 0.870ms returns FALSE
T32A0 195:958.816 JLINK_IsHalted()
T32A0 195:959.520 - 0.698ms returns FALSE
T32A0 195:959.552 JLINK_IsHalted()
T32A0 195:960.224 - 0.666ms returns FALSE
T32A0 196:067.984 JLINK_IsHalted()
T32A0 196:068.800 - 0.820ms returns FALSE
T32A0 196:068.832 JLINK_IsHalted()
T32A0 196:069.728 - 0.878ms returns FALSE
T32A0 196:176.944 JLINK_IsHalted()
T32A0 196:177.616 - 0.670ms returns FALSE
T32A0 196:177.680 JLINK_IsHalted()
T32A0 196:178.400 - 0.713ms returns FALSE
T32A0 196:286.912 JLINK_IsHalted()
T32A0 196:287.712 - 0.804ms returns FALSE
T32A0 196:287.776 JLINK_IsHalted()
T32A0 196:288.496 - 0.736ms returns FALSE
T32A0 196:395.808 JLINK_IsHalted()
T32A0 196:396.512 - 0.693ms returns FALSE
T32A0 196:396.544 JLINK_IsHalted()
T32A0 196:397.152 - 0.595ms returns FALSE
T5484 196:429.232 JLINK_IsHalted()
T5484 196:429.904 - 0.659ms returns FALSE
T5484 196:429.968 JLINK_IsHalted()
T5484 196:430.624 - 0.644ms returns FALSE
T32A0 196:505.968 JLINK_IsHalted()
T32A0 196:506.752 - 0.772ms returns FALSE
T32A0 196:506.800 JLINK_IsHalted()
T32A0 196:507.568 - 0.764ms returns FALSE
T32A0 196:614.816 JLINK_IsHalted()
T32A0 196:615.504 - 0.680ms returns FALSE
T32A0 196:615.568 JLINK_IsHalted()
T32A0 196:616.240 - 0.678ms returns FALSE
T32A0 196:723.824 JLINK_IsHalted()
T32A0 196:724.736 - 0.902ms returns FALSE
T32A0 196:724.800 JLINK_IsHalted()
T32A0 196:725.600 - 0.790ms returns FALSE
T32A0 196:833.968 JLINK_IsHalted()
T32A0 196:834.752 - 0.778ms returns FALSE
T32A0 196:834.800 JLINK_IsHalted()
T32A0 196:835.552 - 0.745ms returns FALSE
T32A0 196:942.896 JLINK_IsHalted()
T32A0 196:943.616 - 0.720ms returns FALSE
T32A0 196:943.664 JLINK_IsHalted()
T32A0 196:944.288 - 0.614ms returns FALSE
T32A0 197:052.864 JLINK_IsHalted()
T32A0 197:053.696 - 0.829ms returns FALSE
T32A0 197:053.728 JLINK_IsHalted()
T32A0 197:054.544 - 0.805ms returns FALSE
T32A0 197:162.016 JLINK_IsHalted()
T32A0 197:162.640 - 0.616ms returns FALSE
T32A0 197:162.656 JLINK_IsHalted()
T32A0 197:163.232 - 0.561ms returns FALSE
T32A0 197:270.944 JLINK_IsHalted()
T32A0 197:271.792 - 0.846ms returns FALSE
T32A0 197:271.840 JLINK_IsHalted()
T32A0 197:272.640 - 0.784ms returns FALSE
T32A0 197:380.160 JLINK_IsHalted()
T32A0 197:380.832 - 0.660ms returns FALSE
T32A0 197:380.880 JLINK_IsHalted()
T32A0 197:381.536 - 0.651ms returns FALSE
T5484 197:431.360 JLINK_IsHalted()
T5484 197:431.968 - 0.609ms returns FALSE
T5484 197:432.032 JLINK_IsHalted()
T5484 197:432.784 - 0.751ms returns FALSE
T32A0 197:490.224 JLINK_IsHalted()
T32A0 197:491.104 - 0.876ms returns FALSE
T32A0 197:491.152 JLINK_IsHalted()
T32A0 197:492.016 - 0.869ms returns FALSE
T32A0 197:599.264 JLINK_IsHalted()
T32A0 197:600.000 - 0.737ms returns FALSE
T32A0 197:600.032 JLINK_IsHalted()
T32A0 197:600.752 - 0.724ms returns FALSE
T32A0 197:708.304 JLINK_IsHalted()
T32A0 197:709.040 - 0.733ms returns FALSE
T32A0 197:709.088 JLINK_IsHalted()
T32A0 197:709.712 - 0.623ms returns FALSE
T32A0 197:818.336 JLINK_IsHalted()
T32A0 197:819.200 - 0.856ms returns FALSE
T32A0 197:819.232 JLINK_IsHalted()
T32A0 197:820.032 - 0.791ms returns FALSE
T32A0 197:927.168 JLINK_IsHalted()
T32A0 197:927.888 - 0.716ms returns FALSE
T32A0 197:927.904 JLINK_IsHalted()
T32A0 197:928.544 - 0.620ms returns FALSE
T32A0 198:036.576 JLINK_IsHalted()
T32A0 198:037.424 - 0.862ms returns FALSE
T32A0 198:037.488 JLINK_IsHalted()
T32A0 198:038.272 - 0.785ms returns FALSE
T32A0 198:145.616 JLINK_IsHalted()
T32A0 198:146.272 - 0.641ms returns FALSE
T32A0 198:146.288 JLINK_IsHalted()
T32A0 198:146.880 - 0.589ms returns FALSE
T32A0 198:255.712 JLINK_IsHalted()
T32A0 198:256.480 - 0.780ms returns FALSE
T32A0 198:256.544 JLINK_IsHalted()
T32A0 198:257.280 - 0.721ms returns FALSE
T32A0 198:365.344 JLINK_IsHalted()
T32A0 198:366.016 - 0.656ms returns FALSE
T32A0 198:366.048 JLINK_IsHalted()
T32A0 198:366.624 - 0.569ms returns FALSE
T5484 198:433.728 JLINK_IsHalted()
T5484 198:434.480 - 0.755ms returns FALSE
T5484 198:434.544 JLINK_IsHalted()
T5484 198:435.360 - 0.816ms returns FALSE
T32A0 198:474.496 JLINK_IsHalted()
T32A0 198:475.280 - 0.777ms returns FALSE
T32A0 198:475.296 JLINK_IsHalted()
T32A0 198:476.128 - 0.813ms returns FALSE
T32A0 198:583.552 JLINK_IsHalted()
T32A0 198:584.416 - 0.862ms returns FALSE
T32A0 198:584.464 JLINK_IsHalted()
T32A0 198:585.296 - 0.829ms returns FALSE
T32A0 198:693.536 JLINK_IsHalted()
T32A0 198:694.240 - 0.702ms returns FALSE
T32A0 198:694.272 JLINK_IsHalted()
T32A0 198:694.848 - 0.584ms returns FALSE
T32A0 198:802.128 JLINK_IsHalted()
T32A0 198:802.960 - 0.827ms returns FALSE
T32A0 198:802.992 JLINK_IsHalted()
T32A0 198:803.808 - 0.796ms returns FALSE
T32A0 198:912.080 JLINK_IsHalted()
T32A0 198:912.736 - 0.658ms returns FALSE
T32A0 198:912.800 JLINK_IsHalted()
T32A0 198:913.440 - 0.634ms returns FALSE
T32A0 199:021.120 JLINK_IsHalted()
T32A0 199:021.824 - 0.698ms returns FALSE
T32A0 199:021.872 JLINK_IsHalted()
T32A0 199:022.544 - 0.668ms returns FALSE
T32A0 199:130.400 JLINK_IsHalted()
T32A0 199:131.040 - 0.645ms returns FALSE
T32A0 199:131.072 JLINK_IsHalted()
T32A0 199:131.648 - 0.567ms returns FALSE
T32A0 199:239.472 JLINK_IsHalted()
T32A0 199:240.288 - 0.807ms returns FALSE
T32A0 199:240.336 JLINK_IsHalted()
T32A0 199:241.136 - 0.814ms returns FALSE
T32A0 199:349.088 JLINK_IsHalted()
T32A0 199:349.776 - 0.676ms returns FALSE
T32A0 199:349.792 JLINK_IsHalted()
T32A0 199:350.496 - 0.688ms returns FALSE
T5484 199:436.064 JLINK_IsHalted()
T5484 199:436.912 - 0.851ms returns FALSE
T5484 199:436.960 JLINK_IsHalted()
T5484 199:437.792 - 0.822ms returns FALSE
T32A0 199:458.784 JLINK_IsHalted()
T32A0 199:459.648 - 0.858ms returns FALSE
T32A0 199:459.696 JLINK_IsHalted()
T32A0 199:460.416 - 0.713ms returns FALSE
T32A0 199:567.968 JLINK_IsHalted()
T32A0 199:568.720 - 0.748ms returns FALSE
T32A0 199:568.768 JLINK_IsHalted()
T32A0 199:569.568 - 0.800ms returns FALSE
T32A0 199:677.552 JLINK_IsHalted()
T32A0 199:678.240 - 0.678ms returns FALSE
T32A0 199:678.256 JLINK_IsHalted()
T32A0 199:678.880 - 0.626ms returns FALSE
T32A0 199:787.120 JLINK_IsHalted()
T32A0 199:788.016 - 0.889ms returns FALSE
T32A0 199:788.064 JLINK_IsHalted()
T32A0 199:788.800 - 0.734ms returns FALSE
T32A0 199:895.952 JLINK_IsHalted()
T32A0 199:896.576 - 0.625ms returns FALSE
T32A0 199:896.608 JLINK_IsHalted()
T32A0 199:897.248 - 0.624ms returns FALSE
T32A0 200:005.024 JLINK_IsHalted()
T32A0 200:005.904 - 0.866ms returns FALSE
T32A0 200:005.952 JLINK_IsHalted()
T32A0 200:006.752 - 0.798ms returns FALSE
T32A0 200:114.960 JLINK_IsHalted()
T32A0 200:115.648 - 0.683ms returns FALSE
T32A0 200:115.680 JLINK_IsHalted()
T32A0 200:116.288 - 0.606ms returns FALSE
T32A0 200:223.808 JLINK_IsHalted()
T32A0 200:224.688 - 0.880ms returns FALSE
T32A0 200:224.736 JLINK_IsHalted()
T32A0 200:225.584 - 0.854ms returns FALSE
T32A0 200:333.792 JLINK_IsHalted()
T32A0 200:334.640 - 0.854ms returns FALSE
T32A0 200:334.688 JLINK_IsHalted()
T32A0 200:335.472 - 0.778ms returns FALSE
T5484 200:438.336 JLINK_IsHalted()
T5484 200:439.200 - 0.876ms returns FALSE
T5484 200:439.264 JLINK_IsHalted()
T5484 200:440.064 - 0.801ms returns FALSE
T32A0 200:443.072 JLINK_IsHalted()
T32A0 200:443.936 - 0.862ms returns FALSE
T32A0 200:444.000 JLINK_IsHalted()
T32A0 200:444.752 - 0.733ms returns FALSE
T32A0 200:552.752 JLINK_IsHalted()
T32A0 200:553.376 - 0.622ms returns FALSE
T32A0 200:553.440 JLINK_IsHalted()
T32A0 200:554.032 - 0.599ms returns FALSE
T32A0 200:661.856 JLINK_IsHalted()
T32A0 200:662.544 - 0.682ms returns FALSE
T32A0 200:662.560 JLINK_IsHalted()
T32A0 200:663.232 - 0.663ms returns FALSE
T32A0 200:770.864 JLINK_IsHalted()
T32A0 200:771.744 - 0.878ms returns FALSE
T32A0 200:771.808 JLINK_IsHalted()
T32A0 200:772.496 - 0.679ms returns FALSE
T32A0 200:880.736 JLINK_IsHalted()
T32A0 200:881.392 - 0.674ms returns FALSE
T32A0 200:881.440 JLINK_IsHalted()
T32A0 200:882.064 - 0.621ms returns FALSE
T32A0 200:989.840 JLINK_IsHalted()
T32A0 200:990.688 - 0.858ms returns FALSE
T32A0 200:990.736 JLINK_IsHalted()
T32A0 200:991.520 - 0.790ms returns FALSE
T32A0 201:098.816 JLINK_IsHalted()
T32A0 201:099.488 - 0.689ms returns FALSE
T32A0 201:099.552 JLINK_IsHalted()
T32A0 201:100.128 - 0.595ms returns FALSE
T32A0 201:208.960 JLINK_IsHalted()
T32A0 201:209.888 - 0.931ms returns FALSE
T32A0 201:209.952 JLINK_IsHalted()
T32A0 201:210.672 - 0.732ms returns FALSE
T32A0 201:317.760 JLINK_IsHalted()
T32A0 201:318.496 - 0.723ms returns FALSE
T32A0 201:318.512 JLINK_IsHalted()
T32A0 201:319.280 - 0.762ms returns FALSE
T32A0 201:427.488 JLINK_IsHalted()
T32A0 201:428.272 - 0.768ms returns FALSE
T32A0 201:428.336 JLINK_IsHalted()
T32A0 201:428.992 - 0.652ms returns FALSE
T5484 201:440.800 JLINK_IsHalted()
T5484 201:441.728 - 0.928ms returns FALSE
T5484 201:441.776 JLINK_IsHalted()
T5484 201:442.592 - 0.803ms returns FALSE
T32A0 201:536.496 JLINK_IsHalted()
T32A0 201:537.360 - 0.845ms returns FALSE
T32A0 201:537.392 JLINK_IsHalted()
T32A0 201:538.208 - 0.807ms returns FALSE
T32A0 201:646.432 JLINK_IsHalted()
T32A0 201:647.056 - 0.625ms returns FALSE
T32A0 201:647.072 JLINK_IsHalted()
T32A0 201:647.696 - 0.605ms returns FALSE
T32A0 201:755.504 JLINK_IsHalted()
T32A0 201:756.416 - 0.913ms returns FALSE
T32A0 201:756.496 JLINK_IsHalted()
T32A0 201:757.296 - 0.797ms returns FALSE
T32A0 201:865.232 JLINK_IsHalted()
T32A0 201:865.904 - 0.679ms returns FALSE
T32A0 201:865.952 JLINK_IsHalted()
T32A0 201:866.496 - 0.542ms returns FALSE
T32A0 201:974.624 JLINK_IsHalted()
T32A0 201:975.504 - 0.861ms returns FALSE
T32A0 201:975.536 JLINK_IsHalted()
T32A0 201:976.288 - 0.736ms returns FALSE
T32A0 202:084.064 JLINK_IsHalted()
T32A0 202:084.800 - 0.730ms returns FALSE
T32A0 202:084.832 JLINK_IsHalted()
T32A0 202:085.488 - 0.661ms returns FALSE
T32A0 202:193.120 JLINK_IsHalted()
T32A0 202:193.936 - 0.826ms returns FALSE
T32A0 202:193.984 JLINK_IsHalted()
T32A0 202:194.784 - 0.790ms returns FALSE
T32A0 202:302.080 JLINK_IsHalted()
T32A0 202:302.864 - 0.780ms returns FALSE
T32A0 202:302.960 JLINK_IsHalted()
T32A0 202:303.808 - 0.844ms returns FALSE
T32A0 202:412.128 JLINK_IsHalted()
T32A0 202:412.896 - 0.745ms returns FALSE
T32A0 202:412.928 JLINK_IsHalted()
T32A0 202:413.616 - 0.682ms returns FALSE
T5484 202:443.248 JLINK_IsHalted()
T5484 202:444.112 - 0.855ms returns FALSE
T5484 202:444.160 JLINK_IsHalted()
T5484 202:444.912 - 0.743ms returns FALSE
T32A0 202:521.072 JLINK_IsHalted()
T32A0 202:521.920 - 0.846ms returns FALSE
T32A0 202:521.968 JLINK_IsHalted()
T32A0 202:522.768 - 0.797ms returns FALSE
T32A0 202:630.144 JLINK_IsHalted()
T32A0 202:630.816 - 0.689ms returns FALSE
T32A0 202:630.880 JLINK_IsHalted()
T32A0 202:631.520 - 0.646ms returns FALSE
T32A0 202:739.568 JLINK_IsHalted()
T32A0 202:740.400 - 0.833ms returns FALSE
T32A0 202:740.448 JLINK_IsHalted()
T32A0 202:741.152 - 0.699ms returns FALSE
T32A0 202:849.424 JLINK_IsHalted()
T32A0 202:850.112 - 0.688ms returns FALSE
T32A0 202:850.144 JLINK_IsHalted()
T32A0 202:850.704 - 0.553ms returns FALSE
T32A0 202:958.368 JLINK_IsHalted()
T32A0 202:959.136 - 0.767ms returns FALSE
T32A0 202:959.200 JLINK_IsHalted()
T32A0 202:960.032 - 0.844ms returns FALSE
T32A0 203:068.160 JLINK_IsHalted()
T32A0 203:068.960 - 0.802ms returns FALSE
T32A0 203:069.008 JLINK_IsHalted()
T32A0 203:069.744 - 0.748ms returns FALSE
T32A0 203:176.992 JLINK_IsHalted()
T32A0 203:177.856 - 0.868ms returns FALSE
T32A0 203:177.904 JLINK_IsHalted()
T32A0 203:178.624 - 0.717ms returns FALSE
T32A0 203:286.320 JLINK_IsHalted()
T32A0 203:287.088 - 0.759ms returns FALSE
T32A0 203:287.136 JLINK_IsHalted()
T32A0 203:287.920 - 0.776ms returns FALSE
T32A0 203:395.936 JLINK_IsHalted()
T32A0 203:396.688 - 0.738ms returns FALSE
T32A0 203:396.736 JLINK_IsHalted()
T32A0 203:397.408 - 0.669ms returns FALSE
T5484 203:445.424 JLINK_IsHalted()
T5484 203:446.176 - 0.746ms returns FALSE
T5484 203:446.240 JLINK_IsHalted()
T5484 203:446.896 - 0.663ms returns FALSE
T32A0 203:505.872 JLINK_IsHalted()
T32A0 203:506.688 - 0.824ms returns FALSE
T32A0 203:506.736 JLINK_IsHalted()
T32A0 203:507.552 - 0.808ms returns FALSE
T32A0 203:614.784 JLINK_IsHalted()
T32A0 203:615.424 - 0.636ms returns FALSE
T32A0 203:615.456 JLINK_IsHalted()
T32A0 203:616.096 - 0.636ms returns FALSE
T32A0 203:724.032 JLINK_IsHalted()
T32A0 203:724.784 - 0.751ms returns FALSE
T32A0 203:724.864 JLINK_IsHalted()
T32A0 203:725.504 - 0.640ms returns FALSE
T32A0 203:834.016 JLINK_IsHalted()
T32A0 203:834.704 - 0.694ms returns FALSE
T32A0 203:834.736 JLINK_IsHalted()
T32A0 203:835.392 - 0.649ms returns FALSE
T32A0 203:942.752 JLINK_IsHalted()
T32A0 203:943.472 - 0.732ms returns FALSE
T32A0 203:943.520 JLINK_IsHalted()
T32A0 203:944.272 - 0.754ms returns FALSE
T32A0 204:052.704 JLINK_IsHalted()
T32A0 204:053.408 - 0.688ms returns FALSE
T32A0 204:053.456 JLINK_IsHalted()
T32A0 204:054.064 - 0.622ms returns FALSE
T32A0 204:161.696 JLINK_IsHalted()
T32A0 204:162.384 - 0.675ms returns FALSE
T32A0 204:162.416 JLINK_IsHalted()
T32A0 204:162.976 - 0.545ms returns FALSE
T32A0 204:270.736 JLINK_IsHalted()
T32A0 204:271.392 - 0.659ms returns FALSE
T32A0 204:271.456 JLINK_IsHalted()
T32A0 204:272.096 - 0.648ms returns FALSE
T32A0 204:380.704 JLINK_IsHalted()
T32A0 204:381.408 - 0.698ms returns FALSE
T32A0 204:381.440 JLINK_IsHalted()
T32A0 204:382.000 - 0.563ms returns FALSE
T5484 204:447.968 JLINK_IsHalted()
T5484 204:448.672 - 0.692ms returns FALSE
T5484 204:448.736 JLINK_IsHalted()
T5484 204:449.408 - 0.685ms returns FALSE
T32A0 204:489.728 JLINK_IsHalted()
T32A0 204:490.400 - 0.665ms returns FALSE
T32A0 204:490.448 JLINK_IsHalted()
T32A0 204:491.024 - 0.579ms returns FALSE
T32A0 204:599.712 JLINK_IsHalted()
T32A0 204:600.384 - 0.665ms returns FALSE
T32A0 204:600.432 JLINK_IsHalted()
T32A0 204:601.008 - 0.576ms returns FALSE
T32A0 204:708.768 JLINK_IsHalted()
T32A0 204:713.232 - 4.462ms returns FALSE
T32A0 204:713.296 JLINK_IsHalted()
T32A0 204:714.464 - 1.172ms returns FALSE
T32A0 204:817.728 JLINK_IsHalted()
T32A0 204:818.384 - 0.663ms returns FALSE
T32A0 204:818.416 JLINK_IsHalted()
T32A0 204:818.960 - 0.532ms returns FALSE
T32A0 204:927.696 JLINK_IsHalted()
T32A0 204:928.320 - 0.629ms returns FALSE
T32A0 204:928.352 JLINK_IsHalted()
T32A0 204:928.896 - 0.529ms returns FALSE
T32A0 205:036.704 JLINK_IsHalted()
T32A0 205:037.424 - 0.718ms returns FALSE
T32A0 205:037.472 JLINK_IsHalted()
T32A0 205:038.048 - 0.580ms returns FALSE
T32A0 205:145.696 JLINK_IsHalted()
T32A0 205:146.400 - 0.719ms returns FALSE
T32A0 205:146.448 JLINK_IsHalted()
T32A0 205:147.104 - 0.660ms returns FALSE
T32A0 205:255.680 JLINK_IsHalted()
T32A0 205:256.368 - 0.697ms returns FALSE
T32A0 205:256.416 JLINK_IsHalted()
T32A0 205:256.976 - 0.560ms returns FALSE
T32A0 205:364.704 JLINK_IsHalted()
T32A0 205:365.392 - 0.686ms returns FALSE
T32A0 205:365.456 JLINK_IsHalted()
T32A0 205:366.000 - 0.560ms returns FALSE
T5484 205:450.928 JLINK_IsHalted()
T5484 205:451.584 - 0.656ms returns FALSE
T5484 205:451.648 JLINK_IsHalted()
T5484 205:452.208 - 0.571ms returns FALSE
T32A0 205:474.672 JLINK_IsHalted()
T32A0 205:475.376 - 0.695ms returns FALSE
T32A0 205:475.424 JLINK_IsHalted()
T32A0 205:475.984 - 0.562ms returns FALSE
T32A0 205:583.456 JLINK_IsHalted()
T32A0 205:584.128 - 0.679ms returns FALSE
T32A0 205:584.176 JLINK_IsHalted()
T32A0 205:584.720 - 0.544ms returns FALSE
T32A0 205:693.392 JLINK_IsHalted()
T32A0 205:694.000 - 0.607ms returns FALSE
T32A0 205:694.048 JLINK_IsHalted()
T32A0 205:694.624 - 0.563ms returns FALSE
T32A0 205:802.400 JLINK_IsHalted()
T32A0 205:803.056 - 0.658ms returns FALSE
T32A0 205:803.104 JLINK_IsHalted()
T32A0 205:804.400 - 1.298ms returns FALSE
T32A0 205:911.408 JLINK_IsHalted()
T32A0 205:912.080 - 0.666ms returns FALSE
T32A0 205:912.128 JLINK_IsHalted()
T32A0 205:912.864 - 0.723ms returns FALSE
T32A0 206:021.408 JLINK_IsHalted()
T32A0 206:109.152 - 87.733ms returns FALSE
T32A0 206:109.216 JLINK_IsHalted()
T32A0 206:130.720 - 21.489ms returns FALSE
T32A0 206:239.440 JLINK_IsHalted()
T32A0 206:258.144 - 18.695ms returns FALSE
T32A0 206:258.224 JLINK_IsHalted()
T32A0 206:258.912 - 0.688ms returns FALSE
T32A0 206:364.384 JLINK_IsHalted()
T32A0 206:365.024 - 0.635ms returns FALSE
T32A0 206:365.072 JLINK_IsHalted()
T32A0 206:365.616 - 0.548ms returns FALSE
T5484 206:452.624 JLINK_IsHalted()
T5484 206:453.328 - 0.697ms returns FALSE
T5484 206:453.392 JLINK_IsHalted()
T5484 206:453.984 - 0.594ms returns FALSE
T32A0 206:474.368 JLINK_IsHalted()
T32A0 206:474.992 - 0.629ms returns FALSE
T32A0 206:475.040 JLINK_IsHalted()
T32A0 206:475.584 - 0.550ms returns FALSE
T32A0 206:584.096 JLINK_IsHalted()
T32A0 206:584.800 - 0.689ms returns FALSE
T32A0 206:584.848 JLINK_IsHalted()
T32A0 206:585.472 - 0.630ms returns FALSE
T32A0 206:693.056 JLINK_IsHalted()
T32A0 206:693.648 - 0.594ms returns FALSE
T32A0 206:693.680 JLINK_IsHalted()
T32A0 206:694.208 - 0.525ms returns FALSE
T32A0 206:802.112 JLINK_IsHalted()
T32A0 206:802.736 - 0.626ms returns FALSE
T32A0 206:802.784 JLINK_IsHalted()
T32A0 206:803.376 - 0.598ms returns FALSE
T32A0 206:912.080 JLINK_IsHalted()
T32A0 206:912.720 - 0.642ms returns FALSE
T32A0 206:912.752 JLINK_IsHalted()
T32A0 206:913.376 - 0.619ms returns FALSE
T32A0 207:021.088 JLINK_IsHalted()
T32A0 207:021.712 - 0.632ms returns FALSE
T32A0 207:021.760 JLINK_IsHalted()
T32A0 207:022.384 - 0.621ms returns FALSE
T32A0 207:130.848 JLINK_IsHalted()
T32A0 207:131.632 - 0.794ms returns FALSE
T32A0 207:131.680 JLINK_IsHalted()
T32A0 207:132.384 - 0.698ms returns FALSE
T32A0 207:239.808 JLINK_IsHalted()
T32A0 207:240.416 - 0.611ms returns FALSE
T32A0 207:240.464 JLINK_IsHalted()
T32A0 207:240.992 - 0.534ms returns FALSE
T32A0 207:348.832 JLINK_IsHalted()
T32A0 207:349.488 - 0.660ms returns FALSE
T32A0 207:349.536 JLINK_IsHalted()
T32A0 207:350.112 - 0.552ms returns FALSE
T5484 207:453.856 JLINK_IsHalted()
T5484 207:454.528 - 0.682ms returns FALSE
T5484 207:454.576 JLINK_IsHalted()
T5484 207:455.232 - 0.649ms returns FALSE
T32A0 207:458.560 JLINK_IsHalted()
T32A0 207:459.216 - 0.652ms returns FALSE
T32A0 207:459.248 JLINK_IsHalted()
T32A0 207:459.808 - 0.549ms returns FALSE
T32A0 207:568.272 JLINK_IsHalted()
T32A0 207:568.912 - 0.637ms returns FALSE
T32A0 207:568.944 JLINK_IsHalted()
T32A0 207:569.504 - 0.553ms returns FALSE
T32A0 207:677.232 JLINK_IsHalted()
T32A0 207:677.872 - 0.637ms returns FALSE
T32A0 207:677.920 JLINK_IsHalted()
T32A0 207:678.480 - 0.556ms returns FALSE
T32A0 207:786.272 JLINK_IsHalted()
T32A0 207:786.976 - 0.713ms returns FALSE
T32A0 207:787.040 JLINK_IsHalted()
T32A0 207:787.872 - 0.840ms returns FALSE
T32A0 207:895.984 JLINK_IsHalted()
T32A0 207:896.608 - 0.625ms returns FALSE
T32A0 207:896.640 JLINK_IsHalted()
T32A0 207:897.216 - 0.570ms returns FALSE
T32A0 208:005.024 JLINK_IsHalted()
T32A0 208:005.664 - 0.651ms returns FALSE
T32A0 208:005.712 JLINK_IsHalted()
T32A0 208:006.240 - 0.540ms returns FALSE
T32A0 208:115.024 JLINK_IsHalted()
T32A0 208:115.680 - 0.658ms returns FALSE
T32A0 208:115.744 JLINK_IsHalted()
T32A0 208:116.384 - 0.641ms returns FALSE
T32A0 208:224.608 JLINK_IsHalted()
T32A0 208:225.248 - 0.654ms returns FALSE
T32A0 208:225.312 JLINK_IsHalted()
T32A0 208:225.952 - 0.642ms returns FALSE
T32A0 208:333.648 JLINK_IsHalted()
T32A0 208:334.736 - 1.089ms returns FALSE
T32A0 208:334.800 JLINK_IsHalted()
T32A0 208:335.488 - 0.689ms returns FALSE
T32A0 208:442.608 JLINK_IsHalted()
T32A0 208:443.232 - 0.627ms returns FALSE
T32A0 208:443.280 JLINK_IsHalted()
T32A0 208:443.872 - 0.585ms returns FALSE
T5484 208:455.952 JLINK_IsHalted()
T5484 208:456.608 - 0.657ms returns FALSE
T5484 208:456.672 JLINK_IsHalted()
T5484 208:457.424 - 0.751ms returns FALSE
T32A0 208:552.640 JLINK_IsHalted()
T32A0 208:553.440 - 0.807ms returns FALSE
T32A0 208:553.520 JLINK_IsHalted()
T32A0 208:554.144 - 0.610ms returns FALSE
T32A0 208:661.616 JLINK_IsHalted()
T32A0 208:662.240 - 0.636ms returns FALSE
T32A0 208:662.304 JLINK_IsHalted()
T32A0 208:662.848 - 0.554ms returns FALSE
T32A0 208:770.624 JLINK_IsHalted()
T32A0 208:771.296 - 0.678ms returns FALSE
T32A0 208:771.344 JLINK_IsHalted()
T32A0 208:771.984 - 0.634ms returns FALSE
T32A0 208:880.512 JLINK_IsHalted()
T32A0 208:881.216 - 0.705ms returns FALSE
T32A0 208:881.264 JLINK_IsHalted()
T32A0 208:881.840 - 0.575ms returns FALSE
T32A0 208:989.600 JLINK_IsHalted()
T32A0 208:990.224 - 0.625ms returns FALSE
T32A0 208:990.240 JLINK_IsHalted()
T32A0 208:990.800 - 0.540ms returns FALSE
T32A0 209:099.568 JLINK_IsHalted()
T32A0 209:100.288 - 0.688ms returns FALSE
T32A0 209:100.320 JLINK_IsHalted()
T32A0 209:100.976 - 0.645ms returns FALSE
T32A0 209:208.544 JLINK_IsHalted()
T32A0 209:209.232 - 0.677ms returns FALSE
T32A0 209:209.264 JLINK_IsHalted()
T32A0 209:209.824 - 0.547ms returns FALSE
T32A0 209:317.504 JLINK_IsHalted()
T32A0 209:318.064 - 0.568ms returns FALSE
T32A0 209:318.112 JLINK_IsHalted()
T32A0 209:318.624 - 0.508ms returns FALSE
T32A0 209:427.648 JLINK_IsHalted()
T32A0 209:428.528 - 0.875ms returns FALSE
T32A0 209:428.576 JLINK_IsHalted()
T32A0 209:429.424 - 0.838ms returns FALSE
T5484 209:458.016 JLINK_IsHalted()
T5484 209:458.672 - 0.651ms returns FALSE
T5484 209:458.720 JLINK_IsHalted()
T5484 209:459.408 - 0.670ms returns FALSE
T32A0 209:536.784 JLINK_IsHalted()
T32A0 209:537.488 - 0.711ms returns FALSE
T32A0 209:537.536 JLINK_IsHalted()
T32A0 209:538.112 - 0.571ms returns FALSE
T32A0 209:645.744 JLINK_IsHalted()
T32A0 209:646.368 - 0.636ms returns FALSE
T32A0 209:646.432 JLINK_IsHalted()
T32A0 209:646.960 - 0.547ms returns FALSE
T32A0 209:755.776 JLINK_IsHalted()
T32A0 209:756.464 - 0.689ms returns FALSE
T32A0 209:756.512 JLINK_IsHalted()
T32A0 209:757.104 - 0.596ms returns FALSE
T32A0 209:864.736 JLINK_IsHalted()
T32A0 209:865.424 - 0.684ms returns FALSE
T32A0 209:865.472 JLINK_IsHalted()
T32A0 209:866.416 - 0.937ms returns FALSE
T32A0 209:973.760 JLINK_IsHalted()
T32A0 209:974.528 - 0.774ms returns FALSE
T32A0 209:974.576 JLINK_IsHalted()
T32A0 209:975.216 - 0.632ms returns FALSE
T32A0 210:083.744 JLINK_IsHalted()
T32A0 210:084.384 - 0.638ms returns FALSE
T32A0 210:084.432 JLINK_IsHalted()
T32A0 210:085.024 - 0.604ms returns FALSE
T32A0 210:192.736 JLINK_IsHalted()
T32A0 210:193.376 - 0.652ms returns FALSE
T32A0 210:193.408 JLINK_IsHalted()
T32A0 210:193.952 - 0.534ms returns FALSE
T32A0 210:302.768 JLINK_IsHalted()
T32A0 210:303.440 - 0.666ms returns FALSE
T32A0 210:303.488 JLINK_IsHalted()
T32A0 210:304.080 - 0.587ms returns FALSE
T32A0 210:411.344 JLINK_IsHalted()
T32A0 210:411.936 - 0.584ms returns FALSE
T32A0 210:411.952 JLINK_IsHalted()
T32A0 210:412.464 - 0.512ms returns FALSE
T5484 210:460.528 JLINK_IsHalted()
T5484 210:461.216 - 0.685ms returns FALSE
T5484 210:461.280 JLINK_IsHalted()
T5484 210:461.904 - 0.627ms returns FALSE
T32A0 210:521.344 JLINK_IsHalted()
T32A0 210:522.032 - 0.696ms returns FALSE
T32A0 210:522.080 JLINK_IsHalted()
T32A0 210:522.592 - 0.524ms returns FALSE
T32A0 210:630.304 JLINK_IsHalted()
T32A0 210:630.912 - 0.599ms returns FALSE
T32A0 210:630.944 JLINK_IsHalted()
T32A0 210:631.504 - 0.564ms returns FALSE
T32A0 210:740.368 JLINK_IsHalted()
T32A0 210:741.136 - 0.766ms returns FALSE
T32A0 210:741.184 JLINK_IsHalted()
T32A0 210:742.272 - 1.091ms returns FALSE
T32A0 210:849.328 JLINK_IsHalted()
T32A0 210:850.464 - 1.121ms returns FALSE
T32A0 210:850.528 JLINK_IsHalted()
T32A0 210:851.392 - 0.873ms returns FALSE
T32A0 210:958.336 JLINK_IsHalted()
T32A0 210:958.944 - 0.607ms returns FALSE
T32A0 210:958.976 JLINK_IsHalted()
T32A0 210:959.552 - 0.572ms returns FALSE
T32A0 211:068.416 JLINK_IsHalted()
T32A0 211:069.040 - 0.620ms returns FALSE
T32A0 211:069.088 JLINK_IsHalted()
T32A0 211:069.680 - 0.588ms returns FALSE
T32A0 211:177.344 JLINK_IsHalted()
T32A0 211:178.016 - 0.653ms returns FALSE
T32A0 211:178.048 JLINK_IsHalted()
T32A0 211:178.640 - 0.588ms returns FALSE
T32A0 211:286.352 JLINK_IsHalted()
T32A0 211:287.024 - 0.684ms returns FALSE
T32A0 211:287.072 JLINK_IsHalted()
T32A0 211:287.616 - 0.549ms returns FALSE
T32A0 211:396.448 JLINK_IsHalted()
T32A0 211:397.296 - 0.844ms returns FALSE
T32A0 211:397.344 JLINK_IsHalted()
T32A0 211:398.144 - 0.798ms returns FALSE
T5484 211:462.496 JLINK_IsHalted()
T5484 211:463.360 - 0.873ms returns FALSE
T5484 211:463.408 JLINK_IsHalted()
T5484 211:464.208 - 0.785ms returns FALSE
T32A0 211:505.088 JLINK_IsHalted()
T32A0 211:505.760 - 0.672ms returns FALSE
T32A0 211:505.808 JLINK_IsHalted()
T32A0 211:506.496 - 0.691ms returns FALSE
T32A0 211:614.592 JLINK_IsHalted()
T32A0 211:615.456 - 0.872ms returns FALSE
T32A0 211:615.504 JLINK_IsHalted()
T32A0 211:616.464 - 0.947ms returns FALSE
T32A0 211:724.624 JLINK_IsHalted()
T32A0 211:725.280 - 0.650ms returns FALSE
T32A0 211:725.328 JLINK_IsHalted()
T32A0 211:725.872 - 0.550ms returns FALSE
T32A0 211:833.632 JLINK_IsHalted()
T32A0 211:834.416 - 0.776ms returns FALSE
T32A0 211:834.464 JLINK_IsHalted()
T32A0 211:835.120 - 0.650ms returns FALSE
T32A0 211:943.072 JLINK_IsHalted()
T32A0 211:943.904 - 0.839ms returns FALSE
T32A0 211:943.952 JLINK_IsHalted()
T32A0 211:944.736 - 0.777ms returns FALSE
T32A0 212:051.936 JLINK_IsHalted()
T32A0 212:052.512 - 0.592ms returns FALSE
T32A0 212:052.560 JLINK_IsHalted()
T32A0 212:053.152 - 0.592ms returns FALSE
T32A0 212:161.344 JLINK_IsHalted()
T32A0 212:162.208 - 0.873ms returns FALSE
T32A0 212:162.256 JLINK_IsHalted()
T32A0 212:162.992 - 0.734ms returns FALSE
T32A0 212:270.880 JLINK_IsHalted()
T32A0 212:271.600 - 0.710ms returns FALSE
T32A0 212:271.648 JLINK_IsHalted()
T32A0 212:272.224 - 0.593ms returns FALSE
T32A0 212:380.192 JLINK_IsHalted()
T32A0 212:381.008 - 0.806ms returns FALSE
T32A0 212:381.040 JLINK_IsHalted()
T32A0 212:381.728 - 0.667ms returns FALSE
T5484 212:465.296 JLINK_IsHalted()
T5484 212:466.144 - 0.857ms returns FALSE
T5484 212:466.208 JLINK_IsHalted()
T5484 212:467.104 - 0.892ms returns FALSE
T32A0 212:489.888 JLINK_IsHalted()
T32A0 212:490.656 - 0.759ms returns FALSE
T32A0 212:490.704 JLINK_IsHalted()
T32A0 212:491.456 - 0.755ms returns FALSE
T32A0 212:599.072 JLINK_IsHalted()
T32A0 212:599.872 - 0.786ms returns FALSE
T32A0 212:599.920 JLINK_IsHalted()
T32A0 212:600.656 - 0.732ms returns FALSE
T32A0 212:709.120 JLINK_IsHalted()
T32A0 212:709.840 - 0.715ms returns FALSE
T32A0 212:709.872 JLINK_IsHalted()
T32A0 212:710.592 - 0.711ms returns FALSE
T32A0 212:818.304 JLINK_IsHalted()
T32A0 212:818.992 - 0.688ms returns FALSE
T32A0 212:819.024 JLINK_IsHalted()
T32A0 212:819.648 - 0.630ms returns FALSE
T32A0 212:927.440 JLINK_IsHalted()
T32A0 212:928.288 - 0.850ms returns FALSE
T32A0 212:928.336 JLINK_IsHalted()
T32A0 212:929.136 - 0.807ms returns FALSE
T32A0 213:036.304 JLINK_IsHalted()
T32A0 213:036.928 - 0.627ms returns FALSE
T32A0 213:036.960 JLINK_IsHalted()
T32A0 213:037.488 - 0.541ms returns FALSE
T32A0 213:145.792 JLINK_IsHalted()
T32A0 213:146.688 - 0.888ms returns FALSE
T32A0 213:146.752 JLINK_IsHalted()
T32A0 213:147.520 - 0.771ms returns FALSE
T32A0 213:256.016 JLINK_IsHalted()
T32A0 213:256.768 - 0.763ms returns FALSE
T32A0 213:256.816 JLINK_IsHalted()
T32A0 213:257.456 - 0.646ms returns FALSE
T32A0 213:365.216 JLINK_IsHalted()
T32A0 213:366.048 - 0.836ms returns FALSE
T32A0 213:366.096 JLINK_IsHalted()
T32A0 213:366.976 - 0.876ms returns FALSE
T5484 213:467.616 JLINK_IsHalted()
T5484 213:468.352 - 0.733ms returns FALSE
T5484 213:468.384 JLINK_IsHalted()
T5484 213:468.944 - 0.559ms returns FALSE
T32A0 213:474.240 JLINK_IsHalted()
T32A0 213:474.976 - 0.726ms returns FALSE
T32A0 213:475.008 JLINK_IsHalted()
T32A0 213:475.728 - 0.712ms returns FALSE
T32A0 213:583.584 JLINK_IsHalted()
T32A0 213:584.432 - 0.845ms returns FALSE
T32A0 213:584.480 JLINK_IsHalted()
T32A0 213:585.248 - 0.759ms returns FALSE
T32A0 213:692.576 JLINK_IsHalted()
T32A0 213:693.408 - 0.837ms returns FALSE
T32A0 213:693.440 JLINK_IsHalted()
T32A0 213:694.304 - 0.847ms returns FALSE
T32A0 213:802.016 JLINK_IsHalted()
T32A0 213:802.704 - 0.680ms returns FALSE
T32A0 213:802.784 JLINK_IsHalted()
T32A0 213:803.504 - 0.707ms returns FALSE
T32A0 213:912.112 JLINK_IsHalted()
T32A0 213:912.928 - 0.802ms returns FALSE
T32A0 213:912.976 JLINK_IsHalted()
T32A0 213:913.712 - 0.743ms returns FALSE
T32A0 214:021.040 JLINK_IsHalted()
T32A0 214:021.728 - 0.687ms returns FALSE
T32A0 214:021.776 JLINK_IsHalted()
T32A0 214:022.400 - 0.625ms returns FALSE
T32A0 214:130.112 JLINK_IsHalted()
T32A0 214:130.880 - 0.763ms returns FALSE
T32A0 214:130.960 JLINK_IsHalted()
T32A0 214:131.824 - 0.862ms returns FALSE
T32A0 214:239.600 JLINK_IsHalted()
T32A0 214:240.272 - 0.661ms returns FALSE
T32A0 214:240.304 JLINK_IsHalted()
T32A0 214:240.880 - 0.577ms returns FALSE
T32A0 214:349.696 JLINK_IsHalted()
T32A0 214:350.496 - 0.801ms returns FALSE
T32A0 214:350.544 JLINK_IsHalted()
T32A0 214:351.424 - 0.882ms returns FALSE
T32A0 214:459.120 JLINK_IsHalted()
T32A0 214:459.936 - 0.800ms returns FALSE
T32A0 214:459.984 JLINK_IsHalted()
T32A0 214:460.736 - 0.753ms returns FALSE
T5484 214:470.176 JLINK_IsHalted()
T5484 214:470.800 - 0.601ms returns FALSE
T5484 214:470.816 JLINK_IsHalted()
T5484 214:471.504 - 0.670ms returns FALSE
T32A0 214:568.320 JLINK_IsHalted()
T32A0 214:569.056 - 0.743ms returns FALSE
T32A0 214:569.104 JLINK_IsHalted()
T32A0 214:569.744 - 0.627ms returns FALSE
T32A0 214:677.248 JLINK_IsHalted()
T32A0 214:677.888 - 0.642ms returns FALSE
T32A0 214:677.920 JLINK_IsHalted()
T32A0 214:678.576 - 0.656ms returns FALSE
T32A0 214:786.592 JLINK_IsHalted()
T32A0 214:787.248 - 0.657ms returns FALSE
T32A0 214:787.280 JLINK_IsHalted()
T32A0 214:787.888 - 0.589ms returns FALSE
T32A0 214:895.696 JLINK_IsHalted()
T32A0 214:896.480 - 0.814ms returns FALSE
T32A0 214:896.544 JLINK_IsHalted()
T32A0 214:897.328 - 0.780ms returns FALSE
T32A0 215:005.600 JLINK_IsHalted()
T32A0 215:006.256 - 0.680ms returns FALSE
T32A0 215:006.304 JLINK_IsHalted()
T32A0 215:006.944 - 0.639ms returns FALSE
T32A0 215:114.976 JLINK_IsHalted()
T32A0 215:115.824 - 0.845ms returns FALSE
T32A0 215:115.904 JLINK_IsHalted()
T32A0 215:116.720 - 0.838ms returns FALSE
T32A0 215:223.760 JLINK_IsHalted()
T32A0 215:224.400 - 0.632ms returns FALSE
T32A0 215:224.448 JLINK_IsHalted()
T32A0 215:225.056 - 0.623ms returns FALSE
T32A0 215:333.456 JLINK_IsHalted()
T32A0 215:334.272 - 0.824ms returns FALSE
T32A0 215:334.320 JLINK_IsHalted()
T32A0 215:335.120 - 0.797ms returns FALSE
T32A0 215:443.376 JLINK_IsHalted()
T32A0 215:444.304 - 0.908ms returns FALSE
T32A0 215:444.352 JLINK_IsHalted()
T32A0 215:445.088 - 0.753ms returns FALSE
T5484 215:471.536 JLINK_IsHalted()
T5484 215:472.256 - 0.719ms returns FALSE
T5484 215:472.304 JLINK_IsHalted()
T5484 215:472.896 - 0.592ms returns FALSE
T32A0 215:552.352 JLINK_IsHalted()
T32A0 215:553.120 - 0.764ms returns FALSE
T32A0 215:553.152 JLINK_IsHalted()
T32A0 215:553.760 - 0.621ms returns FALSE
T32A0 215:661.392 JLINK_IsHalted()
T32A0 215:662.208 - 0.825ms returns FALSE
T32A0 215:662.256 JLINK_IsHalted()
T32A0 215:663.152 - 0.880ms returns FALSE
T32A0 215:771.296 JLINK_IsHalted()
T32A0 215:771.984 - 0.683ms returns FALSE
T32A0 215:772.000 JLINK_IsHalted()
T32A0 215:772.592 - 0.594ms returns FALSE
T32A0 215:880.112 JLINK_IsHalted()
T32A0 215:880.912 - 0.794ms returns FALSE
T32A0 215:880.928 JLINK_IsHalted()
T32A0 215:881.632 - 0.690ms returns FALSE
T32A0 215:990.016 JLINK_IsHalted()
T32A0 215:990.688 - 0.653ms returns FALSE
T32A0 215:990.704 JLINK_IsHalted()
T32A0 215:991.296 - 0.585ms returns FALSE
T32A0 216:099.488 JLINK_IsHalted()
T32A0 216:100.320 - 0.839ms returns FALSE
T32A0 216:100.352 JLINK_IsHalted()
T32A0 216:101.296 - 0.931ms returns FALSE
T32A0 216:208.384 JLINK_IsHalted()
T32A0 216:209.184 - 0.772ms returns FALSE
T32A0 216:209.200 JLINK_IsHalted()
T32A0 216:210.080 - 0.870ms returns FALSE
T32A0 216:317.984 JLINK_IsHalted()
T32A0 216:318.800 - 0.813ms returns FALSE
T32A0 216:318.848 JLINK_IsHalted()
T32A0 216:319.584 - 0.726ms returns FALSE
T32A0 216:426.960 JLINK_IsHalted()
T32A0 216:427.728 - 0.757ms returns FALSE
T32A0 216:427.776 JLINK_IsHalted()
T32A0 216:428.576 - 0.784ms returns FALSE
T5484 216:473.120 JLINK_IsHalted()
T5484 216:473.776 - 0.648ms returns FALSE
T5484 216:473.824 JLINK_IsHalted()
T5484 216:474.448 - 0.620ms returns FALSE
T32A0 216:536.912 JLINK_IsHalted()
T32A0 216:537.648 - 0.745ms returns FALSE
T32A0 216:537.696 JLINK_IsHalted()
T32A0 216:538.272 - 0.561ms returns FALSE
T32A0 216:645.600 JLINK_IsHalted()
T32A0 216:646.304 - 0.700ms returns FALSE
T32A0 216:646.320 JLINK_IsHalted()
T32A0 216:646.912 - 0.583ms returns FALSE
T32A0 216:755.584 JLINK_IsHalted()
T32A0 216:756.256 - 0.659ms returns FALSE
T32A0 216:756.272 JLINK_IsHalted()
T32A0 216:756.864 - 0.572ms returns FALSE
T32A0 216:865.248 JLINK_IsHalted()
T32A0 216:866.096 - 0.829ms returns FALSE
T32A0 216:866.144 JLINK_IsHalted()
T32A0 216:866.912 - 0.762ms returns FALSE
T32A0 216:974.384 JLINK_IsHalted()
T32A0 216:975.024 - 0.628ms returns FALSE
T32A0 216:975.056 JLINK_IsHalted()
T32A0 216:975.616 - 0.555ms returns FALSE
T32A0 217:083.424 JLINK_IsHalted()
T32A0 217:084.336 - 0.917ms returns FALSE
T32A0 217:084.384 JLINK_IsHalted()
T32A0 217:085.152 - 0.773ms returns FALSE
T32A0 217:193.296 JLINK_IsHalted()
T32A0 217:194.080 - 0.808ms returns FALSE
T32A0 217:194.144 JLINK_IsHalted()
T32A0 217:194.960 - 0.812ms returns FALSE
T32A0 217:302.176 JLINK_IsHalted()
T32A0 217:303.008 - 0.843ms returns FALSE
T32A0 217:303.072 JLINK_IsHalted()
T32A0 217:303.728 - 0.653ms returns FALSE
T32A0 217:412.176 JLINK_IsHalted()
T32A0 217:413.088 - 0.930ms returns FALSE
T32A0 217:413.152 JLINK_IsHalted()
T32A0 217:413.968 - 0.802ms returns FALSE
T5484 217:474.208 JLINK_IsHalted()
T5484 217:474.864 - 0.670ms returns FALSE
T5484 217:474.912 JLINK_IsHalted()
T5484 217:475.536 - 0.605ms returns FALSE
T32A0 217:520.992 JLINK_IsHalted()
T32A0 217:521.696 - 0.685ms returns FALSE
T32A0 217:521.712 JLINK_IsHalted()
T32A0 217:522.304 - 0.581ms returns FALSE
T32A0 217:630.112 JLINK_IsHalted()
T32A0 217:630.944 - 0.853ms returns FALSE
T32A0 217:631.008 JLINK_IsHalted()
T32A0 217:631.776 - 0.750ms returns FALSE
T32A0 217:739.616 JLINK_IsHalted()
T32A0 217:740.416 - 0.777ms returns FALSE
T32A0 217:740.448 JLINK_IsHalted()
T32A0 217:741.008 - 0.563ms returns FALSE
T32A0 217:849.696 JLINK_IsHalted()
T32A0 217:850.592 - 0.898ms returns FALSE
T32A0 217:850.656 JLINK_IsHalted()
T32A0 217:851.568 - 0.900ms returns FALSE
T32A0 217:958.448 JLINK_IsHalted()
T32A0 217:959.136 - 0.672ms returns FALSE
T32A0 217:959.200 JLINK_IsHalted()
T32A0 217:959.888 - 0.678ms returns FALSE
T32A0 218:067.536 JLINK_IsHalted()
T32A0 218:068.432 - 0.874ms returns FALSE
T32A0 218:068.480 JLINK_IsHalted()
T32A0 218:069.296 - 0.831ms returns FALSE
T32A0 218:177.200 JLINK_IsHalted()
T32A0 218:178.128 - 0.910ms returns FALSE
T32A0 218:178.176 JLINK_IsHalted()
T32A0 218:178.944 - 0.771ms returns FALSE
T32A0 218:287.232 JLINK_IsHalted()
T32A0 218:287.904 - 0.658ms returns FALSE
T32A0 218:287.920 JLINK_IsHalted()
T32A0 218:288.512 - 0.581ms returns FALSE
T32A0 218:396.288 JLINK_IsHalted()
T32A0 218:397.216 - 0.921ms returns FALSE
T32A0 218:397.264 JLINK_IsHalted()
T32A0 218:398.128 - 0.875ms returns FALSE
T5484 218:475.360 JLINK_IsHalted()
T5484 218:476.032 - 0.641ms returns FALSE
T5484 218:476.080 JLINK_IsHalted()
T5484 218:476.832 - 0.747ms returns FALSE
T32A0 218:505.008 JLINK_IsHalted()
T32A0 218:505.760 - 0.736ms returns FALSE
T32A0 218:505.776 JLINK_IsHalted()
T32A0 218:506.400 - 0.606ms returns FALSE
T32A0 218:615.120 JLINK_IsHalted()
T32A0 218:615.968 - 0.842ms returns FALSE
T32A0 218:615.984 JLINK_IsHalted()
T32A0 218:616.832 - 0.828ms returns FALSE
T32A0 218:724.016 JLINK_IsHalted()
T32A0 218:724.656 - 0.625ms returns FALSE
T32A0 218:724.688 JLINK_IsHalted()
T32A0 218:725.216 - 0.546ms returns FALSE
T32A0 218:833.312 JLINK_IsHalted()
T32A0 218:884.096 - 50.777ms returns FALSE
T32A0 218:884.144 JLINK_IsHalted()
T32A0 218:884.736 - 0.596ms returns FALSE
T32A0 218:990.288 JLINK_IsHalted()
T32A0 219:026.528 - 36.246ms returns FALSE
T32A0 219:026.608 JLINK_IsHalted()
T32A0 219:027.248 - 0.620ms returns FALSE
T32A0 219:130.288 JLINK_IsHalted()
T32A0 219:132.256 - 1.965ms returns FALSE
T32A0 219:132.320 JLINK_IsHalted()
T32A0 219:132.880 - 0.577ms returns FALSE
T32A0 219:240.320 JLINK_IsHalted()
T32A0 219:241.056 - 0.744ms returns FALSE
T32A0 219:241.120 JLINK_IsHalted()
T32A0 219:241.728 - 0.621ms returns FALSE
T32A0 219:349.680 JLINK_IsHalted()
T32A0 219:350.448 - 0.762ms returns FALSE
T32A0 219:350.496 JLINK_IsHalted()
T32A0 219:351.296 - 0.790ms returns FALSE
T32A0 219:458.400 JLINK_IsHalted()
T32A0 219:459.024 - 0.625ms returns FALSE
T32A0 219:459.040 JLINK_IsHalted()
T32A0 219:459.632 - 0.573ms returns FALSE
T5484 219:477.888 JLINK_IsHalted()
T5484 219:478.688 - 0.795ms returns FALSE
T5484 219:478.704 JLINK_IsHalted()
T5484 219:479.472 - 0.753ms returns FALSE
T32A0 219:568.256 JLINK_IsHalted()
T32A0 219:569.120 - 0.854ms returns FALSE
T32A0 219:569.184 JLINK_IsHalted()
T32A0 219:569.952 - 0.760ms returns FALSE
T32A0 219:677.520 JLINK_IsHalted()
T32A0 219:678.176 - 0.682ms returns FALSE
T32A0 219:678.240 JLINK_IsHalted()
T32A0 219:678.848 - 0.623ms returns FALSE
T32A0 219:786.752 JLINK_IsHalted()
T32A0 219:787.600 - 0.866ms returns FALSE
T32A0 219:787.680 JLINK_IsHalted()
T32A0 219:788.384 - 0.712ms returns FALSE
T32A0 219:896.528 JLINK_IsHalted()
T32A0 219:897.472 - 0.931ms returns FALSE
T32A0 219:897.520 JLINK_IsHalted()
T32A0 219:898.464 - 0.951ms returns FALSE
T32A0 220:005.680 JLINK_IsHalted()
T32A0 220:006.400 - 0.724ms returns FALSE
T32A0 220:006.448 JLINK_IsHalted()
T32A0 220:007.072 - 0.610ms returns FALSE
T32A0 220:114.656 JLINK_IsHalted()
T32A0 220:115.504 - 0.821ms returns FALSE
T32A0 220:115.536 JLINK_IsHalted()
T32A0 220:116.304 - 0.767ms returns FALSE
T32A0 220:224.592 JLINK_IsHalted()
T32A0 220:225.280 - 0.678ms returns FALSE
T32A0 220:225.312 JLINK_IsHalted()
T32A0 220:225.888 - 0.577ms returns FALSE
T32A0 220:333.728 JLINK_IsHalted()
T32A0 220:334.512 - 0.796ms returns FALSE
T32A0 220:334.592 JLINK_IsHalted()
T32A0 220:335.328 - 0.760ms returns FALSE
T32A0 220:442.800 JLINK_IsHalted()
T32A0 220:443.472 - 0.658ms returns FALSE
T32A0 220:443.488 JLINK_IsHalted()
T32A0 220:444.064 - 0.559ms returns FALSE
T5484 220:480.160 JLINK_IsHalted()
T5484 220:480.976 - 0.820ms returns FALSE
T5484 220:481.024 JLINK_IsHalted()
T5484 220:481.792 - 0.763ms returns FALSE
T32A0 220:551.904 JLINK_IsHalted()
T32A0 220:552.704 - 0.806ms returns FALSE
T32A0 220:552.752 JLINK_IsHalted()
T32A0 220:553.600 - 0.838ms returns FALSE
T32A0 220:661.664 JLINK_IsHalted()
T32A0 220:662.304 - 0.641ms returns FALSE
T32A0 220:662.320 JLINK_IsHalted()
T32A0 220:662.880 - 0.555ms returns FALSE
T32A0 220:770.736 JLINK_IsHalted()
T32A0 220:771.488 - 0.736ms returns FALSE
T32A0 220:771.536 JLINK_IsHalted()
T32A0 220:772.256 - 0.709ms returns FALSE
T32A0 220:880.944 JLINK_IsHalted()
T32A0 220:881.824 - 0.861ms returns FALSE
T32A0 220:881.872 JLINK_IsHalted()
T32A0 220:882.688 - 0.829ms returns FALSE
T32A0 220:990.112 JLINK_IsHalted()
T32A0 220:990.768 - 0.662ms returns FALSE
T32A0 220:990.800 JLINK_IsHalted()
T32A0 220:991.408 - 0.596ms returns FALSE
T32A0 221:099.232 JLINK_IsHalted()
T32A0 221:100.000 - 0.771ms returns FALSE
T32A0 221:100.064 JLINK_IsHalted()
T32A0 221:100.832 - 0.759ms returns FALSE
T32A0 221:208.160 JLINK_IsHalted()
T32A0 221:208.784 - 0.606ms returns FALSE
T32A0 221:208.800 JLINK_IsHalted()
T32A0 221:209.392 - 0.597ms returns FALSE
T32A0 221:317.792 JLINK_IsHalted()
T32A0 221:318.608 - 0.824ms returns FALSE
T32A0 221:318.688 JLINK_IsHalted()
T32A0 221:319.456 - 0.782ms returns FALSE
T32A0 221:427.376 JLINK_IsHalted()
T32A0 221:428.128 - 0.727ms returns FALSE
T32A0 221:428.176 JLINK_IsHalted()
T32A0 221:428.816 - 0.636ms returns FALSE
T5484 221:482.784 JLINK_IsHalted()
T5484 221:483.600 - 0.823ms returns FALSE
T5484 221:483.648 JLINK_IsHalted()
T5484 221:484.448 - 0.791ms returns FALSE
T32A0 221:536.512 JLINK_IsHalted()
T32A0 221:537.376 - 0.881ms returns FALSE
T32A0 221:537.440 JLINK_IsHalted()
T32A0 221:538.144 - 0.699ms returns FALSE
T32A0 221:645.920 JLINK_IsHalted()
T32A0 221:646.560 - 0.627ms returns FALSE
T32A0 221:646.592 JLINK_IsHalted()
T32A0 221:647.232 - 0.640ms returns FALSE
T32A0 221:755.952 JLINK_IsHalted()
T32A0 221:756.672 - 0.727ms returns FALSE
T32A0 221:756.720 JLINK_IsHalted()
T32A0 221:757.440 - 0.718ms returns FALSE
T32A0 221:864.448 JLINK_IsHalted()
T32A0 221:865.296 - 0.851ms returns FALSE
T32A0 221:865.344 JLINK_IsHalted()
T32A0 221:866.208 - 0.877ms returns FALSE
T32A0 221:974.368 JLINK_IsHalted()
T32A0 221:975.008 - 0.638ms returns FALSE
T32A0 221:975.072 JLINK_IsHalted()
T32A0 221:975.680 - 0.618ms returns FALSE
T32A0 222:083.552 JLINK_IsHalted()
T32A0 222:084.352 - 0.782ms returns FALSE
T32A0 222:084.400 JLINK_IsHalted()
T32A0 222:085.088 - 0.671ms returns FALSE
T32A0 222:192.512 JLINK_IsHalted()
T32A0 222:193.248 - 0.735ms returns FALSE
T32A0 222:193.280 JLINK_IsHalted()
T32A0 222:193.920 - 0.642ms returns FALSE
T32A0 222:302.560 JLINK_IsHalted()
T32A0 222:303.456 - 0.895ms returns FALSE
T32A0 222:303.536 JLINK_IsHalted()
T32A0 222:304.352 - 0.818ms returns FALSE
T32A0 222:411.600 JLINK_IsHalted()
T32A0 222:412.464 - 0.870ms returns FALSE
T32A0 222:412.512 JLINK_IsHalted()
T32A0 222:413.280 - 0.778ms returns FALSE
T5484 222:485.664 JLINK_IsHalted()
T5484 222:486.480 - 0.818ms returns FALSE
T5484 222:486.560 JLINK_IsHalted()
T5484 222:487.344 - 0.791ms returns FALSE
T32A0 222:521.424 JLINK_IsHalted()
T32A0 222:522.272 - 0.852ms returns FALSE
T32A0 222:522.320 JLINK_IsHalted()
T32A0 222:522.960 - 0.636ms returns FALSE
T32A0 222:630.736 JLINK_IsHalted()
T32A0 222:631.584 - 0.848ms returns FALSE
T32A0 222:631.632 JLINK_IsHalted()
T32A0 222:632.448 - 0.819ms returns FALSE
T32A0 222:739.664 JLINK_IsHalted()
T32A0 222:740.400 - 0.758ms returns FALSE
T32A0 222:740.448 JLINK_IsHalted()
T32A0 222:741.120 - 0.674ms returns FALSE
T32A0 222:849.696 JLINK_IsHalted()
T32A0 222:850.560 - 0.879ms returns FALSE
T32A0 222:850.608 JLINK_IsHalted()
T32A0 222:851.488 - 0.876ms returns FALSE
T32A0 222:958.672 JLINK_IsHalted()
T32A0 222:959.280 - 0.638ms returns FALSE
T32A0 222:959.328 JLINK_IsHalted()
T32A0 222:959.904 - 0.559ms returns FALSE
T32A0 223:068.112 JLINK_IsHalted()
T32A0 223:068.960 - 0.831ms returns FALSE
T32A0 223:069.008 JLINK_IsHalted()
T32A0 223:069.776 - 0.769ms returns FALSE
T32A0 223:177.552 JLINK_IsHalted()
T32A0 223:178.240 - 0.683ms returns FALSE
T32A0 223:178.272 JLINK_IsHalted()
T32A0 223:178.832 - 0.560ms returns FALSE
T32A0 223:286.656 JLINK_IsHalted()
T32A0 223:287.504 - 0.821ms returns FALSE
T32A0 223:287.584 JLINK_IsHalted()
T32A0 223:288.352 - 0.772ms returns FALSE
T32A0 223:395.792 JLINK_IsHalted()
T32A0 223:396.608 - 0.813ms returns FALSE
T32A0 223:396.656 JLINK_IsHalted()
T32A0 223:397.456 - 0.768ms returns FALSE
T5484 223:488.336 JLINK_IsHalted()
T5484 223:489.120 - 0.770ms returns FALSE
T5484 223:489.232 JLINK_IsHalted()
T5484 223:489.920 - 0.695ms returns FALSE
T32A0 223:505.872 JLINK_IsHalted()
T32A0 223:506.864 - 0.998ms returns FALSE
T32A0 223:506.896 JLINK_IsHalted()
T32A0 223:507.488 - 0.577ms returns FALSE
T32A0 223:614.896 JLINK_IsHalted()
T32A0 223:615.776 - 0.892ms returns FALSE
T32A0 223:615.824 JLINK_IsHalted()
T32A0 223:616.672 - 0.832ms returns FALSE
T32A0 223:724.240 JLINK_IsHalted()
T32A0 223:724.928 - 0.692ms returns FALSE
T32A0 223:724.960 JLINK_IsHalted()
T32A0 223:725.600 - 0.638ms returns FALSE
T32A0 223:833.296 JLINK_IsHalted()
T32A0 223:834.112 - 0.835ms returns FALSE
T32A0 223:834.160 JLINK_IsHalted()
T32A0 223:834.960 - 0.774ms returns FALSE
T32A0 223:942.992 JLINK_IsHalted()
T32A0 223:943.632 - 0.640ms returns FALSE
T32A0 223:943.648 JLINK_IsHalted()
T32A0 223:944.240 - 0.571ms returns FALSE
T32A0 224:052.272 JLINK_IsHalted()
T32A0 224:053.088 - 0.825ms returns FALSE
T32A0 224:053.120 JLINK_IsHalted()
T32A0 224:053.968 - 0.838ms returns FALSE
T32A0 224:162.176 JLINK_IsHalted()
T32A0 224:162.864 - 0.698ms returns FALSE
T32A0 224:162.896 JLINK_IsHalted()
T32A0 224:163.552 - 0.656ms returns FALSE
T32A0 224:271.280 JLINK_IsHalted()
T32A0 224:272.080 - 0.783ms returns FALSE
T32A0 224:272.128 JLINK_IsHalted()
T32A0 224:272.800 - 0.676ms returns FALSE
T32A0 224:380.160 JLINK_IsHalted()
T32A0 224:380.896 - 0.723ms returns FALSE
T32A0 224:380.960 JLINK_IsHalted()
T32A0 224:381.664 - 0.732ms returns FALSE
T32A0 224:490.288 JLINK_IsHalted()
T32A0 224:491.040 - 0.745ms returns FALSE
T32A0 224:491.056 JLINK_IsHalted()
T32A0 224:491.616 - 0.561ms returns FALSE
T5484 224:491.744 JLINK_IsHalted()
T5484 224:492.416 - 0.669ms returns FALSE
T5484 224:492.448 JLINK_IsHalted()
T5484 224:493.024 - 0.582ms returns FALSE
T32A0 224:599.376 JLINK_IsHalted()
T32A0 224:600.032 - 0.664ms returns FALSE
T32A0 224:600.064 JLINK_IsHalted()
T32A0 224:600.656 - 0.601ms returns FALSE
T32A0 224:708.656 JLINK_IsHalted()
T32A0 224:709.328 - 0.661ms returns FALSE
T32A0 224:709.344 JLINK_IsHalted()
T32A0 224:709.968 - 0.599ms returns FALSE
T32A0 224:817.744 JLINK_IsHalted()
T32A0 224:818.464 - 0.718ms returns FALSE
T32A0 224:818.512 JLINK_IsHalted()
T32A0 224:819.296 - 0.790ms returns FALSE
T32A0 224:927.664 JLINK_IsHalted()
T32A0 224:928.352 - 0.685ms returns FALSE
T32A0 224:928.384 JLINK_IsHalted()
T32A0 224:929.072 - 0.678ms returns FALSE
T32A0 225:036.720 JLINK_IsHalted()
T32A0 225:037.600 - 0.856ms returns FALSE
T32A0 225:037.648 JLINK_IsHalted()
T32A0 225:038.432 - 0.797ms returns FALSE
T32A0 225:145.696 JLINK_IsHalted()
T32A0 225:146.416 - 0.715ms returns FALSE
T32A0 225:146.448 JLINK_IsHalted()
T32A0 225:147.040 - 0.587ms returns FALSE
T32A0 225:255.712 JLINK_IsHalted()
T32A0 225:256.480 - 0.750ms returns FALSE
T32A0 225:256.528 JLINK_IsHalted()
T32A0 225:257.424 - 0.900ms returns FALSE
T32A0 225:364.688 JLINK_IsHalted()
T32A0 225:365.424 - 0.739ms returns FALSE
T32A0 225:365.456 JLINK_IsHalted()
T32A0 225:365.984 - 0.551ms returns FALSE
T32A0 225:474.688 JLINK_IsHalted()
T32A0 225:475.408 - 0.720ms returns FALSE
T32A0 225:475.456 JLINK_IsHalted()
T32A0 225:476.016 - 0.561ms returns FALSE
T5484 225:493.888 JLINK_IsHalted()
T5484 225:494.528 - 0.624ms returns FALSE
T5484 225:494.624 JLINK_IsHalted()
T5484 225:495.248 - 0.610ms returns FALSE
T32A0 225:583.712 JLINK_IsHalted()
T32A0 225:584.512 - 0.796ms returns FALSE
T32A0 225:584.560 JLINK_IsHalted()
T32A0 225:585.360 - 0.797ms returns FALSE
T32A0 225:692.832 JLINK_IsHalted()
T32A0 225:693.520 - 0.686ms returns FALSE
T32A0 225:693.536 JLINK_IsHalted()
T32A0 225:694.160 - 0.598ms returns FALSE
T32A0 225:802.576 JLINK_IsHalted()
T32A0 225:803.472 - 0.902ms returns FALSE
T32A0 225:803.520 JLINK_IsHalted()
T32A0 225:804.368 - 0.831ms returns FALSE
T32A0 225:911.728 JLINK_IsHalted()
T32A0 225:912.416 - 0.690ms returns FALSE
T32A0 225:912.448 JLINK_IsHalted()
T32A0 225:913.008 - 0.553ms returns FALSE
T32A0 226:020.784 JLINK_IsHalted()
T32A0 226:021.632 - 0.847ms returns FALSE
T32A0 226:021.680 JLINK_IsHalted()
T32A0 226:022.448 - 0.761ms returns FALSE
T32A0 226:130.560 JLINK_IsHalted()
T32A0 226:131.248 - 0.678ms returns FALSE
T32A0 226:131.280 JLINK_IsHalted()
T32A0 226:131.888 - 0.605ms returns FALSE
T32A0 226:239.872 JLINK_IsHalted()
T32A0 226:240.640 - 0.766ms returns FALSE
T32A0 226:240.688 JLINK_IsHalted()
T32A0 226:241.360 - 0.659ms returns FALSE
T32A0 226:348.960 JLINK_IsHalted()
T32A0 226:349.824 - 0.850ms returns FALSE
T32A0 226:349.872 JLINK_IsHalted()
T32A0 226:350.624 - 0.753ms returns FALSE
T32A0 226:458.400 JLINK_IsHalted()
T32A0 226:459.088 - 0.678ms returns FALSE
T32A0 226:459.136 JLINK_IsHalted()
T32A0 226:459.776 - 0.637ms returns FALSE
T5484 226:496.608 JLINK_IsHalted()
T5484 226:497.440 - 0.817ms returns FALSE
T5484 226:497.488 JLINK_IsHalted()
T5484 226:498.336 - 0.843ms returns FALSE
T32A0 226:567.776 JLINK_IsHalted()
T32A0 226:568.656 - 0.854ms returns FALSE
T32A0 226:568.704 JLINK_IsHalted()
T32A0 226:569.472 - 0.762ms returns FALSE
T32A0 226:677.408 JLINK_IsHalted()
T32A0 226:678.048 - 0.643ms returns FALSE
T32A0 226:678.064 JLINK_IsHalted()
T32A0 226:678.688 - 0.606ms returns FALSE
T32A0 226:786.512 JLINK_IsHalted()
T32A0 226:787.328 - 0.836ms returns FALSE
T32A0 226:787.376 JLINK_IsHalted()
T32A0 226:788.128 - 0.738ms returns FALSE
T32A0 226:896.384 JLINK_IsHalted()
T32A0 226:897.072 - 0.673ms returns FALSE
T32A0 226:897.120 JLINK_IsHalted()
T32A0 226:897.792 - 0.674ms returns FALSE
T32A0 227:005.984 JLINK_IsHalted()
T32A0 227:006.848 - 0.868ms returns FALSE
T32A0 227:006.896 JLINK_IsHalted()
T32A0 227:007.696 - 0.775ms returns FALSE
T32A0 227:114.800 JLINK_IsHalted()
T32A0 227:115.776 - 0.958ms returns FALSE
T32A0 227:115.824 JLINK_IsHalted()
T32A0 227:116.592 - 0.780ms returns FALSE
T32A0 227:224.448 JLINK_IsHalted()
T32A0 227:225.264 - 0.816ms returns FALSE
T32A0 227:225.312 JLINK_IsHalted()
T32A0 227:225.936 - 0.605ms returns FALSE
T32A0 227:333.296 JLINK_IsHalted()
T32A0 227:334.176 - 0.862ms returns FALSE
T32A0 227:334.224 JLINK_IsHalted()
T32A0 227:335.040 - 0.803ms returns FALSE
T32A0 227:443.232 JLINK_IsHalted()
T32A0 227:443.888 - 0.658ms returns FALSE
T32A0 227:443.920 JLINK_IsHalted()
T32A0 227:444.528 - 0.608ms returns FALSE
T5484 227:499.648 JLINK_IsHalted()
T5484 227:500.496 - 0.844ms returns FALSE
T5484 227:500.544 JLINK_IsHalted()
T5484 227:501.312 - 0.785ms returns FALSE
T32A0 227:552.352 JLINK_IsHalted()
T32A0 227:553.152 - 0.790ms returns FALSE
T32A0 227:553.200 JLINK_IsHalted()
T32A0 227:553.952 - 0.735ms returns FALSE
T32A0 227:661.216 JLINK_IsHalted()
T32A0 227:661.872 - 0.644ms returns FALSE
T32A0 227:661.904 JLINK_IsHalted()
T32A0 227:662.512 - 0.606ms returns FALSE
T32A0 227:770.800 JLINK_IsHalted()
T32A0 227:771.600 - 0.776ms returns FALSE
T32A0 227:771.648 JLINK_IsHalted()
T32A0 227:772.416 - 0.765ms returns FALSE
T32A0 227:880.160 JLINK_IsHalted()
T32A0 227:880.832 - 0.672ms returns FALSE
T32A0 227:880.912 JLINK_IsHalted()
T32A0 227:881.552 - 0.641ms returns FALSE
T32A0 227:990.240 JLINK_IsHalted()
T32A0 227:991.072 - 0.807ms returns FALSE
T32A0 227:991.088 JLINK_IsHalted()
T32A0 227:991.776 - 0.686ms returns FALSE
T32A0 228:099.248 JLINK_IsHalted()
T32A0 228:100.128 - 0.865ms returns FALSE
T32A0 228:100.176 JLINK_IsHalted()
T32A0 228:100.912 - 0.751ms returns FALSE
T32A0 228:208.816 JLINK_IsHalted()
T32A0 228:209.504 - 0.707ms returns FALSE
T32A0 228:209.536 JLINK_IsHalted()
T32A0 228:210.080 - 0.536ms returns FALSE
T32A0 228:318.288 JLINK_IsHalted()
T32A0 228:319.104 - 0.809ms returns FALSE
T32A0 228:319.152 JLINK_IsHalted()
T32A0 228:319.904 - 0.737ms returns FALSE
T32A0 228:427.136 JLINK_IsHalted()
T32A0 228:427.824 - 0.686ms returns FALSE
T32A0 228:427.856 JLINK_IsHalted()
T32A0 228:428.464 - 0.606ms returns FALSE
T5484 228:502.576 JLINK_IsHalted()
T5484 228:503.392 - 0.814ms returns FALSE
T5484 228:503.456 JLINK_IsHalted()
T5484 228:504.320 - 0.855ms returns FALSE
T32A0 228:537.216 JLINK_IsHalted()
T32A0 228:538.112 - 0.881ms returns FALSE
T32A0 228:538.160 JLINK_IsHalted()
T32A0 228:539.056 - 0.880ms returns FALSE
T32A0 228:646.240 JLINK_IsHalted()
T32A0 228:646.912 - 0.673ms returns FALSE
T32A0 228:646.944 JLINK_IsHalted()
T32A0 228:647.520 - 0.582ms returns FALSE
T32A0 228:755.552 JLINK_IsHalted()
T32A0 228:756.480 - 0.926ms returns FALSE
T32A0 228:756.528 JLINK_IsHalted()
T32A0 228:757.296 - 0.769ms returns FALSE
T32A0 228:864.544 JLINK_IsHalted()
T32A0 228:865.488 - 0.962ms returns FALSE
T32A0 228:865.536 JLINK_IsHalted()
T32A0 228:866.528 - 0.994ms returns FALSE
T32A0 228:974.624 JLINK_IsHalted()
T32A0 228:975.456 - 0.842ms returns FALSE
T32A0 228:975.520 JLINK_IsHalted()
T32A0 228:976.176 - 0.658ms returns FALSE
T32A0 229:083.776 JLINK_IsHalted()
T32A0 229:084.416 - 0.627ms returns FALSE
T32A0 229:084.448 JLINK_IsHalted()
T32A0 229:085.024 - 0.581ms returns FALSE
T32A0 229:192.864 JLINK_IsHalted()
T32A0 229:193.520 - 0.678ms returns FALSE
T32A0 229:193.568 JLINK_IsHalted()
T32A0 229:194.240 - 0.676ms returns FALSE
T32A0 229:301.888 JLINK_IsHalted()
T32A0 229:302.704 - 0.817ms returns FALSE
T32A0 229:302.736 JLINK_IsHalted()
T32A0 229:303.632 - 0.881ms returns FALSE
T32A0 229:411.808 JLINK_IsHalted()
T32A0 229:412.448 - 0.660ms returns FALSE
T32A0 229:412.512 JLINK_IsHalted()
T32A0 229:413.152 - 0.637ms returns FALSE
T5484 229:504.544 JLINK_IsHalted()
T5484 229:505.376 - 0.835ms returns FALSE
T5484 229:505.440 JLINK_IsHalted()
T5484 229:506.304 - 0.875ms returns FALSE
T32A0 229:521.328 JLINK_IsHalted()
T32A0 229:522.144 - 0.817ms returns FALSE
T32A0 229:522.208 JLINK_IsHalted()
T32A0 229:523.024 - 0.807ms returns FALSE
T32A0 229:630.048 JLINK_IsHalted()
T32A0 229:630.752 - 0.695ms returns FALSE
T32A0 229:630.800 JLINK_IsHalted()
T32A0 229:631.408 - 0.615ms returns FALSE
T32A0 229:740.192 JLINK_IsHalted()
T32A0 229:740.976 - 0.793ms returns FALSE
T32A0 229:741.024 JLINK_IsHalted()
T32A0 229:741.792 - 0.777ms returns FALSE
T32A0 229:849.136 JLINK_IsHalted()
T32A0 229:849.952 - 0.827ms returns FALSE
T32A0 229:850.016 JLINK_IsHalted()
T32A0 229:850.848 - 0.848ms returns FALSE
T32A0 229:959.200 JLINK_IsHalted()
T32A0 229:959.904 - 0.727ms returns FALSE
T32A0 229:959.968 JLINK_IsHalted()
T32A0 229:960.656 - 0.701ms returns FALSE
T32A0 230:068.528 JLINK_IsHalted()
T32A0 230:069.344 - 0.811ms returns FALSE
T32A0 230:069.408 JLINK_IsHalted()
T32A0 230:070.304 - 0.915ms returns FALSE
T32A0 230:177.616 JLINK_IsHalted()
T32A0 230:178.304 - 0.675ms returns FALSE
T32A0 230:178.352 JLINK_IsHalted()
T32A0 230:178.944 - 0.599ms returns FALSE
T32A0 230:286.672 JLINK_IsHalted()
T32A0 230:287.584 - 0.901ms returns FALSE
T32A0 230:287.616 JLINK_IsHalted()
T32A0 230:288.464 - 0.831ms returns FALSE
T32A0 230:396.448 JLINK_IsHalted()
T32A0 230:397.056 - 0.625ms returns FALSE
T32A0 230:397.104 JLINK_IsHalted()
T32A0 230:397.648 - 0.559ms returns FALSE
T32A0 230:505.056 JLINK_IsHalted()
T32A0 230:505.856 - 0.795ms returns FALSE
T32A0 230:505.904 JLINK_IsHalted()
T32A0 230:506.624 - 0.719ms returns FALSE
T5484 230:506.784 JLINK_IsHalted()
T5484 230:507.520 - 0.724ms returns FALSE
T5484 230:507.552 JLINK_IsHalted()
T5484 230:508.320 - 0.753ms returns FALSE
T32A0 230:614.576 JLINK_IsHalted()
T32A0 230:615.248 - 0.664ms returns FALSE
T32A0 230:615.264 JLINK_IsHalted()
T32A0 230:615.808 - 0.544ms returns FALSE
T32A0 230:724.640 JLINK_IsHalted()
T32A0 230:725.456 - 0.817ms returns FALSE
T32A0 230:725.504 JLINK_IsHalted()
T32A0 230:726.320 - 0.808ms returns FALSE
T32A0 230:833.616 JLINK_IsHalted()
T32A0 230:834.480 - 0.869ms returns FALSE
T32A0 230:834.528 JLINK_IsHalted()
T32A0 230:835.456 - 0.925ms returns FALSE
T32A0 230:942.688 JLINK_IsHalted()
T32A0 230:943.520 - 0.805ms returns FALSE
T32A0 230:943.568 JLINK_IsHalted()
T32A0 230:944.256 - 0.693ms returns FALSE
T32A0 231:052.672 JLINK_IsHalted()
T32A0 231:053.488 - 0.817ms returns FALSE
T32A0 231:053.536 JLINK_IsHalted()
T32A0 231:054.336 - 0.803ms returns FALSE
T32A0 231:161.888 JLINK_IsHalted()
T32A0 231:162.576 - 0.692ms returns FALSE
T32A0 231:162.624 JLINK_IsHalted()
T32A0 231:163.232 - 0.627ms returns FALSE
T32A0 231:270.624 JLINK_IsHalted()
T32A0 231:271.472 - 0.845ms returns FALSE
T32A0 231:271.520 JLINK_IsHalted()
T32A0 231:272.288 - 0.764ms returns FALSE
T32A0 231:380.560 JLINK_IsHalted()
T32A0 231:381.248 - 0.693ms returns FALSE
T32A0 231:381.280 JLINK_IsHalted()
T32A0 231:381.856 - 0.572ms returns FALSE
T32A0 231:490.256 JLINK_IsHalted()
T32A0 231:491.104 - 0.827ms returns FALSE
T32A0 231:491.120 JLINK_IsHalted()
T32A0 231:491.840 - 0.695ms returns FALSE
T5484 231:508.960 JLINK_IsHalted()
T5484 231:509.728 - 0.785ms returns FALSE
T5484 231:509.856 JLINK_IsHalted()
T5484 231:510.576 - 0.724ms returns FALSE
T32A0 231:599.664 JLINK_IsHalted()
T32A0 231:600.432 - 0.765ms returns FALSE
T32A0 231:600.480 JLINK_IsHalted()
T32A0 231:601.200 - 0.729ms returns FALSE
T32A0 231:708.512 JLINK_IsHalted()
T32A0 231:773.904 - 65.370ms returns FALSE
T32A0 231:773.952 JLINK_IsHalted()
T32A0 231:801.472 - 27.518ms returns FALSE
T32A0 231:895.728 JLINK_IsHalted()
T32A0 231:928.032 - 32.313ms returns FALSE
T32A0 231:928.112 JLINK_IsHalted()
T32A0 231:928.752 - 0.653ms returns FALSE
T32A0 232:036.640 JLINK_IsHalted()
T32A0 232:037.280 - 0.654ms returns FALSE
T32A0 232:037.328 JLINK_IsHalted()
T32A0 232:037.888 - 0.555ms returns FALSE
T32A0 232:145.616 JLINK_IsHalted()
T32A0 232:146.336 - 0.707ms returns FALSE
T32A0 232:146.352 JLINK_IsHalted()
T32A0 232:146.944 - 0.568ms returns FALSE
T32A0 232:255.712 JLINK_IsHalted()
T32A0 232:256.560 - 0.831ms returns FALSE
T32A0 232:256.592 JLINK_IsHalted()
T32A0 232:257.456 - 0.866ms returns FALSE
T32A0 232:364.704 JLINK_IsHalted()
T32A0 232:365.408 - 0.713ms returns FALSE
T32A0 232:365.472 JLINK_IsHalted()
T32A0 232:366.048 - 0.584ms returns FALSE
T32A0 232:474.448 JLINK_IsHalted()
T32A0 232:475.296 - 0.834ms returns FALSE
T32A0 232:475.344 JLINK_IsHalted()
T32A0 232:476.064 - 0.704ms returns FALSE
T5484 232:511.616 JLINK_IsHalted()
T5484 232:512.288 - 0.679ms returns FALSE
T5484 232:512.336 JLINK_IsHalted()
T5484 232:512.928 - 0.582ms returns FALSE
T32A0 232:583.376 JLINK_IsHalted()
T32A0 232:584.112 - 0.758ms returns FALSE
T32A0 232:584.160 JLINK_IsHalted()
T32A0 232:584.928 - 0.759ms returns FALSE
T32A0 232:693.344 JLINK_IsHalted()
T32A0 232:694.016 - 0.671ms returns FALSE
T32A0 232:694.064 JLINK_IsHalted()
T32A0 232:694.688 - 0.606ms returns FALSE
T32A0 232:802.464 JLINK_IsHalted()
T32A0 232:803.296 - 0.844ms returns FALSE
T32A0 232:803.328 JLINK_IsHalted()
T32A0 232:804.016 - 0.674ms returns FALSE
T32A0 232:911.392 JLINK_IsHalted()
T32A0 232:912.048 - 0.681ms returns FALSE
T32A0 232:912.080 JLINK_IsHalted()
T32A0 232:912.672 - 0.568ms returns FALSE
T32A0 233:021.440 JLINK_IsHalted()
T32A0 233:022.288 - 0.841ms returns FALSE
T32A0 233:022.336 JLINK_IsHalted()
T32A0 233:023.200 - 0.866ms returns FALSE
T32A0 233:130.080 JLINK_IsHalted()
T32A0 233:130.720 - 0.638ms returns FALSE
T32A0 233:130.784 JLINK_IsHalted()
T32A0 233:131.424 - 0.644ms returns FALSE
T32A0 233:239.472 JLINK_IsHalted()
T32A0 233:240.272 - 0.802ms returns FALSE
T32A0 233:240.320 JLINK_IsHalted()
T32A0 233:241.136 - 0.811ms returns FALSE
T32A0 233:349.472 JLINK_IsHalted()
T32A0 233:350.112 - 0.646ms returns FALSE
T32A0 233:350.144 JLINK_IsHalted()
T32A0 233:350.784 - 0.621ms returns FALSE
T32A0 233:458.384 JLINK_IsHalted()
T32A0 233:459.024 - 0.637ms returns FALSE
T32A0 233:459.072 JLINK_IsHalted()
T32A0 233:459.664 - 0.594ms returns FALSE
T5484 233:512.672 JLINK_IsHalted()
T5484 233:513.424 - 0.742ms returns FALSE
T5484 233:513.472 JLINK_IsHalted()
T5484 233:514.064 - 0.577ms returns FALSE
T32A0 233:567.664 JLINK_IsHalted()
T32A0 233:568.592 - 0.915ms returns FALSE
T32A0 233:568.640 JLINK_IsHalted()
T32A0 233:569.504 - 0.876ms returns FALSE
T32A0 233:677.696 JLINK_IsHalted()
T32A0 233:678.384 - 0.696ms returns FALSE
T32A0 233:678.432 JLINK_IsHalted()
T32A0 233:679.056 - 0.622ms returns FALSE
T32A0 233:786.672 JLINK_IsHalted()
T32A0 233:787.344 - 0.656ms returns FALSE
T32A0 233:787.360 JLINK_IsHalted()
T32A0 233:787.952 - 0.587ms returns FALSE
T32A0 233:896.576 JLINK_IsHalted()
T32A0 233:897.264 - 0.688ms returns FALSE
T32A0 233:897.296 JLINK_IsHalted()
T32A0 233:897.904 - 0.618ms returns FALSE
T32A0 234:005.664 JLINK_IsHalted()
T32A0 234:006.496 - 0.861ms returns FALSE
T32A0 234:006.560 JLINK_IsHalted()
T32A0 234:007.248 - 0.676ms returns FALSE
T32A0 234:114.560 JLINK_IsHalted()
T32A0 234:115.248 - 0.707ms returns FALSE
T32A0 234:115.296 JLINK_IsHalted()
T32A0 234:115.872 - 0.564ms returns FALSE
T32A0 234:224.640 JLINK_IsHalted()
T32A0 234:225.504 - 0.851ms returns FALSE
T32A0 234:225.584 JLINK_IsHalted()
T32A0 234:226.272 - 0.687ms returns FALSE
T32A0 234:333.408 JLINK_IsHalted()
T32A0 234:334.080 - 0.672ms returns FALSE
T32A0 234:334.128 JLINK_IsHalted()
T32A0 234:334.752 - 0.624ms returns FALSE
T32A0 234:443.360 JLINK_IsHalted()
T32A0 234:444.032 - 0.666ms returns FALSE
T32A0 234:444.080 JLINK_IsHalted()
T32A0 234:444.640 - 0.563ms returns FALSE
T5484 234:515.632 JLINK_IsHalted()
T5484 234:516.352 - 0.726ms returns FALSE
T5484 234:516.400 JLINK_IsHalted()
T5484 234:517.024 - 0.608ms returns FALSE
T32A0 234:552.448 JLINK_IsHalted()
T32A0 234:553.312 - 0.876ms returns FALSE
T32A0 234:553.392 JLINK_IsHalted()
T32A0 234:554.192 - 0.798ms returns FALSE
T32A0 234:661.600 JLINK_IsHalted()
T32A0 234:662.352 - 0.724ms returns FALSE
T32A0 234:662.400 JLINK_IsHalted()
T32A0 234:663.072 - 0.665ms returns FALSE
T32A0 234:771.536 JLINK_IsHalted()
T32A0 234:772.384 - 0.843ms returns FALSE
T32A0 234:772.432 JLINK_IsHalted()
T32A0 234:773.168 - 0.733ms returns FALSE
T32A0 234:880.640 JLINK_IsHalted()
T32A0 234:881.280 - 0.641ms returns FALSE
T32A0 234:881.312 JLINK_IsHalted()
T32A0 234:881.920 - 0.616ms returns FALSE
T32A0 234:989.728 JLINK_IsHalted()
T32A0 234:990.544 - 0.808ms returns FALSE
T32A0 234:990.560 JLINK_IsHalted()
T32A0 234:991.440 - 0.854ms returns FALSE
T32A0 235:099.648 JLINK_IsHalted()
T32A0 235:100.320 - 0.666ms returns FALSE
T32A0 235:100.336 JLINK_IsHalted()
T32A0 235:100.960 - 0.606ms returns FALSE
T32A0 235:208.288 JLINK_IsHalted()
T32A0 235:208.928 - 0.637ms returns FALSE
T32A0 235:208.960 JLINK_IsHalted()
T32A0 235:209.568 - 0.611ms returns FALSE
T32A0 235:318.352 JLINK_IsHalted()
T32A0 235:318.960 - 0.616ms returns FALSE
T32A0 235:318.992 JLINK_IsHalted()
T32A0 235:319.552 - 0.553ms returns FALSE
T32A0 235:427.632 JLINK_IsHalted()
T32A0 235:428.432 - 0.797ms returns FALSE
T32A0 235:428.512 JLINK_IsHalted()
T32A0 235:429.328 - 0.826ms returns FALSE
T5484 235:517.648 JLINK_IsHalted()
T5484 235:518.304 - 0.684ms returns FALSE
T5484 235:518.368 JLINK_IsHalted()
T5484 235:519.072 - 0.718ms returns FALSE
T32A0 235:536.512 JLINK_IsHalted()
T32A0 235:537.328 - 0.834ms returns FALSE
T32A0 235:537.376 JLINK_IsHalted()
T32A0 235:538.080 - 0.678ms returns FALSE
T32A0 235:645.952 JLINK_IsHalted()
T32A0 235:646.560 - 0.616ms returns FALSE
T32A0 235:646.592 JLINK_IsHalted()
T32A0 235:647.152 - 0.560ms returns FALSE
T32A0 235:755.056 JLINK_IsHalted()
T32A0 235:755.952 - 0.894ms returns FALSE
T32A0 235:755.984 JLINK_IsHalted()
T32A0 235:756.880 - 0.883ms returns FALSE
T32A0 235:865.296 JLINK_IsHalted()
T32A0 235:865.936 - 0.624ms returns FALSE
T32A0 235:865.952 JLINK_IsHalted()
T32A0 235:866.528 - 0.566ms returns FALSE
T32A0 235:974.656 JLINK_IsHalted()
T32A0 235:975.456 - 0.779ms returns FALSE
T32A0 235:975.504 JLINK_IsHalted()
T32A0 235:976.288 - 0.773ms returns FALSE
T32A0 236:083.152 JLINK_IsHalted()
T32A0 236:083.808 - 0.646ms returns FALSE
T32A0 236:083.840 JLINK_IsHalted()
T32A0 236:084.432 - 0.591ms returns FALSE
T32A0 236:193.248 JLINK_IsHalted()
T32A0 236:194.048 - 0.778ms returns FALSE
T32A0 236:194.096 JLINK_IsHalted()
T32A0 236:194.848 - 0.754ms returns FALSE
T32A0 236:302.128 JLINK_IsHalted()
T32A0 236:302.944 - 0.815ms returns FALSE
T32A0 236:303.008 JLINK_IsHalted()
T32A0 236:303.744 - 0.752ms returns FALSE
T32A0 236:412.384 JLINK_IsHalted()
T32A0 236:413.136 - 0.730ms returns FALSE
T32A0 236:413.184 JLINK_IsHalted()
T32A0 236:413.824 - 0.632ms returns FALSE
T5484 236:520.496 JLINK_IsHalted()
T5484 236:521.312 - 0.822ms returns FALSE
T5484 236:521.376 JLINK_IsHalted()
T5484 236:522.192 - 0.819ms returns FALSE
T32A0 236:522.336 JLINK_IsHalted()
T32A0 236:523.056 - 0.707ms returns FALSE
T32A0 236:523.984 JLINK_IsHalted()
T32A0 236:524.704 - 0.723ms returns FALSE
T32A0 236:630.144 JLINK_IsHalted()
T32A0 236:630.912 - 0.752ms returns FALSE
T32A0 236:630.960 JLINK_IsHalted()
T32A0 236:631.632 - 0.673ms returns FALSE
T32A0 236:739.808 JLINK_IsHalted()
T32A0 236:740.576 - 0.755ms returns FALSE
T32A0 236:740.608 JLINK_IsHalted()
T32A0 236:741.296 - 0.674ms returns FALSE
T32A0 236:848.800 JLINK_IsHalted()
T32A0 236:849.440 - 0.643ms returns FALSE
T32A0 236:849.488 JLINK_IsHalted()
T32A0 236:850.048 - 0.559ms returns FALSE
T32A0 236:958.128 JLINK_IsHalted()
T32A0 236:959.008 - 0.860ms returns FALSE
T32A0 236:959.072 JLINK_IsHalted()
T32A0 236:959.872 - 0.793ms returns FALSE
T32A0 237:067.776 JLINK_IsHalted()
T32A0 237:068.448 - 0.660ms returns FALSE
T32A0 237:068.464 JLINK_IsHalted()
T32A0 237:069.088 - 0.591ms returns FALSE
T32A0 237:177.344 JLINK_IsHalted()
T32A0 237:178.160 - 0.813ms returns FALSE
T32A0 237:178.208 JLINK_IsHalted()
T32A0 237:178.976 - 0.770ms returns FALSE
T32A0 237:286.496 JLINK_IsHalted()
T32A0 237:287.344 - 0.843ms returns FALSE
T32A0 237:287.424 JLINK_IsHalted()
T32A0 237:288.160 - 0.723ms returns FALSE
T32A0 237:396.384 JLINK_IsHalted()
T32A0 237:397.120 - 0.738ms returns FALSE
T32A0 237:397.168 JLINK_IsHalted()
T32A0 237:397.760 - 0.605ms returns FALSE
T32A0 237:505.792 JLINK_IsHalted()
T32A0 237:506.640 - 0.834ms returns FALSE
T32A0 237:506.656 JLINK_IsHalted()
T32A0 237:507.456 - 0.793ms returns FALSE
T5484 237:523.072 JLINK_IsHalted()
T5484 237:523.920 - 0.853ms returns FALSE
T5484 237:523.968 JLINK_IsHalted()
T5484 237:524.704 - 0.737ms returns FALSE
T32A0 237:615.072 JLINK_IsHalted()
T32A0 237:615.744 - 0.675ms returns FALSE
T32A0 237:615.792 JLINK_IsHalted()
T32A0 237:616.416 - 0.619ms returns FALSE
T32A0 237:724.192 JLINK_IsHalted()
T32A0 237:725.088 - 0.895ms returns FALSE
T32A0 237:725.136 JLINK_IsHalted()
T32A0 237:726.032 - 0.890ms returns FALSE
T32A0 237:833.760 JLINK_IsHalted()
T32A0 237:834.416 - 0.670ms returns FALSE
T32A0 237:834.448 JLINK_IsHalted()
T32A0 237:835.056 - 0.606ms returns FALSE
T32A0 237:942.528 JLINK_IsHalted()
T32A0 237:943.376 - 0.854ms returns FALSE
T32A0 237:943.424 JLINK_IsHalted()
T32A0 237:944.240 - 0.812ms returns FALSE
T32A0 238:052.432 JLINK_IsHalted()
T32A0 238:053.120 - 0.707ms returns FALSE
T32A0 238:053.168 JLINK_IsHalted()
T32A0 238:053.840 - 0.672ms returns FALSE
T32A0 238:162.272 JLINK_IsHalted()
T32A0 238:163.040 - 0.768ms returns FALSE
T32A0 238:163.152 JLINK_IsHalted()
T32A0 238:163.840 - 0.688ms returns FALSE
T32A0 238:271.184 JLINK_IsHalted()
T32A0 238:272.000 - 0.799ms returns FALSE
T32A0 238:272.032 JLINK_IsHalted()
T32A0 238:272.768 - 0.738ms returns FALSE
T32A0 238:380.064 JLINK_IsHalted()
T32A0 238:380.752 - 0.694ms returns FALSE
T32A0 238:380.800 JLINK_IsHalted()
T32A0 238:381.408 - 0.623ms returns FALSE
T32A0 238:490.192 JLINK_IsHalted()
T32A0 238:491.008 - 0.822ms returns FALSE
T32A0 238:491.056 JLINK_IsHalted()
T32A0 238:491.856 - 0.794ms returns FALSE
T5484 238:525.488 JLINK_IsHalted()
T5484 238:526.368 - 0.860ms returns FALSE
T5484 238:526.416 JLINK_IsHalted()
T5484 238:527.200 - 0.780ms returns FALSE
T32A0 238:599.136 JLINK_IsHalted()
T32A0 238:599.760 - 0.618ms returns FALSE
T32A0 238:599.776 JLINK_IsHalted()
T32A0 238:600.400 - 0.616ms returns FALSE
T32A0 238:708.384 JLINK_IsHalted()
T32A0 238:709.072 - 0.681ms returns FALSE
T32A0 238:709.120 JLINK_IsHalted()
T32A0 238:709.728 - 0.602ms returns FALSE
T32A0 238:818.480 JLINK_IsHalted()
T32A0 238:819.152 - 0.660ms returns FALSE
T32A0 238:819.168 JLINK_IsHalted()
T32A0 238:819.792 - 0.599ms returns FALSE
T32A0 238:927.616 JLINK_IsHalted()
T32A0 238:928.464 - 0.853ms returns FALSE
T32A0 238:928.512 JLINK_IsHalted()
T32A0 238:929.248 - 0.750ms returns FALSE
T32A0 239:037.232 JLINK_IsHalted()
T32A0 239:038.048 - 0.826ms returns FALSE
T32A0 239:038.112 JLINK_IsHalted()
T32A0 239:038.928 - 0.820ms returns FALSE
T32A0 239:145.696 JLINK_IsHalted()
T32A0 239:146.528 - 0.827ms returns FALSE
T32A0 239:146.576 JLINK_IsHalted()
T32A0 239:147.312 - 0.720ms returns FALSE
T32A0 239:255.072 JLINK_IsHalted()
T32A0 239:255.968 - 0.882ms returns FALSE
T32A0 239:256.016 JLINK_IsHalted()
T32A0 239:256.784 - 0.779ms returns FALSE
T32A0 239:364.944 JLINK_IsHalted()
T32A0 239:365.600 - 0.665ms returns FALSE
T32A0 239:365.664 JLINK_IsHalted()
T32A0 239:366.240 - 0.591ms returns FALSE
T32A0 239:473.968 JLINK_IsHalted()
T32A0 239:474.688 - 0.698ms returns FALSE
T32A0 239:474.720 JLINK_IsHalted()
T32A0 239:475.280 - 0.564ms returns FALSE
T5484 239:528.368 JLINK_IsHalted()
T5484 239:529.088 - 0.721ms returns FALSE
T5484 239:529.136 JLINK_IsHalted()
T5484 239:529.808 - 0.664ms returns FALSE
T32A0 239:583.968 JLINK_IsHalted()
T32A0 239:584.640 - 0.663ms returns FALSE
T32A0 239:584.672 JLINK_IsHalted()
T32A0 239:585.280 - 0.613ms returns FALSE
T32A0 239:693.232 JLINK_IsHalted()
T32A0 239:693.984 - 0.745ms returns FALSE
T32A0 239:694.032 JLINK_IsHalted()
T32A0 239:694.752 - 0.704ms returns FALSE
T32A0 239:802.272 JLINK_IsHalted()
T32A0 239:802.928 - 0.671ms returns FALSE
T32A0 239:802.976 JLINK_IsHalted()
T32A0 239:803.600 - 0.612ms returns FALSE
T32A0 239:911.632 JLINK_IsHalted()
T32A0 239:912.480 - 0.838ms returns FALSE
T32A0 239:912.528 JLINK_IsHalted()
T32A0 239:913.344 - 0.823ms returns FALSE
T32A0 240:021.680 JLINK_IsHalted()
T32A0 240:022.960 - 1.288ms returns FALSE
T32A0 240:023.008 JLINK_IsHalted()
T32A0 240:023.808 - 0.796ms returns FALSE
T32A0 240:130.944 JLINK_IsHalted()
T32A0 240:131.680 - 0.746ms returns FALSE
T32A0 240:131.744 JLINK_IsHalted()
T32A0 240:132.304 - 0.563ms returns FALSE
T32A0 240:239.824 JLINK_IsHalted()
T32A0 240:240.592 - 0.767ms returns FALSE
T32A0 240:240.720 JLINK_IsHalted()
T32A0 240:241.488 - 0.748ms returns FALSE
T32A0 240:349.696 JLINK_IsHalted()
T32A0 240:350.416 - 0.719ms returns FALSE
T32A0 240:350.464 JLINK_IsHalted()
T32A0 240:351.072 - 0.611ms returns FALSE
T32A0 240:458.528 JLINK_IsHalted()
T32A0 240:459.472 - 0.943ms returns FALSE
T32A0 240:459.520 JLINK_IsHalted()
T32A0 240:460.368 - 0.827ms returns FALSE
T5484 240:530.896 JLINK_IsHalted()
T5484 240:531.664 - 0.777ms returns FALSE
T5484 240:531.712 JLINK_IsHalted()
T5484 240:532.400 - 0.701ms returns FALSE
T32A0 240:567.472 JLINK_IsHalted()
T32A0 240:568.144 - 0.662ms returns FALSE
T32A0 240:568.160 JLINK_IsHalted()
T32A0 240:568.784 - 0.604ms returns FALSE
T32A0 240:677.328 JLINK_IsHalted()
T32A0 240:677.936 - 0.609ms returns FALSE
T32A0 240:677.968 JLINK_IsHalted()
T32A0 240:678.496 - 0.523ms returns FALSE
T32A0 240:786.400 JLINK_IsHalted()
T32A0 240:786.992 - 0.579ms returns FALSE
T32A0 240:787.024 JLINK_IsHalted()
T32A0 240:787.712 - 0.677ms returns FALSE
T32A0 240:896.256 JLINK_IsHalted()
T32A0 240:897.056 - 0.788ms returns FALSE
T32A0 240:897.120 JLINK_IsHalted()
T32A0 240:897.872 - 0.732ms returns FALSE
T32A0 241:005.312 JLINK_IsHalted()
T32A0 241:006.176 - 0.871ms returns FALSE
T32A0 241:006.240 JLINK_IsHalted()
T32A0 241:007.104 - 0.852ms returns FALSE
T32A0 241:114.704 JLINK_IsHalted()
T32A0 241:115.472 - 0.773ms returns FALSE
T32A0 241:115.520 JLINK_IsHalted()
T32A0 241:116.112 - 0.579ms returns FALSE
T32A0 241:223.776 JLINK_IsHalted()
T32A0 241:224.704 - 0.922ms returns FALSE
T32A0 241:224.784 JLINK_IsHalted()
T32A0 241:225.552 - 0.760ms returns FALSE
T32A0 241:333.712 JLINK_IsHalted()
T32A0 241:334.432 - 0.712ms returns FALSE
T32A0 241:334.448 JLINK_IsHalted()
T32A0 241:335.072 - 0.616ms returns FALSE
T32A0 241:442.816 JLINK_IsHalted()
T32A0 241:443.664 - 0.843ms returns FALSE
T32A0 241:443.712 JLINK_IsHalted()
T32A0 241:444.448 - 0.751ms returns FALSE
T5484 241:532.960 JLINK_IsHalted()
T5484 241:533.728 - 0.754ms returns FALSE
T5484 241:533.776 JLINK_IsHalted()
T5484 241:534.416 - 0.636ms returns FALSE
T32A0 241:552.768 JLINK_IsHalted()
T32A0 241:553.408 - 0.657ms returns FALSE
T32A0 241:553.456 JLINK_IsHalted()
T32A0 241:554.096 - 0.637ms returns FALSE
T32A0 241:661.488 JLINK_IsHalted()
T32A0 241:662.368 - 0.872ms returns FALSE
T32A0 241:662.416 JLINK_IsHalted()
T32A0 241:663.312 - 0.891ms returns FALSE
T32A0 241:770.592 JLINK_IsHalted()
T32A0 241:771.424 - 0.815ms returns FALSE
T32A0 241:771.472 JLINK_IsHalted()
T32A0 241:772.320 - 0.854ms returns FALSE
T32A0 241:881.088 JLINK_IsHalted()
T32A0 241:881.936 - 0.861ms returns FALSE
T32A0 241:881.984 JLINK_IsHalted()
T32A0 241:882.672 - 0.672ms returns FALSE
T32A0 241:990.048 JLINK_IsHalted()
T32A0 241:991.344 - 1.318ms returns FALSE
T32A0 241:991.392 JLINK_IsHalted()
T32A0 241:992.160 - 0.756ms returns FALSE
T32A0 242:098.976 JLINK_IsHalted()
T32A0 242:099.680 - 0.703ms returns FALSE
T32A0 242:099.712 JLINK_IsHalted()
T32A0 242:100.320 - 0.607ms returns FALSE
T32A0 242:209.024 JLINK_IsHalted()
T32A0 242:209.840 - 0.823ms returns FALSE
T32A0 242:209.888 JLINK_IsHalted()
T32A0 242:210.736 - 0.860ms returns FALSE
T32A0 242:318.112 JLINK_IsHalted()
T32A0 242:318.752 - 0.642ms returns FALSE
T32A0 242:318.768 JLINK_IsHalted()
T32A0 242:319.408 - 0.642ms returns FALSE
T32A0 242:427.488 JLINK_IsHalted()
T32A0 242:428.384 - 0.879ms returns FALSE
T32A0 242:428.448 JLINK_IsHalted()
T32A0 242:429.216 - 0.757ms returns FALSE
T5484 242:535.648 JLINK_IsHalted()
T5484 242:536.288 - 0.642ms returns FALSE
T5484 242:536.320 JLINK_IsHalted()
T5484 242:536.928 - 0.599ms returns FALSE
T32A0 242:537.040 JLINK_IsHalted()
T32A0 242:537.696 - 0.664ms returns FALSE
T32A0 242:537.728 JLINK_IsHalted()
T32A0 242:538.320 - 0.581ms returns FALSE
T32A0 242:645.792 JLINK_IsHalted()
T32A0 242:646.912 - 1.123ms returns FALSE
T32A0 242:646.944 JLINK_IsHalted()
T32A0 242:647.520 - 0.582ms returns FALSE
T32A0 242:755.456 JLINK_IsHalted()
T32A0 242:756.192 - 0.749ms returns FALSE
T32A0 242:756.256 JLINK_IsHalted()
T32A0 242:757.088 - 0.837ms returns FALSE
T32A0 242:865.408 JLINK_IsHalted()
T32A0 242:866.272 - 0.879ms returns FALSE
T32A0 242:866.336 JLINK_IsHalted()
T32A0 242:866.912 - 0.577ms returns FALSE
T32A0 242:974.288 JLINK_IsHalted()
T32A0 242:975.232 - 0.928ms returns FALSE
T32A0 242:975.280 JLINK_IsHalted()
T32A0 242:976.096 - 0.832ms returns FALSE
T32A0 243:084.032 JLINK_IsHalted()
T32A0 243:084.672 - 0.650ms returns FALSE
T32A0 243:084.720 JLINK_IsHalted()
T32A0 243:085.280 - 0.575ms returns FALSE
T32A0 243:193.008 JLINK_IsHalted()
T32A0 243:193.856 - 0.842ms returns FALSE
T32A0 243:193.904 JLINK_IsHalted()
T32A0 243:194.704 - 0.777ms returns FALSE
T32A0 243:301.936 JLINK_IsHalted()
T32A0 243:302.656 - 0.721ms returns FALSE
T32A0 243:302.688 JLINK_IsHalted()
T32A0 243:303.264 - 0.576ms returns FALSE
T32A0 243:412.016 JLINK_IsHalted()
T32A0 243:412.864 - 0.857ms returns FALSE
T32A0 243:412.912 JLINK_IsHalted()
T32A0 243:413.680 - 0.751ms returns FALSE
T32A0 243:521.328 JLINK_IsHalted()
T32A0 243:521.968 - 0.650ms returns FALSE
T32A0 243:522.000 JLINK_IsHalted()
T32A0 243:522.720 - 0.700ms returns FALSE
T5484 243:536.816 JLINK_IsHalted()
T5484 243:537.504 - 0.700ms returns FALSE
T5484 243:537.568 JLINK_IsHalted()
T5484 243:538.176 - 0.613ms returns FALSE
T32A0 243:630.768 JLINK_IsHalted()
T32A0 243:631.648 - 0.864ms returns FALSE
T32A0 243:631.696 JLINK_IsHalted()
T32A0 243:632.432 - 0.755ms returns FALSE
T32A0 243:740.064 JLINK_IsHalted()
T32A0 243:740.960 - 0.886ms returns FALSE
T32A0 243:740.976 JLINK_IsHalted()
T32A0 243:741.856 - 0.847ms returns FALSE
T32A0 243:849.440 JLINK_IsHalted()
T32A0 243:850.272 - 0.835ms returns FALSE
T32A0 243:850.320 JLINK_IsHalted()
T32A0 243:850.960 - 0.635ms returns FALSE
T32A0 243:958.608 JLINK_IsHalted()
T32A0 243:959.328 - 0.728ms returns FALSE
T32A0 243:959.376 JLINK_IsHalted()
T32A0 243:960.112 - 0.740ms returns FALSE
T32A0 244:068.016 JLINK_IsHalted()
T32A0 244:068.688 - 0.669ms returns FALSE
T32A0 244:068.736 JLINK_IsHalted()
T32A0 244:069.280 - 0.555ms returns FALSE
T32A0 244:177.312 JLINK_IsHalted()
T32A0 244:178.128 - 0.809ms returns FALSE
T32A0 244:178.176 JLINK_IsHalted()
T32A0 244:178.912 - 0.753ms returns FALSE
T32A0 244:287.152 JLINK_IsHalted()
T32A0 244:287.792 - 0.633ms returns FALSE
T32A0 244:287.824 JLINK_IsHalted()
T32A0 244:288.432 - 0.619ms returns FALSE
T32A0 244:396.256 JLINK_IsHalted()
T32A0 244:397.088 - 0.819ms returns FALSE
T32A0 244:397.136 JLINK_IsHalted()
T32A0 244:397.904 - 0.780ms returns FALSE
T32A0 244:505.760 JLINK_IsHalted()
T32A0 244:506.496 - 0.759ms returns FALSE
T32A0 244:506.544 JLINK_IsHalted()
T32A0 244:507.184 - 0.635ms returns FALSE
T5484 244:539.056 JLINK_IsHalted()
T5484 244:539.824 - 0.761ms returns FALSE
T5484 244:539.872 JLINK_IsHalted()
T5484 244:540.768 - 0.891ms returns FALSE
T32A0 244:615.120 JLINK_IsHalted()
T32A0 244:655.584 - 40.474ms returns FALSE
T32A0 244:655.664 JLINK_IsHalted()
T32A0 244:692.016 - 36.367ms returns FALSE
T32A0 244:787.104 JLINK_IsHalted()
T32A0 244:787.808 - 0.697ms returns FALSE
T32A0 244:787.840 JLINK_IsHalted()
T32A0 244:788.480 - 0.615ms returns FALSE
T32A0 244:895.840 JLINK_IsHalted()
T32A0 244:926.432 - 30.600ms returns FALSE
T32A0 244:926.544 JLINK_IsHalted()
T32A0 244:927.152 - 0.617ms returns FALSE
T32A0 245:021.312 JLINK_IsHalted()
T32A0 245:021.952 - 0.642ms returns FALSE
T32A0 245:021.984 JLINK_IsHalted()
T32A0 245:022.560 - 0.591ms returns FALSE
T32A0 245:130.960 JLINK_IsHalted()
T32A0 245:131.824 - 0.872ms returns FALSE
T32A0 245:131.872 JLINK_IsHalted()
T32A0 245:132.768 - 0.886ms returns FALSE
T32A0 245:240.320 JLINK_IsHalted()
T32A0 245:241.216 - 0.906ms returns FALSE
T32A0 245:241.264 JLINK_IsHalted()
T32A0 245:242.160 - 0.882ms returns FALSE
T32A0 245:349.200 JLINK_IsHalted()
T32A0 245:350.048 - 0.840ms returns FALSE
T32A0 245:350.096 JLINK_IsHalted()
T32A0 245:350.784 - 0.692ms returns FALSE
T32A0 245:458.464 JLINK_IsHalted()
T32A0 245:459.296 - 0.851ms returns FALSE
T32A0 245:459.360 JLINK_IsHalted()
T32A0 245:460.224 - 0.885ms returns FALSE
T5484 245:541.936 JLINK_IsHalted()
T5484 245:542.736 - 0.800ms returns FALSE
T5484 245:542.784 JLINK_IsHalted()
T5484 245:543.584 - 0.793ms returns FALSE
T32A0 245:567.616 JLINK_IsHalted()
T32A0 245:568.304 - 0.672ms returns FALSE
T32A0 245:568.352 JLINK_IsHalted()
T32A0 245:569.024 - 0.669ms returns FALSE
T32A0 245:677.536 JLINK_IsHalted()
T32A0 245:678.256 - 0.725ms returns FALSE
T32A0 245:678.288 JLINK_IsHalted()
T32A0 245:678.896 - 0.593ms returns FALSE
T32A0 245:786.400 JLINK_IsHalted()
T32A0 245:787.040 - 0.655ms returns FALSE
T32A0 245:787.088 JLINK_IsHalted()
T32A0 245:787.696 - 0.612ms returns FALSE
T32A0 245:896.656 JLINK_IsHalted()
T32A0 245:897.552 - 0.897ms returns FALSE
T32A0 245:897.600 JLINK_IsHalted()
T32A0 245:898.528 - 0.928ms returns FALSE
T32A0 246:005.040 JLINK_IsHalted()
T32A0 246:005.664 - 0.625ms returns FALSE
T32A0 246:005.680 JLINK_IsHalted()
T32A0 246:006.240 - 0.560ms returns FALSE
T32A0 246:115.104 JLINK_IsHalted()
T32A0 246:115.968 - 0.882ms returns FALSE
T32A0 246:116.016 JLINK_IsHalted()
T32A0 246:116.784 - 0.777ms returns FALSE
T32A0 246:224.000 JLINK_IsHalted()
T32A0 246:224.800 - 0.795ms returns FALSE
T32A0 246:224.848 JLINK_IsHalted()
T32A0 246:225.488 - 0.638ms returns FALSE
T32A0 246:333.312 JLINK_IsHalted()
T32A0 246:334.112 - 0.778ms returns FALSE
T32A0 246:334.160 JLINK_IsHalted()
T32A0 246:334.880 - 0.692ms returns FALSE
T32A0 246:442.848 JLINK_IsHalted()
T32A0 246:443.728 - 0.859ms returns FALSE
T32A0 246:443.744 JLINK_IsHalted()
T32A0 246:444.576 - 0.815ms returns FALSE
T5484 246:543.968 JLINK_IsHalted()
T5484 246:544.800 - 0.804ms returns FALSE
T5484 246:544.848 JLINK_IsHalted()
T5484 246:545.632 - 0.806ms returns FALSE
T32A0 246:552.656 JLINK_IsHalted()
T32A0 246:553.312 - 0.656ms returns FALSE
T32A0 246:553.344 JLINK_IsHalted()
T32A0 246:553.936 - 0.596ms returns FALSE
T32A0 246:661.712 JLINK_IsHalted()
T32A0 246:662.576 - 0.864ms returns FALSE
T32A0 246:662.656 JLINK_IsHalted()
T32A0 246:663.456 - 0.796ms returns FALSE
T32A0 246:770.640 JLINK_IsHalted()
T32A0 246:771.280 - 0.642ms returns FALSE
T32A0 246:771.328 JLINK_IsHalted()
T32A0 246:771.936 - 0.631ms returns FALSE
T32A0 246:880.640 JLINK_IsHalted()
T32A0 246:881.488 - 0.850ms returns FALSE
T32A0 246:881.536 JLINK_IsHalted()
T32A0 246:882.304 - 0.768ms returns FALSE
T32A0 246:989.600 JLINK_IsHalted()
T32A0 246:990.256 - 0.681ms returns FALSE
T32A0 246:990.304 JLINK_IsHalted()
T32A0 246:991.024 - 0.733ms returns FALSE
T32A0 247:099.600 JLINK_IsHalted()
T32A0 247:100.512 - 0.913ms returns FALSE
T32A0 247:100.576 JLINK_IsHalted()
T32A0 247:101.280 - 0.717ms returns FALSE
T32A0 247:208.544 JLINK_IsHalted()
T32A0 247:209.440 - 0.892ms returns FALSE
T32A0 247:209.504 JLINK_IsHalted()
T32A0 247:210.320 - 0.831ms returns FALSE
T32A0 247:318.496 JLINK_IsHalted()
T32A0 247:319.264 - 0.761ms returns FALSE
T32A0 247:319.296 JLINK_IsHalted()
T32A0 247:319.904 - 0.609ms returns FALSE
T32A0 247:426.976 JLINK_IsHalted()
T32A0 247:427.792 - 0.786ms returns FALSE
T32A0 247:427.840 JLINK_IsHalted()
T32A0 247:428.560 - 0.734ms returns FALSE
T32A0 247:536.688 JLINK_IsHalted()
T32A0 247:537.360 - 0.668ms returns FALSE
T32A0 247:537.376 JLINK_IsHalted()
T32A0 247:537.968 - 0.587ms returns FALSE
T5484 247:546.064 JLINK_IsHalted()
T5484 247:546.848 - 0.787ms returns FALSE
T5484 247:546.912 JLINK_IsHalted()
T5484 247:547.728 - 0.816ms returns FALSE
T32A0 247:645.648 JLINK_IsHalted()
T32A0 247:646.304 - 0.655ms returns FALSE
T32A0 247:646.336 JLINK_IsHalted()
T32A0 247:646.928 - 0.569ms returns FALSE
T32A0 247:755.344 JLINK_IsHalted()
T32A0 247:756.032 - 0.687ms returns FALSE
T32A0 247:756.064 JLINK_IsHalted()
T32A0 247:756.672 - 0.599ms returns FALSE
T32A0 247:864.704 JLINK_IsHalted()
T32A0 247:865.520 - 0.817ms returns FALSE
T32A0 247:865.552 JLINK_IsHalted()
T32A0 247:866.496 - 0.933ms returns FALSE
T32A0 247:974.816 JLINK_IsHalted()
T32A0 247:975.760 - 0.939ms returns FALSE
T32A0 247:975.808 JLINK_IsHalted()
T32A0 247:976.576 - 0.783ms returns FALSE
T32A0 248:083.936 JLINK_IsHalted()
T32A0 248:084.736 - 0.808ms returns FALSE
T32A0 248:084.816 JLINK_IsHalted()
T32A0 248:085.536 - 0.705ms returns FALSE
T32A0 248:192.800 JLINK_IsHalted()
T32A0 248:193.584 - 0.789ms returns FALSE
T32A0 248:193.632 JLINK_IsHalted()
T32A0 248:194.608 - 0.981ms returns FALSE
T32A0 248:302.720 JLINK_IsHalted()
T32A0 248:303.440 - 0.718ms returns FALSE
T32A0 248:303.488 JLINK_IsHalted()
T32A0 248:304.048 - 0.574ms returns FALSE
T32A0 248:411.824 JLINK_IsHalted()
T32A0 248:412.640 - 0.817ms returns FALSE
T32A0 248:412.672 JLINK_IsHalted()
T32A0 248:413.600 - 0.909ms returns FALSE
T32A0 248:520.832 JLINK_IsHalted()
T32A0 248:521.520 - 0.695ms returns FALSE
T32A0 248:521.568 JLINK_IsHalted()
T32A0 248:522.160 - 0.594ms returns FALSE
T5484 248:548.192 JLINK_IsHalted()
T5484 248:549.072 - 0.861ms returns FALSE
T5484 248:549.120 JLINK_IsHalted()
T5484 248:549.936 - 0.813ms returns FALSE
T32A0 248:630.992 JLINK_IsHalted()
T32A0 248:631.840 - 0.846ms returns FALSE
T32A0 248:631.888 JLINK_IsHalted()
T32A0 248:632.656 - 0.757ms returns FALSE
T32A0 248:739.888 JLINK_IsHalted()
T32A0 248:740.528 - 0.650ms returns FALSE
T32A0 248:740.576 JLINK_IsHalted()
T32A0 248:741.152 - 0.565ms returns FALSE
T32A0 248:848.944 JLINK_IsHalted()
T32A0 248:849.824 - 0.873ms returns FALSE
T32A0 248:849.888 JLINK_IsHalted()
T32A0 248:850.640 - 0.752ms returns FALSE
T32A0 248:958.560 JLINK_IsHalted()
T32A0 248:959.408 - 0.846ms returns FALSE
T32A0 248:959.456 JLINK_IsHalted()
T32A0 248:960.304 - 0.834ms returns FALSE
T32A0 249:068.256 JLINK_IsHalted()
T32A0 249:069.280 - 1.032ms returns FALSE
T32A0 249:069.344 JLINK_IsHalted()
T32A0 249:070.032 - 0.690ms returns FALSE
T32A0 249:177.040 JLINK_IsHalted()
T32A0 249:177.904 - 0.857ms returns FALSE
T32A0 249:177.952 JLINK_IsHalted()
T32A0 249:178.672 - 0.732ms returns FALSE
T32A0 249:286.960 JLINK_IsHalted()
T32A0 249:287.632 - 0.683ms returns FALSE
T32A0 249:287.680 JLINK_IsHalted()
T32A0 249:288.240 - 0.581ms returns FALSE
T32A0 249:396.048 JLINK_IsHalted()
T32A0 249:396.960 - 0.923ms returns FALSE
T32A0 249:397.024 JLINK_IsHalted()
T32A0 249:397.728 - 0.701ms returns FALSE
T32A0 249:505.952 JLINK_IsHalted()
T32A0 249:506.640 - 0.693ms returns FALSE
T32A0 249:506.688 JLINK_IsHalted()
T32A0 249:507.248 - 0.580ms returns FALSE
T5484 249:550.336 JLINK_IsHalted()
T5484 249:551.056 - 0.721ms returns FALSE
T5484 249:551.104 JLINK_IsHalted()
T5484 249:551.792 - 0.701ms returns FALSE
T32A0 249:615.056 JLINK_IsHalted()
T32A0 249:615.920 - 0.861ms returns FALSE
T32A0 249:615.968 JLINK_IsHalted()
T32A0 249:616.768 - 0.800ms returns FALSE
T32A0 249:724.208 JLINK_IsHalted()
T32A0 249:724.880 - 0.680ms returns FALSE
T32A0 249:724.928 JLINK_IsHalted()
T32A0 249:725.664 - 0.749ms returns FALSE
T32A0 249:833.728 JLINK_IsHalted()
T32A0 249:834.624 - 0.886ms returns FALSE
T32A0 249:834.672 JLINK_IsHalted()
T32A0 249:835.552 - 0.856ms returns FALSE
T32A0 249:943.072 JLINK_IsHalted()
T32A0 249:943.936 - 0.843ms returns FALSE
T32A0 249:943.984 JLINK_IsHalted()
T32A0 249:944.736 - 0.753ms returns FALSE
T32A0 250:052.256 JLINK_IsHalted()
T32A0 250:053.088 - 0.858ms returns FALSE
T32A0 250:053.152 JLINK_IsHalted()
T32A0 250:053.792 - 0.629ms returns FALSE
T32A0 250:162.128 JLINK_IsHalted()
T32A0 250:162.976 - 0.835ms returns FALSE
T32A0 250:163.024 JLINK_IsHalted()
T32A0 250:163.792 - 0.770ms returns FALSE
T32A0 250:271.024 JLINK_IsHalted()
T32A0 250:271.696 - 0.668ms returns FALSE
T32A0 250:271.712 JLINK_IsHalted()
T32A0 250:272.288 - 0.558ms returns FALSE
T32A0 250:380.112 JLINK_IsHalted()
T32A0 250:380.880 - 0.780ms returns FALSE
T32A0 250:380.960 JLINK_IsHalted()
T32A0 250:381.728 - 0.772ms returns FALSE
T32A0 250:490.016 JLINK_IsHalted()
T32A0 250:490.672 - 0.664ms returns FALSE
T32A0 250:490.704 JLINK_IsHalted()
T32A0 250:491.312 - 0.608ms returns FALSE
T5484 250:552.496 JLINK_IsHalted()
T5484 250:553.264 - 0.766ms returns FALSE
T5484 250:553.312 JLINK_IsHalted()
T5484 250:553.952 - 0.634ms returns FALSE
T32A0 250:599.088 JLINK_IsHalted()
T32A0 250:599.984 - 0.892ms returns FALSE
T32A0 250:600.032 JLINK_IsHalted()
T32A0 250:600.736 - 0.694ms returns FALSE
T32A0 250:708.352 JLINK_IsHalted()
T32A0 250:709.024 - 0.660ms returns FALSE
T32A0 250:709.120 JLINK_IsHalted()
T32A0 250:709.728 - 0.609ms returns FALSE
T32A0 250:817.696 JLINK_IsHalted()
T32A0 250:818.480 - 0.805ms returns FALSE
T32A0 250:818.528 JLINK_IsHalted()
T32A0 250:819.328 - 0.802ms returns FALSE
T32A0 250:927.696 JLINK_IsHalted()
T32A0 250:928.544 - 0.849ms returns FALSE
T32A0 250:928.560 JLINK_IsHalted()
T32A0 250:929.360 - 0.779ms returns FALSE
T32A0 251:036.704 JLINK_IsHalted()
T32A0 251:037.440 - 0.734ms returns FALSE
T32A0 251:037.472 JLINK_IsHalted()
T32A0 251:038.080 - 0.599ms returns FALSE
T32A0 251:146.544 JLINK_IsHalted()
T32A0 251:147.344 - 0.784ms returns FALSE
T32A0 251:147.392 JLINK_IsHalted()
T32A0 251:148.160 - 0.752ms returns FALSE
T32A0 251:255.296 JLINK_IsHalted()
T32A0 251:255.936 - 0.641ms returns FALSE
T32A0 251:255.984 JLINK_IsHalted()
T32A0 251:256.528 - 0.556ms returns FALSE
T32A0 251:364.448 JLINK_IsHalted()
T32A0 251:365.328 - 0.862ms returns FALSE
T32A0 251:365.376 JLINK_IsHalted()
T32A0 251:366.144 - 0.764ms returns FALSE
T32A0 251:473.744 JLINK_IsHalted()
T32A0 251:474.432 - 0.680ms returns FALSE
T32A0 251:474.464 JLINK_IsHalted()
T32A0 251:475.040 - 0.580ms returns FALSE
T5484 251:555.104 JLINK_IsHalted()
T5484 251:555.760 - 0.689ms returns FALSE
T5484 251:555.808 JLINK_IsHalted()
T5484 251:556.400 - 0.594ms returns FALSE
T32A0 251:583.904 JLINK_IsHalted()
T32A0 251:584.736 - 0.852ms returns FALSE
T32A0 251:584.800 JLINK_IsHalted()
T32A0 251:585.584 - 0.790ms returns FALSE
T32A0 251:693.104 JLINK_IsHalted()
T32A0 251:693.792 - 0.687ms returns FALSE
T32A0 251:693.824 JLINK_IsHalted()
T32A0 251:694.432 - 0.615ms returns FALSE
T32A0 251:802.192 JLINK_IsHalted()
T32A0 251:803.088 - 0.901ms returns FALSE
T32A0 251:803.168 JLINK_IsHalted()
T32A0 251:803.984 - 0.822ms returns FALSE
T32A0 251:911.504 JLINK_IsHalted()
T32A0 251:912.272 - 0.768ms returns FALSE
T32A0 251:912.320 JLINK_IsHalted()
T32A0 251:912.992 - 0.674ms returns FALSE
T32A0 252:021.376 JLINK_IsHalted()
T32A0 252:022.048 - 0.669ms returns FALSE
T32A0 252:022.096 JLINK_IsHalted()
T32A0 252:022.688 - 0.579ms returns FALSE
T32A0 252:130.352 JLINK_IsHalted()
T32A0 252:131.168 - 0.811ms returns FALSE
T32A0 252:131.232 JLINK_IsHalted()
T32A0 252:132.000 - 0.771ms returns FALSE
T32A0 252:239.696 JLINK_IsHalted()
T32A0 252:240.352 - 0.650ms returns FALSE
T32A0 252:240.384 JLINK_IsHalted()
T32A0 252:240.944 - 0.557ms returns FALSE
T32A0 252:349.728 JLINK_IsHalted()
T32A0 252:350.592 - 0.874ms returns FALSE
T32A0 252:350.640 JLINK_IsHalted()
T32A0 252:351.392 - 0.747ms returns FALSE
T32A0 252:458.656 JLINK_IsHalted()
T32A0 252:459.296 - 0.639ms returns FALSE
T32A0 252:459.312 JLINK_IsHalted()
T32A0 252:459.952 - 0.623ms returns FALSE
T5484 252:557.664 JLINK_IsHalted()
T5484 252:558.288 - 0.608ms returns FALSE
T5484 252:558.304 JLINK_IsHalted()
T5484 252:559.024 - 0.701ms returns FALSE
T32A0 252:567.584 JLINK_IsHalted()
T32A0 252:568.400 - 0.832ms returns FALSE
T32A0 252:568.448 JLINK_IsHalted()
T32A0 252:569.312 - 0.866ms returns FALSE
T32A0 252:677.712 JLINK_IsHalted()
T32A0 252:678.432 - 0.712ms returns FALSE
T32A0 252:678.480 JLINK_IsHalted()
T32A0 252:678.992 - 0.529ms returns FALSE
T32A0 252:786.816 JLINK_IsHalted()
T32A0 252:787.616 - 0.785ms returns FALSE
T32A0 252:787.680 JLINK_IsHalted()
T32A0 252:788.432 - 0.743ms returns FALSE
T32A0 252:896.256 JLINK_IsHalted()
T32A0 252:897.104 - 0.847ms returns FALSE
T32A0 252:897.152 JLINK_IsHalted()
T32A0 252:898.048 - 0.890ms returns FALSE
T32A0 253:005.152 JLINK_IsHalted()
T32A0 253:005.872 - 0.719ms returns FALSE
T32A0 253:005.904 JLINK_IsHalted()
T32A0 253:006.512 - 0.614ms returns FALSE
T32A0 253:115.264 JLINK_IsHalted()
T32A0 253:116.080 - 0.828ms returns FALSE
T32A0 253:116.128 JLINK_IsHalted()
T32A0 253:116.960 - 0.824ms returns FALSE
T32A0 253:224.224 JLINK_IsHalted()
T32A0 253:224.880 - 0.646ms returns FALSE
T32A0 253:224.912 JLINK_IsHalted()
T32A0 253:225.504 - 0.582ms returns FALSE
T32A0 253:333.344 JLINK_IsHalted()
T32A0 253:334.192 - 0.837ms returns FALSE
T32A0 253:334.352 JLINK_IsHalted()
T32A0 253:335.088 - 0.737ms returns FALSE
T32A0 253:442.992 JLINK_IsHalted()
T32A0 253:443.664 - 0.663ms returns FALSE
T32A0 253:443.680 JLINK_IsHalted()
T32A0 253:444.432 - 0.740ms returns FALSE
T32A0 253:552.096 JLINK_IsHalted()
T32A0 253:552.896 - 0.785ms returns FALSE
T32A0 253:552.944 JLINK_IsHalted()
T32A0 253:553.664 - 0.732ms returns FALSE
T5484 253:559.216 JLINK_IsHalted()
T5484 253:559.936 - 0.727ms returns FALSE
T5484 253:559.984 JLINK_IsHalted()
T5484 253:560.544 - 0.559ms returns FALSE
T32A0 253:662.048 JLINK_IsHalted()
T32A0 253:662.768 - 0.720ms returns FALSE
T32A0 253:662.848 JLINK_IsHalted()
T32A0 253:663.568 - 0.733ms returns FALSE
T32A0 253:771.440 JLINK_IsHalted()
T32A0 253:772.192 - 0.729ms returns FALSE
T32A0 253:772.208 JLINK_IsHalted()
T32A0 253:772.848 - 0.629ms returns FALSE
T32A0 253:880.144 JLINK_IsHalted()
T32A0 253:880.784 - 0.658ms returns FALSE
T32A0 253:880.832 JLINK_IsHalted()
T32A0 253:881.472 - 0.653ms returns FALSE
T32A0 253:989.600 JLINK_IsHalted()
T32A0 253:990.240 - 0.649ms returns FALSE
T32A0 253:990.304 JLINK_IsHalted()
T32A0 253:990.864 - 0.578ms returns FALSE
T32A0 254:099.552 JLINK_IsHalted()
T32A0 254:100.384 - 0.830ms returns FALSE
T32A0 254:100.432 JLINK_IsHalted()
T32A0 254:101.168 - 0.747ms returns FALSE
T32A0 254:208.864 JLINK_IsHalted()
T32A0 254:209.536 - 0.682ms returns FALSE
T32A0 254:209.584 JLINK_IsHalted()
T32A0 254:210.144 - 0.578ms returns FALSE
T32A0 254:318.112 JLINK_IsHalted()
T32A0 254:318.976 - 0.871ms returns FALSE
T32A0 254:319.008 JLINK_IsHalted()
T32A0 254:319.824 - 0.815ms returns FALSE
T32A0 254:427.040 JLINK_IsHalted()
T32A0 254:427.808 - 0.784ms returns FALSE
T32A0 254:427.856 JLINK_IsHalted()
T32A0 254:428.592 - 0.741ms returns FALSE
T32A0 254:536.832 JLINK_IsHalted()
T32A0 254:537.632 - 0.793ms returns FALSE
T32A0 254:537.680 JLINK_IsHalted()
T32A0 254:538.368 - 0.691ms returns FALSE
T5484 254:560.976 JLINK_IsHalted()
T5484 254:561.632 - 0.685ms returns FALSE
T5484 254:561.696 JLINK_IsHalted()
T5484 254:562.512 - 0.830ms returns FALSE
T32A0 254:645.664 JLINK_IsHalted()
T32A0 254:646.352 - 0.686ms returns FALSE
T32A0 254:646.400 JLINK_IsHalted()
T32A0 254:646.992 - 0.601ms returns FALSE
T32A0 254:755.936 JLINK_IsHalted()
T32A0 254:756.528 - 0.583ms returns FALSE
T32A0 254:756.576 JLINK_IsHalted()
T32A0 254:757.280 - 0.684ms returns FALSE
T32A0 254:865.104 JLINK_IsHalted()
T32A0 254:865.888 - 0.813ms returns FALSE
T32A0 254:865.968 JLINK_IsHalted()
T32A0 254:866.720 - 0.761ms returns FALSE
T32A0 254:974.256 JLINK_IsHalted()
T32A0 254:974.928 - 0.648ms returns FALSE
T32A0 254:974.944 JLINK_IsHalted()
T32A0 254:975.520 - 0.566ms returns FALSE
T32A0 255:083.552 JLINK_IsHalted()
T32A0 255:084.384 - 0.853ms returns FALSE
T32A0 255:084.448 JLINK_IsHalted()
T32A0 255:085.216 - 0.756ms returns FALSE
T32A0 255:192.832 JLINK_IsHalted()
T32A0 255:193.520 - 0.692ms returns FALSE
T32A0 255:193.568 JLINK_IsHalted()
T32A0 255:194.160 - 0.589ms returns FALSE
T32A0 255:302.624 JLINK_IsHalted()
T32A0 255:303.392 - 0.745ms returns FALSE
T32A0 255:303.424 JLINK_IsHalted()
T32A0 255:304.064 - 0.623ms returns FALSE
T32A0 255:412.176 JLINK_IsHalted()
T32A0 255:413.152 - 0.965ms returns FALSE
T32A0 255:413.200 JLINK_IsHalted()
T32A0 255:414.048 - 0.843ms returns FALSE
T32A0 255:521.328 JLINK_IsHalted()
T32A0 255:522.080 - 0.736ms returns FALSE
T32A0 255:522.128 JLINK_IsHalted()
T32A0 255:522.912 - 0.795ms returns FALSE
T5484 255:563.392 JLINK_IsHalted()
T5484 255:564.240 - 0.832ms returns FALSE
T5484 255:564.288 JLINK_IsHalted()
T5484 255:565.024 - 0.747ms returns FALSE
T32A0 255:630.128 JLINK_IsHalted()
T32A0 255:631.008 - 0.858ms returns FALSE
T32A0 255:631.056 JLINK_IsHalted()
T32A0 255:631.712 - 0.673ms returns FALSE
T32A0 255:740.064 JLINK_IsHalted()
T32A0 255:740.672 - 0.623ms returns FALSE
T32A0 255:740.704 JLINK_IsHalted()
T32A0 255:741.280 - 0.575ms returns FALSE
T32A0 255:849.136 JLINK_IsHalted()
T32A0 255:850.016 - 0.864ms returns FALSE
T32A0 255:850.064 JLINK_IsHalted()
T32A0 255:850.800 - 0.731ms returns FALSE
T32A0 255:958.864 JLINK_IsHalted()
T32A0 255:959.552 - 0.688ms returns FALSE
T32A0 255:959.584 JLINK_IsHalted()
T32A0 255:960.272 - 0.678ms returns FALSE
T32A0 256:067.744 JLINK_IsHalted()
T32A0 256:068.512 - 0.759ms returns FALSE
T32A0 256:068.560 JLINK_IsHalted()
T32A0 256:069.296 - 0.755ms returns FALSE
T32A0 256:177.632 JLINK_IsHalted()
T32A0 256:178.336 - 0.674ms returns FALSE
T32A0 256:178.352 JLINK_IsHalted()
T32A0 256:178.944 - 0.575ms returns FALSE
T32A0 256:287.200 JLINK_IsHalted()
T32A0 256:288.032 - 0.805ms returns FALSE
T32A0 256:288.048 JLINK_IsHalted()
T32A0 256:288.816 - 0.769ms returns FALSE
T32A0 256:396.112 JLINK_IsHalted()
T32A0 256:396.960 - 0.856ms returns FALSE
T32A0 256:397.008 JLINK_IsHalted()
T32A0 256:397.776 - 0.765ms returns FALSE
T32A0 256:505.120 JLINK_IsHalted()
T32A0 256:505.824 - 0.725ms returns FALSE
T32A0 256:505.888 JLINK_IsHalted()
T32A0 256:506.592 - 0.719ms returns FALSE
T5484 256:565.376 JLINK_IsHalted()
T5484 256:566.224 - 0.845ms returns FALSE
T5484 256:566.272 JLINK_IsHalted()
T5484 256:567.040 - 0.756ms returns FALSE
T32A0 256:614.688 JLINK_IsHalted()
T32A0 256:615.504 - 0.817ms returns FALSE
T32A0 256:615.552 JLINK_IsHalted()
T32A0 256:616.288 - 0.754ms returns FALSE
T32A0 256:724.576 JLINK_IsHalted()
T32A0 256:725.248 - 0.688ms returns FALSE
T32A0 256:725.296 JLINK_IsHalted()
T32A0 256:725.920 - 0.626ms returns FALSE
T32A0 256:833.696 JLINK_IsHalted()
T32A0 256:834.560 - 0.875ms returns FALSE
T32A0 256:834.608 JLINK_IsHalted()
T32A0 256:835.536 - 0.930ms returns FALSE
T32A0 256:942.896 JLINK_IsHalted()
T32A0 256:943.536 - 0.642ms returns FALSE
T32A0 256:943.568 JLINK_IsHalted()
T32A0 256:944.256 - 0.684ms returns FALSE
T32A0 257:052.064 JLINK_IsHalted()
T32A0 257:052.896 - 0.840ms returns FALSE
T32A0 257:052.960 JLINK_IsHalted()
T32A0 257:053.696 - 0.750ms returns FALSE
T32A0 257:161.904 JLINK_IsHalted()
T32A0 257:162.656 - 0.724ms returns FALSE
T32A0 257:162.672 JLINK_IsHalted()
T32A0 257:163.392 - 0.705ms returns FALSE
T32A0 257:271.072 JLINK_IsHalted()
T32A0 257:271.888 - 0.802ms returns FALSE
T32A0 257:271.904 JLINK_IsHalted()
T32A0 257:272.672 - 0.753ms returns FALSE
T32A0 257:380.064 JLINK_IsHalted()
T32A0 257:380.944 - 0.855ms returns FALSE
T32A0 257:380.992 JLINK_IsHalted()
T32A0 257:381.760 - 0.769ms returns FALSE
T32A0 257:489.920 JLINK_IsHalted()
T32A0 257:580.192 - 90.278ms returns FALSE
T32A0 257:580.256 JLINK_IsHalted()
T32A0 257:675.520 - 95.250ms returns FALSE
T5484 257:679.360 JLINK_IsHalted()
T5484 257:680.128 - 0.754ms returns FALSE
T5484 257:680.176 JLINK_IsHalted()
T5484 257:680.848 - 0.664ms returns FALSE
T32A0 257:771.600 JLINK_IsHalted()
T32A0 257:772.256 - 0.677ms returns FALSE
T32A0 257:772.288 JLINK_IsHalted()
T32A0 257:772.896 - 0.594ms returns FALSE
T32A0 257:880.544 JLINK_IsHalted()
T32A0 257:881.168 - 0.606ms returns FALSE
T32A0 257:881.184 JLINK_IsHalted()
T32A0 257:881.760 - 0.576ms returns FALSE
T32A0 257:989.808 JLINK_IsHalted()
T32A0 257:990.432 - 0.612ms returns FALSE
T32A0 257:990.448 JLINK_IsHalted()
T32A0 257:991.008 - 0.562ms returns FALSE
T32A0 258:098.896 JLINK_IsHalted()
T32A0 258:099.712 - 0.819ms returns FALSE
T32A0 258:099.760 JLINK_IsHalted()
T32A0 258:100.560 - 0.778ms returns FALSE
T32A0 258:208.640 JLINK_IsHalted()
T32A0 258:209.280 - 0.656ms returns FALSE
T32A0 258:209.328 JLINK_IsHalted()
T32A0 258:209.920 - 0.590ms returns FALSE
T32A0 258:317.792 JLINK_IsHalted()
T32A0 258:318.592 - 0.806ms returns FALSE
T32A0 258:318.672 JLINK_IsHalted()
T32A0 258:319.456 - 0.799ms returns FALSE
T32A0 258:427.296 JLINK_IsHalted()
T32A0 258:427.952 - 0.648ms returns FALSE
T32A0 258:428.000 JLINK_IsHalted()
T32A0 258:428.544 - 0.532ms returns FALSE
T32A0 258:536.400 JLINK_IsHalted()
T32A0 258:537.344 - 0.943ms returns FALSE
T32A0 258:537.392 JLINK_IsHalted()
T32A0 258:538.160 - 0.769ms returns FALSE
T32A0 258:646.048 JLINK_IsHalted()
T32A0 258:646.704 - 0.654ms returns FALSE
T32A0 258:646.736 JLINK_IsHalted()
T32A0 258:647.328 - 0.578ms returns FALSE
T5484 258:681.264 JLINK_IsHalted()
T5484 258:681.984 - 0.719ms returns FALSE
T5484 258:682.032 JLINK_IsHalted()
T5484 258:682.624 - 0.582ms returns FALSE
T32A0 258:755.120 JLINK_IsHalted()
T32A0 258:755.936 - 0.813ms returns FALSE
T32A0 258:756.048 JLINK_IsHalted()
T32A0 258:756.784 - 0.760ms returns FALSE
T32A0 258:864.864 JLINK_IsHalted()
T32A0 258:865.536 - 0.658ms returns FALSE
T32A0 258:866.080 JLINK_IsHalted()
T32A0 258:866.944 - 0.869ms returns FALSE
T32A0 258:973.792 JLINK_IsHalted()
T32A0 258:974.512 - 0.703ms returns FALSE
T32A0 258:974.560 JLINK_IsHalted()
T32A0 258:975.152 - 0.603ms returns FALSE
T32A0 259:083.904 JLINK_IsHalted()
T32A0 259:084.720 - 0.826ms returns FALSE
T32A0 259:084.768 JLINK_IsHalted()
T32A0 259:085.648 - 0.858ms returns FALSE
T32A0 259:192.864 JLINK_IsHalted()
T32A0 259:193.552 - 0.673ms returns FALSE
T32A0 259:193.568 JLINK_IsHalted()
T32A0 259:194.144 - 0.562ms returns FALSE
T32A0 259:301.936 JLINK_IsHalted()
T32A0 259:302.704 - 0.754ms returns FALSE
T32A0 259:302.752 JLINK_IsHalted()
T32A0 259:303.552 - 0.775ms returns FALSE
T32A0 259:411.872 JLINK_IsHalted()
T32A0 259:412.512 - 0.634ms returns FALSE
T32A0 259:412.528 JLINK_IsHalted()
T32A0 259:413.072 - 0.545ms returns FALSE
T32A0 259:520.896 JLINK_IsHalted()
T32A0 259:521.712 - 0.812ms returns FALSE
T32A0 259:521.760 JLINK_IsHalted()
T32A0 259:522.656 - 0.899ms returns FALSE
T32A0 259:630.944 JLINK_IsHalted()
T32A0 259:631.792 - 0.857ms returns FALSE
T32A0 259:631.872 JLINK_IsHalted()
T32A0 259:632.720 - 0.826ms returns FALSE
T5484 259:682.992 JLINK_IsHalted()
T5484 259:683.632 - 0.641ms returns FALSE
T5484 259:683.664 JLINK_IsHalted()
T5484 259:684.272 - 0.591ms returns FALSE
T32A0 259:739.520 JLINK_IsHalted()
T32A0 259:740.336 - 0.826ms returns FALSE
T32A0 259:740.416 JLINK_IsHalted()
T32A0 259:741.184 - 0.755ms returns FALSE
T32A0 259:849.728 JLINK_IsHalted()
T32A0 259:850.592 - 0.861ms returns FALSE
T32A0 259:850.672 JLINK_IsHalted()
T32A0 259:851.344 - 0.666ms returns FALSE
T32A0 259:959.088 JLINK_IsHalted()
T32A0 259:959.808 - 0.708ms returns FALSE
T32A0 259:959.856 JLINK_IsHalted()
T32A0 259:960.480 - 0.628ms returns FALSE
T32A0 260:068.144 JLINK_IsHalted()
T32A0 260:068.944 - 0.787ms returns FALSE
T32A0 260:068.992 JLINK_IsHalted()
T32A0 260:069.680 - 0.692ms returns FALSE
T32A0 260:176.848 JLINK_IsHalted()
T32A0 260:177.488 - 0.631ms returns FALSE
T32A0 260:177.504 JLINK_IsHalted()
T32A0 260:178.096 - 0.588ms returns FALSE
T32A0 260:287.200 JLINK_IsHalted()
T32A0 260:288.048 - 0.849ms returns FALSE
T32A0 260:288.096 JLINK_IsHalted()
T32A0 260:288.896 - 0.789ms returns FALSE
T32A0 260:396.160 JLINK_IsHalted()
T32A0 260:396.832 - 0.654ms returns FALSE
T32A0 260:396.848 JLINK_IsHalted()
T32A0 260:397.472 - 0.609ms returns FALSE
T32A0 260:505.888 JLINK_IsHalted()
T32A0 260:506.672 - 0.815ms returns FALSE
T32A0 260:506.720 JLINK_IsHalted()
T32A0 260:507.488 - 0.776ms returns FALSE
T32A0 260:614.912 JLINK_IsHalted()
T32A0 260:615.712 - 0.794ms returns FALSE
T32A0 260:615.776 JLINK_IsHalted()
T32A0 260:616.544 - 0.764ms returns FALSE
T5484 260:684.752 JLINK_IsHalted()
T5484 260:685.408 - 0.673ms returns FALSE
T5484 260:685.440 JLINK_IsHalted()
T5484 260:686.032 - 0.591ms returns FALSE
T32A0 260:724.640 JLINK_IsHalted()
T32A0 260:725.376 - 0.740ms returns FALSE
T32A0 260:725.424 JLINK_IsHalted()
T32A0 260:726.096 - 0.676ms returns FALSE
T32A0 260:833.664 JLINK_IsHalted()
T32A0 260:834.464 - 0.770ms returns FALSE
T32A0 260:834.480 JLINK_IsHalted()
T32A0 260:835.296 - 0.817ms returns FALSE
T32A0 260:942.880 JLINK_IsHalted()
T32A0 260:943.568 - 0.710ms returns FALSE
T32A0 260:943.616 JLINK_IsHalted()
T32A0 260:944.160 - 0.552ms returns FALSE
T32A0 261:051.952 JLINK_IsHalted()
T32A0 261:052.800 - 0.853ms returns FALSE
T32A0 261:052.848 JLINK_IsHalted()
T32A0 261:053.696 - 0.849ms returns FALSE
T32A0 261:161.472 JLINK_IsHalted()
T32A0 261:162.160 - 0.692ms returns FALSE
T32A0 261:162.208 JLINK_IsHalted()
T32A0 261:162.784 - 0.580ms returns FALSE
T32A0 261:271.456 JLINK_IsHalted()
T32A0 261:272.320 - 0.877ms returns FALSE
T32A0 261:272.368 JLINK_IsHalted()
T32A0 261:273.120 - 0.737ms returns FALSE
T32A0 261:380.352 JLINK_IsHalted()
T32A0 261:381.024 - 0.660ms returns FALSE
T32A0 261:381.072 JLINK_IsHalted()
T32A0 261:381.728 - 0.666ms returns FALSE
T32A0 261:489.504 JLINK_IsHalted()
T32A0 261:490.352 - 0.844ms returns FALSE
T32A0 261:490.400 JLINK_IsHalted()
T32A0 261:491.104 - 0.693ms returns FALSE
T32A0 261:599.456 JLINK_IsHalted()
T32A0 261:600.304 - 0.866ms returns FALSE
T32A0 261:600.352 JLINK_IsHalted()
T32A0 261:601.104 - 0.747ms returns FALSE
T5484 261:686.688 JLINK_IsHalted()
T5484 261:687.344 - 0.660ms returns FALSE
T5484 261:687.376 JLINK_IsHalted()
T5484 261:687.968 - 0.582ms returns FALSE
T32A0 261:708.752 JLINK_IsHalted()
T32A0 261:709.472 - 0.706ms returns FALSE
T32A0 261:709.520 JLINK_IsHalted()
T32A0 261:710.112 - 0.609ms returns FALSE
T32A0 261:818.080 JLINK_IsHalted()
T32A0 261:818.960 - 0.877ms returns FALSE
T32A0 261:819.008 JLINK_IsHalted()
T32A0 261:819.856 - 0.853ms returns FALSE
T32A0 261:926.944 JLINK_IsHalted()
T32A0 261:927.552 - 0.602ms returns FALSE
T32A0 261:927.584 JLINK_IsHalted()
T32A0 261:928.160 - 0.592ms returns FALSE
T32A0 262:036.320 JLINK_IsHalted()
T32A0 262:037.120 - 0.785ms returns FALSE
T32A0 262:037.168 JLINK_IsHalted()
T32A0 262:037.920 - 0.747ms returns FALSE
T32A0 262:146.080 JLINK_IsHalted()
T32A0 262:146.688 - 0.629ms returns FALSE
T32A0 262:146.736 JLINK_IsHalted()
T32A0 262:147.296 - 0.577ms returns FALSE
T32A0 262:255.392 JLINK_IsHalted()
T32A0 262:256.176 - 0.810ms returns FALSE
T32A0 262:256.256 JLINK_IsHalted()
T32A0 262:256.896 - 0.639ms returns FALSE
T32A0 262:364.880 JLINK_IsHalted()
T32A0 262:365.536 - 0.674ms returns FALSE
T32A0 262:365.600 JLINK_IsHalted()
T32A0 262:366.160 - 0.582ms returns FALSE
T32A0 262:473.856 JLINK_IsHalted()
T32A0 262:474.704 - 0.845ms returns FALSE
T32A0 262:474.752 JLINK_IsHalted()
T32A0 262:475.472 - 0.699ms returns FALSE
T32A0 262:583.632 JLINK_IsHalted()
T32A0 262:584.272 - 0.659ms returns FALSE
T32A0 262:584.320 JLINK_IsHalted()
T32A0 262:584.928 - 0.602ms returns FALSE
T5484 262:687.824 JLINK_IsHalted()
T5484 262:688.416 - 0.597ms returns FALSE
T5484 262:688.464 JLINK_IsHalted()
T5484 262:689.152 - 0.702ms returns FALSE
T32A0 262:692.656 JLINK_IsHalted()
T32A0 262:693.328 - 0.666ms returns FALSE
T32A0 262:693.344 JLINK_IsHalted()
T32A0 262:693.920 - 0.570ms returns FALSE
T32A0 262:802.784 JLINK_IsHalted()
T32A0 262:803.616 - 0.830ms returns FALSE
T32A0 262:803.664 JLINK_IsHalted()
T32A0 262:804.480 - 0.802ms returns FALSE
T32A0 262:911.648 JLINK_IsHalted()
T32A0 262:912.288 - 0.655ms returns FALSE
T32A0 262:912.336 JLINK_IsHalted()
T32A0 262:912.896 - 0.565ms returns FALSE
T32A0 263:020.720 JLINK_IsHalted()
T32A0 263:021.568 - 0.831ms returns FALSE
T32A0 263:021.616 JLINK_IsHalted()
T32A0 263:022.464 - 0.847ms returns FALSE
T32A0 263:130.784 JLINK_IsHalted()
T32A0 263:131.440 - 0.674ms returns FALSE
T32A0 263:131.488 JLINK_IsHalted()
T32A0 263:132.320 - 0.816ms returns FALSE
T32A0 263:239.728 JLINK_IsHalted()
T32A0 263:240.608 - 0.851ms returns FALSE
T32A0 263:240.656 JLINK_IsHalted()
T32A0 263:241.520 - 0.875ms returns FALSE
T32A0 263:349.728 JLINK_IsHalted()
T32A0 263:350.576 - 0.832ms returns FALSE
T32A0 263:350.624 JLINK_IsHalted()
T32A0 263:351.504 - 0.865ms returns FALSE
T32A0 263:458.912 JLINK_IsHalted()
T32A0 263:459.744 - 0.801ms returns FALSE
T32A0 263:459.792 JLINK_IsHalted()
T32A0 263:460.432 - 0.635ms returns FALSE
T32A0 263:567.952 JLINK_IsHalted()
T32A0 263:568.688 - 0.733ms returns FALSE
T32A0 263:568.736 JLINK_IsHalted()
T32A0 263:569.568 - 0.827ms returns FALSE
T32A0 263:677.520 JLINK_IsHalted()
T32A0 263:678.256 - 0.730ms returns FALSE
T32A0 263:678.304 JLINK_IsHalted()
T32A0 263:678.928 - 0.616ms returns FALSE
T5484 263:689.760 JLINK_IsHalted()
T5484 263:690.448 - 0.685ms returns FALSE
T5484 263:690.496 JLINK_IsHalted()
T5484 263:691.056 - 0.579ms returns FALSE
T32A0 263:786.800 JLINK_IsHalted()
T32A0 263:787.600 - 0.791ms returns FALSE
T32A0 263:787.648 JLINK_IsHalted()
T32A0 263:788.416 - 0.769ms returns FALSE
T32A0 263:895.760 JLINK_IsHalted()
T32A0 263:896.448 - 0.692ms returns FALSE
T32A0 263:896.480 JLINK_IsHalted()
T32A0 263:897.120 - 0.629ms returns FALSE
T32A0 264:005.856 JLINK_IsHalted()
T32A0 264:006.704 - 0.839ms returns FALSE
T32A0 264:006.736 JLINK_IsHalted()
T32A0 264:007.504 - 0.755ms returns FALSE
T32A0 264:114.656 JLINK_IsHalted()
T32A0 264:115.424 - 0.758ms returns FALSE
T32A0 264:115.488 JLINK_IsHalted()
T32A0 264:116.192 - 0.704ms returns FALSE
T32A0 264:224.304 JLINK_IsHalted()
T32A0 264:224.976 - 0.653ms returns FALSE
T32A0 264:224.992 JLINK_IsHalted()
T32A0 264:225.616 - 0.595ms returns FALSE
T32A0 264:333.488 JLINK_IsHalted()
T32A0 264:334.368 - 0.877ms returns FALSE
T32A0 264:334.416 JLINK_IsHalted()
T32A0 264:335.312 - 0.903ms returns FALSE
T32A0 264:443.056 JLINK_IsHalted()
T32A0 264:443.808 - 0.759ms returns FALSE
T32A0 264:443.872 JLINK_IsHalted()
T32A0 264:444.544 - 0.682ms returns FALSE
T32A0 264:552.272 JLINK_IsHalted()
T32A0 264:553.088 - 0.811ms returns FALSE
T32A0 264:553.120 JLINK_IsHalted()
T32A0 264:553.984 - 0.864ms returns FALSE
T32A0 264:662.112 JLINK_IsHalted()
T32A0 264:662.784 - 0.656ms returns FALSE
T32A0 264:662.832 JLINK_IsHalted()
T32A0 264:663.456 - 0.623ms returns FALSE
T5484 264:691.248 JLINK_IsHalted()
T5484 264:691.888 - 0.636ms returns FALSE
T5484 264:691.920 JLINK_IsHalted()
T5484 264:692.528 - 0.607ms returns FALSE
T32A0 264:772.096 JLINK_IsHalted()
T32A0 264:772.832 - 0.741ms returns FALSE
T32A0 264:772.896 JLINK_IsHalted()
T32A0 264:773.584 - 0.691ms returns FALSE
T32A0 264:880.176 JLINK_IsHalted()
T32A0 264:880.816 - 0.650ms returns FALSE
T32A0 264:880.864 JLINK_IsHalted()
T32A0 264:881.456 - 0.600ms returns FALSE
T32A0 264:990.240 JLINK_IsHalted()
T32A0 264:991.072 - 0.833ms returns FALSE
T32A0 264:991.136 JLINK_IsHalted()
T32A0 264:991.968 - 0.854ms returns FALSE
T32A0 265:099.168 JLINK_IsHalted()
T32A0 265:099.936 - 0.759ms returns FALSE
T32A0 265:099.984 JLINK_IsHalted()
T32A0 265:100.672 - 0.695ms returns FALSE
T32A0 265:208.352 JLINK_IsHalted()
T32A0 265:209.184 - 0.838ms returns FALSE
T32A0 265:209.248 JLINK_IsHalted()
T32A0 265:209.952 - 0.728ms returns FALSE
T32A0 265:318.240 JLINK_IsHalted()
T32A0 265:318.912 - 0.657ms returns FALSE
T32A0 265:318.944 JLINK_IsHalted()
T32A0 265:319.520 - 0.581ms returns FALSE
T32A0 265:427.504 JLINK_IsHalted()
T32A0 265:428.176 - 0.671ms returns FALSE
T32A0 265:428.192 JLINK_IsHalted()
T32A0 265:428.784 - 0.584ms returns FALSE
T32A0 265:536.480 JLINK_IsHalted()
T32A0 265:537.312 - 0.819ms returns FALSE
T32A0 265:537.376 JLINK_IsHalted()
T32A0 265:538.096 - 0.726ms returns FALSE
T32A0 265:646.432 JLINK_IsHalted()
T32A0 265:647.072 - 0.642ms returns FALSE
T32A0 265:647.136 JLINK_IsHalted()
T32A0 265:647.744 - 0.619ms returns FALSE
T5484 265:692.624 JLINK_IsHalted()
T5484 265:693.264 - 0.636ms returns FALSE
T5484 265:693.312 JLINK_IsHalted()
T5484 265:694.256 - 0.965ms returns FALSE
T32A0 265:755.232 JLINK_IsHalted()
T32A0 265:756.000 - 0.777ms returns FALSE
T32A0 265:756.112 JLINK_IsHalted()
T32A0 265:756.896 - 0.790ms returns FALSE
T32A0 265:865.136 JLINK_IsHalted()
T32A0 265:865.808 - 0.660ms returns FALSE
T32A0 265:865.824 JLINK_IsHalted()
T32A0 265:866.448 - 0.619ms returns FALSE
T32A0 265:974.272 JLINK_IsHalted()
T32A0 265:975.072 - 0.801ms returns FALSE
T32A0 265:975.120 JLINK_IsHalted()
T32A0 265:975.936 - 0.798ms returns FALSE
T32A0 266:083.120 JLINK_IsHalted()
T32A0 266:083.872 - 0.739ms returns FALSE
T32A0 266:083.888 JLINK_IsHalted()
T32A0 266:084.560 - 0.655ms returns FALSE
T32A0 266:193.056 JLINK_IsHalted()
T32A0 266:193.840 - 0.792ms returns FALSE
T32A0 266:193.920 JLINK_IsHalted()
T32A0 266:194.640 - 0.729ms returns FALSE
T32A0 266:302.000 JLINK_IsHalted()
T32A0 266:303.408 - 1.394ms returns FALSE
T32A0 266:303.456 JLINK_IsHalted()
T32A0 266:304.176 - 0.726ms returns FALSE
T32A0 266:411.952 JLINK_IsHalted()
T32A0 266:412.640 - 0.704ms returns FALSE
T32A0 266:412.704 JLINK_IsHalted()
T32A0 266:413.264 - 0.581ms returns FALSE
T32A0 266:521.040 JLINK_IsHalted()
T32A0 266:521.856 - 0.828ms returns FALSE
T32A0 266:521.904 JLINK_IsHalted()
T32A0 266:522.720 - 0.822ms returns FALSE
T32A0 266:630.992 JLINK_IsHalted()
T32A0 266:631.648 - 0.672ms returns FALSE
T32A0 266:631.680 JLINK_IsHalted()
T32A0 266:632.288 - 0.607ms returns FALSE
T5484 266:695.200 JLINK_IsHalted()
T5484 266:695.776 - 0.601ms returns FALSE
T5484 266:695.840 JLINK_IsHalted()
T5484 266:696.448 - 0.595ms returns FALSE
T32A0 266:740.048 JLINK_IsHalted()
T32A0 266:740.960 - 0.909ms returns FALSE
T32A0 266:741.024 JLINK_IsHalted()
T32A0 266:741.792 - 0.781ms returns FALSE
T32A0 266:849.632 JLINK_IsHalted()
T32A0 266:850.304 - 0.673ms returns FALSE
T32A0 266:850.336 JLINK_IsHalted()
T32A0 266:850.992 - 0.642ms returns FALSE
T32A0 266:958.928 JLINK_IsHalted()
T32A0 266:959.824 - 0.888ms returns FALSE
T32A0 266:959.872 JLINK_IsHalted()
T32A0 266:960.720 - 0.854ms returns FALSE
T32A0 267:068.256 JLINK_IsHalted()
T32A0 267:069.088 - 0.808ms returns FALSE
T32A0 267:069.104 JLINK_IsHalted()
T32A0 267:069.984 - 0.863ms returns FALSE
T32A0 267:177.296 JLINK_IsHalted()
T32A0 267:178.032 - 0.723ms returns FALSE
T32A0 267:178.080 JLINK_IsHalted()
T32A0 267:178.704 - 0.614ms returns FALSE
T32A0 267:286.352 JLINK_IsHalted()
T32A0 267:287.328 - 0.958ms returns FALSE
T32A0 267:287.344 JLINK_IsHalted()
T32A0 267:288.144 - 0.786ms returns FALSE
T32A0 267:396.192 JLINK_IsHalted()
T32A0 267:396.864 - 0.662ms returns FALSE
T32A0 267:396.896 JLINK_IsHalted()
T32A0 267:397.552 - 0.656ms returns FALSE
T32A0 267:505.456 JLINK_IsHalted()
T32A0 267:506.336 - 0.846ms returns FALSE
T32A0 267:506.352 JLINK_IsHalted()
T32A0 267:507.104 - 0.740ms returns FALSE
T32A0 267:615.024 JLINK_IsHalted()
T32A0 267:615.664 - 0.651ms returns FALSE
T32A0 267:615.712 JLINK_IsHalted()
T32A0 267:616.304 - 0.603ms returns FALSE
T5484 267:696.432 JLINK_IsHalted()
T5484 267:697.104 - 0.651ms returns FALSE
T5484 267:697.152 JLINK_IsHalted()
T5484 267:697.760 - 0.614ms returns FALSE
T32A0 267:724.416 JLINK_IsHalted()
T32A0 267:725.312 - 0.873ms returns FALSE
T32A0 267:725.360 JLINK_IsHalted()
T32A0 267:726.160 - 0.804ms returns FALSE
T32A0 267:833.296 JLINK_IsHalted()
T32A0 267:833.984 - 0.704ms returns FALSE
T32A0 267:834.032 JLINK_IsHalted()
T32A0 267:834.624 - 0.592ms returns FALSE
T32A0 267:943.120 JLINK_IsHalted()
T32A0 267:943.856 - 0.737ms returns FALSE
T32A0 267:943.888 JLINK_IsHalted()
T32A0 267:944.608 - 0.701ms returns FALSE
T32A0 268:052.128 JLINK_IsHalted()
T32A0 268:052.832 - 0.720ms returns FALSE
T32A0 268:052.896 JLINK_IsHalted()
T32A0 268:053.552 - 0.678ms returns FALSE
T32A0 268:161.792 JLINK_IsHalted()
T32A0 268:164.352 - 2.541ms returns FALSE
T32A0 268:164.400 JLINK_IsHalted()
T32A0 268:165.248 - 0.854ms returns FALSE
T32A0 268:270.752 JLINK_IsHalted()
T32A0 268:271.408 - 0.652ms returns FALSE
T32A0 268:271.440 JLINK_IsHalted()
T32A0 268:272.032 - 0.574ms returns FALSE
T32A0 268:380.768 JLINK_IsHalted()
T32A0 268:381.408 - 0.622ms returns FALSE
T32A0 268:381.440 JLINK_IsHalted()
T32A0 268:382.032 - 0.577ms returns FALSE
T32A0 268:490.080 JLINK_IsHalted()
T32A0 268:490.944 - 0.834ms returns FALSE
T32A0 268:490.976 JLINK_IsHalted()
T32A0 268:491.872 - 0.902ms returns FALSE
T32A0 268:599.712 JLINK_IsHalted()
T32A0 268:600.416 - 0.732ms returns FALSE
T32A0 268:600.480 JLINK_IsHalted()
T32A0 268:601.056 - 0.601ms returns FALSE
T5484 268:697.920 JLINK_IsHalted()
T5484 268:698.560 - 0.632ms returns FALSE
T5484 268:698.592 JLINK_IsHalted()
T5484 268:699.264 - 0.673ms returns FALSE
T32A0 268:708.832 JLINK_IsHalted()
T32A0 268:709.568 - 0.738ms returns FALSE
T32A0 268:709.632 JLINK_IsHalted()
T32A0 268:710.240 - 0.622ms returns FALSE
T32A0 268:817.984 JLINK_IsHalted()
T32A0 268:818.752 - 0.742ms returns FALSE
T32A0 268:818.784 JLINK_IsHalted()
T32A0 268:819.456 - 0.673ms returns FALSE
T32A0 268:927.392 JLINK_IsHalted()
T32A0 268:928.128 - 0.722ms returns FALSE
T32A0 268:928.160 JLINK_IsHalted()
T32A0 268:929.280 - 1.124ms returns FALSE
T32A0 269:036.320 JLINK_IsHalted()
T32A0 269:037.024 - 0.718ms returns FALSE
T32A0 269:037.088 JLINK_IsHalted()
T32A0 269:038.016 - 0.951ms returns FALSE
T32A0 269:146.304 JLINK_IsHalted()
T32A0 269:146.944 - 0.636ms returns FALSE
T32A0 269:147.040 JLINK_IsHalted()
T32A0 269:147.616 - 0.580ms returns FALSE
T32A0 269:255.200 JLINK_IsHalted()
T32A0 269:255.904 - 0.706ms returns FALSE
T32A0 269:255.936 JLINK_IsHalted()
T32A0 269:256.544 - 0.596ms returns FALSE
T32A0 269:365.184 JLINK_IsHalted()
T32A0 269:365.792 - 0.605ms returns FALSE
T32A0 269:365.824 JLINK_IsHalted()
T32A0 269:366.432 - 0.592ms returns FALSE
T32A0 269:474.400 JLINK_IsHalted()
T32A0 269:475.040 - 0.651ms returns FALSE
T32A0 269:475.072 JLINK_IsHalted()
T32A0 269:475.648 - 0.582ms returns FALSE
T32A0 269:583.392 JLINK_IsHalted()
T32A0 269:584.064 - 0.694ms returns FALSE
T32A0 269:584.128 JLINK_IsHalted()
T32A0 269:584.768 - 0.637ms returns FALSE
T32A0 269:693.376 JLINK_IsHalted()
T32A0 269:694.016 - 0.659ms returns FALSE
T32A0 269:694.048 JLINK_IsHalted()
T32A0 269:694.656 - 0.581ms returns FALSE
T5484 269:699.648 JLINK_IsHalted()
T5484 269:700.320 - 0.667ms returns FALSE
T5484 269:700.384 JLINK_IsHalted()
T5484 269:700.960 - 0.591ms returns FALSE
T32A0 269:802.368 JLINK_IsHalted()
T32A0 269:803.008 - 0.643ms returns FALSE
T32A0 269:803.072 JLINK_IsHalted()
T32A0 269:803.616 - 0.570ms returns FALSE
T32A0 269:911.360 JLINK_IsHalted()
T32A0 269:912.000 - 0.618ms returns FALSE
T32A0 269:912.000 JLINK_IsHalted()
T32A0 269:912.640 - 0.629ms returns FALSE
T32A0 270:021.056 JLINK_IsHalted()
T32A0 270:021.664 - 0.611ms returns FALSE
T32A0 270:021.696 JLINK_IsHalted()
T32A0 270:022.304 - 0.582ms returns FALSE
T32A0 270:130.368 JLINK_IsHalted()
T32A0 270:131.040 - 0.704ms returns FALSE
T32A0 270:131.104 JLINK_IsHalted()
T32A0 270:131.680 - 0.603ms returns FALSE
T32A0 270:239.424 JLINK_IsHalted()
T32A0 270:240.320 - 0.884ms returns FALSE
T32A0 270:240.352 JLINK_IsHalted()
T32A0 270:241.088 - 0.722ms returns FALSE
T32A0 270:349.344 JLINK_IsHalted()
T32A0 270:350.016 - 0.673ms returns FALSE
T32A0 270:350.048 JLINK_IsHalted()
T32A0 270:350.624 - 0.583ms returns FALSE
T32A0 270:458.944 JLINK_IsHalted()
T32A0 270:510.944 - 51.983ms returns FALSE
T32A0 270:511.040 JLINK_IsHalted()
T32A0 270:576.960 - 65.923ms returns FALSE
T32A0 270:676.960 JLINK_IsHalted()
T32A0 270:677.696 - 0.713ms returns FALSE
T32A0 270:677.696 JLINK_IsHalted()
T32A0 270:678.336 - 0.606ms returns FALSE
T5484 270:702.240 JLINK_IsHalted()
T5484 270:702.912 - 0.690ms returns FALSE
T5484 270:702.944 JLINK_IsHalted()
T5484 270:703.552 - 0.585ms returns FALSE
T32A0 270:786.944 JLINK_IsHalted()
T32A0 270:787.616 - 0.667ms returns FALSE
T32A0 270:787.648 JLINK_IsHalted()
T32A0 270:788.256 - 0.578ms returns FALSE
T32A0 270:896.192 JLINK_IsHalted()
T32A0 270:896.960 - 0.764ms returns FALSE
T32A0 270:896.992 JLINK_IsHalted()
T32A0 270:897.632 - 0.620ms returns FALSE
T32A0 271:004.992 JLINK_IsHalted()
T32A0 271:005.920 - 0.908ms returns FALSE
T32A0 271:005.984 JLINK_IsHalted()
T32A0 271:006.656 - 0.692ms returns FALSE
T32A0 271:114.624 JLINK_IsHalted()
T32A0 271:115.328 - 0.698ms returns FALSE
T32A0 271:115.360 JLINK_IsHalted()
T32A0 271:115.936 - 0.554ms returns FALSE
T32A0 271:224.672 JLINK_IsHalted()
T32A0 271:225.504 - 0.817ms returns FALSE
T32A0 271:225.536 JLINK_IsHalted()
T32A0 271:226.304 - 0.755ms returns FALSE
T32A0 271:333.888 JLINK_IsHalted()
T32A0 271:334.560 - 0.667ms returns FALSE
T32A0 271:334.592 JLINK_IsHalted()
T32A0 271:335.136 - 0.565ms returns FALSE
T32A0 271:442.944 JLINK_IsHalted()
T32A0 271:443.776 - 0.847ms returns FALSE
T32A0 271:443.808 JLINK_IsHalted()
T32A0 271:444.608 - 0.781ms returns FALSE
T32A0 271:551.936 JLINK_IsHalted()
T32A0 271:552.640 - 0.681ms returns FALSE
T32A0 271:552.672 JLINK_IsHalted()
T32A0 271:553.344 - 0.659ms returns FALSE
T32A0 271:661.920 JLINK_IsHalted()
T32A0 271:662.816 - 0.895ms returns FALSE
T32A0 271:662.880 JLINK_IsHalted()
T32A0 271:663.552 - 0.691ms returns FALSE
T5484 271:705.152 JLINK_IsHalted()
T5484 271:705.984 - 0.829ms returns FALSE
T5484 271:706.048 JLINK_IsHalted()
T5484 271:706.816 - 0.771ms returns FALSE
T32A0 271:771.168 JLINK_IsHalted()
T32A0 271:771.840 - 0.662ms returns FALSE
T32A0 271:771.840 JLINK_IsHalted()
T32A0 271:772.480 - 0.595ms returns FALSE
T32A0 271:880.128 JLINK_IsHalted()
T32A0 271:880.896 - 0.774ms returns FALSE
T32A0 271:880.928 JLINK_IsHalted()
T32A0 271:881.600 - 0.653ms returns FALSE
T32A0 271:989.824 JLINK_IsHalted()
T32A0 271:990.720 - 0.854ms returns FALSE
T32A0 271:990.752 JLINK_IsHalted()
T32A0 271:991.520 - 0.762ms returns FALSE
T32A0 272:098.752 JLINK_IsHalted()
T32A0 272:099.424 - 0.653ms returns FALSE
T32A0 272:099.456 JLINK_IsHalted()
T32A0 272:100.032 - 0.563ms returns FALSE
T32A0 272:208.832 JLINK_IsHalted()
T32A0 272:209.600 - 0.760ms returns FALSE
T32A0 272:209.664 JLINK_IsHalted()
T32A0 272:210.496 - 0.815ms returns FALSE
T32A0 272:317.824 JLINK_IsHalted()
T32A0 272:318.464 - 0.649ms returns FALSE
T32A0 272:318.528 JLINK_IsHalted()
T32A0 272:319.072 - 0.566ms returns FALSE
T32A0 272:427.648 JLINK_IsHalted()
T32A0 272:428.480 - 0.807ms returns FALSE
T32A0 272:428.512 JLINK_IsHalted()
T32A0 272:429.312 - 0.804ms returns FALSE
T32A0 272:536.512 JLINK_IsHalted()
T32A0 272:537.312 - 0.793ms returns FALSE
T32A0 272:537.376 JLINK_IsHalted()
T32A0 272:538.144 - 0.757ms returns FALSE
T32A0 272:646.304 JLINK_IsHalted()
T32A0 272:646.976 - 0.664ms returns FALSE
T32A0 272:647.008 JLINK_IsHalted()
T32A0 272:647.680 - 0.668ms returns FALSE
T5484 272:707.168 JLINK_IsHalted()
T5484 272:707.968 - 0.805ms returns FALSE
T5484 272:708.032 JLINK_IsHalted()
T5484 272:708.800 - 0.770ms returns FALSE
T32A0 272:755.904 JLINK_IsHalted()
T32A0 272:756.768 - 0.841ms returns FALSE
T32A0 272:756.800 JLINK_IsHalted()
T32A0 272:757.568 - 0.774ms returns FALSE
T32A0 272:864.928 JLINK_IsHalted()
T32A0 272:865.600 - 0.652ms returns FALSE
T32A0 272:865.600 JLINK_IsHalted()
T32A0 272:866.272 - 0.653ms returns FALSE
T32A0 272:973.984 JLINK_IsHalted()
T32A0 272:974.880 - 0.886ms returns FALSE
T32A0 272:974.912 JLINK_IsHalted()
T32A0 272:975.680 - 0.766ms returns FALSE
T32A0 273:083.392 JLINK_IsHalted()
T32A0 273:084.064 - 0.649ms returns FALSE
T32A0 273:084.096 JLINK_IsHalted()
T32A0 273:084.640 - 0.565ms returns FALSE
T32A0 273:193.312 JLINK_IsHalted()
T32A0 273:194.144 - 0.809ms returns FALSE
T32A0 273:194.176 JLINK_IsHalted()
T32A0 273:194.880 - 0.711ms returns FALSE
T32A0 273:302.240 JLINK_IsHalted()
T32A0 273:302.976 - 0.744ms returns FALSE
T32A0 273:303.040 JLINK_IsHalted()
T32A0 273:303.680 - 0.634ms returns FALSE
T32A0 273:412.192 JLINK_IsHalted()
T32A0 273:412.928 - 0.702ms returns FALSE
T32A0 273:412.960 JLINK_IsHalted()
T32A0 273:413.568 - 0.616ms returns FALSE
T32A0 273:521.248 JLINK_IsHalted()
T32A0 273:522.240 - 0.998ms returns FALSE
T32A0 273:522.528 JLINK_IsHalted()
T32A0 273:523.136 - 0.622ms returns FALSE
T32A0 273:630.208 JLINK_IsHalted()
T32A0 273:630.848 - 0.657ms returns FALSE
T32A0 273:630.912 JLINK_IsHalted()
T32A0 273:631.488 - 0.563ms returns FALSE
T5484 273:709.472 JLINK_IsHalted()
T5484 273:710.112 - 0.640ms returns FALSE
T5484 273:710.144 JLINK_IsHalted()
T5484 273:710.720 - 0.572ms returns FALSE
T32A0 273:740.640 JLINK_IsHalted()
T32A0 273:741.792 - 1.156ms returns FALSE
T32A0 273:741.888 JLINK_IsHalted()
T32A0 273:742.784 - 0.913ms returns FALSE
T32A0 273:849.216 JLINK_IsHalted()
T32A0 273:849.920 - 0.702ms returns FALSE
T32A0 273:849.952 JLINK_IsHalted()
T32A0 273:850.688 - 0.742ms returns FALSE
T32A0 273:958.368 JLINK_IsHalted()
T32A0 273:959.040 - 0.675ms returns FALSE
T32A0 273:959.104 JLINK_IsHalted()
T32A0 273:959.616 - 0.537ms returns FALSE
T32A0 274:068.416 JLINK_IsHalted()
T32A0 274:068.992 - 0.602ms returns FALSE
T32A0 274:069.056 JLINK_IsHalted()
T32A0 274:069.664 - 0.603ms returns FALSE
T32A0 274:177.472 JLINK_IsHalted()
T32A0 274:178.240 - 0.770ms returns FALSE
T32A0 274:178.336 JLINK_IsHalted()
T32A0 274:178.880 - 0.565ms returns FALSE
T32A0 274:286.400 JLINK_IsHalted()
T32A0 274:287.040 - 0.666ms returns FALSE
T32A0 274:287.104 JLINK_IsHalted()
T32A0 274:287.744 - 0.647ms returns FALSE
T32A0 274:396.352 JLINK_IsHalted()
T32A0 274:396.960 - 0.604ms returns FALSE
T32A0 274:396.992 JLINK_IsHalted()
T32A0 274:397.504 - 0.498ms returns FALSE
T32A0 274:505.344 JLINK_IsHalted()
T32A0 274:505.952 - 0.612ms returns FALSE
T32A0 274:506.016 JLINK_IsHalted()
T32A0 274:506.560 - 0.574ms returns FALSE
T32A0 274:614.400 JLINK_IsHalted()
T32A0 274:615.456 - 1.055ms returns FALSE
T32A0 274:615.520 JLINK_IsHalted()
T32A0 274:616.064 - 0.558ms returns FALSE
T5484 274:710.880 JLINK_IsHalted()
T5484 274:712.928 - 2.049ms returns FALSE
T5484 274:713.056 JLINK_IsHalted()
T5484 274:713.792 - 0.719ms returns FALSE
T32A0 274:724.448 JLINK_IsHalted()
T32A0 274:725.120 - 0.660ms returns FALSE
T32A0 274:725.152 JLINK_IsHalted()
T32A0 274:725.760 - 0.599ms returns FALSE
T32A0 274:833.344 JLINK_IsHalted()
T32A0 274:834.016 - 0.644ms returns FALSE
T32A0 274:834.080 JLINK_IsHalted()
T32A0 274:834.656 - 0.602ms returns FALSE
T32A0 274:943.360 JLINK_IsHalted()
T32A0 274:943.968 - 0.618ms returns FALSE
T32A0 274:944.032 JLINK_IsHalted()
T32A0 274:944.576 - 0.545ms returns FALSE
T32A0 275:052.352 JLINK_IsHalted()
T32A0 275:052.992 - 0.623ms returns FALSE
T32A0 275:053.024 JLINK_IsHalted()
T32A0 275:053.632 - 0.619ms returns FALSE
T32A0 275:161.376 JLINK_IsHalted()
T32A0 275:162.016 - 0.653ms returns FALSE
T32A0 275:162.048 JLINK_IsHalted()
T32A0 275:162.624 - 0.574ms returns FALSE
T32A0 275:271.424 JLINK_IsHalted()
T32A0 275:272.096 - 0.667ms returns FALSE
T32A0 275:272.160 JLINK_IsHalted()
T32A0 275:272.864 - 0.683ms returns FALSE
T32A0 275:380.352 JLINK_IsHalted()
T32A0 275:380.960 - 0.609ms returns FALSE
T32A0 275:381.056 JLINK_IsHalted()
T32A0 275:381.824 - 0.803ms returns FALSE
T32A0 275:489.344 JLINK_IsHalted()
T32A0 275:490.048 - 0.692ms returns FALSE
T32A0 275:490.112 JLINK_IsHalted()
T32A0 275:490.656 - 0.550ms returns FALSE
T32A0 275:599.392 JLINK_IsHalted()
T32A0 275:600.032 - 0.646ms returns FALSE
T32A0 275:600.064 JLINK_IsHalted()
T32A0 275:600.640 - 0.551ms returns FALSE
T32A0 275:708.384 JLINK_IsHalted()
T32A0 275:709.088 - 0.694ms returns FALSE
T32A0 275:709.120 JLINK_IsHalted()
T32A0 275:709.856 - 0.718ms returns FALSE
T5484 275:714.560 JLINK_IsHalted()
T5484 275:715.744 - 1.188ms returns FALSE
T5484 275:715.808 JLINK_IsHalted()
T5484 275:717.024 - 1.208ms returns FALSE
T32A0 275:818.368 JLINK_IsHalted()
T32A0 275:819.040 - 0.666ms returns FALSE
T32A0 275:819.072 JLINK_IsHalted()
T32A0 275:819.648 - 0.562ms returns FALSE
T32A0 275:927.328 JLINK_IsHalted()
T32A0 275:927.936 - 0.602ms returns FALSE
T32A0 275:927.968 JLINK_IsHalted()
T32A0 275:928.512 - 0.541ms returns FALSE
T32A0 276:036.384 JLINK_IsHalted()
T32A0 276:037.056 - 0.658ms returns FALSE
T32A0 276:037.088 JLINK_IsHalted()
T32A0 276:037.664 - 0.565ms returns FALSE
T32A0 276:146.336 JLINK_IsHalted()
T32A0 276:146.944 - 0.613ms returns FALSE
T32A0 276:146.976 JLINK_IsHalted()
T32A0 276:147.552 - 0.582ms returns FALSE
T32A0 276:255.360 JLINK_IsHalted()
T32A0 276:256.000 - 0.629ms returns FALSE
T32A0 276:256.064 JLINK_IsHalted()
T32A0 276:256.608 - 0.562ms returns FALSE
T32A0 276:364.352 JLINK_IsHalted()
T32A0 276:364.992 - 0.634ms returns FALSE
T32A0 276:365.056 JLINK_IsHalted()
T32A0 276:365.856 - 0.782ms returns FALSE
T32A0 276:474.368 JLINK_IsHalted()
T32A0 276:475.072 - 0.682ms returns FALSE
T32A0 276:475.104 JLINK_IsHalted()
T32A0 276:475.712 - 0.612ms returns FALSE
T32A0 276:583.360 JLINK_IsHalted()
T32A0 276:584.032 - 0.684ms returns FALSE
T32A0 276:584.128 JLINK_IsHalted()
T32A0 276:584.672 - 0.586ms returns FALSE
T32A0 276:693.344 JLINK_IsHalted()
T32A0 276:693.952 - 0.605ms returns FALSE
T32A0 276:693.984 JLINK_IsHalted()
T32A0 276:694.528 - 0.548ms returns FALSE
T5484 276:719.296 JLINK_IsHalted()
T5484 276:720.000 - 0.701ms returns FALSE
T5484 276:720.064 JLINK_IsHalted()
T5484 276:720.672 - 0.629ms returns FALSE
T32A0 276:802.368 JLINK_IsHalted()
T32A0 276:803.008 - 0.615ms returns FALSE
T32A0 276:803.008 JLINK_IsHalted()
T32A0 276:803.584 - 0.568ms returns FALSE
T32A0 276:911.328 JLINK_IsHalted()
T32A0 276:911.936 - 0.608ms returns FALSE
T32A0 276:911.968 JLINK_IsHalted()
T32A0 276:912.576 - 0.591ms returns FALSE
T32A0 277:021.376 JLINK_IsHalted()
T32A0 277:022.016 - 0.638ms returns FALSE
T32A0 277:022.048 JLINK_IsHalted()
T32A0 277:022.592 - 0.548ms returns FALSE
T32A0 277:129.984 JLINK_IsHalted()
T32A0 277:130.592 - 0.611ms returns FALSE
T32A0 277:130.656 JLINK_IsHalted()
T32A0 277:131.232 - 0.600ms returns FALSE
T32A0 277:240.000 JLINK_IsHalted()
T32A0 277:240.640 - 0.645ms returns FALSE
T32A0 277:240.704 JLINK_IsHalted()
T32A0 277:241.344 - 0.637ms returns FALSE
T32A0 277:349.024 JLINK_IsHalted()
T32A0 277:349.696 - 0.678ms returns FALSE
T32A0 277:349.760 JLINK_IsHalted()
T32A0 277:350.432 - 0.646ms returns FALSE
T32A0 277:459.008 JLINK_IsHalted()
T32A0 277:459.680 - 0.654ms returns FALSE
T32A0 277:459.712 JLINK_IsHalted()
T32A0 277:460.288 - 0.584ms returns FALSE
T32A0 277:568.032 JLINK_IsHalted()
T32A0 277:568.672 - 0.652ms returns FALSE
T32A0 277:568.704 JLINK_IsHalted()
T32A0 277:569.312 - 0.580ms returns FALSE
T32A0 277:677.024 JLINK_IsHalted()
T32A0 277:677.696 - 0.660ms returns FALSE
T32A0 277:677.760 JLINK_IsHalted()
T32A0 277:678.944 - 1.190ms returns FALSE
T5484 277:721.472 JLINK_IsHalted()
T5484 277:722.432 - 0.979ms returns FALSE
T5484 277:722.496 JLINK_IsHalted()
T5484 277:723.136 - 0.643ms returns FALSE
T32A0 277:787.040 JLINK_IsHalted()
T32A0 277:787.680 - 0.638ms returns FALSE
T32A0 277:787.744 JLINK_IsHalted()
T32A0 277:788.448 - 0.699ms returns FALSE
T32A0 277:895.712 JLINK_IsHalted()
T32A0 277:896.512 - 0.824ms returns FALSE
T32A0 277:896.576 JLINK_IsHalted()
T32A0 277:897.248 - 0.663ms returns FALSE
T32A0 278:005.696 JLINK_IsHalted()
T32A0 278:006.336 - 0.616ms returns FALSE
T32A0 278:006.368 JLINK_IsHalted()
T32A0 278:006.976 - 0.577ms returns FALSE
T32A0 278:114.688 JLINK_IsHalted()
T32A0 278:115.296 - 0.604ms returns FALSE
T32A0 278:115.328 JLINK_IsHalted()
T32A0 278:115.840 - 0.514ms returns FALSE
T32A0 278:223.936 JLINK_IsHalted()
T32A0 278:224.544 - 0.615ms returns FALSE
T32A0 278:224.576 JLINK_IsHalted()
T32A0 278:225.120 - 0.552ms returns FALSE
T32A0 278:333.984 JLINK_IsHalted()
T32A0 278:334.624 - 0.638ms returns FALSE
T32A0 278:334.656 JLINK_IsHalted()
T32A0 278:335.264 - 0.591ms returns FALSE
T32A0 278:442.944 JLINK_IsHalted()
T32A0 278:443.648 - 0.700ms returns FALSE
T32A0 278:443.712 JLINK_IsHalted()
T32A0 278:444.288 - 0.563ms returns FALSE
T32A0 278:552.640 JLINK_IsHalted()
T32A0 278:553.248 - 0.616ms returns FALSE
T32A0 278:553.312 JLINK_IsHalted()
T32A0 278:553.888 - 0.572ms returns FALSE
T32A0 278:661.600 JLINK_IsHalted()
T32A0 278:662.240 - 0.641ms returns FALSE
T32A0 278:662.304 JLINK_IsHalted()
T32A0 278:662.880 - 0.588ms returns FALSE
T5484 278:723.808 JLINK_IsHalted()
T5484 278:724.544 - 0.716ms returns FALSE
T5484 278:724.576 JLINK_IsHalted()
T5484 278:725.184 - 0.566ms returns FALSE
T32A0 278:770.720 JLINK_IsHalted()
T32A0 278:771.552 - 0.843ms returns FALSE
T32A0 278:771.616 JLINK_IsHalted()
T32A0 278:772.128 - 0.534ms returns FALSE
T32A0 278:880.576 JLINK_IsHalted()
T32A0 278:881.248 - 0.648ms returns FALSE
T32A0 278:881.280 JLINK_IsHalted()
T32A0 278:881.856 - 0.553ms returns FALSE
T32A0 278:989.632 JLINK_IsHalted()
T32A0 278:990.272 - 0.634ms returns FALSE
T32A0 278:990.304 JLINK_IsHalted()
T32A0 278:990.912 - 0.590ms returns FALSE
T32A0 279:099.616 JLINK_IsHalted()
T32A0 279:100.448 - 0.835ms returns FALSE
T32A0 279:100.544 JLINK_IsHalted()
T32A0 279:101.408 - 0.869ms returns FALSE
T32A0 279:208.640 JLINK_IsHalted()
T32A0 279:209.472 - 0.839ms returns FALSE
T32A0 279:209.632 JLINK_IsHalted()
T32A0 279:210.880 - 1.255ms returns FALSE
T32A0 279:317.664 JLINK_IsHalted()
T32A0 279:318.592 - 0.941ms returns FALSE
T32A0 279:318.656 JLINK_IsHalted()
T32A0 279:319.360 - 0.690ms returns FALSE
T32A0 279:427.712 JLINK_IsHalted()
T32A0 279:428.512 - 0.779ms returns FALSE
T32A0 279:428.544 JLINK_IsHalted()
T32A0 279:429.312 - 0.764ms returns FALSE
T32A0 279:536.320 JLINK_IsHalted()
T32A0 279:536.960 - 0.651ms returns FALSE
T32A0 279:536.992 JLINK_IsHalted()
T32A0 279:537.600 - 0.611ms returns FALSE
T32A0 279:646.272 JLINK_IsHalted()
T32A0 279:646.944 - 0.669ms returns FALSE
T32A0 279:646.976 JLINK_IsHalted()
T32A0 279:647.552 - 0.567ms returns FALSE
T5484 279:726.592 JLINK_IsHalted()
T5484 279:727.392 - 0.792ms returns FALSE
T5484 279:727.424 JLINK_IsHalted()
T5484 279:730.464 - 2.986ms returns FALSE
T32A0 279:755.328 JLINK_IsHalted()
T32A0 279:756.000 - 0.685ms returns FALSE
T32A0 279:756.064 JLINK_IsHalted()
T32A0 279:756.672 - 0.608ms returns FALSE
T32A0 279:865.312 JLINK_IsHalted()
T32A0 279:866.048 - 0.704ms returns FALSE
T32A0 279:866.080 JLINK_IsHalted()
T32A0 279:866.656 - 0.576ms returns FALSE
T32A0 279:974.208 JLINK_IsHalted()
T32A0 279:974.912 - 0.712ms returns FALSE
T32A0 279:975.104 JLINK_IsHalted()
T32A0 279:975.872 - 0.756ms returns FALSE
T32A0 280:084.064 JLINK_IsHalted()
T32A0 280:084.736 - 0.674ms returns FALSE
T32A0 280:084.800 JLINK_IsHalted()
T32A0 280:085.344 - 0.574ms returns FALSE
T32A0 280:193.088 JLINK_IsHalted()
T32A0 280:193.792 - 0.679ms returns FALSE
T32A0 280:193.856 JLINK_IsHalted()
T32A0 280:194.464 - 0.620ms returns FALSE
T32A0 280:302.496 JLINK_IsHalted()
T32A0 280:303.168 - 0.671ms returns FALSE
T32A0 280:303.232 JLINK_IsHalted()
T32A0 280:303.744 - 0.530ms returns FALSE
T32A0 280:411.680 JLINK_IsHalted()
T32A0 280:412.320 - 0.627ms returns FALSE
T32A0 280:412.352 JLINK_IsHalted()
T32A0 280:412.896 - 0.541ms returns FALSE
T32A0 280:520.736 JLINK_IsHalted()
T32A0 280:521.408 - 0.664ms returns FALSE
T32A0 280:521.440 JLINK_IsHalted()
T32A0 280:521.952 - 0.521ms returns FALSE
T32A0 280:630.624 JLINK_IsHalted()
T32A0 280:631.232 - 0.620ms returns FALSE
T32A0 280:631.264 JLINK_IsHalted()
T32A0 280:631.776 - 0.503ms returns FALSE
T5484 280:730.848 JLINK_IsHalted()
T5484 280:732.192 - 1.324ms returns FALSE
T5484 280:732.352 JLINK_IsHalted()
T5484 280:733.408 - 1.073ms returns FALSE
T32A0 280:739.424 JLINK_IsHalted()
T32A0 280:743.744 - 4.309ms returns FALSE
T32A0 280:743.840 JLINK_IsHalted()
T32A0 280:746.656 - 2.807ms returns FALSE
T32A0 280:849.440 JLINK_IsHalted()
T32A0 280:850.048 - 0.633ms returns FALSE
T32A0 280:850.112 JLINK_IsHalted()
T32A0 280:850.656 - 0.557ms returns FALSE
T32A0 280:958.464 JLINK_IsHalted()
T32A0 280:959.136 - 0.674ms returns FALSE
T32A0 280:959.168 JLINK_IsHalted()
T32A0 280:959.808 - 0.628ms returns FALSE
T32A0 281:068.448 JLINK_IsHalted()
T32A0 281:069.184 - 0.737ms returns FALSE
T32A0 281:069.216 JLINK_IsHalted()
T32A0 281:069.760 - 0.544ms returns FALSE
T32A0 281:177.440 JLINK_IsHalted()
T32A0 281:178.112 - 0.683ms returns FALSE
T32A0 281:178.176 JLINK_IsHalted()
T32A0 281:178.752 - 0.604ms returns FALSE
T32A0 281:286.432 JLINK_IsHalted()
T32A0 281:287.040 - 0.630ms returns FALSE
T32A0 281:287.104 JLINK_IsHalted()
T32A0 281:287.712 - 0.592ms returns FALSE
T32A0 281:396.160 JLINK_IsHalted()
T32A0 281:396.800 - 0.638ms returns FALSE
T32A0 281:396.832 JLINK_IsHalted()
T32A0 281:397.440 - 0.586ms returns FALSE
T32A0 281:505.184 JLINK_IsHalted()
T32A0 281:505.888 - 0.701ms returns FALSE
T32A0 281:505.952 JLINK_IsHalted()
T32A0 281:506.496 - 0.538ms returns FALSE
T32A0 281:615.264 JLINK_IsHalted()
T32A0 281:616.000 - 0.755ms returns FALSE
T32A0 281:616.064 JLINK_IsHalted()
T32A0 281:616.704 - 0.644ms returns FALSE
T32A0 281:724.096 JLINK_IsHalted()
T32A0 281:724.768 - 0.662ms returns FALSE
T32A0 281:724.832 JLINK_IsHalted()
T32A0 281:725.408 - 0.593ms returns FALSE
T5484 281:734.304 JLINK_IsHalted()
T5484 281:734.944 - 0.650ms returns FALSE
T5484 281:734.976 JLINK_IsHalted()
T5484 281:735.648 - 0.664ms returns FALSE
T32A0 281:833.216 JLINK_IsHalted()
T32A0 281:834.048 - 0.799ms returns FALSE
T32A0 281:834.080 JLINK_IsHalted()
T32A0 281:834.880 - 0.811ms returns FALSE
T32A0 281:943.360 JLINK_IsHalted()
T32A0 281:944.160 - 0.817ms returns FALSE
T32A0 281:944.224 JLINK_IsHalted()
T32A0 281:944.960 - 0.762ms returns FALSE
T32A0 282:052.256 JLINK_IsHalted()
T32A0 282:052.960 - 0.723ms returns FALSE
T32A0 282:052.992 JLINK_IsHalted()
T32A0 282:053.536 - 0.537ms returns FALSE
T32A0 282:161.312 JLINK_IsHalted()
T32A0 282:162.112 - 0.840ms returns FALSE
T32A0 282:162.176 JLINK_IsHalted()
T32A0 282:163.072 - 0.889ms returns FALSE
T32A0 282:271.392 JLINK_IsHalted()
T32A0 282:272.064 - 0.673ms returns FALSE
T32A0 282:272.096 JLINK_IsHalted()
T32A0 282:272.672 - 0.577ms returns FALSE
T32A0 282:380.160 JLINK_IsHalted()
T32A0 282:380.992 - 0.815ms returns FALSE
T32A0 282:380.992 JLINK_IsHalted()
T32A0 282:381.760 - 0.766ms returns FALSE
T32A0 282:489.824 JLINK_IsHalted()
T32A0 282:490.496 - 0.659ms returns FALSE
T32A0 282:490.560 JLINK_IsHalted()
T32A0 282:491.296 - 0.729ms returns FALSE
T32A0 282:599.168 JLINK_IsHalted()
T32A0 282:600.000 - 0.839ms returns FALSE
T32A0 282:600.064 JLINK_IsHalted()
T32A0 282:600.832 - 0.772ms returns FALSE
T32A0 282:708.160 JLINK_IsHalted()
T32A0 282:708.832 - 0.650ms returns FALSE
T32A0 282:708.864 JLINK_IsHalted()
T32A0 282:709.440 - 0.576ms returns FALSE
T5484 282:735.744 JLINK_IsHalted()
T5484 282:736.448 - 0.685ms returns FALSE
T5484 282:736.448 JLINK_IsHalted()
T5484 282:737.088 - 0.629ms returns FALSE
T32A0 282:818.240 JLINK_IsHalted()
T32A0 282:818.976 - 0.733ms returns FALSE
T32A0 282:819.040 JLINK_IsHalted()
T32A0 282:819.680 - 0.649ms returns FALSE
T32A0 282:927.648 JLINK_IsHalted()
T32A0 282:928.480 - 0.842ms returns FALSE
T32A0 282:928.544 JLINK_IsHalted()
T32A0 282:929.344 - 0.795ms returns FALSE
T32A0 283:036.480 JLINK_IsHalted()
T32A0 283:037.120 - 0.621ms returns FALSE
T32A0 283:037.184 JLINK_IsHalted()
T32A0 283:037.760 - 0.603ms returns FALSE
T32A0 283:146.432 JLINK_IsHalted()
T32A0 283:147.328 - 0.888ms returns FALSE
T32A0 283:147.360 JLINK_IsHalted()
T32A0 283:148.096 - 0.723ms returns FALSE
T32A0 283:255.360 JLINK_IsHalted()
T32A0 283:255.936 - 0.606ms returns FALSE
T32A0 283:256.000 JLINK_IsHalted()
T32A0 283:256.512 - 0.547ms returns FALSE
T32A0 283:364.608 JLINK_IsHalted()
T32A0 283:365.344 - 0.746ms returns FALSE
T32A0 283:365.408 JLINK_IsHalted()
T32A0 283:366.112 - 0.705ms returns FALSE
T32A0 283:474.336 JLINK_IsHalted()
T32A0 283:633.952 - 159.624ms returns FALSE
T32A0 283:633.984 JLINK_IsHalted()
T32A0 283:640.832 - 6.814ms returns FALSE
T32A0 283:739.808 JLINK_IsHalted()
T32A0 283:740.640 - 0.848ms returns FALSE
T32A0 283:740.704 JLINK_IsHalted()
T32A0 283:741.312 - 0.607ms returns FALSE
T5484 283:741.376 JLINK_IsHalted()
T5484 283:741.952 - 0.553ms returns FALSE
T5484 283:742.016 JLINK_IsHalted()
T5484 283:742.528 - 0.531ms returns FALSE
T32A0 283:848.768 JLINK_IsHalted()
T32A0 283:849.408 - 0.660ms returns FALSE
T32A0 283:849.440 JLINK_IsHalted()
T32A0 283:850.048 - 0.579ms returns FALSE
T32A0 283:958.496 JLINK_IsHalted()
T32A0 283:959.296 - 0.799ms returns FALSE
T32A0 283:959.328 JLINK_IsHalted()
T32A0 283:959.968 - 0.623ms returns FALSE
T32A0 284:067.520 JLINK_IsHalted()
T32A0 284:068.288 - 0.788ms returns FALSE
T32A0 284:068.352 JLINK_IsHalted()
T32A0 284:069.248 - 0.901ms returns FALSE
T32A0 284:177.504 JLINK_IsHalted()
T32A0 284:178.112 - 0.598ms returns FALSE
T32A0 284:178.112 JLINK_IsHalted()
T32A0 284:178.720 - 0.581ms returns FALSE
T32A0 284:286.784 JLINK_IsHalted()
T32A0 284:287.456 - 0.684ms returns FALSE
T32A0 284:287.520 JLINK_IsHalted()
T32A0 284:288.064 - 0.571ms returns FALSE
T32A0 284:395.840 JLINK_IsHalted()
T32A0 284:396.736 - 0.872ms returns FALSE
T32A0 284:396.768 JLINK_IsHalted()
T32A0 284:397.536 - 0.770ms returns FALSE
T32A0 284:505.664 JLINK_IsHalted()
T32A0 284:506.336 - 0.663ms returns FALSE
T32A0 284:506.368 JLINK_IsHalted()
T32A0 284:506.944 - 0.564ms returns FALSE
T32A0 284:614.912 JLINK_IsHalted()
T32A0 284:615.712 - 0.800ms returns FALSE
T32A0 284:615.744 JLINK_IsHalted()
T32A0 284:616.512 - 0.745ms returns FALSE
T32A0 284:723.840 JLINK_IsHalted()
T32A0 284:724.544 - 0.735ms returns FALSE
T32A0 284:724.608 JLINK_IsHalted()
T32A0 284:725.184 - 0.562ms returns FALSE
T5484 284:743.072 JLINK_IsHalted()
T5484 284:743.776 - 0.717ms returns FALSE
T5484 284:743.840 JLINK_IsHalted()
T5484 284:744.608 - 0.762ms returns FALSE
T32A0 284:833.888 JLINK_IsHalted()
T32A0 284:834.816 - 0.912ms returns FALSE
T32A0 284:834.880 JLINK_IsHalted()
T32A0 284:835.776 - 0.916ms returns FALSE
T32A0 284:942.912 JLINK_IsHalted()
T32A0 284:943.616 - 0.732ms returns FALSE
T32A0 284:943.680 JLINK_IsHalted()
T32A0 284:944.320 - 0.667ms returns FALSE
T32A0 285:052.224 JLINK_IsHalted()
T32A0 285:053.152 - 0.936ms returns FALSE
T32A0 285:053.376 JLINK_IsHalted()
T32A0 285:054.048 - 0.705ms returns FALSE
T32A0 285:162.176 JLINK_IsHalted()
T32A0 285:162.976 - 0.788ms returns FALSE
T32A0 285:163.008 JLINK_IsHalted()
T32A0 285:163.840 - 0.816ms returns FALSE
T32A0 285:271.232 JLINK_IsHalted()
T32A0 285:271.872 - 0.650ms returns FALSE
T32A0 285:271.904 JLINK_IsHalted()
T32A0 285:272.512 - 0.586ms returns FALSE
T32A0 285:380.800 JLINK_IsHalted()
T32A0 285:381.664 - 0.848ms returns FALSE
T32A0 285:381.696 JLINK_IsHalted()
T32A0 285:382.496 - 0.816ms returns FALSE
T32A0 285:489.728 JLINK_IsHalted()
T32A0 285:490.336 - 0.630ms returns FALSE
T32A0 285:490.368 JLINK_IsHalted()
T32A0 285:491.008 - 0.616ms returns FALSE
T32A0 285:599.136 JLINK_IsHalted()
T32A0 285:599.904 - 0.768ms returns FALSE
T32A0 285:599.936 JLINK_IsHalted()
T32A0 285:600.736 - 0.800ms returns FALSE
T32A0 285:708.256 JLINK_IsHalted()
T32A0 285:708.960 - 0.675ms returns FALSE
T32A0 285:708.992 JLINK_IsHalted()
T32A0 285:709.568 - 0.589ms returns FALSE
T5484 285:745.696 JLINK_IsHalted()
T5484 285:746.496 - 0.814ms returns FALSE
T5484 285:746.560 JLINK_IsHalted()
T5484 285:747.360 - 0.786ms returns FALSE
T32A0 285:817.536 JLINK_IsHalted()
T32A0 285:818.336 - 0.828ms returns FALSE
T32A0 285:818.400 JLINK_IsHalted()
T32A0 285:819.104 - 0.727ms returns FALSE
T32A0 285:927.872 JLINK_IsHalted()
T32A0 285:928.640 - 0.760ms returns FALSE
T32A0 285:928.704 JLINK_IsHalted()
T32A0 285:929.568 - 0.864ms returns FALSE
T32A0 286:036.800 JLINK_IsHalted()
T32A0 286:037.568 - 0.759ms returns FALSE
T32A0 286:037.632 JLINK_IsHalted()
T32A0 286:038.272 - 0.644ms returns FALSE
T32A0 286:145.792 JLINK_IsHalted()
T32A0 286:146.688 - 0.897ms returns FALSE
T32A0 286:146.752 JLINK_IsHalted()
T32A0 286:147.456 - 0.714ms returns FALSE
T32A0 286:255.584 JLINK_IsHalted()
T32A0 286:256.288 - 0.673ms returns FALSE
T32A0 286:256.320 JLINK_IsHalted()
T32A0 286:256.928 - 0.620ms returns FALSE
T32A0 286:364.704 JLINK_IsHalted()
T32A0 286:365.504 - 0.818ms returns FALSE
T32A0 286:365.568 JLINK_IsHalted()
T32A0 286:366.368 - 0.800ms returns FALSE
T32A0 286:473.792 JLINK_IsHalted()
T32A0 286:474.432 - 0.659ms returns FALSE
T32A0 286:474.464 JLINK_IsHalted()
T32A0 286:475.072 - 0.589ms returns FALSE
T32A0 286:583.808 JLINK_IsHalted()
T32A0 286:584.640 - 0.811ms returns FALSE
T32A0 286:584.640 JLINK_IsHalted()
T32A0 286:585.440 - 0.794ms returns FALSE
T32A0 286:692.736 JLINK_IsHalted()
T32A0 286:693.440 - 0.718ms returns FALSE
T32A0 286:693.472 JLINK_IsHalted()
T32A0 286:694.080 - 0.613ms returns FALSE
T5484 286:747.904 JLINK_IsHalted()
T5484 286:748.672 - 0.769ms returns FALSE
T5484 286:748.736 JLINK_IsHalted()
T5484 286:749.536 - 0.820ms returns FALSE
T32A0 286:802.624 JLINK_IsHalted()
T32A0 286:803.392 - 0.743ms returns FALSE
T32A0 286:803.424 JLINK_IsHalted()
T32A0 286:804.160 - 0.729ms returns FALSE
T32A0 286:911.456 JLINK_IsHalted()
T32A0 286:912.192 - 0.705ms returns FALSE
T32A0 286:912.224 JLINK_IsHalted()
T32A0 286:912.992 - 0.761ms returns FALSE
T32A0 287:021.504 JLINK_IsHalted()
T32A0 287:022.176 - 0.683ms returns FALSE
T32A0 287:022.208 JLINK_IsHalted()
T32A0 287:022.784 - 0.551ms returns FALSE
T32A0 287:130.560 JLINK_IsHalted()
T32A0 287:131.328 - 0.777ms returns FALSE
T32A0 287:131.424 JLINK_IsHalted()
T32A0 287:132.160 - 0.728ms returns FALSE
T32A0 287:240.352 JLINK_IsHalted()
T32A0 287:241.024 - 0.673ms returns FALSE
T32A0 287:241.056 JLINK_IsHalted()
T32A0 287:241.664 - 0.630ms returns FALSE
T32A0 287:349.408 JLINK_IsHalted()
T32A0 287:350.336 - 0.906ms returns FALSE
T32A0 287:350.368 JLINK_IsHalted()
T32A0 287:351.104 - 0.713ms returns FALSE
T32A0 287:459.008 JLINK_IsHalted()
T32A0 287:459.616 - 0.617ms returns FALSE
T32A0 287:459.648 JLINK_IsHalted()
T32A0 287:460.288 - 0.638ms returns FALSE
T32A0 287:568.000 JLINK_IsHalted()
T32A0 287:568.704 - 0.694ms returns FALSE
T32A0 287:568.736 JLINK_IsHalted()
T32A0 287:569.472 - 0.747ms returns FALSE
T32A0 287:676.928 JLINK_IsHalted()
T32A0 287:677.568 - 0.650ms returns FALSE
T32A0 287:677.600 JLINK_IsHalted()
T32A0 287:678.176 - 0.564ms returns FALSE
T5484 287:750.272 JLINK_IsHalted()
T5484 287:751.136 - 0.883ms returns FALSE
T5484 287:751.200 JLINK_IsHalted()
T5484 287:751.936 - 0.740ms returns FALSE
T32A0 287:787.072 JLINK_IsHalted()
T32A0 287:787.872 - 0.814ms returns FALSE
T32A0 287:787.968 JLINK_IsHalted()
T32A0 287:788.608 - 0.662ms returns FALSE
T32A0 287:896.256 JLINK_IsHalted()
T32A0 287:897.088 - 0.802ms returns FALSE
T32A0 287:897.120 JLINK_IsHalted()
T32A0 287:897.952 - 0.833ms returns FALSE
T32A0 288:005.216 JLINK_IsHalted()
T32A0 288:005.952 - 0.730ms returns FALSE
T32A0 288:005.952 JLINK_IsHalted()
T32A0 288:006.528 - 0.558ms returns FALSE
T32A0 288:114.560 JLINK_IsHalted()
T32A0 288:115.456 - 0.889ms returns FALSE
T32A0 288:115.520 JLINK_IsHalted()
T32A0 288:116.320 - 0.807ms returns FALSE
T32A0 288:224.576 JLINK_IsHalted()
T32A0 288:225.280 - 0.676ms returns FALSE
T32A0 288:225.312 JLINK_IsHalted()
T32A0 288:225.920 - 0.604ms returns FALSE
T32A0 288:333.696 JLINK_IsHalted()
T32A0 288:334.528 - 0.805ms returns FALSE
T32A0 288:334.560 JLINK_IsHalted()
T32A0 288:335.296 - 0.752ms returns FALSE
T32A0 288:442.592 JLINK_IsHalted()
T32A0 288:443.296 - 0.677ms returns FALSE
T32A0 288:443.328 JLINK_IsHalted()
T32A0 288:443.936 - 0.614ms returns FALSE
T32A0 288:552.096 JLINK_IsHalted()
T32A0 288:552.736 - 0.644ms returns FALSE
T32A0 288:552.768 JLINK_IsHalted()
T32A0 288:553.376 - 0.594ms returns FALSE
T32A0 288:662.240 JLINK_IsHalted()
T32A0 288:662.944 - 0.701ms returns FALSE
T32A0 288:662.976 JLINK_IsHalted()
T32A0 288:663.648 - 0.651ms returns FALSE
T5484 288:753.056 JLINK_IsHalted()
T5484 288:753.856 - 0.816ms returns FALSE
T5484 288:753.920 JLINK_IsHalted()
T5484 288:754.656 - 0.759ms returns FALSE
T32A0 288:771.328 JLINK_IsHalted()
T32A0 288:772.096 - 0.765ms returns FALSE
T32A0 288:772.160 JLINK_IsHalted()
T32A0 288:772.800 - 0.639ms returns FALSE
T32A0 288:880.576 JLINK_IsHalted()
T32A0 288:881.376 - 0.798ms returns FALSE
T32A0 288:881.440 JLINK_IsHalted()
T32A0 288:882.208 - 0.771ms returns FALSE
T32A0 288:989.920 JLINK_IsHalted()
T32A0 288:990.592 - 0.675ms returns FALSE
T32A0 288:990.656 JLINK_IsHalted()
T32A0 288:991.168 - 0.553ms returns FALSE
T32A0 289:098.976 JLINK_IsHalted()
T32A0 289:099.872 - 0.887ms returns FALSE
T32A0 289:099.936 JLINK_IsHalted()
T32A0 289:100.640 - 0.715ms returns FALSE
T32A0 289:208.512 JLINK_IsHalted()
T32A0 289:209.184 - 0.652ms returns FALSE
T32A0 289:209.216 JLINK_IsHalted()
T32A0 289:209.792 - 0.593ms returns FALSE
T32A0 289:317.696 JLINK_IsHalted()
T32A0 289:318.464 - 0.810ms returns FALSE
T32A0 289:318.528 JLINK_IsHalted()
T32A0 289:319.360 - 0.794ms returns FALSE
T32A0 289:427.520 JLINK_IsHalted()
T32A0 289:428.160 - 0.652ms returns FALSE
T32A0 289:428.224 JLINK_IsHalted()
T32A0 289:428.896 - 0.662ms returns FALSE
T32A0 289:536.736 JLINK_IsHalted()
T32A0 289:537.600 - 0.876ms returns FALSE
T32A0 289:537.728 JLINK_IsHalted()
T32A0 289:538.624 - 0.900ms returns FALSE
T32A0 289:645.728 JLINK_IsHalted()
T32A0 289:646.432 - 0.737ms returns FALSE
T32A0 289:646.496 JLINK_IsHalted()
T32A0 289:647.104 - 0.601ms returns FALSE
T5484 289:754.976 JLINK_IsHalted()
T5484 289:755.744 - 0.750ms returns FALSE
T5484 289:755.808 JLINK_IsHalted()
T5484 289:756.544 - 0.734ms returns FALSE
T32A0 289:756.672 JLINK_IsHalted()
T32A0 289:757.280 - 0.620ms returns FALSE
T32A0 289:757.376 JLINK_IsHalted()
T32A0 289:757.920 - 0.520ms returns FALSE
T32A0 289:864.608 JLINK_IsHalted()
T32A0 289:865.280 - 0.674ms returns FALSE
T32A0 289:865.312 JLINK_IsHalted()
T32A0 289:865.920 - 0.615ms returns FALSE
T32A0 289:974.656 JLINK_IsHalted()
T32A0 289:975.456 - 0.791ms returns FALSE
T32A0 289:975.552 JLINK_IsHalted()
T32A0 289:976.256 - 0.719ms returns FALSE
T32A0 290:083.424 JLINK_IsHalted()
T32A0 290:084.064 - 0.662ms returns FALSE
T32A0 290:084.128 JLINK_IsHalted()
T32A0 290:084.800 - 0.664ms returns FALSE
T32A0 290:193.408 JLINK_IsHalted()
T32A0 290:194.080 - 0.677ms returns FALSE
T32A0 290:194.112 JLINK_IsHalted()
T32A0 290:194.720 - 0.591ms returns FALSE
T32A0 290:302.272 JLINK_IsHalted()
T32A0 290:303.072 - 0.836ms returns FALSE
T32A0 290:303.168 JLINK_IsHalted()
T32A0 290:303.872 - 0.718ms returns FALSE
T32A0 290:412.128 JLINK_IsHalted()
T32A0 290:412.928 - 0.781ms returns FALSE
T32A0 290:412.992 JLINK_IsHalted()
T32A0 290:413.696 - 0.725ms returns FALSE
T32A0 290:521.408 JLINK_IsHalted()
T32A0 290:522.240 - 0.807ms returns FALSE
T32A0 290:522.272 JLINK_IsHalted()
T32A0 290:522.944 - 0.665ms returns FALSE
T32A0 290:630.592 JLINK_IsHalted()
T32A0 290:631.456 - 0.846ms returns FALSE
T32A0 290:631.488 JLINK_IsHalted()
T32A0 290:632.320 - 0.815ms returns FALSE
T32A0 290:739.552 JLINK_IsHalted()
T32A0 290:740.288 - 0.731ms returns FALSE
T32A0 290:740.320 JLINK_IsHalted()
T32A0 290:740.928 - 0.597ms returns FALSE
T5484 290:757.792 JLINK_IsHalted()
T5484 290:758.464 - 0.677ms returns FALSE
T5484 290:758.496 JLINK_IsHalted()
T5484 290:759.104 - 0.586ms returns FALSE
T32A0 290:849.600 JLINK_IsHalted()
T32A0 290:850.496 - 0.899ms returns FALSE
T32A0 290:850.560 JLINK_IsHalted()
T32A0 290:851.296 - 0.745ms returns FALSE
T32A0 290:958.144 JLINK_IsHalted()
T32A0 290:958.784 - 0.636ms returns FALSE
T32A0 290:958.816 JLINK_IsHalted()
T32A0 290:959.424 - 0.615ms returns FALSE
T32A0 291:068.320 JLINK_IsHalted()
T32A0 291:069.152 - 0.833ms returns FALSE
T32A0 291:069.216 JLINK_IsHalted()
T32A0 291:070.016 - 0.801ms returns FALSE
T32A0 291:176.896 JLINK_IsHalted()
T32A0 291:177.536 - 0.632ms returns FALSE
T32A0 291:177.568 JLINK_IsHalted()
T32A0 291:178.144 - 0.564ms returns FALSE
T32A0 291:287.168 JLINK_IsHalted()
T32A0 291:287.840 - 0.672ms returns FALSE
T32A0 291:287.872 JLINK_IsHalted()
T32A0 291:288.512 - 0.654ms returns FALSE
T32A0 291:396.160 JLINK_IsHalted()
T32A0 291:396.864 - 0.690ms returns FALSE
T32A0 291:396.896 JLINK_IsHalted()
T32A0 291:397.600 - 0.719ms returns FALSE
T32A0 291:505.280 JLINK_IsHalted()
T32A0 291:506.112 - 0.845ms returns FALSE
T32A0 291:506.208 JLINK_IsHalted()
T32A0 291:506.912 - 0.705ms returns FALSE
T32A0 291:614.976 JLINK_IsHalted()
T32A0 291:615.872 - 0.887ms returns FALSE
T32A0 291:615.936 JLINK_IsHalted()
T32A0 291:616.832 - 0.890ms returns FALSE
T32A0 291:724.128 JLINK_IsHalted()
T32A0 291:724.832 - 0.683ms returns FALSE
T32A0 291:724.864 JLINK_IsHalted()
T32A0 291:725.536 - 0.694ms returns FALSE
T5484 291:759.584 JLINK_IsHalted()
T5484 291:760.288 - 0.671ms returns FALSE
T5484 291:760.320 JLINK_IsHalted()
T5484 291:760.896 - 0.572ms returns FALSE
T32A0 291:833.408 JLINK_IsHalted()
T32A0 291:834.176 - 0.777ms returns FALSE
T32A0 291:834.240 JLINK_IsHalted()
T32A0 291:835.008 - 0.772ms returns FALSE
T32A0 291:942.784 JLINK_IsHalted()
T32A0 291:943.488 - 0.679ms returns FALSE
T32A0 291:943.488 JLINK_IsHalted()
T32A0 291:944.096 - 0.585ms returns FALSE
T32A0 292:052.736 JLINK_IsHalted()
T32A0 292:053.504 - 0.750ms returns FALSE
T32A0 292:053.568 JLINK_IsHalted()
T32A0 292:054.272 - 0.736ms returns FALSE
T32A0 292:161.600 JLINK_IsHalted()
T32A0 292:162.272 - 0.694ms returns FALSE
T32A0 292:162.368 JLINK_IsHalted()
T32A0 292:163.008 - 0.617ms returns FALSE
T32A0 292:271.584 JLINK_IsHalted()
T32A0 292:272.320 - 0.710ms returns FALSE
T32A0 292:272.352 JLINK_IsHalted()
T32A0 292:273.024 - 0.670ms returns FALSE
T32A0 292:380.576 JLINK_IsHalted()
T32A0 292:381.312 - 0.733ms returns FALSE
T32A0 292:381.344 JLINK_IsHalted()
T32A0 292:382.016 - 0.641ms returns FALSE
T32A0 292:489.664 JLINK_IsHalted()
T32A0 292:490.496 - 0.817ms returns FALSE
T32A0 292:490.656 JLINK_IsHalted()
T32A0 292:491.584 - 0.915ms returns FALSE
T32A0 292:599.616 JLINK_IsHalted()
T32A0 292:600.320 - 0.704ms returns FALSE
T32A0 292:600.384 JLINK_IsHalted()
T32A0 292:601.088 - 0.709ms returns FALSE
T32A0 292:708.544 JLINK_IsHalted()
T32A0 292:709.280 - 0.710ms returns FALSE
T32A0 292:709.312 JLINK_IsHalted()
T32A0 292:709.920 - 0.602ms returns FALSE
T5484 292:760.832 JLINK_IsHalted()
T5484 292:761.536 - 0.685ms returns FALSE
T5484 292:761.536 JLINK_IsHalted()
T5484 292:762.176 - 0.624ms returns FALSE
T32A0 292:817.696 JLINK_IsHalted()
T32A0 292:818.560 - 0.876ms returns FALSE
T32A0 292:818.624 JLINK_IsHalted()
T32A0 292:819.552 - 0.913ms returns FALSE
T32A0 292:927.552 JLINK_IsHalted()
T32A0 292:928.288 - 0.715ms returns FALSE
T32A0 292:928.320 JLINK_IsHalted()
T32A0 292:928.960 - 0.608ms returns FALSE
T32A0 293:036.352 JLINK_IsHalted()
T32A0 293:037.184 - 0.826ms returns FALSE
T32A0 293:037.216 JLINK_IsHalted()
T32A0 293:038.016 - 0.768ms returns FALSE
T32A0 293:146.304 JLINK_IsHalted()
T32A0 293:146.976 - 0.695ms returns FALSE
T32A0 293:147.008 JLINK_IsHalted()
T32A0 293:147.712 - 0.708ms returns FALSE
T32A0 293:255.840 JLINK_IsHalted()
T32A0 293:256.672 - 0.836ms returns FALSE
T32A0 293:256.736 JLINK_IsHalted()
T32A0 293:257.472 - 0.749ms returns FALSE
T32A0 293:364.800 JLINK_IsHalted()
T32A0 293:365.728 - 0.900ms returns FALSE
T32A0 293:365.792 JLINK_IsHalted()
T32A0 293:366.496 - 0.717ms returns FALSE
T32A0 293:474.464 JLINK_IsHalted()
T32A0 293:475.136 - 0.682ms returns FALSE
T32A0 293:475.200 JLINK_IsHalted()
T32A0 293:475.808 - 0.627ms returns FALSE
T32A0 293:583.744 JLINK_IsHalted()
T32A0 293:584.512 - 0.755ms returns FALSE
T32A0 293:584.576 JLINK_IsHalted()
T32A0 293:585.376 - 0.814ms returns FALSE
T32A0 293:692.672 JLINK_IsHalted()
T32A0 293:693.472 - 0.772ms returns FALSE
T32A0 293:693.504 JLINK_IsHalted()
T32A0 293:694.176 - 0.668ms returns FALSE
T5484 293:762.176 JLINK_IsHalted()
T5484 293:762.848 - 0.672ms returns FALSE
T5484 293:762.880 JLINK_IsHalted()
T5484 293:763.520 - 0.616ms returns FALSE
T32A0 293:802.272 JLINK_IsHalted()
T32A0 293:803.072 - 0.833ms returns FALSE
T32A0 293:803.168 JLINK_IsHalted()
T32A0 293:803.872 - 0.729ms returns FALSE
T32A0 293:911.488 JLINK_IsHalted()
T32A0 293:912.096 - 0.616ms returns FALSE
T32A0 293:912.128 JLINK_IsHalted()
T32A0 293:912.704 - 0.597ms returns FALSE
T32A0 294:021.632 JLINK_IsHalted()
T32A0 294:022.976 - 1.345ms returns FALSE
T32A0 294:023.008 JLINK_IsHalted()
T32A0 294:023.744 - 0.724ms returns FALSE
T32A0 294:130.464 JLINK_IsHalted()
T32A0 294:131.200 - 0.745ms returns FALSE
T32A0 294:131.232 JLINK_IsHalted()
T32A0 294:131.904 - 0.666ms returns FALSE
T32A0 294:240.064 JLINK_IsHalted()
T32A0 294:240.928 - 0.848ms returns FALSE
T32A0 294:241.056 JLINK_IsHalted()
T32A0 294:241.824 - 0.760ms returns FALSE
T32A0 294:349.216 JLINK_IsHalted()
T32A0 294:350.112 - 0.894ms returns FALSE
T32A0 294:350.144 JLINK_IsHalted()
T32A0 294:350.880 - 0.695ms returns FALSE
T32A0 294:458.144 JLINK_IsHalted()
T32A0 294:458.848 - 0.714ms returns FALSE
T32A0 294:458.880 JLINK_IsHalted()
T32A0 294:459.488 - 0.606ms returns FALSE
T32A0 294:568.128 JLINK_IsHalted()
T32A0 294:568.896 - 0.775ms returns FALSE
T32A0 294:568.928 JLINK_IsHalted()
T32A0 294:569.632 - 0.692ms returns FALSE
T32A0 294:676.928 JLINK_IsHalted()
T32A0 294:677.568 - 0.642ms returns FALSE
T32A0 294:677.600 JLINK_IsHalted()
T32A0 294:678.272 - 0.656ms returns FALSE
T5484 294:764.032 JLINK_IsHalted()
T5484 294:764.960 - 0.911ms returns FALSE
T5484 294:764.992 JLINK_IsHalted()
T5484 294:765.632 - 0.621ms returns FALSE
T32A0 294:787.008 JLINK_IsHalted()
T32A0 294:787.680 - 0.695ms returns FALSE
T32A0 294:787.712 JLINK_IsHalted()
T32A0 294:788.320 - 0.606ms returns FALSE
T32A0 294:895.936 JLINK_IsHalted()
T32A0 294:896.576 - 0.633ms returns FALSE
T32A0 294:896.608 JLINK_IsHalted()
T32A0 294:897.152 - 0.549ms returns FALSE
T32A0 295:005.056 JLINK_IsHalted()
T32A0 295:005.984 - 0.906ms returns FALSE
T32A0 295:006.016 JLINK_IsHalted()
T32A0 295:006.784 - 0.740ms returns FALSE
T32A0 295:114.688 JLINK_IsHalted()
T32A0 295:115.488 - 0.814ms returns FALSE
T32A0 295:115.552 JLINK_IsHalted()
T32A0 295:116.288 - 0.737ms returns FALSE
T32A0 295:223.776 JLINK_IsHalted()
T32A0 295:224.608 - 0.804ms returns FALSE
T32A0 295:224.640 JLINK_IsHalted()
T32A0 295:225.312 - 0.669ms returns FALSE
T32A0 295:333.824 JLINK_IsHalted()
T32A0 295:334.656 - 0.844ms returns FALSE
T32A0 295:334.720 JLINK_IsHalted()
T32A0 295:335.488 - 0.771ms returns FALSE
T32A0 295:442.880 JLINK_IsHalted()
T32A0 295:443.520 - 0.637ms returns FALSE
T32A0 295:443.584 JLINK_IsHalted()
T32A0 295:444.288 - 0.705ms returns FALSE
T32A0 295:552.000 JLINK_IsHalted()
T32A0 295:552.832 - 0.821ms returns FALSE
T32A0 295:552.832 JLINK_IsHalted()
T32A0 295:553.728 - 0.896ms returns FALSE
T32A0 295:661.952 JLINK_IsHalted()
T32A0 295:662.656 - 0.713ms returns FALSE
T32A0 295:662.688 JLINK_IsHalted()
T32A0 295:663.328 - 0.616ms returns FALSE
T5484 295:766.464 JLINK_IsHalted()
T5484 295:767.232 - 0.764ms returns FALSE
T5484 295:767.296 JLINK_IsHalted()
T5484 295:768.032 - 0.749ms returns FALSE
T32A0 295:771.200 JLINK_IsHalted()
T32A0 295:772.064 - 0.885ms returns FALSE
T32A0 295:772.096 JLINK_IsHalted()
T32A0 295:772.992 - 0.870ms returns FALSE
T32A0 295:880.128 JLINK_IsHalted()
T32A0 295:880.800 - 0.648ms returns FALSE
T32A0 295:880.832 JLINK_IsHalted()
T32A0 295:881.440 - 0.620ms returns FALSE
T32A0 295:990.208 JLINK_IsHalted()
T32A0 296:020.640 - 30.408ms returns FALSE
T32A0 296:020.704 JLINK_IsHalted()
T32A0 296:041.280 - 20.588ms returns FALSE
T32A0 296:146.240 JLINK_IsHalted()
T32A0 296:191.040 - 44.823ms returns FALSE
T32A0 296:191.136 JLINK_IsHalted()
T32A0 296:191.936 - 0.788ms returns FALSE
T32A0 296:287.264 JLINK_IsHalted()
T32A0 296:287.872 - 0.617ms returns FALSE
T32A0 296:287.936 JLINK_IsHalted()
T32A0 296:291.008 - 3.107ms returns FALSE
T32A0 296:396.192 JLINK_IsHalted()
T32A0 296:396.768 - 0.578ms returns FALSE
T32A0 296:396.800 JLINK_IsHalted()
T32A0 296:397.440 - 0.621ms returns FALSE
T32A0 296:505.216 JLINK_IsHalted()
T32A0 296:505.920 - 0.694ms returns FALSE
T32A0 296:505.952 JLINK_IsHalted()
T32A0 296:506.528 - 0.562ms returns FALSE
T32A0 296:615.264 JLINK_IsHalted()
T32A0 296:616.000 - 0.718ms returns FALSE
T32A0 296:616.000 JLINK_IsHalted()
T32A0 296:616.640 - 0.621ms returns FALSE
T32A0 296:723.872 JLINK_IsHalted()
T32A0 296:724.544 - 0.673ms returns FALSE
T32A0 296:724.544 JLINK_IsHalted()
T32A0 296:725.120 - 0.548ms returns FALSE
T5484 296:769.184 JLINK_IsHalted()
T5484 296:769.824 - 0.631ms returns FALSE
T5484 296:769.856 JLINK_IsHalted()
T5484 296:770.432 - 0.551ms returns FALSE
T32A0 296:833.888 JLINK_IsHalted()
T32A0 296:834.528 - 0.638ms returns FALSE
T32A0 296:834.592 JLINK_IsHalted()
T32A0 296:835.200 - 0.608ms returns FALSE
T32A0 296:942.976 JLINK_IsHalted()
T32A0 296:943.680 - 0.736ms returns FALSE
T32A0 296:943.808 JLINK_IsHalted()
T32A0 296:944.704 - 0.868ms returns FALSE
T32A0 297:052.768 JLINK_IsHalted()
T32A0 297:053.504 - 0.760ms returns FALSE
T32A0 297:053.568 JLINK_IsHalted()
T32A0 297:054.304 - 0.728ms returns FALSE
T32A0 297:162.048 JLINK_IsHalted()
T32A0 297:162.688 - 0.648ms returns FALSE
T32A0 297:162.752 JLINK_IsHalted()
T32A0 297:163.328 - 0.571ms returns FALSE
T32A0 297:271.104 JLINK_IsHalted()
T32A0 297:272.000 - 0.859ms returns FALSE
T32A0 297:272.032 JLINK_IsHalted()
T32A0 297:272.864 - 0.818ms returns FALSE
T32A0 297:380.032 JLINK_IsHalted()
T32A0 297:380.704 - 0.650ms returns FALSE
T32A0 297:380.736 JLINK_IsHalted()
T32A0 297:381.312 - 0.599ms returns FALSE
T32A0 297:489.440 JLINK_IsHalted()
T32A0 297:490.208 - 0.782ms returns FALSE
T32A0 297:490.240 JLINK_IsHalted()
T32A0 297:490.976 - 0.725ms returns FALSE
T32A0 297:599.392 JLINK_IsHalted()
T32A0 297:600.128 - 0.727ms returns FALSE
T32A0 297:600.192 JLINK_IsHalted()
T32A0 297:600.864 - 0.710ms returns FALSE
T32A0 297:708.992 JLINK_IsHalted()
T32A0 297:709.792 - 0.821ms returns FALSE
T32A0 297:709.888 JLINK_IsHalted()
T32A0 297:710.528 - 0.648ms returns FALSE
T5484 297:770.432 JLINK_IsHalted()
T5484 297:771.200 - 0.750ms returns FALSE
T5484 297:771.264 JLINK_IsHalted()
T5484 297:772.032 - 0.779ms returns FALSE
T32A0 297:818.304 JLINK_IsHalted()
T32A0 297:819.072 - 0.788ms returns FALSE
T32A0 297:819.136 JLINK_IsHalted()
T32A0 297:819.840 - 0.705ms returns FALSE
T32A0 297:927.136 JLINK_IsHalted()
T32A0 297:927.808 - 0.672ms returns FALSE
T32A0 297:927.872 JLINK_IsHalted()
T32A0 297:928.512 - 0.653ms returns FALSE
T32A0 298:037.248 JLINK_IsHalted()
T32A0 298:038.144 - 0.899ms returns FALSE
T32A0 298:038.208 JLINK_IsHalted()
T32A0 298:038.816 - 0.627ms returns FALSE
T32A0 298:145.856 JLINK_IsHalted()
T32A0 298:146.464 - 0.605ms returns FALSE
T32A0 298:146.496 JLINK_IsHalted()
T32A0 298:147.072 - 0.567ms returns FALSE
T32A0 298:255.680 JLINK_IsHalted()
T32A0 298:256.480 - 0.808ms returns FALSE
T32A0 298:256.544 JLINK_IsHalted()
T32A0 298:257.184 - 0.623ms returns FALSE
T32A0 298:364.576 JLINK_IsHalted()
T32A0 298:365.248 - 0.710ms returns FALSE
T32A0 298:365.312 JLINK_IsHalted()
T32A0 298:365.888 - 0.555ms returns FALSE
T32A0 298:474.400 JLINK_IsHalted()
T32A0 298:475.136 - 0.749ms returns FALSE
T32A0 298:475.200 JLINK_IsHalted()
T32A0 298:475.936 - 0.736ms returns FALSE
T32A0 298:583.424 JLINK_IsHalted()
T32A0 298:584.192 - 0.771ms returns FALSE
T32A0 298:584.256 JLINK_IsHalted()
T32A0 298:585.120 - 0.842ms returns FALSE
T32A0 298:693.408 JLINK_IsHalted()
T32A0 298:694.208 - 0.820ms returns FALSE
T32A0 298:694.304 JLINK_IsHalted()
T32A0 298:694.976 - 0.678ms returns FALSE
T5484 298:772.704 JLINK_IsHalted()
T5484 298:773.536 - 0.825ms returns FALSE
T5484 298:773.600 JLINK_IsHalted()
T5484 298:774.336 - 0.755ms returns FALSE
T32A0 298:802.400 JLINK_IsHalted()
T32A0 298:803.328 - 0.924ms returns FALSE
T32A0 298:803.392 JLINK_IsHalted()
T32A0 298:804.256 - 0.856ms returns FALSE
T32A0 298:911.456 JLINK_IsHalted()
T32A0 298:912.192 - 0.732ms returns FALSE
T32A0 298:912.224 JLINK_IsHalted()
T32A0 298:912.832 - 0.588ms returns FALSE
T32A0 299:021.504 JLINK_IsHalted()
T32A0 299:022.304 - 0.808ms returns FALSE
T32A0 299:022.368 JLINK_IsHalted()
T32A0 299:023.072 - 0.706ms returns FALSE
T32A0 299:130.816 JLINK_IsHalted()
T32A0 299:131.456 - 0.627ms returns FALSE
T32A0 299:131.488 JLINK_IsHalted()
T32A0 299:132.064 - 0.586ms returns FALSE
T32A0 299:240.832 JLINK_IsHalted()
T32A0 299:242.048 - 1.165ms returns FALSE
T32A0 299:242.112 JLINK_IsHalted()
T32A0 299:242.752 - 0.648ms returns FALSE
T32A0 299:349.056 JLINK_IsHalted()
T32A0 299:349.696 - 0.624ms returns FALSE
T32A0 299:349.760 JLINK_IsHalted()
T32A0 299:350.432 - 0.677ms returns FALSE
T32A0 299:459.104 JLINK_IsHalted()
T32A0 299:459.712 - 0.619ms returns FALSE
T32A0 299:459.744 JLINK_IsHalted()
T32A0 299:460.288 - 0.548ms returns FALSE
T32A0 299:568.192 JLINK_IsHalted()
T32A0 299:569.088 - 0.885ms returns FALSE
T32A0 299:569.152 JLINK_IsHalted()
T32A0 299:570.016 - 0.881ms returns FALSE
T32A0 299:677.280 JLINK_IsHalted()
T32A0 299:678.048 - 0.773ms returns FALSE
T32A0 299:678.112 JLINK_IsHalted()
T32A0 299:678.656 - 0.533ms returns FALSE
T5484 299:775.552 JLINK_IsHalted()
T5484 299:776.256 - 0.692ms returns FALSE
T5484 299:776.320 JLINK_IsHalted()
T5484 299:776.832 - 0.512ms returns FALSE
T32A0 299:787.168 JLINK_IsHalted()
T32A0 299:787.776 - 0.613ms returns FALSE
T32A0 299:787.808 JLINK_IsHalted()
T32A0 299:788.352 - 0.538ms returns FALSE
T32A0 299:896.160 JLINK_IsHalted()
T32A0 299:896.832 - 0.668ms returns FALSE
T32A0 299:896.896 JLINK_IsHalted()
T32A0 299:897.472 - 0.575ms returns FALSE
T32A0 300:005.184 JLINK_IsHalted()
T32A0 300:005.952 - 0.751ms returns FALSE
T32A0 300:005.984 JLINK_IsHalted()
T32A0 300:006.752 - 0.747ms returns FALSE
T32A0 300:114.944 JLINK_IsHalted()
T32A0 300:115.680 - 0.726ms returns FALSE
T32A0 300:115.712 JLINK_IsHalted()
T32A0 300:116.384 - 0.669ms returns FALSE
T32A0 300:224.288 JLINK_IsHalted()
T32A0 300:225.088 - 0.840ms returns FALSE
T32A0 300:225.152 JLINK_IsHalted()
T32A0 300:225.984 - 0.818ms returns FALSE
T32A0 300:333.568 JLINK_IsHalted()
T32A0 300:334.400 - 0.838ms returns FALSE
T32A0 300:334.464 JLINK_IsHalted()
T32A0 300:335.136 - 0.686ms returns FALSE
T32A0 300:443.328 JLINK_IsHalted()
T32A0 300:444.320 - 0.966ms returns FALSE
T32A0 300:444.352 JLINK_IsHalted()
T32A0 300:445.152 - 0.784ms returns FALSE
T32A0 300:552.288 JLINK_IsHalted()
T32A0 300:552.896 - 0.606ms returns FALSE
T32A0 300:552.928 JLINK_IsHalted()
T32A0 300:553.504 - 0.568ms returns FALSE
T32A0 300:661.344 JLINK_IsHalted()
T32A0 300:662.080 - 0.727ms returns FALSE
T32A0 300:662.112 JLINK_IsHalted()
T32A0 300:662.688 - 0.576ms returns FALSE
T32A0 300:771.520 JLINK_IsHalted()
T32A0 300:772.288 - 0.797ms returns FALSE
T32A0 300:772.352 JLINK_IsHalted()
T32A0 300:772.960 - 0.596ms returns FALSE
T5484 300:777.888 JLINK_IsHalted()
T5484 300:778.688 - 0.837ms returns FALSE
T5484 300:778.752 JLINK_IsHalted()
T5484 300:779.456 - 0.716ms returns FALSE
T32A0 300:880.448 JLINK_IsHalted()
T32A0 300:881.280 - 0.837ms returns FALSE
T32A0 300:881.344 JLINK_IsHalted()
T32A0 300:882.240 - 0.873ms returns FALSE
T32A0 300:990.176 JLINK_IsHalted()
T32A0 300:990.880 - 0.704ms returns FALSE
T32A0 300:990.912 JLINK_IsHalted()
T32A0 300:991.552 - 0.623ms returns FALSE
T32A0 301:099.168 JLINK_IsHalted()
T32A0 301:099.840 - 0.693ms returns FALSE
T32A0 301:099.904 JLINK_IsHalted()
T32A0 301:100.512 - 0.616ms returns FALSE
T32A0 301:208.256 JLINK_IsHalted()
T32A0 301:208.896 - 0.608ms returns FALSE
T32A0 301:208.928 JLINK_IsHalted()
T32A0 301:209.568 - 0.637ms returns FALSE
T32A0 301:318.336 JLINK_IsHalted()
T32A0 301:319.200 - 0.846ms returns FALSE
T32A0 301:319.232 JLINK_IsHalted()
T32A0 301:320.000 - 0.746ms returns FALSE
T32A0 301:427.328 JLINK_IsHalted()
T32A0 301:428.288 - 0.958ms returns FALSE
T32A0 301:428.384 JLINK_IsHalted()
T32A0 301:429.088 - 0.722ms returns FALSE
T32A0 301:536.384 JLINK_IsHalted()
T32A0 301:537.248 - 0.854ms returns FALSE
T32A0 301:537.312 JLINK_IsHalted()
T32A0 301:538.048 - 0.752ms returns FALSE
T32A0 301:646.208 JLINK_IsHalted()
T32A0 301:646.880 - 0.670ms returns FALSE
T32A0 301:646.912 JLINK_IsHalted()
T32A0 301:647.488 - 0.566ms returns FALSE
T32A0 301:755.200 JLINK_IsHalted()
T32A0 301:755.968 - 0.744ms returns FALSE
T32A0 301:756.000 JLINK_IsHalted()
T32A0 301:756.608 - 0.617ms returns FALSE
T5484 301:780.512 JLINK_IsHalted()
T5484 301:781.344 - 0.835ms returns FALSE
T5484 301:781.376 JLINK_IsHalted()
T5484 301:782.176 - 0.791ms returns FALSE
T32A0 301:865.024 JLINK_IsHalted()
T32A0 301:865.664 - 0.614ms returns FALSE
T32A0 301:865.696 JLINK_IsHalted()
T32A0 301:866.272 - 0.578ms returns FALSE
T32A0 301:974.112 JLINK_IsHalted()
T32A0 301:974.944 - 0.826ms returns FALSE
T32A0 301:974.976 JLINK_IsHalted()
T32A0 301:975.744 - 0.734ms returns FALSE
T32A0 302:083.136 JLINK_IsHalted()
T32A0 302:083.936 - 0.794ms returns FALSE
T32A0 302:083.968 JLINK_IsHalted()
T32A0 302:084.704 - 0.728ms returns FALSE
T32A0 302:192.512 JLINK_IsHalted()
T32A0 302:193.376 - 0.848ms returns FALSE
T32A0 302:193.408 JLINK_IsHalted()
T32A0 302:194.112 - 0.681ms returns FALSE
T32A0 302:301.952 JLINK_IsHalted()
T32A0 302:302.752 - 0.813ms returns FALSE
T32A0 302:302.784 JLINK_IsHalted()
T32A0 302:303.616 - 0.811ms returns FALSE
T32A0 302:412.000 JLINK_IsHalted()
T32A0 302:412.736 - 0.747ms returns FALSE
T32A0 302:412.800 JLINK_IsHalted()
T32A0 302:413.440 - 0.637ms returns FALSE
T32A0 302:520.992 JLINK_IsHalted()
T32A0 302:521.792 - 0.824ms returns FALSE
T32A0 302:521.856 JLINK_IsHalted()
T32A0 302:522.656 - 0.778ms returns FALSE
T32A0 302:630.944 JLINK_IsHalted()
T32A0 302:631.616 - 0.672ms returns FALSE
T32A0 302:631.648 JLINK_IsHalted()
T32A0 302:632.256 - 0.627ms returns FALSE
T32A0 302:739.520 JLINK_IsHalted()
T32A0 302:740.192 - 0.655ms returns FALSE
T32A0 302:740.224 JLINK_IsHalted()
T32A0 302:740.800 - 0.564ms returns FALSE
T5484 302:782.784 JLINK_IsHalted()
T5484 302:783.488 - 0.706ms returns FALSE
T5484 302:783.552 JLINK_IsHalted()
T5484 302:784.320 - 0.804ms returns FALSE
T32A0 302:849.536 JLINK_IsHalted()
T32A0 302:850.368 - 0.805ms returns FALSE
T32A0 302:850.368 JLINK_IsHalted()
T32A0 302:851.072 - 0.686ms returns FALSE
T32A0 302:958.784 JLINK_IsHalted()
T32A0 302:959.456 - 0.685ms returns FALSE
T32A0 302:959.520 JLINK_IsHalted()
T32A0 302:960.096 - 0.584ms returns FALSE
T32A0 303:067.840 JLINK_IsHalted()
T32A0 303:068.704 - 0.854ms returns FALSE
T32A0 303:068.736 JLINK_IsHalted()
T32A0 303:069.632 - 0.907ms returns FALSE
T32A0 303:177.760 JLINK_IsHalted()
T32A0 303:178.464 - 0.722ms returns FALSE
T32A0 303:178.528 JLINK_IsHalted()
T32A0 303:179.552 - 1.017ms returns FALSE
T32A0 303:286.816 JLINK_IsHalted()
T32A0 303:287.680 - 0.869ms returns FALSE
T32A0 303:287.744 JLINK_IsHalted()
T32A0 303:288.512 - 0.760ms returns FALSE
T32A0 303:396.032 JLINK_IsHalted()
T32A0 303:396.992 - 0.924ms returns FALSE
T32A0 303:397.056 JLINK_IsHalted()
T32A0 303:397.792 - 0.725ms returns FALSE
T32A0 303:505.088 JLINK_IsHalted()
T32A0 303:505.888 - 0.816ms returns FALSE
T32A0 303:505.952 JLINK_IsHalted()
T32A0 303:506.720 - 0.761ms returns FALSE
T32A0 303:615.008 JLINK_IsHalted()
T32A0 303:615.680 - 0.678ms returns FALSE
T32A0 303:615.712 JLINK_IsHalted()
T32A0 303:616.448 - 0.725ms returns FALSE
T32A0 303:723.968 JLINK_IsHalted()
T32A0 303:724.608 - 0.626ms returns FALSE
T32A0 303:724.608 JLINK_IsHalted()
T32A0 303:725.184 - 0.563ms returns FALSE
T5484 303:785.248 JLINK_IsHalted()
T5484 303:785.984 - 0.742ms returns FALSE
T5484 303:786.048 JLINK_IsHalted()
T5484 303:786.592 - 0.571ms returns FALSE
T32A0 303:834.048 JLINK_IsHalted()
T32A0 303:834.720 - 0.697ms returns FALSE
T32A0 303:834.784 JLINK_IsHalted()
T32A0 303:835.488 - 0.718ms returns FALSE
T32A0 303:942.816 JLINK_IsHalted()
T32A0 303:943.680 - 0.869ms returns FALSE
T32A0 303:943.712 JLINK_IsHalted()
T32A0 303:944.512 - 0.810ms returns FALSE
T32A0 304:052.800 JLINK_IsHalted()
T32A0 304:053.632 - 0.824ms returns FALSE
T32A0 304:053.696 JLINK_IsHalted()
T32A0 304:054.496 - 0.828ms returns FALSE
T32A0 304:161.856 JLINK_IsHalted()
T32A0 304:162.656 - 0.803ms returns FALSE
T32A0 304:162.752 JLINK_IsHalted()
T32A0 304:163.488 - 0.738ms returns FALSE
T32A0 304:270.816 JLINK_IsHalted()
T32A0 304:271.680 - 0.850ms returns FALSE
T32A0 304:271.712 JLINK_IsHalted()
T32A0 304:272.480 - 0.773ms returns FALSE
T32A0 304:380.736 JLINK_IsHalted()
T32A0 304:381.472 - 0.717ms returns FALSE
T32A0 304:381.504 JLINK_IsHalted()
T32A0 304:382.144 - 0.641ms returns FALSE
T32A0 304:489.696 JLINK_IsHalted()
T32A0 304:490.304 - 0.616ms returns FALSE
T32A0 304:490.336 JLINK_IsHalted()
T32A0 304:490.944 - 0.600ms returns FALSE
T32A0 304:599.424 JLINK_IsHalted()
T32A0 304:600.096 - 0.673ms returns FALSE
T32A0 304:600.128 JLINK_IsHalted()
T32A0 304:600.768 - 0.598ms returns FALSE
T32A0 304:708.576 JLINK_IsHalted()
T32A0 304:709.280 - 0.694ms returns FALSE
T32A0 304:709.376 JLINK_IsHalted()
T32A0 304:709.952 - 0.587ms returns FALSE
T5484 304:787.744 JLINK_IsHalted()
T5484 304:788.576 - 0.856ms returns FALSE
T5484 304:788.640 JLINK_IsHalted()
T5484 304:789.280 - 0.632ms returns FALSE
T32A0 304:818.400 JLINK_IsHalted()
T32A0 304:819.104 - 0.691ms returns FALSE
T32A0 304:819.136 JLINK_IsHalted()
T32A0 304:819.712 - 0.578ms returns FALSE
T32A0 304:927.392 JLINK_IsHalted()
T32A0 304:928.064 - 0.675ms returns FALSE
T32A0 304:928.096 JLINK_IsHalted()
T32A0 304:928.672 - 0.562ms returns FALSE
T32A0 305:037.120 JLINK_IsHalted()
T32A0 305:038.016 - 0.865ms returns FALSE
T32A0 305:038.144 JLINK_IsHalted()
T32A0 305:039.040 - 0.924ms returns FALSE
T32A0 305:146.144 JLINK_IsHalted()
T32A0 305:147.776 - 1.638ms returns FALSE
T32A0 305:147.840 JLINK_IsHalted()
T32A0 305:148.512 - 0.662ms returns FALSE
T32A0 305:255.104 JLINK_IsHalted()
T32A0 305:255.776 - 0.674ms returns FALSE
T32A0 305:255.840 JLINK_IsHalted()
T32A0 305:256.416 - 0.587ms returns FALSE
T32A0 305:365.088 JLINK_IsHalted()
T32A0 305:365.856 - 0.753ms returns FALSE
T32A0 305:365.952 JLINK_IsHalted()
T32A0 305:366.848 - 0.893ms returns FALSE
T32A0 305:474.112 JLINK_IsHalted()
T32A0 305:474.816 - 0.721ms returns FALSE
T32A0 305:474.880 JLINK_IsHalted()
T32A0 305:475.424 - 0.555ms returns FALSE
T32A0 305:583.424 JLINK_IsHalted()
T32A0 305:584.064 - 0.618ms returns FALSE
T32A0 305:584.128 JLINK_IsHalted()
T32A0 305:584.704 - 0.601ms returns FALSE
T32A0 305:692.800 JLINK_IsHalted()
T32A0 305:693.472 - 0.657ms returns FALSE
T32A0 305:693.504 JLINK_IsHalted()
T32A0 305:694.048 - 0.580ms returns FALSE
T5484 305:789.728 JLINK_IsHalted()
T5484 305:790.464 - 0.742ms returns FALSE
T5484 305:790.528 JLINK_IsHalted()
T5484 305:791.168 - 0.625ms returns FALSE
T32A0 305:802.432 JLINK_IsHalted()
T32A0 305:803.104 - 0.655ms returns FALSE
T32A0 305:803.136 JLINK_IsHalted()
T32A0 305:803.712 - 0.577ms returns FALSE
T32A0 305:911.392 JLINK_IsHalted()
T32A0 305:912.128 - 0.706ms returns FALSE
T32A0 305:912.128 JLINK_IsHalted()
T32A0 305:912.768 - 0.620ms returns FALSE
T32A0 306:021.312 JLINK_IsHalted()
T32A0 306:022.176 - 0.844ms returns FALSE
T32A0 306:022.208 JLINK_IsHalted()
T32A0 306:022.976 - 0.726ms returns FALSE
T32A0 306:130.464 JLINK_IsHalted()
T32A0 306:131.200 - 0.738ms returns FALSE
T32A0 306:131.264 JLINK_IsHalted()
T32A0 306:131.904 - 0.645ms returns FALSE
T32A0 306:240.320 JLINK_IsHalted()
T32A0 306:241.216 - 0.888ms returns FALSE
T32A0 306:241.248 JLINK_IsHalted()
T32A0 306:242.176 - 0.919ms returns FALSE
T32A0 306:349.312 JLINK_IsHalted()
T32A0 306:349.920 - 0.623ms returns FALSE
T32A0 306:349.984 JLINK_IsHalted()
T32A0 306:350.624 - 0.638ms returns FALSE
T32A0 306:458.400 JLINK_IsHalted()
T32A0 306:459.168 - 0.762ms returns FALSE
T32A0 306:459.200 JLINK_IsHalted()
T32A0 306:460.000 - 0.785ms returns FALSE
T32A0 306:568.320 JLINK_IsHalted()
T32A0 306:569.024 - 0.713ms returns FALSE
T32A0 306:569.120 JLINK_IsHalted()
T32A0 306:569.856 - 0.746ms returns FALSE
T32A0 306:677.376 JLINK_IsHalted()
T32A0 306:678.208 - 0.852ms returns FALSE
T32A0 306:678.304 JLINK_IsHalted()
T32A0 306:678.976 - 0.702ms returns FALSE
T32A0 306:786.368 JLINK_IsHalted()
T32A0 306:787.264 - 0.869ms returns FALSE
T32A0 306:787.296 JLINK_IsHalted()
T32A0 306:788.160 - 0.874ms returns FALSE
T5484 306:792.608 JLINK_IsHalted()
T5484 306:793.536 - 0.907ms returns FALSE
T5484 306:793.568 JLINK_IsHalted()
T5484 306:794.368 - 0.789ms returns FALSE
T32A0 306:896.448 JLINK_IsHalted()
T32A0 306:897.312 - 0.867ms returns FALSE
T32A0 306:897.440 JLINK_IsHalted()
T32A0 306:898.112 - 0.685ms returns FALSE
T32A0 307:005.408 JLINK_IsHalted()
T32A0 307:006.144 - 0.711ms returns FALSE
T32A0 307:006.144 JLINK_IsHalted()
T32A0 307:007.008 - 0.836ms returns FALSE
T32A0 307:115.360 JLINK_IsHalted()
T32A0 307:116.064 - 0.693ms returns FALSE
T32A0 307:116.096 JLINK_IsHalted()
T32A0 307:116.704 - 0.595ms returns FALSE
T32A0 307:224.416 JLINK_IsHalted()
T32A0 307:225.344 - 0.910ms returns FALSE
T32A0 307:225.408 JLINK_IsHalted()
T32A0 307:226.336 - 0.947ms returns FALSE
T32A0 307:334.080 JLINK_IsHalted()
T32A0 307:334.848 - 0.726ms returns FALSE
T32A0 307:334.848 JLINK_IsHalted()
T32A0 307:335.488 - 0.625ms returns FALSE
T32A0 307:443.168 JLINK_IsHalted()
T32A0 307:443.968 - 0.775ms returns FALSE
T32A0 307:444.032 JLINK_IsHalted()
T32A0 307:444.896 - 0.847ms returns FALSE
T32A0 307:552.320 JLINK_IsHalted()
T32A0 307:553.088 - 0.739ms returns FALSE
T32A0 307:553.120 JLINK_IsHalted()
T32A0 307:553.856 - 0.726ms returns FALSE
T32A0 307:662.048 JLINK_IsHalted()
T32A0 307:662.688 - 0.628ms returns FALSE
T32A0 307:662.720 JLINK_IsHalted()
T32A0 307:663.296 - 0.548ms returns FALSE
T32A0 307:770.976 JLINK_IsHalted()
T32A0 307:771.840 - 0.874ms returns FALSE
T32A0 307:771.904 JLINK_IsHalted()
T32A0 307:772.800 - 0.897ms returns FALSE
T5484 307:795.488 JLINK_IsHalted()
T5484 307:796.352 - 0.889ms returns FALSE
T5484 307:796.416 JLINK_IsHalted()
T5484 307:797.344 - 0.937ms returns FALSE
T32A0 307:880.448 JLINK_IsHalted()
T32A0 307:881.216 - 0.783ms returns FALSE
T32A0 307:881.344 JLINK_IsHalted()
T32A0 307:882.112 - 0.789ms returns FALSE
T32A0 307:989.408 JLINK_IsHalted()
T32A0 307:990.976 - 1.587ms returns FALSE
T32A0 307:991.072 JLINK_IsHalted()
T32A0 307:992.000 - 0.943ms returns FALSE
T32A0 308:099.488 JLINK_IsHalted()
T32A0 308:100.352 - 0.897ms returns FALSE
T32A0 308:100.416 JLINK_IsHalted()
T32A0 308:101.440 - 1.045ms returns FALSE
T32A0 308:209.024 JLINK_IsHalted()
T32A0 308:209.728 - 0.678ms returns FALSE
T32A0 308:209.760 JLINK_IsHalted()
T32A0 308:210.368 - 0.582ms returns FALSE
T32A0 308:318.080 JLINK_IsHalted()
T32A0 308:318.688 - 0.618ms returns FALSE
T32A0 308:318.720 JLINK_IsHalted()
T32A0 308:319.328 - 0.614ms returns FALSE
T32A0 308:427.104 JLINK_IsHalted()
T32A0 308:428.032 - 0.922ms returns FALSE
T32A0 308:428.096 JLINK_IsHalted()
T32A0 308:428.992 - 0.903ms returns FALSE
T32A0 308:537.120 JLINK_IsHalted()
T32A0 308:537.792 - 0.692ms returns FALSE
T32A0 308:537.856 JLINK_IsHalted()
T32A0 308:538.464 - 0.603ms returns FALSE
T32A0 308:646.080 JLINK_IsHalted()
T32A0 308:646.784 - 0.714ms returns FALSE
T32A0 308:646.816 JLINK_IsHalted()
T32A0 308:647.456 - 0.643ms returns FALSE
T32A0 308:755.840 JLINK_IsHalted()
T32A0 308:756.640 - 0.785ms returns FALSE
T32A0 308:756.672 JLINK_IsHalted()
T32A0 308:757.536 - 0.841ms returns FALSE
T5484 308:798.016 JLINK_IsHalted()
T5484 308:798.912 - 0.923ms returns FALSE
T5484 308:798.976 JLINK_IsHalted()
T5484 308:799.584 - 0.600ms returns FALSE
T32A0 308:864.672 JLINK_IsHalted()
T32A0 308:866.048 - 1.385ms returns FALSE
T32A0 308:866.112 JLINK_IsHalted()
T32A0 308:866.976 - 0.859ms returns FALSE
T32A0 308:974.624 JLINK_IsHalted()
T32A0 309:156.288 - 181.687ms returns FALSE
T32A0 309:156.384 JLINK_IsHalted()
T32A0 309:167.616 - 11.238ms returns FALSE
T32A0 309:271.616 JLINK_IsHalted()
T32A0 309:272.288 - 0.688ms returns FALSE
T32A0 309:272.352 JLINK_IsHalted()
T32A0 309:272.896 - 0.573ms returns FALSE
T32A0 309:380.608 JLINK_IsHalted()
T32A0 309:381.248 - 0.659ms returns FALSE
T32A0 309:381.312 JLINK_IsHalted()
T32A0 309:382.144 - 0.857ms returns FALSE
T32A0 309:489.600 JLINK_IsHalted()
T32A0 309:490.304 - 0.681ms returns FALSE
T32A0 309:490.336 JLINK_IsHalted()
T32A0 309:490.944 - 0.614ms returns FALSE
T32A0 309:599.680 JLINK_IsHalted()
T32A0 309:600.384 - 0.690ms returns FALSE
T32A0 309:600.416 JLINK_IsHalted()
T32A0 309:601.152 - 0.722ms returns FALSE
T32A0 309:708.480 JLINK_IsHalted()
T32A0 309:709.344 - 0.867ms returns FALSE
T32A0 309:709.376 JLINK_IsHalted()
T32A0 309:709.952 - 0.586ms returns FALSE
T5484 309:800.576 JLINK_IsHalted()
T5484 309:801.152 - 0.575ms returns FALSE
T5484 309:801.152 JLINK_IsHalted()
T5484 309:801.792 - 0.601ms returns FALSE
T32A0 309:818.400 JLINK_IsHalted()
T32A0 309:819.072 - 0.659ms returns FALSE
T32A0 309:819.104 JLINK_IsHalted()
T32A0 309:819.712 - 0.602ms returns FALSE
T32A0 309:927.328 JLINK_IsHalted()
T32A0 309:928.096 - 0.743ms returns FALSE
T32A0 309:928.128 JLINK_IsHalted()
T32A0 309:928.896 - 0.734ms returns FALSE
T32A0 310:036.224 JLINK_IsHalted()
T32A0 310:036.928 - 0.693ms returns FALSE
T32A0 310:036.960 JLINK_IsHalted()
T32A0 310:037.568 - 0.604ms returns FALSE
T32A0 310:146.080 JLINK_IsHalted()
T32A0 310:146.944 - 0.867ms returns FALSE
T32A0 310:147.008 JLINK_IsHalted()
T32A0 310:147.904 - 0.853ms returns FALSE
T32A0 310:256.096 JLINK_IsHalted()
T32A0 310:256.928 - 0.814ms returns FALSE
T32A0 310:256.960 JLINK_IsHalted()
T32A0 310:257.728 - 0.733ms returns FALSE
T32A0 310:365.376 JLINK_IsHalted()
T32A0 310:366.080 - 0.712ms returns FALSE
T32A0 310:366.144 JLINK_IsHalted()
T32A0 310:366.784 - 0.632ms returns FALSE
T32A0 310:474.432 JLINK_IsHalted()
T32A0 310:475.136 - 0.706ms returns FALSE
T32A0 310:475.168 JLINK_IsHalted()
T32A0 310:475.840 - 0.658ms returns FALSE
T32A0 310:583.616 JLINK_IsHalted()
T32A0 310:584.288 - 0.686ms returns FALSE
T32A0 310:584.384 JLINK_IsHalted()
T32A0 310:584.992 - 0.617ms returns FALSE
T32A0 310:692.672 JLINK_IsHalted()
T32A0 310:693.536 - 0.852ms returns FALSE
T32A0 310:693.696 JLINK_IsHalted()
T32A0 310:694.496 - 0.823ms returns FALSE
T5484 310:801.568 JLINK_IsHalted()
T5484 310:802.272 - 0.726ms returns FALSE
T5484 310:802.336 JLINK_IsHalted()
T5484 310:802.944 - 0.601ms returns FALSE
T32A0 310:803.008 JLINK_IsHalted()
T32A0 310:803.648 - 0.636ms returns FALSE
T32A0 310:803.712 JLINK_IsHalted()
T32A0 310:804.288 - 0.608ms returns FALSE
T32A0 310:911.424 JLINK_IsHalted()
T32A0 310:912.096 - 0.705ms returns FALSE
T32A0 310:912.160 JLINK_IsHalted()
T32A0 310:912.704 - 0.557ms returns FALSE
T32A0 311:021.440 JLINK_IsHalted()
T32A0 311:022.144 - 0.690ms returns FALSE
T32A0 311:022.208 JLINK_IsHalted()
T32A0 311:022.880 - 0.665ms returns FALSE
T32A0 311:130.208 JLINK_IsHalted()
T32A0 311:131.008 - 0.806ms returns FALSE
T32A0 311:131.072 JLINK_IsHalted()
T32A0 311:131.872 - 0.810ms returns FALSE
T32A0 311:240.160 JLINK_IsHalted()
T32A0 311:240.960 - 0.770ms returns FALSE
T32A0 311:241.024 JLINK_IsHalted()
T32A0 311:241.920 - 0.895ms returns FALSE
T32A0 311:349.184 JLINK_IsHalted()
T32A0 311:349.920 - 0.749ms returns FALSE
T32A0 311:349.984 JLINK_IsHalted()
T32A0 311:350.592 - 0.635ms returns FALSE
T32A0 311:458.912 JLINK_IsHalted()
T32A0 311:459.680 - 0.751ms returns FALSE
T32A0 311:459.712 JLINK_IsHalted()
T32A0 311:460.480 - 0.763ms returns FALSE
T32A0 311:568.096 JLINK_IsHalted()
T32A0 311:568.736 - 0.656ms returns FALSE
T32A0 311:568.800 JLINK_IsHalted()
T32A0 311:569.472 - 0.661ms returns FALSE
T32A0 311:677.088 JLINK_IsHalted()
T32A0 311:677.760 - 0.652ms returns FALSE
T32A0 311:677.760 JLINK_IsHalted()
T32A0 311:678.368 - 0.586ms returns FALSE
T32A0 311:787.168 JLINK_IsHalted()
T32A0 311:787.808 - 0.640ms returns FALSE
T32A0 311:787.840 JLINK_IsHalted()
T32A0 311:788.448 - 0.607ms returns FALSE
T5484 311:803.328 JLINK_IsHalted()
T5484 311:803.968 - 0.627ms returns FALSE
T5484 311:803.968 JLINK_IsHalted()
T5484 311:804.576 - 0.601ms returns FALSE
T32A0 311:896.256 JLINK_IsHalted()
T32A0 311:897.120 - 0.840ms returns FALSE
T32A0 311:897.152 JLINK_IsHalted()
T32A0 311:897.920 - 0.720ms returns FALSE
T32A0 312:005.056 JLINK_IsHalted()
T32A0 312:005.696 - 0.652ms returns FALSE
T32A0 312:005.728 JLINK_IsHalted()
T32A0 312:006.272 - 0.554ms returns FALSE
T32A0 312:115.136 JLINK_IsHalted()
T32A0 312:116.000 - 0.854ms returns FALSE
T32A0 312:116.032 JLINK_IsHalted()
T32A0 312:116.800 - 0.771ms returns FALSE
T32A0 312:223.840 JLINK_IsHalted()
T32A0 312:224.736 - 0.885ms returns FALSE
T32A0 312:224.800 JLINK_IsHalted()
T32A0 312:225.568 - 0.759ms returns FALSE
T32A0 312:333.696 JLINK_IsHalted()
T32A0 312:334.464 - 0.765ms returns FALSE
T32A0 312:334.528 JLINK_IsHalted()
T32A0 312:335.200 - 0.685ms returns FALSE
T32A0 312:443.456 JLINK_IsHalted()
T32A0 312:444.320 - 0.867ms returns FALSE
T32A0 312:444.352 JLINK_IsHalted()
T32A0 312:445.184 - 0.805ms returns FALSE
T32A0 312:552.384 JLINK_IsHalted()
T32A0 312:553.024 - 0.647ms returns FALSE
T32A0 312:553.056 JLINK_IsHalted()
T32A0 312:553.632 - 0.563ms returns FALSE
T32A0 312:661.440 JLINK_IsHalted()
T32A0 312:662.240 - 0.793ms returns FALSE
T32A0 312:662.304 JLINK_IsHalted()
T32A0 312:663.040 - 0.739ms returns FALSE
T32A0 312:771.488 JLINK_IsHalted()
T32A0 312:772.288 - 0.810ms returns FALSE
T32A0 312:772.352 JLINK_IsHalted()
T32A0 312:772.928 - 0.606ms returns FALSE
T5484 312:804.672 JLINK_IsHalted()
T5484 312:805.280 - 0.627ms returns FALSE
T5484 312:805.312 JLINK_IsHalted()
T5484 312:805.888 - 0.576ms returns FALSE
T32A0 312:880.096 JLINK_IsHalted()
T32A0 312:880.896 - 0.799ms returns FALSE
T32A0 312:880.960 JLINK_IsHalted()
T32A0 312:881.728 - 0.784ms returns FALSE
T32A0 312:989.600 JLINK_IsHalted()
T32A0 312:990.432 - 0.840ms returns FALSE
T32A0 312:990.464 JLINK_IsHalted()
T32A0 312:991.200 - 0.737ms returns FALSE
T32A0 313:098.784 JLINK_IsHalted()
T32A0 313:099.584 - 0.837ms returns FALSE
T32A0 313:099.648 JLINK_IsHalted()
T32A0 313:100.512 - 0.867ms returns FALSE
T32A0 313:208.416 JLINK_IsHalted()
T32A0 313:209.152 - 0.761ms returns FALSE
T32A0 313:209.216 JLINK_IsHalted()
T32A0 313:209.824 - 0.609ms returns FALSE
T32A0 313:318.400 JLINK_IsHalted()
T32A0 313:319.136 - 0.745ms returns FALSE
T32A0 313:319.200 JLINK_IsHalted()
T32A0 313:319.840 - 0.633ms returns FALSE
T32A0 313:427.520 JLINK_IsHalted()
T32A0 313:428.320 - 0.802ms returns FALSE
T32A0 313:428.384 JLINK_IsHalted()
T32A0 313:429.024 - 0.629ms returns FALSE
T32A0 313:536.448 JLINK_IsHalted()
T32A0 313:537.088 - 0.669ms returns FALSE
T32A0 313:537.120 JLINK_IsHalted()
T32A0 313:537.728 - 0.581ms returns FALSE
T32A0 313:645.600 JLINK_IsHalted()
T32A0 313:646.176 - 0.586ms returns FALSE
T32A0 313:646.240 JLINK_IsHalted()
T32A0 313:646.784 - 0.564ms returns FALSE
T32A0 313:755.616 JLINK_IsHalted()
T32A0 313:756.288 - 0.672ms returns FALSE
T32A0 313:756.352 JLINK_IsHalted()
T32A0 313:756.896 - 0.559ms returns FALSE
T5484 313:805.888 JLINK_IsHalted()
T5484 313:806.592 - 0.707ms returns FALSE
T5484 313:806.656 JLINK_IsHalted()
T5484 313:807.296 - 0.612ms returns FALSE
T32A0 313:865.568 JLINK_IsHalted()
T32A0 313:866.176 - 0.598ms returns FALSE
T32A0 313:866.240 JLINK_IsHalted()
T32A0 313:866.944 - 0.716ms returns FALSE
T32A0 313:974.304 JLINK_IsHalted()
T32A0 313:975.040 - 0.748ms returns FALSE
T32A0 313:975.104 JLINK_IsHalted()
T32A0 313:975.648 - 0.549ms returns FALSE
T32A0 314:083.392 JLINK_IsHalted()
T32A0 314:084.032 - 0.732ms returns FALSE
T32A0 314:084.064 JLINK_IsHalted()
T32A0 314:085.024 - 0.948ms returns FALSE
T32A0 314:193.344 JLINK_IsHalted()
T32A0 314:194.112 - 0.777ms returns FALSE
T32A0 314:194.208 JLINK_IsHalted()
T32A0 314:195.008 - 0.822ms returns FALSE
T32A0 314:302.080 JLINK_IsHalted()
T32A0 314:302.784 - 0.713ms returns FALSE
T32A0 314:302.816 JLINK_IsHalted()
T32A0 314:303.456 - 0.629ms returns FALSE
T32A0 314:412.128 JLINK_IsHalted()
T32A0 314:412.864 - 0.725ms returns FALSE
T32A0 314:412.928 JLINK_IsHalted()
T32A0 314:413.632 - 0.731ms returns FALSE
T32A0 314:521.024 JLINK_IsHalted()
T32A0 314:521.792 - 0.763ms returns FALSE
T32A0 314:521.824 JLINK_IsHalted()
T32A0 314:522.464 - 0.649ms returns FALSE
T32A0 314:630.016 JLINK_IsHalted()
T32A0 314:630.752 - 0.744ms returns FALSE
T32A0 314:630.848 JLINK_IsHalted()
T32A0 314:631.456 - 0.623ms returns FALSE
T32A0 314:739.936 JLINK_IsHalted()
T32A0 314:740.672 - 0.703ms returns FALSE
T32A0 314:740.672 JLINK_IsHalted()
T32A0 314:741.408 - 0.716ms returns FALSE
T5484 314:808.352 JLINK_IsHalted()
T5484 314:809.184 - 0.847ms returns FALSE
T5484 314:809.248 JLINK_IsHalted()
T5484 314:810.048 - 0.791ms returns FALSE
T32A0 314:848.960 JLINK_IsHalted()
T32A0 314:849.728 - 0.734ms returns FALSE
T32A0 314:849.728 JLINK_IsHalted()
T32A0 314:850.464 - 0.719ms returns FALSE
T32A0 314:958.208 JLINK_IsHalted()
T32A0 314:959.072 - 0.860ms returns FALSE
T32A0 314:959.136 JLINK_IsHalted()
T32A0 314:959.872 - 0.754ms returns FALSE
T32A0 315:068.576 JLINK_IsHalted()
T32A0 315:069.504 - 0.916ms returns FALSE
T32A0 315:069.536 JLINK_IsHalted()
T32A0 315:070.176 - 0.633ms returns FALSE
T32A0 315:177.184 JLINK_IsHalted()
T32A0 315:177.792 - 0.607ms returns FALSE
T32A0 315:177.824 JLINK_IsHalted()
T32A0 315:178.432 - 0.613ms returns FALSE
T32A0 315:287.168 JLINK_IsHalted()
T32A0 315:287.840 - 0.674ms returns FALSE
T32A0 315:287.872 JLINK_IsHalted()
T32A0 315:288.448 - 0.562ms returns FALSE
T32A0 315:396.288 JLINK_IsHalted()
T32A0 315:397.184 - 0.880ms returns FALSE
T32A0 315:397.248 JLINK_IsHalted()
T32A0 315:398.048 - 0.789ms returns FALSE
T32A0 315:505.120 JLINK_IsHalted()
T32A0 315:505.856 - 0.714ms returns FALSE
T32A0 315:505.888 JLINK_IsHalted()
T32A0 315:506.496 - 0.609ms returns FALSE
T32A0 315:615.232 JLINK_IsHalted()
T32A0 315:616.064 - 0.822ms returns FALSE
T32A0 315:616.064 JLINK_IsHalted()
T32A0 315:616.992 - 0.898ms returns FALSE
T32A0 315:724.000 JLINK_IsHalted()
T32A0 315:724.800 - 0.784ms returns FALSE
T32A0 315:724.864 JLINK_IsHalted()
T32A0 315:725.632 - 0.773ms returns FALSE
T5484 315:810.880 JLINK_IsHalted()
T5484 315:811.712 - 0.813ms returns FALSE
T5484 315:811.776 JLINK_IsHalted()
T5484 315:812.576 - 0.816ms returns FALSE
T32A0 315:833.760 JLINK_IsHalted()
T32A0 315:834.624 - 0.872ms returns FALSE
T32A0 315:834.688 JLINK_IsHalted()
T32A0 315:835.360 - 0.697ms returns FALSE
T32A0 315:942.592 JLINK_IsHalted()
T32A0 315:943.392 - 0.834ms returns FALSE
T32A0 315:943.456 JLINK_IsHalted()
T32A0 315:944.256 - 0.789ms returns FALSE
T32A0 316:052.928 JLINK_IsHalted()
T32A0 316:053.664 - 0.715ms returns FALSE
T32A0 316:053.696 JLINK_IsHalted()
T32A0 316:054.336 - 0.648ms returns FALSE
T32A0 316:162.144 JLINK_IsHalted()
T32A0 316:163.008 - 0.825ms returns FALSE
T32A0 316:163.040 JLINK_IsHalted()
T32A0 316:163.872 - 0.823ms returns FALSE
T32A0 316:271.424 JLINK_IsHalted()
T32A0 316:272.064 - 0.663ms returns FALSE
T32A0 316:272.128 JLINK_IsHalted()
T32A0 316:272.704 - 0.569ms returns FALSE
T32A0 316:380.480 JLINK_IsHalted()
T32A0 316:381.376 - 0.876ms returns FALSE
T32A0 316:381.408 JLINK_IsHalted()
T32A0 316:382.368 - 0.928ms returns FALSE
T32A0 316:489.792 JLINK_IsHalted()
T32A0 316:490.464 - 0.700ms returns FALSE
T32A0 316:490.496 JLINK_IsHalted()
T32A0 316:491.104 - 0.599ms returns FALSE
T32A0 316:599.616 JLINK_IsHalted()
T32A0 316:600.480 - 0.858ms returns FALSE
T32A0 316:600.512 JLINK_IsHalted()
T32A0 316:601.344 - 0.810ms returns FALSE
T32A0 316:708.544 JLINK_IsHalted()
T32A0 316:709.344 - 0.831ms returns FALSE
T32A0 316:709.408 JLINK_IsHalted()
T32A0 316:709.984 - 0.579ms returns FALSE
T5484 316:813.152 JLINK_IsHalted()
T5484 316:814.016 - 0.839ms returns FALSE
T5484 316:814.048 JLINK_IsHalted()
T5484 316:815.008 - 0.933ms returns FALSE
T32A0 316:817.952 JLINK_IsHalted()
T32A0 316:818.752 - 0.796ms returns FALSE
T32A0 316:818.784 JLINK_IsHalted()
T32A0 316:819.488 - 0.692ms returns FALSE
T32A0 316:926.912 JLINK_IsHalted()
T32A0 316:927.744 - 0.847ms returns FALSE
T32A0 316:927.808 JLINK_IsHalted()
T32A0 316:928.672 - 0.864ms returns FALSE
T32A0 317:036.896 JLINK_IsHalted()
T32A0 317:037.600 - 0.682ms returns FALSE
T32A0 317:037.632 JLINK_IsHalted()
T32A0 317:038.304 - 0.677ms returns FALSE
T32A0 317:145.920 JLINK_IsHalted()
T32A0 317:146.848 - 0.909ms returns FALSE
T32A0 317:146.912 JLINK_IsHalted()
T32A0 317:147.808 - 0.895ms returns FALSE
T32A0 317:255.936 JLINK_IsHalted()
T32A0 317:256.576 - 0.634ms returns FALSE
T32A0 317:256.608 JLINK_IsHalted()
T32A0 317:257.152 - 0.542ms returns FALSE
T32A0 317:365.024 JLINK_IsHalted()
T32A0 317:365.888 - 0.857ms returns FALSE
T32A0 317:365.952 JLINK_IsHalted()
T32A0 317:366.720 - 0.752ms returns FALSE
T32A0 317:473.792 JLINK_IsHalted()
T32A0 317:474.432 - 0.631ms returns FALSE
T32A0 317:474.464 JLINK_IsHalted()
T32A0 317:475.232 - 0.764ms returns FALSE
T32A0 317:583.904 JLINK_IsHalted()
T32A0 317:584.736 - 0.842ms returns FALSE
T32A0 317:584.800 JLINK_IsHalted()
T32A0 317:585.600 - 0.817ms returns FALSE
T32A0 317:692.992 JLINK_IsHalted()
T32A0 317:693.760 - 0.753ms returns FALSE
T32A0 317:693.760 JLINK_IsHalted()
T32A0 317:694.528 - 0.748ms returns FALSE
T32A0 317:803.040 JLINK_IsHalted()
T32A0 317:803.776 - 0.736ms returns FALSE
T32A0 317:803.840 JLINK_IsHalted()
T32A0 317:804.480 - 0.666ms returns FALSE
T5484 317:815.168 JLINK_IsHalted()
T5484 317:816.000 - 0.837ms returns FALSE
T5484 317:816.096 JLINK_IsHalted()
T5484 317:816.800 - 0.722ms returns FALSE
T32A0 317:911.840 JLINK_IsHalted()
T32A0 317:912.736 - 0.897ms returns FALSE
T32A0 317:912.800 JLINK_IsHalted()
T32A0 317:913.504 - 0.696ms returns FALSE
T32A0 318:020.800 JLINK_IsHalted()
T32A0 318:021.472 - 0.680ms returns FALSE
T32A0 318:021.504 JLINK_IsHalted()
T32A0 318:022.080 - 0.569ms returns FALSE
T32A0 318:130.848 JLINK_IsHalted()
T32A0 318:131.744 - 0.893ms returns FALSE
T32A0 318:131.776 JLINK_IsHalted()
T32A0 318:132.672 - 0.875ms returns FALSE
T32A0 318:239.456 JLINK_IsHalted()
T32A0 318:240.064 - 0.620ms returns FALSE
T32A0 318:240.128 JLINK_IsHalted()
T32A0 318:240.704 - 0.600ms returns FALSE
T32A0 318:349.568 JLINK_IsHalted()
T32A0 318:350.368 - 0.799ms returns FALSE
T32A0 318:350.400 JLINK_IsHalted()
T32A0 318:351.104 - 0.689ms returns FALSE
T32A0 318:458.944 JLINK_IsHalted()
T32A0 318:459.616 - 0.660ms returns FALSE
T32A0 318:459.680 JLINK_IsHalted()
T32A0 318:460.352 - 0.670ms returns FALSE
T32A0 318:568.064 JLINK_IsHalted()
T32A0 318:569.344 - 1.274ms returns FALSE
T32A0 318:569.408 JLINK_IsHalted()
T32A0 318:570.080 - 0.687ms returns FALSE
T32A0 318:677.600 JLINK_IsHalted()
T32A0 318:678.272 - 0.665ms returns FALSE
T32A0 318:678.336 JLINK_IsHalted()
T32A0 318:678.880 - 0.563ms returns FALSE
T32A0 318:787.136 JLINK_IsHalted()
T32A0 318:787.872 - 0.711ms returns FALSE
T32A0 318:787.904 JLINK_IsHalted()
T32A0 318:788.512 - 0.598ms returns FALSE
T5484 318:817.472 JLINK_IsHalted()
T5484 318:818.368 - 0.905ms returns FALSE
T5484 318:818.432 JLINK_IsHalted()
T5484 318:819.232 - 0.789ms returns FALSE
T32A0 318:896.224 JLINK_IsHalted()
T32A0 318:897.056 - 0.809ms returns FALSE
T32A0 318:897.088 JLINK_IsHalted()
T32A0 318:897.856 - 0.768ms returns FALSE
T32A0 319:005.024 JLINK_IsHalted()
T32A0 319:005.728 - 0.708ms returns FALSE
T32A0 319:005.760 JLINK_IsHalted()
T32A0 319:006.368 - 0.600ms returns FALSE
T32A0 319:115.104 JLINK_IsHalted()
T32A0 319:115.904 - 0.794ms returns FALSE
T32A0 319:115.936 JLINK_IsHalted()
T32A0 319:116.736 - 0.783ms returns FALSE
T32A0 319:223.744 JLINK_IsHalted()
T32A0 319:224.448 - 0.704ms returns FALSE
T32A0 319:224.480 JLINK_IsHalted()
T32A0 319:225.024 - 0.564ms returns FALSE
T32A0 319:333.888 JLINK_IsHalted()
T32A0 319:334.656 - 0.775ms returns FALSE
T32A0 319:334.720 JLINK_IsHalted()
T32A0 319:335.520 - 0.824ms returns FALSE
T32A0 319:443.392 JLINK_IsHalted()
T32A0 319:444.032 - 0.642ms returns FALSE
T32A0 319:444.096 JLINK_IsHalted()
T32A0 319:444.832 - 0.722ms returns FALSE
T32A0 319:552.448 JLINK_IsHalted()
T32A0 319:553.184 - 0.706ms returns FALSE
T32A0 319:553.216 JLINK_IsHalted()
T32A0 319:553.856 - 0.645ms returns FALSE
T32A0 319:661.440 JLINK_IsHalted()
T32A0 319:662.080 - 0.636ms returns FALSE
T32A0 319:662.144 JLINK_IsHalted()
T32A0 319:662.688 - 0.577ms returns FALSE
T32A0 319:771.584 JLINK_IsHalted()
T32A0 319:772.352 - 0.830ms returns FALSE
T32A0 319:772.416 JLINK_IsHalted()
T32A0 319:772.992 - 0.595ms returns FALSE
T5484 319:819.744 JLINK_IsHalted()
T5484 319:820.608 - 0.886ms returns FALSE
T5484 319:820.704 JLINK_IsHalted()
T5484 319:821.344 - 0.635ms returns FALSE
T32A0 319:880.320 JLINK_IsHalted()
T32A0 319:881.120 - 0.786ms returns FALSE
T32A0 319:881.216 JLINK_IsHalted()
T32A0 319:882.016 - 0.792ms returns FALSE
T32A0 319:989.568 JLINK_IsHalted()
T32A0 319:990.304 - 0.720ms returns FALSE
T32A0 319:990.336 JLINK_IsHalted()
T32A0 319:990.944 - 0.617ms returns FALSE
T32A0 320:099.648 JLINK_IsHalted()
T32A0 320:100.512 - 0.832ms returns FALSE
T32A0 320:100.544 JLINK_IsHalted()
T32A0 320:101.440 - 0.876ms returns FALSE
T32A0 320:208.416 JLINK_IsHalted()
T32A0 320:209.088 - 0.657ms returns FALSE
T32A0 320:209.088 JLINK_IsHalted()
T32A0 320:209.760 - 0.665ms returns FALSE
T32A0 320:318.144 JLINK_IsHalted()
T32A0 320:318.848 - 0.704ms returns FALSE
T32A0 320:318.912 JLINK_IsHalted()
T32A0 320:319.616 - 0.709ms returns FALSE
T32A0 320:427.712 JLINK_IsHalted()
T32A0 320:428.480 - 0.789ms returns FALSE
T32A0 320:428.544 JLINK_IsHalted()
T32A0 320:429.344 - 0.777ms returns FALSE
T32A0 320:536.992 JLINK_IsHalted()
T32A0 320:537.792 - 0.816ms returns FALSE
T32A0 320:537.888 JLINK_IsHalted()
T32A0 320:538.560 - 0.653ms returns FALSE
T32A0 320:645.952 JLINK_IsHalted()
T32A0 320:646.592 - 0.661ms returns FALSE
T32A0 320:646.656 JLINK_IsHalted()
T32A0 320:647.264 - 0.630ms returns FALSE
T32A0 320:755.968 JLINK_IsHalted()
T32A0 320:756.640 - 0.655ms returns FALSE
T32A0 320:756.672 JLINK_IsHalted()
T32A0 320:757.280 - 0.591ms returns FALSE
T5484 320:822.272 JLINK_IsHalted()
T5484 320:822.976 - 0.667ms returns FALSE
T5484 320:823.008 JLINK_IsHalted()
T5484 320:823.584 - 0.575ms returns FALSE
T32A0 320:865.088 JLINK_IsHalted()
T32A0 320:865.920 - 0.832ms returns FALSE
T32A0 320:865.984 JLINK_IsHalted()
T32A0 320:866.752 - 0.777ms returns FALSE
T32A0 320:974.752 JLINK_IsHalted()
T32A0 320:975.424 - 0.701ms returns FALSE
T32A0 320:975.488 JLINK_IsHalted()
T32A0 320:976.064 - 0.578ms returns FALSE
T32A0 321:083.840 JLINK_IsHalted()
T32A0 321:084.736 - 0.860ms returns FALSE
T32A0 321:084.768 JLINK_IsHalted()
T32A0 321:085.536 - 0.769ms returns FALSE
T32A0 321:192.544 JLINK_IsHalted()
T32A0 321:202.112 - 9.558ms returns TRUE
T32A0 321:203.776 JLINK_ReadReg(XPSR)
T32A0 321:204.704 - 1.752ms returns 0x21000000
T32A0 321:205.056 JLINK_ReadReg(R15 (PC))
T32A0 321:205.120 - 0.337ms returns 0x00022F1C
T32A0 321:205.920 JLINK_ReadReg(XPSR)
T32A0 321:205.952 - 0.040ms returns 0x21000000
T32A0 321:205.952 JLINK_ReadReg(XPSR)
T32A0 321:205.984 - 0.013ms returns 0x21000000
T32A0 321:205.984 JLINK_ReadReg(R15 (PC))
T32A0 321:206.016 - 0.013ms returns 0x00022F1C
T32A0 321:206.048 JLINK_ReadReg(XPSR)
T32A0 321:206.048 - 0.013ms returns 0x21000000
T32A0 321:206.080 JLINK_ReadReg(XPSR)
T32A0 321:206.080 - 0.013ms returns 0x21000000
T32A0 321:206.080 JLINK_ReadMem(0x00022F1C, 0x1 Bytes, ...)
T32A0 321:207.008    -- Read from flash cache (1 bytes @ 0x00022F1C)
T32A0 321:207.904   Data:  08
T32A0 321:208.000 - 1.899ms returns 0
T32A0 321:208.512 JLINK_IsHalted()
T32A0 321:208.544 - 0.028ms returns TRUE
T32A0 321:208.576 JLINK_ReadReg(XPSR)
T32A0 321:208.576 - 0.017ms returns 0x21000000
T32A0 321:208.608 JLINK_ReadReg(XPSR)
T32A0 321:208.608 - 0.010ms returns 0x21000000
T32A0 321:208.640 JLINK_ReadReg(R15 (PC))
T32A0 321:208.640 - 0.010ms returns 0x00022F1C
T32A0 321:208.640 JLINK_ReadReg(XPSR)
T32A0 321:208.640 - 0.010ms returns 0x21000000
T32A0 321:208.672 JLINK_ReadReg(XPSR)
T32A0 321:208.672 - 0.009ms returns 0x21000000
T32A0 321:208.704 JLINK_ReadMem(0x00022F1C, 0x1 Bytes, ...)
T32A0 321:208.704    -- Read from flash cache (1 bytes @ 0x00022F1C)
T32A0 321:208.736   Data:  08
T32A0 321:208.736 - 0.042ms returns 0
T32A0 321:214.528 JLINK_IsHalted()
T32A0 321:214.560 - 0.059ms returns TRUE
T32A0 321:214.624 JLINK_ReadReg(XPSR)
T32A0 321:214.656 - 0.028ms returns 0x21000000
T32A0 321:214.656 JLINK_ReadReg(R15 (PC))
T32A0 321:214.688 - 0.030ms returns 0x00022F1C
T32A0 321:214.720 JLINK_ReadReg(XPSR)
T32A0 321:214.752 - 0.019ms returns 0x21000000
T32A0 321:214.752 JLINK_ReadReg(XPSR)
T32A0 321:214.784 - 0.017ms returns 0x21000000
T32A0 321:214.784 JLINK_ReadReg(R15 (PC))
T32A0 321:214.816 - 0.018ms returns 0x00022F1C
T32A0 321:214.816 JLINK_ReadReg(XPSR)
T32A0 321:214.848 - 0.017ms returns 0x21000000
T32A0 321:214.880 JLINK_ReadReg(XPSR)
T32A0 321:214.912 - 0.017ms returns 0x21000000
T32A0 321:214.912 JLINK_ReadMem(0x00022F1C, 0x1 Bytes, ...)
T32A0 321:214.912    -- Read from flash cache (1 bytes @ 0x00022F1C)
T32A0 321:214.944   Data:  08
T32A0 321:214.976 - 0.071ms returns 0
T32A0 321:215.008 JLINK_IsHalted()
T32A0 321:215.040 - 0.019ms returns TRUE
T32A0 321:215.040 JLINK_ReadReg(XPSR)
T32A0 321:215.072 - 0.021ms returns 0x21000000
T32A0 321:215.104 JLINK_ReadReg(XPSR)
T32A0 321:215.136 - 0.027ms returns 0x21000000
T32A0 321:215.168 JLINK_ReadReg(R15 (PC))
T32A0 321:215.168 - 0.019ms returns 0x00022F1C
T32A0 321:215.264 JLINK_ReadReg(XPSR)
T32A0 321:215.296 - 0.031ms returns 0x21000000
T32A0 321:215.296 JLINK_ReadReg(XPSR)
T32A0 321:215.328 - 0.026ms returns 0x21000000
T32A0 321:215.392 JLINK_ReadMem(0x00022F1C, 0x1 Bytes, ...)
T32A0 321:215.424    -- Read from flash cache (1 bytes @ 0x00022F1C)
T32A0 321:215.424   Data:  08
T32A0 321:215.456 - 0.093ms returns 0
T32A0 321:216.704 JLINK_ReadMem(0x20071058, 0x4 Bytes, ...)
T32A0 321:217.344   CPU_ReadMem(64 bytes @ 0x20071040)
T32A0 321:219.328    -- Updating C cache (64 bytes @ 0x20071040)
T32A0 321:219.392    -- Read from C cache (4 bytes @ 0x20071058)
T32A0 321:219.392   Data:  03 00 00 00
T32A0 321:219.424 - 2.749ms returns 0
T32A0 321:220.032 JLINK_ReadMem(0x20071058, 0x4 Bytes, ...)
T32A0 321:220.064    -- Read from C cache (4 bytes @ 0x20071058)
T32A0 321:220.096   Data:  03 00 00 00
T32A0 321:220.128 - 0.098ms returns 0
T32A0 321:220.160 JLINK_ReadMem(0x20071058, 0x4 Bytes, ...)
T32A0 321:220.160    -- Read from C cache (4 bytes @ 0x20071058)
T32A0 321:220.192   Data:  03 00 00 00
T32A0 321:220.192 - 0.065ms returns 0
T32A0 321:220.448 JLINK_ReadMem(0x20071058, 0x4 Bytes, ...)
T32A0 321:220.480    -- Read from C cache (4 bytes @ 0x20071058)
T32A0 321:220.512   Data:  03 00 00 00
T32A0 321:220.544 - 0.087ms returns 0
T32A0 321:220.544 JLINK_ReadMem(0x20071060, 0x4 Bytes, ...)
T32A0 321:220.544    -- Read from C cache (4 bytes @ 0x20071060)
T32A0 321:220.576   Data:  FC FA 06 20
T32A0 321:220.608 - 0.061ms returns 0
T32A0 321:220.640 JLINK_ReadMem(0x2007105C, 0x4 Bytes, ...)
T32A0 321:220.672    -- Read from C cache (4 bytes @ 0x2007105C)
T32A0 321:220.672   Data:  E8 06 FE 1F
T32A0 321:220.704 - 0.068ms returns 0
T32A0 321:220.704 JLINK_ReadMem(0x1FFE06E8, 0xB4 Bytes, ...)
T32A0 321:220.736   CPU_ReadMem(256 bytes @ 0x1FFE06C0)
T32A0 321:223.264    -- Updating C cache (256 bytes @ 0x1FFE06C0)
T32A0 321:223.328    -- Read from C cache (180 bytes @ 0x1FFE06E8)
T32A0 321:223.328   Data:  44 52 48 54 53 00 00 00 DC B2 07 20 A0 AB 07 20 ...
T32A0 321:223.360 - 2.628ms returns 0
T32A0 321:223.392 JLINK_ReadMem(0x0003D904, 0xC8 Bytes, ...)
T32A0 321:223.488    -- Read from flash cache (200 bytes @ 0x0003D904)
T32A0 321:223.488   Data:  47 46 6F 72 63 65 47 55 49 20 54 68 72 65 61 64 ...
T32A0 321:223.488 - 0.103ms returns 0
T32A0 321:223.520 JLINK_ReadMem(0x1FFE08A8, 0xB4 Bytes, ...)
T32A0 321:223.552   CPU_ReadMem(256 bytes @ 0x1FFE0880)
T32A0 321:225.664    -- Updating C cache (256 bytes @ 0x1FFE0880)
T32A0 321:225.728    -- Read from C cache (180 bytes @ 0x1FFE08A8)
T32A0 321:225.728   Data:  44 52 48 54 12 00 00 00 84 0A FE 1F 78 09 FE 1F ...
T32A0 321:225.760 - 2.225ms returns 0
T32A0 321:225.792 JLINK_ReadMem(0x0003D43C, 0xC8 Bytes, ...)
T32A0 321:225.792    -- Read from flash cache (200 bytes @ 0x0003D43C)
T32A0 321:225.824   Data:  54 6F 75 63 68 20 50 61 6E 65 6C 20 54 68 72 65 ...
T32A0 321:225.824 - 0.044ms returns 0
T32A0 321:225.856 JLINK_ReadMem(0x2006FAFC, 0xB4 Bytes, ...)
T32A0 321:225.888   CPU_ReadMem(256 bytes @ 0x2006FAC0)
T32A0 321:228.192    -- Updating C cache (256 bytes @ 0x2006FAC0)
T32A0 321:228.256    -- Read from C cache (180 bytes @ 0x2006FAFC)
T32A0 321:228.288   Data:  44 52 48 54 07 00 00 00 74 0A 07 20 B0 FB 06 20 ...
T32A0 321:228.288 - 2.447ms returns 0
T32A0 321:228.352 JLINK_ReadMem(0x0004B224, 0xC8 Bytes, ...)
T32A0 321:228.480    -- Read from flash cache (200 bytes @ 0x0004B224)
T32A0 321:228.480   Data:  47 55 49 58 20 53 79 73 74 65 6D 20 54 68 72 65 ...
T32A0 321:228.512 - 0.160ms returns 0
T32A0 321:252.672 JLINK_ReadMem(0x20071058, 0x4 Bytes, ...)
T32A0 321:252.736    -- Read from C cache (4 bytes @ 0x20071058)
T32A0 321:252.768   Data:  03 00 00 00
T32A0 321:252.800 - 0.109ms returns 0
T32A0 321:252.800 JLINK_ReadMem(0x20071060, 0x4 Bytes, ...)
T32A0 321:252.832    -- Read from C cache (4 bytes @ 0x20071060)
T32A0 321:252.864   Data:  FC FA 06 20
T32A0 321:252.864 - 0.063ms returns 0
T32A0 321:253.792 JLINK_ReadRegs(NumRegs = 20, Indexes: 0, 1, 2, 3, 4, 5, 6, 7, 8, 9, 10, 11, 12, 13, 14, 15, 16, 17, 18, 20)
T32A0 321:254.624    -- R0=0x00, R1=0x20070B50, R2=0x4862C, R3=0x48628, R4=0x40000001, R5=0x2006DAE4, R6=0x2006E1E4, R7=0x20070B30, R8=0x00, R9=0x00, R10=0x2006FBB0, R11=0x00, R12=0x20070B88, R13 (SP)=0x20070B30, R14=0x22EFB, R15 (PC)=0x22F1C, XPSR=0x21000000, MSP=0x2007AB70, PSP=0x20070B30, CFBP=0x6000000
T32A0 321:254.720 - 0.919ms returns 0x00
T32A0 321:277.952 JLINK_ReadMem(0x20071058, 0x4 Bytes, ...)
T32A0 321:278.016    -- Read from C cache (4 bytes @ 0x20071058)
T32A0 321:278.048   Data:  03 00 00 00
T32A0 321:278.080 - 0.115ms returns 0
T32A0 321:278.144 JLINK_ReadMem(0x20071058, 0x4 Bytes, ...)
T32A0 321:278.144    -- Read from C cache (4 bytes @ 0x20071058)
T32A0 321:278.176   Data:  03 00 00 00
T32A0 321:278.176 - 0.052ms returns 0
T32A0 321:278.272 JLINK_ReadMem(0x20071058, 0x4 Bytes, ...)
T32A0 321:278.272    -- Read from C cache (4 bytes @ 0x20071058)
T32A0 321:278.272   Data:  03 00 00 00
T32A0 321:278.304 - 0.051ms returns 0
T32A0 321:278.304 JLINK_ReadMem(0x20071058, 0x4 Bytes, ...)
T32A0 321:278.336    -- Read from C cache (4 bytes @ 0x20071058)
T32A0 321:278.368   Data:  03 00 00 00
T32A0 321:278.368 - 0.043ms returns 0
T32A0 321:278.400 JLINK_ReadMem(0x20071058, 0x4 Bytes, ...)
T32A0 321:278.400    -- Read from C cache (4 bytes @ 0x20071058)
T32A0 321:278.400   Data:  03 00 00 00
T32A0 321:278.400 - 0.042ms returns 0
T32A0 321:278.432 JLINK_ReadMem(0x20071060, 0x4 Bytes, ...)
T32A0 321:278.432    -- Read from C cache (4 bytes @ 0x20071060)
T32A0 321:278.464   Data:  FC FA 06 20
T32A0 321:278.496 - 0.042ms returns 0
T32A0 321:278.496 JLINK_ReadMem(0x2007105C, 0x4 Bytes, ...)
T32A0 321:278.528    -- Read from C cache (4 bytes @ 0x2007105C)
T32A0 321:278.528   Data:  E8 06 FE 1F
T32A0 321:278.528 - 0.042ms returns 0
T32A0 321:278.528 JLINK_ReadMem(0x1FFE06E8, 0xB4 Bytes, ...)
T32A0 321:278.560    -- Read from C cache (180 bytes @ 0x1FFE06E8)
T32A0 321:278.560   Data:  44 52 48 54 53 00 00 00 DC B2 07 20 A0 AB 07 20 ...
T32A0 321:278.592 - 0.043ms returns 0
T32A0 321:278.624 JLINK_ReadMem(0x0003D904, 0xC8 Bytes, ...)
T32A0 321:278.624    -- Read from flash cache (200 bytes @ 0x0003D904)
T32A0 321:278.656   Data:  47 46 6F 72 63 65 47 55 49 20 54 68 72 65 61 64 ...
T32A0 321:278.656 - 0.044ms returns 0
T32A0 321:278.656 JLINK_ReadMem(0x1FFE08A8, 0xB4 Bytes, ...)
T32A0 321:278.688    -- Read from C cache (180 bytes @ 0x1FFE08A8)
T32A0 321:278.688   Data:  44 52 48 54 12 00 00 00 84 0A FE 1F 78 09 FE 1F ...
T32A0 321:278.720 - 0.044ms returns 0
T32A0 321:278.752 JLINK_ReadMem(0x0003D43C, 0xC8 Bytes, ...)
T32A0 321:278.752    -- Read from flash cache (200 bytes @ 0x0003D43C)
T32A0 321:278.784   Data:  54 6F 75 63 68 20 50 61 6E 65 6C 20 54 68 72 65 ...
T32A0 321:278.784 - 0.041ms returns 0
T32A0 321:278.784 JLINK_ReadMem(0x2006FAFC, 0xB4 Bytes, ...)
T32A0 321:278.816    -- Read from C cache (180 bytes @ 0x2006FAFC)
T32A0 321:278.848   Data:  44 52 48 54 07 00 00 00 74 0A 07 20 B0 FB 06 20 ...
T32A0 321:278.848 - 0.058ms returns 0
T32A0 321:278.880 JLINK_ReadMem(0x0004B224, 0xC8 Bytes, ...)
T32A0 321:278.880    -- Read from flash cache (200 bytes @ 0x0004B224)
T32A0 321:278.912   Data:  47 55 49 58 20 53 79 73 74 65 6D 20 54 68 72 65 ...
T32A0 321:278.912 - 0.038ms returns 0
T32A0 321:303.424 JLINK_ReadMem(0x00022F1C, 0x4 Bytes, ...)
T32A0 321:303.456    -- Read from flash cache (4 bytes @ 0x00022F1C)
T32A0 321:303.488   Data:  08 4B 1B 68
T32A0 321:303.488 - 0.086ms returns 0
T32A0 321:315.328 JLINK_ReadMem(0x20070B40, 0x40 Bytes, ...)
T32A0 321:315.424   CPU_ReadMem(64 bytes @ 0x20070B40)
T32A0 321:316.576    -- Updating C cache (64 bytes @ 0x20070B40)
T32A0 321:316.640    -- Read from C cache (64 bytes @ 0x20070B40)
T32A0 321:316.672   Data:  00 00 00 00 41 6A 03 00 70 10 07 20 00 00 00 00 ...
T32A0 321:316.672 - 1.358ms returns 0
T32A0 321:327.360 JLINK_ReadMem(0x00036A40, 0x4 Bytes, ...)
T32A0 321:327.424    -- Read from flash cache (4 bytes @ 0x00036A40)
T32A0 321:327.488   Data:  08 B0 70 BD
T32A0 321:327.520 - 0.161ms returns 0
T32A0 321:331.328 JLINK_ReadMem(0x20070B00, 0x40 Bytes, ...)
T32A0 321:331.392   CPU_ReadMem(64 bytes @ 0x20070B00)
T32A0 321:332.512    -- Updating C cache (64 bytes @ 0x20070B00)
T32A0 321:332.544    -- Read from C cache (64 bytes @ 0x20070B00)
T32A0 321:332.576   Data:  DE B3 AF FE FF BB FF FE D7 73 EF FE CF FB FF FC ...
T32A0 321:332.608 - 1.269ms returns 0
T32A0 321:345.920 JLINK_ReadMem(0x20071058, 0x4 Bytes, ...)
T32A0 321:345.984    -- Read from C cache (4 bytes @ 0x20071058)
T32A0 321:345.984   Data:  03 00 00 00
T32A0 321:346.016 - 0.111ms returns 0
T32A0 321:346.048 JLINK_ReadMem(0x20071060, 0x4 Bytes, ...)
T32A0 321:346.080    -- Read from C cache (4 bytes @ 0x20071060)
T32A0 321:346.112   Data:  FC FA 06 20
T32A0 321:346.112 - 0.063ms returns 0
T32A0 321:346.208 JLINK_ReadMem(0x20071060, 0x4 Bytes, ...)
T32A0 321:346.240    -- Read from C cache (4 bytes @ 0x20071060)
T32A0 321:346.240   Data:  FC FA 06 20
T32A0 321:346.240 - 0.064ms returns 0
T32A0 321:346.656 JLINK_ReadReg(XPSR)
T32A0 321:346.688 - 0.034ms returns 0x21000000
T32A0 321:346.720 JLINK_ReadReg(XPSR)
T32A0 321:346.720 - 0.010ms returns 0x21000000
T32A0 321:346.752 JLINK_ReadMem(0x20071060, 0x4 Bytes, ...)
T32A0 321:346.752    -- Read from C cache (4 bytes @ 0x20071060)
T32A0 321:346.784   Data:  FC FA 06 20
T32A0 321:346.816 - 0.080ms returns 0
T32A0 321:346.880 JLINK_ReadReg(XPSR)
T32A0 321:346.880 - 0.021ms returns 0x21000000
T32A0 321:346.912 JLINK_ReadReg(XPSR)
T32A0 321:346.912 - 0.016ms returns 0x21000000
T32A0 321:346.944 JLINK_ReadMem(0x2007B2DC, 0x4 Bytes, ...)
T32A0 321:346.976   CPU_ReadMem(64 bytes @ 0x2007B2C0)
T32A0 321:348.096    -- Updating C cache (64 bytes @ 0x2007B2C0)
T32A0 321:348.128    -- Read from C cache (4 bytes @ 0x2007B2DC)
T32A0 321:348.160   Data:  FD FF FF FF
T32A0 321:348.160 - 1.218ms returns 0
T32A0 321:348.416 JLINK_ReadMem(0x2007B31C, 0x4 Bytes, ...)
T32A0 321:348.480   CPU_ReadMem(64 bytes @ 0x2007B300)
T32A0 321:349.440    -- Updating C cache (64 bytes @ 0x2007B300)
T32A0 321:349.504    -- Read from C cache (4 bytes @ 0x2007B31C)
T32A0 321:349.536   Data:  00 00 00 61
T32A0 321:349.568 - 1.150ms returns 0
T32A0 321:349.600 JLINK_ReadMem(0x2007B300, 0x4 Bytes, ...)
T32A0 321:349.632    -- Read from C cache (4 bytes @ 0x2007B300)
T32A0 321:349.664   Data:  40 00 01 00
T32A0 321:349.696 - 0.080ms returns 0
T32A0 321:349.696 JLINK_ReadMem(0x2007B304, 0x4 Bytes, ...)
T32A0 321:349.728    -- Read from C cache (4 bytes @ 0x2007B304)
T32A0 321:349.760   Data:  FC FA 06 20
T32A0 321:349.792 - 0.074ms returns 0
T32A0 321:349.824 JLINK_ReadMem(0x2007B308, 0x4 Bytes, ...)
T32A0 321:349.856    -- Read from C cache (4 bytes @ 0x2007B308)
T32A0 321:349.856   Data:  00 00 00 10
T32A0 321:349.888 - 0.072ms returns 0
T32A0 321:349.888 JLINK_ReadMem(0x2007B30C, 0x4 Bytes, ...)
T32A0 321:349.920    -- Read from C cache (4 bytes @ 0x2007B30C)
T32A0 321:349.920   Data:  00 00 00 00
T32A0 321:349.952 - 0.041ms returns 0
T32A0 321:349.952 JLINK_ReadMem(0x2007B2E0, 0x4 Bytes, ...)
T32A0 321:349.952    -- Read from C cache (4 bytes @ 0x2007B2E0)
T32A0 321:349.952   Data:  E8 06 FE 1F
T32A0 321:349.984 - 0.040ms returns 0
T32A0 321:349.984 JLINK_ReadMem(0x2007B2E4, 0x4 Bytes, ...)
T32A0 321:350.016    -- Read from C cache (4 bytes @ 0x2007B2E4)
T32A0 321:350.048   Data:  E8 06 FE 1F
T32A0 321:350.048 - 0.047ms returns 0
T32A0 321:350.080 JLINK_ReadMem(0x2007B2E8, 0x4 Bytes, ...)
T32A0 321:350.080    -- Read from C cache (4 bytes @ 0x2007B2E8)
T32A0 321:350.080   Data:  00 00 00 00
T32A0 321:350.080 - 0.038ms returns 0
T32A0 321:350.112 JLINK_ReadMem(0x2007B2EC, 0x4 Bytes, ...)
T32A0 321:350.112    -- Read from C cache (4 bytes @ 0x2007B2EC)
T32A0 321:350.144   Data:  74 10 07 20
T32A0 321:350.144 - 0.038ms returns 0
T32A0 321:350.176 JLINK_ReadMem(0x2007B2F0, 0x4 Bytes, ...)
T32A0 321:350.176    -- Read from C cache (4 bytes @ 0x2007B2F0)
T32A0 321:350.208   Data:  00 00 00 00
T32A0 321:350.208 - 0.038ms returns 0
T32A0 321:350.208 JLINK_ReadMem(0x2007B2F4, 0x4 Bytes, ...)
T32A0 321:350.304    -- Read from C cache (4 bytes @ 0x2007B2F4)
T32A0 321:350.336   Data:  00 00 00 00
T32A0 321:350.336 - 0.116ms returns 0
T32A0 321:350.336 JLINK_ReadMem(0x2007B2F8, 0x4 Bytes, ...)
T32A0 321:350.336    -- Read from C cache (4 bytes @ 0x2007B2F8)
T32A0 321:350.368   Data:  A0 AB 07 20
T32A0 321:350.368 - 0.039ms returns 0
T32A0 321:350.400 JLINK_ReadMem(0x2007B2FC, 0x4 Bytes, ...)
T32A0 321:350.400    -- Read from C cache (4 bytes @ 0x2007B2FC)
T32A0 321:350.400   Data:  00 00 00 00
T32A0 321:350.432 - 0.038ms returns 0
T32A0 321:350.432 JLINK_ReadMem(0x2007B310, 0x4 Bytes, ...)
T32A0 321:350.464    -- Read from C cache (4 bytes @ 0x2007B310)
T32A0 321:350.464   Data:  00 00 00 00
T32A0 321:350.496 - 0.063ms returns 0
T32A0 321:350.496 JLINK_ReadMem(0x2007B314, 0x4 Bytes, ...)
T32A0 321:350.528    -- Read from C cache (4 bytes @ 0x2007B314)
T32A0 321:350.528   Data:  03 A5 03 00
T32A0 321:350.560 - 0.038ms returns 0
T32A0 321:350.592 JLINK_ReadMem(0x2007B318, 0x4 Bytes, ...)
T32A0 321:350.592    -- Read from C cache (4 bytes @ 0x2007B318)
T32A0 321:350.592   Data:  96 AA 03 00
T32A0 321:350.592 - 0.046ms returns 0
T32A0 321:350.624 JLINK_ReadMem(0x2007B31C, 0x4 Bytes, ...)
T32A0 321:350.624    -- Read from C cache (4 bytes @ 0x2007B31C)
T32A0 321:350.656   Data:  00 00 00 61
T32A0 321:350.656 - 0.038ms returns 0
T32A0 321:351.872 JLINK_ReadMem(0x20071058, 0x4 Bytes, ...)
T32A0 321:351.968    -- Read from C cache (4 bytes @ 0x20071058)
T32A0 321:352.000   Data:  03 00 00 00
T32A0 321:352.000 - 0.118ms returns 0
T32A0 321:352.032 JLINK_ReadMem(0x20071058, 0x4 Bytes, ...)
T32A0 321:352.064    -- Read from C cache (4 bytes @ 0x20071058)
T32A0 321:352.096   Data:  03 00 00 00
T32A0 321:352.096 - 0.052ms returns 0
T32A0 321:352.128 JLINK_ReadMem(0x20071058, 0x4 Bytes, ...)
T32A0 321:352.160    -- Read from C cache (4 bytes @ 0x20071058)
T32A0 321:352.160   Data:  03 00 00 00
T32A0 321:352.192 - 0.044ms returns 0
T32A0 321:360.352 JLINK_ReadMem(0x20071058, 0x4 Bytes, ...)
T32A0 321:360.448    -- Read from C cache (4 bytes @ 0x20071058)
T32A0 321:360.448   Data:  03 00 00 00
T32A0 321:360.480 - 0.115ms returns 0
T32A0 321:360.512 JLINK_ReadMem(0x20071060, 0x4 Bytes, ...)
T32A0 321:360.544    -- Read from C cache (4 bytes @ 0x20071060)
T32A0 321:360.576   Data:  FC FA 06 20
T32A0 321:360.576 - 0.078ms returns 0
T32A0 321:360.672 JLINK_ReadMem(0x20071060, 0x4 Bytes, ...)
T32A0 321:360.704    -- Read from C cache (4 bytes @ 0x20071060)
T32A0 321:360.704   Data:  FC FA 06 20
T32A0 321:360.736 - 0.076ms returns 0
T32A0 321:360.800 JLINK_ReadReg(XPSR)
T32A0 321:360.832 - 0.023ms returns 0x21000000
T32A0 321:360.832 JLINK_ReadReg(XPSR)
T32A0 321:360.832 - 0.017ms returns 0x21000000
T32A0 321:360.864 JLINK_ReadMem(0x20071060, 0x4 Bytes, ...)
T32A0 321:360.896    -- Read from C cache (4 bytes @ 0x20071060)
T32A0 321:360.928   Data:  FC FA 06 20
T32A0 321:360.960 - 0.069ms returns 0
T32A0 321:360.960 JLINK_ReadReg(XPSR)
T32A0 321:360.992 - 0.018ms returns 0x21000000
T32A0 321:360.992 JLINK_ReadReg(XPSR)
T32A0 321:361.024 - 0.016ms returns 0x21000000
T32A0 321:361.056 JLINK_ReadMem(0x1FFE0A84, 0x4 Bytes, ...)
T32A0 321:361.088   CPU_ReadMem(64 bytes @ 0x1FFE0A80)
T32A0 321:362.144    -- Updating C cache (64 bytes @ 0x1FFE0A80)
T32A0 321:362.208    -- Read from C cache (4 bytes @ 0x1FFE0A84)
T32A0 321:362.240   Data:  FD FF FF FF
T32A0 321:362.272 - 1.222ms returns 0
T32A0 321:362.304 JLINK_ReadMem(0x1FFE0AC4, 0x4 Bytes, ...)
T32A0 321:362.368   CPU_ReadMem(64 bytes @ 0x1FFE0AC0)
T32A0 321:363.392    -- Updating C cache (64 bytes @ 0x1FFE0AC0)
T32A0 321:363.424    -- Read from C cache (4 bytes @ 0x1FFE0AC4)
T32A0 321:363.456   Data:  00 00 00 61
T32A0 321:363.456 - 1.150ms returns 0
T32A0 321:363.488 JLINK_ReadMem(0x1FFE0AA8, 0x4 Bytes, ...)
T32A0 321:363.520    -- Read from C cache (4 bytes @ 0x1FFE0AA8)
T32A0 321:363.520   Data:  48 00 00 00
T32A0 321:363.520 - 0.049ms returns 0
T32A0 321:363.552 JLINK_ReadMem(0x1FFE0AAC, 0x4 Bytes, ...)
T32A0 321:363.648    -- Read from C cache (4 bytes @ 0x1FFE0AAC)
T32A0 321:363.648   Data:  E8 06 FE 1F
T32A0 321:363.648 - 0.119ms returns 0
T32A0 321:363.680 JLINK_ReadMem(0x1FFE0AB0, 0x4 Bytes, ...)
T32A0 321:363.680    -- Read from C cache (4 bytes @ 0x1FFE0AB0)
T32A0 321:363.712   Data:  00 00 00 10
T32A0 321:363.712 - 0.038ms returns 0
T32A0 321:363.744 JLINK_ReadMem(0x1FFE0AB4, 0x4 Bytes, ...)
T32A0 321:363.744    -- Read from C cache (4 bytes @ 0x1FFE0AB4)
T32A0 321:363.776   Data:  00 00 00 00
T32A0 321:363.776 - 0.038ms returns 0
T32A0 321:363.776 JLINK_ReadMem(0x1FFE0A88, 0x4 Bytes, ...)
T32A0 321:363.776    -- Read from C cache (4 bytes @ 0x1FFE0A88)
T32A0 321:363.808   Data:  A8 08 FE 1F
T32A0 321:363.808 - 0.038ms returns 0
T32A0 321:363.840 JLINK_ReadMem(0x1FFE0A8C, 0x4 Bytes, ...)
T32A0 321:363.840    -- Read from C cache (4 bytes @ 0x1FFE0A8C)
T32A0 321:363.872   Data:  A8 08 FE 1F
T32A0 321:363.872 - 0.038ms returns 0
T32A0 321:363.904 JLINK_ReadMem(0x1FFE0A90, 0x4 Bytes, ...)
T32A0 321:363.904    -- Read from C cache (4 bytes @ 0x1FFE0A90)
T32A0 321:363.904   Data:  00 00 00 00
T32A0 321:363.904 - 0.038ms returns 0
T32A0 321:363.904 JLINK_ReadMem(0x1FFE0A94, 0x4 Bytes, ...)
T32A0 321:363.936    -- Read from C cache (4 bytes @ 0x1FFE0A94)
T32A0 321:363.936   Data:  74 10 07 20
T32A0 321:363.968 - 0.038ms returns 0
T32A0 321:363.968 JLINK_ReadMem(0x1FFE0A98, 0x4 Bytes, ...)
T32A0 321:364.000    -- Read from C cache (4 bytes @ 0x1FFE0A98)
T32A0 321:364.000   Data:  00 00 00 00
T32A0 321:364.032 - 0.038ms returns 0
T32A0 321:364.032 JLINK_ReadMem(0x1FFE0A9C, 0x4 Bytes, ...)
T32A0 321:364.032    -- Read from C cache (4 bytes @ 0x1FFE0A9C)
T32A0 321:364.032   Data:  00 00 00 00
T32A0 321:364.064 - 0.038ms returns 0
T32A0 321:364.064 JLINK_ReadMem(0x1FFE0AA0, 0x4 Bytes, ...)
T32A0 321:364.096    -- Read from C cache (4 bytes @ 0x1FFE0AA0)
T32A0 321:364.096   Data:  78 09 FE 1F
T32A0 321:364.128 - 0.038ms returns 0
T32A0 321:364.128 JLINK_ReadMem(0x1FFE0AA4, 0x4 Bytes, ...)
T32A0 321:364.160    -- Read from C cache (4 bytes @ 0x1FFE0AA4)
T32A0 321:364.160   Data:  00 00 00 00
T32A0 321:364.160 - 0.039ms returns 0
T32A0 321:364.160 JLINK_ReadMem(0x1FFE0AB8, 0x4 Bytes, ...)
T32A0 321:364.192    -- Read from C cache (4 bytes @ 0x1FFE0AB8)
T32A0 321:364.224   Data:  00 00 00 00
T32A0 321:364.256 - 0.059ms returns 0
T32A0 321:364.256 JLINK_ReadMem(0x1FFE0ABC, 0x4 Bytes, ...)
T32A0 321:364.288    -- Read from C cache (4 bytes @ 0x1FFE0ABC)
T32A0 321:364.288   Data:  03 A5 03 00
T32A0 321:364.288 - 0.039ms returns 0
T32A0 321:364.288 JLINK_ReadMem(0x1FFE0AC0, 0x4 Bytes, ...)
T32A0 321:364.320    -- Read from C cache (4 bytes @ 0x1FFE0AC0)
T32A0 321:364.320   Data:  96 AA 03 00
T32A0 321:364.352 - 0.039ms returns 0
T32A0 321:364.352 JLINK_ReadMem(0x1FFE0AC4, 0x4 Bytes, ...)
T32A0 321:364.384    -- Read from C cache (4 bytes @ 0x1FFE0AC4)
T32A0 321:364.384   Data:  00 00 00 61
T32A0 321:364.416 - 0.038ms returns 0
T32A0 321:365.216 JLINK_ReadMem(0x20071058, 0x4 Bytes, ...)
T32A0 321:365.280    -- Read from C cache (4 bytes @ 0x20071058)
T32A0 321:365.312   Data:  03 00 00 00
T32A0 321:365.344 - 0.127ms returns 0
T32A0 321:365.376 JLINK_ReadMem(0x20071058, 0x4 Bytes, ...)
T32A0 321:365.408    -- Read from C cache (4 bytes @ 0x20071058)
T32A0 321:365.408   Data:  03 00 00 00
T32A0 321:365.440 - 0.044ms returns 0
T32A0 321:365.472 JLINK_ReadMem(0x20071058, 0x4 Bytes, ...)
T32A0 321:365.472    -- Read from C cache (4 bytes @ 0x20071058)
T32A0 321:365.504   Data:  03 00 00 00
T32A0 321:365.504 - 0.041ms returns 0
T32A0 321:369.440 JLINK_ReadMem(0x20071058, 0x4 Bytes, ...)
T32A0 321:369.504    -- Read from C cache (4 bytes @ 0x20071058)
T32A0 321:369.536   Data:  03 00 00 00
T32A0 321:369.536 - 0.098ms returns 0
T32A0 321:369.568 JLINK_ReadMem(0x20071060, 0x4 Bytes, ...)
T32A0 321:369.600    -- Read from C cache (4 bytes @ 0x20071060)
T32A0 321:369.600   Data:  FC FA 06 20
T32A0 321:369.632 - 0.048ms returns 0
T32A0 321:369.664 JLINK_ReadMem(0x20071060, 0x4 Bytes, ...)
T32A0 321:369.792    -- Read from C cache (4 bytes @ 0x20071060)
T32A0 321:369.792   Data:  FC FA 06 20
T32A0 321:369.824 - 0.153ms returns 0
T32A0 321:369.888 JLINK_ReadReg(XPSR)
T32A0 321:369.920 - 0.022ms returns 0x21000000
T32A0 321:369.920 JLINK_ReadReg(XPSR)
T32A0 321:369.920 - 0.016ms returns 0x21000000
T32A0 321:369.984 JLINK_ReadRegs(NumRegs = 20, Indexes: 0, 1, 2, 3, 4, 5, 6, 7, 8, 9, 10, 11, 12, 13, 14, 15, 16, 17, 18, 20)
T32A0 321:370.016    -- R0=0x00, R1=0x20070B50, R2=0x4862C, R3=0x48628, R4=0x40000001, R5=0x2006DAE4, R6=0x2006E1E4, R7=0x20070B30, R8=0x00, R9=0x00, R10=0x2006FBB0, R11=0x00, R12=0x20070B88, R13 (SP)=0x20070B30, R14=0x22EFB, R15 (PC)=0x22F1C, XPSR=0x21000000, MSP=0x2007AB70, PSP=0x20070B30, CFBP=0x6000000
T32A0 321:370.048 - 0.060ms returns 0x00
T32A0 321:370.048 JLINK_ReadReg(XPSR)
T32A0 321:370.080 - 0.016ms returns 0x21000000
T32A0 321:370.080 JLINK_ReadReg(XPSR)
T32A0 321:370.112 - 0.015ms returns 0x21000000
T32A0 321:370.144 JLINK_ReadReg(XPSR)
T32A0 321:370.144 - 0.016ms returns 0x21000000
T32A0 321:370.176 JLINK_ReadReg(XPSR)
T32A0 321:370.176 - 0.016ms returns 0x21000000
T32A0 321:370.176 JLINK_ReadReg(XPSR)
T32A0 321:370.208 - 0.015ms returns 0x21000000
T32A0 321:370.240 JLINK_ReadReg(XPSR)
T32A0 321:370.240 - 0.015ms returns 0x21000000
T32A0 321:370.272 JLINK_ReadReg(XPSR)
T32A0 321:370.304 - 0.024ms returns 0x21000000
T32A0 321:370.304 JLINK_ReadReg(XPSR)
T32A0 321:370.336 - 0.016ms returns 0x21000000
T32A0 321:370.368 JLINK_ReadReg(XPSR)
T32A0 321:370.400 - 0.026ms returns 0x21000000
T32A0 321:370.432 JLINK_ReadReg(XPSR)
T32A0 321:370.432 - 0.013ms returns 0x21000000
T32A0 321:370.432 JLINK_ReadReg(XPSR)
T32A0 321:370.432 - 0.010ms returns 0x21000000
T32A0 321:370.464 JLINK_ReadReg(XPSR)
T32A0 321:370.464 - 0.009ms returns 0x21000000
T32A0 321:370.464 JLINK_ReadReg(XPSR)
T32A0 321:370.496 - 0.009ms returns 0x21000000
T32A0 321:370.496 JLINK_ReadReg(XPSR)
T32A0 321:370.528 - 0.009ms returns 0x21000000
T32A0 321:370.528 JLINK_ReadReg(XPSR)
T32A0 321:370.528 - 0.009ms returns 0x21000000
T32A0 321:370.592 JLINK_ReadReg(XPSR)
T32A0 321:370.624 - 0.025ms returns 0x21000000
T32A0 321:370.624 JLINK_ReadReg(XPSR)
T32A0 321:370.656 - 0.017ms returns 0x21000000
T32A0 321:370.688 JLINK_ReadReg(XPSR)
T32A0 321:370.688 - 0.016ms returns 0x21000000
T32A0 321:370.720 JLINK_ReadReg(XPSR)
T32A0 321:370.752 - 0.019ms returns 0x21000000
T32A0 321:370.752 JLINK_ReadReg(XPSR)
T32A0 321:370.784 - 0.018ms returns 0x21000000
T32A0 321:372.096 JLINK_ReadMem(0x20071058, 0x4 Bytes, ...)
T32A0 321:372.192    -- Read from C cache (4 bytes @ 0x20071058)
T32A0 321:372.224   Data:  03 00 00 00
T32A0 321:372.224 - 0.108ms returns 0
T32A0 321:372.256 JLINK_ReadMem(0x20071058, 0x4 Bytes, ...)
T32A0 321:372.288    -- Read from C cache (4 bytes @ 0x20071058)
T32A0 321:372.320   Data:  03 00 00 00
T32A0 321:372.320 - 0.068ms returns 0
T32A0 321:372.384 JLINK_ReadMem(0x20071058, 0x4 Bytes, ...)
T32A0 321:372.416    -- Read from C cache (4 bytes @ 0x20071058)
T32A0 321:372.448   Data:  03 00 00 00
T32A0 321:372.480 - 0.070ms returns 0
T32A0 321:374.208 JLINK_ReadMem(0x00022F1C, 0x4 Bytes, ...)
T32A0 321:374.272    -- Read from flash cache (4 bytes @ 0x00022F1C)
T32A0 321:374.272   Data:  08 4B 1B 68
T32A0 321:374.304 - 0.100ms returns 0
T32A0 321:375.424 JLINK_ReadMem(0x20070B40, 0x40 Bytes, ...)
T32A0 321:375.520    -- Read from C cache (64 bytes @ 0x20070B40)
T32A0 321:375.552   Data:  00 00 00 00 41 6A 03 00 70 10 07 20 00 00 00 00 ...
T32A0 321:375.552 - 0.107ms returns 0
T32A0 321:376.352 JLINK_ReadMem(0x00036A40, 0x4 Bytes, ...)
T32A0 321:376.416    -- Read from flash cache (4 bytes @ 0x00036A40)
T32A0 321:376.448   Data:  08 B0 70 BD
T32A0 321:376.448 - 0.088ms returns 0
T32A0 321:377.472 JLINK_ReadMem(0x20070B00, 0x40 Bytes, ...)
T32A0 321:377.536    -- Read from C cache (64 bytes @ 0x20070B00)
T32A0 321:377.600   Data:  DE B3 AF FE FF BB FF FE D7 73 EF FE CF FB FF FC ...
T32A0 321:377.600 - 0.122ms returns 0
T32A0 321:423.584 JLINK_ReadMem(0x0003AA96, 0x4 Bytes, ...)
T32A0 321:423.680    -- Read from flash cache (4 bytes @ 0x0003AA96)
T32A0 321:423.744   Data:  EF F3 10 83
T32A0 321:423.776 - 0.188ms returns 0
T32A0 321:425.216 JLINK_ReadMem(0x1FFE0AC0, 0x40 Bytes, ...)
T32A0 321:425.280    -- Read from C cache (64 bytes @ 0x1FFE0AC0)
T32A0 321:425.312   Data:  96 AA 03 00 00 00 00 61 70 10 07 20 A8 08 FE 1F ...
T32A0 321:425.344 - 0.129ms returns 0
T32A0 321:427.264 JLINK_ReadMem(0x0003A502, 0x4 Bytes, ...)
T32A0 321:427.296    -- Read from flash cache (4 bytes @ 0x0003A502)
T32A0 321:427.360   Data:  D4 F8 84 00
T32A0 321:427.392 - 0.127ms returns 0
T32A0 321:429.920 JLINK_ReadMem(0x0000F046, 0x4 Bytes, ...)
T32A0 321:430.080    -- Read from flash cache (4 bytes @ 0x0000F046)
T32A0 321:430.112   Data:  B8 60 BB 68
T32A0 321:430.144 - 0.230ms returns 0
T32A0 321:431.648 JLINK_ReadMem(0x1FFE0B00, 0x40 Bytes, ...)
T32A0 321:431.744   CPU_ReadMem(64 bytes @ 0x1FFE0B00)
T32A0 321:433.056    -- Updating C cache (64 bytes @ 0x1FFE0B00)
T32A0 321:433.120    -- Read from C cache (64 bytes @ 0x1FFE0B00)
T32A0 321:433.152   Data:  00 00 00 00 00 08 FE 1F 10 0B FE 1F DB 09 00 00 ...
T32A0 321:433.184 - 1.522ms returns 0
T32A0 321:435.200 JLINK_ReadMem(0x000009DA, 0x4 Bytes, ...)
T32A0 321:435.328    -- Read from flash cache (4 bytes @ 0x000009DA)
T32A0 321:435.360   Data:  38 61 3B 69
T32A0 321:435.392 - 0.201ms returns 0
T32A0 321:436.640 JLINK_ReadMem(0x0000D72C, 0x4 Bytes, ...)
T32A0 321:436.832    -- Read from flash cache (4 bytes @ 0x0000D72C)
T32A0 321:436.864   Data:  F8 60 FB 68
T32A0 321:436.896 - 0.254ms returns 0
T32A0 321:437.408 JLINK_ReadMem(0x1FFE0B40, 0x40 Bytes, ...)
T32A0 321:437.472   CPU_ReadMem(64 bytes @ 0x1FFE0B40)
T32A0 321:438.656    -- Updating C cache (64 bytes @ 0x1FFE0B40)
T32A0 321:438.720    -- Read from C cache (64 bytes @ 0x1FFE0B40)
T32A0 321:438.752   Data:  00 00 00 00 00 00 00 00 78 09 FE 1F 40 08 FE 1F ...
T32A0 321:438.784 - 1.362ms returns 0
T32A0 321:440.064 JLINK_ReadMem(0x0003A814, 0x4 Bytes, ...)
T32A0 321:440.128    -- Read from flash cache (4 bytes @ 0x0003A814)
T32A0 321:440.160   Data:  0F 4B 1B 68
T32A0 321:440.160 - 0.110ms returns 0
T32A0 322:160.512 JLINK_ReadMem(0x00022F1C, 0x4 Bytes, ...)
T32A0 322:160.576    -- Read from flash cache (4 bytes @ 0x00022F1C)
T32A0 322:160.608   Data:  08 4B 1B 68
T32A0 322:160.640 - 0.140ms returns 0
T32A0 322:161.248 JLINK_ReadMem(0x20070B40, 0x40 Bytes, ...)
T32A0 322:161.344    -- Read from C cache (64 bytes @ 0x20070B40)
T32A0 322:161.344   Data:  00 00 00 00 41 6A 03 00 70 10 07 20 00 00 00 00 ...
T32A0 322:161.344 - 0.140ms returns 0
T32A0 322:162.016 JLINK_ReadMem(0x00036A40, 0x4 Bytes, ...)
T32A0 322:162.112    -- Read from flash cache (4 bytes @ 0x00036A40)
T32A0 322:162.112   Data:  08 B0 70 BD
T32A0 322:162.144 - 0.110ms returns 0
T32A0 322:162.816 JLINK_ReadMem(0x0002C98E, 0x4 Bytes, ...)
T32A0 322:162.976    -- Read from flash cache (4 bytes @ 0x0002C98E)
T32A0 322:163.008   Data:  00 22 69 46
T32A0 322:163.008 - 0.178ms returns 0
T32A0 322:163.520 JLINK_ReadMem(0x20070B80, 0x40 Bytes, ...)
T32A0 322:163.616   CPU_ReadMem(64 bytes @ 0x20070B80)
T32A0 322:164.544    -- Updating C cache (64 bytes @ 0x20070B80)
T32A0 322:164.544    -- Read from C cache (64 bytes @ 0x20070B80)
T32A0 322:164.576   Data:  24 4E 04 20 00 00 FE 1F 70 B3 07 20 FD 21 02 00 ...
T32A0 322:164.576 - 1.044ms returns 0
T32A0 322:165.312 JLINK_ReadMem(0x0003A814, 0x4 Bytes, ...)
T32A0 322:165.344    -- Read from flash cache (4 bytes @ 0x0003A814)
T32A0 322:165.376   Data:  0F 4B 1B 68
T32A0 322:165.408 - 0.092ms returns 0
T32A0 322:871.616 JLINK_ReadMem(0x20071058, 0x4 Bytes, ...)
T32A0 322:871.712    -- Read from C cache (4 bytes @ 0x20071058)
T32A0 322:871.744   Data:  03 00 00 00
T32A0 322:871.776 - 0.185ms returns 0
T32A0 322:871.872 JLINK_ReadMem(0x20071058, 0x4 Bytes, ...)
T32A0 322:872.256    -- Read from C cache (4 bytes @ 0x20071058)
T32A0 322:872.320   Data:  03 00 00 00
T32A0 322:872.352 - 0.501ms returns 0
T32A0 322:872.448 JLINK_ReadMem(0x20071058, 0x4 Bytes, ...)
T32A0 322:872.512    -- Read from C cache (4 bytes @ 0x20071058)
T32A0 322:872.512   Data:  03 00 00 00
T32A0 322:872.544 - 0.084ms returns 0
T32A0 322:877.248 JLINK_ReadMem(0x20071058, 0x4 Bytes, ...)
T32A0 322:877.312    -- Read from C cache (4 bytes @ 0x20071058)
T32A0 322:877.344   Data:  03 00 00 00
T32A0 322:877.376 - 0.128ms returns 0
T32A0 322:877.408 JLINK_ReadMem(0x20071058, 0x4 Bytes, ...)
T32A0 322:877.440    -- Read from C cache (4 bytes @ 0x20071058)
T32A0 322:877.472   Data:  03 00 00 00
T32A0 322:877.504 - 0.075ms returns 0
T32A0 322:877.568 JLINK_ReadMem(0x20071058, 0x4 Bytes, ...)
T32A0 322:877.600    -- Read from C cache (4 bytes @ 0x20071058)
T32A0 322:877.632   Data:  03 00 00 00
T32A0 322:877.632 - 0.073ms returns 0
T32A0 322:880.000 JLINK_ReadMem(0x20070B00, 0x40 Bytes, ...)
T32A0 322:880.064    -- Read from C cache (64 bytes @ 0x20070B00)
T32A0 322:880.096   Data:  DE B3 AF FE FF BB FF FE D7 73 EF FE CF FB FF FC ...
T32A0 322:880.128 - 0.124ms returns 0
T32A0 322:883.136 JLINK_ReadMem(0x00022F1C, 0x4 Bytes, ...)
T32A0 322:883.200    -- Read from flash cache (4 bytes @ 0x00022F1C)
T32A0 322:883.200   Data:  08 4B 1B 68
T32A0 322:883.232 - 0.082ms returns 0
T32A0 322:883.808 JLINK_ReadMem(0x20070B40, 0x40 Bytes, ...)
T32A0 322:883.872    -- Read from C cache (64 bytes @ 0x20070B40)
T32A0 322:883.904   Data:  00 00 00 00 41 6A 03 00 70 10 07 20 00 00 00 00 ...
T32A0 322:883.904 - 0.082ms returns 0
T32A0 322:884.480 JLINK_ReadMem(0x00036A40, 0x4 Bytes, ...)
T32A0 322:884.544    -- Read from flash cache (4 bytes @ 0x00036A40)
T32A0 322:884.544   Data:  08 B0 70 BD
T32A0 322:884.544 - 0.073ms returns 0
T32A0 322:885.184 JLINK_ReadMem(0x20070B00, 0x40 Bytes, ...)
T32A0 322:885.216    -- Read from C cache (64 bytes @ 0x20070B00)
T32A0 322:885.248   Data:  DE B3 AF FE FF BB FF FE D7 73 EF FE CF FB FF FC ...
T32A0 322:885.248 - 0.074ms returns 0
T32A0 322:887.584 JLINK_ReadMem(0x0003AA96, 0x4 Bytes, ...)
T32A0 322:887.616    -- Read from flash cache (4 bytes @ 0x0003AA96)
T32A0 322:887.648   Data:  EF F3 10 83
T32A0 322:887.680 - 0.117ms returns 0
T32A0 322:889.024 JLINK_ReadMem(0x2007B300, 0x40 Bytes, ...)
T32A0 322:889.088    -- Read from C cache (64 bytes @ 0x2007B300)
T32A0 322:889.120   Data:  40 00 01 00 FC FA 06 20 00 00 00 10 00 00 00 00 ...
T32A0 322:889.152 - 0.115ms returns 0
T32A0 322:889.984 JLINK_ReadMem(0x0003A502, 0x4 Bytes, ...)
T32A0 322:890.048    -- Read from flash cache (4 bytes @ 0x0003A502)
T32A0 322:890.048   Data:  D4 F8 84 00
T32A0 322:890.080 - 0.110ms returns 0
T32A0 322:891.616 JLINK_ReadMem(0x2007B340, 0x40 Bytes, ...)
T32A0 322:891.712   CPU_ReadMem(64 bytes @ 0x2007B340)
T32A0 322:892.736    -- Updating C cache (64 bytes @ 0x2007B340)
T32A0 322:892.768    -- Read from C cache (64 bytes @ 0x2007B340)
T32A0 322:892.800   Data:  00 00 00 00 00 00 00 00 58 B3 07 20 CB 30 02 00 ...
T32A0 322:892.800 - 1.198ms returns 0
T32A0 322:893.856 JLINK_ReadMem(0x000230CA, 0x4 Bytes, ...)
T32A0 322:893.920    -- Read from flash cache (4 bytes @ 0x000230CA)
T32A0 322:893.952   Data:  3B 46 18 46
T32A0 322:893.984 - 0.114ms returns 0
T32A0 322:895.296 JLINK_ReadMem(0x000222EC, 0x4 Bytes, ...)
T32A0 322:895.328    -- Read from flash cache (4 bytes @ 0x000222EC)
T32A0 322:895.360   Data:  00 BF 08 37
T32A0 322:895.392 - 0.126ms returns 0
T32A0 322:896.160 JLINK_ReadMem(0x2007B380, 0x40 Bytes, ...)
T32A0 322:896.192   CPU_ReadMem(64 bytes @ 0x2007B380)
T32A0 322:897.152    -- Updating C cache (64 bytes @ 0x2007B380)
T32A0 322:897.216    -- Read from C cache (64 bytes @ 0x2007B380)
T32A0 322:897.216   Data:  00 00 00 00 00 00 00 00 00 00 00 00 15 A8 03 00 ...
T32A0 322:897.248 - 1.101ms returns 0
T32A0 322:897.984 JLINK_ReadMem(0x0003A814, 0x4 Bytes, ...)
T32A0 322:898.016    -- Read from flash cache (4 bytes @ 0x0003A814)
T32A0 322:898.016   Data:  0F 4B 1B 68
T32A0 322:898.048 - 0.071ms returns 0
T5484 323:297.248 JLINK_IsHalted()
T5484 323:298.912 - 1.668ms returns TRUE
T5484 323:298.976 JLINK_ReadReg(XPSR)
T5484 323:299.008 - 0.034ms returns 0x21000000
T5484 323:299.040 JLINK_ReadReg(R15 (PC))
T5484 323:299.072 - 0.021ms returns 0x00022F1C
T5484 323:299.104 JLINK_ReadReg(XPSR)
T5484 323:299.104 - 0.020ms returns 0x21000000
T5484 323:299.136 JLINK_ReadReg(XPSR)
T5484 323:299.136 - 0.017ms returns 0x21000000
T5484 323:299.168 JLINK_ReadReg(R15 (PC))
T5484 323:299.168 - 0.017ms returns 0x00022F1C
T5484 323:299.200 JLINK_ReadReg(XPSR)
T5484 323:299.232 - 0.016ms returns 0x21000000
T5484 323:299.232 JLINK_ReadReg(XPSR)
T5484 323:299.264 - 0.017ms returns 0x21000000
T5484 323:299.264 JLINK_ReadMem(0x00022F1C, 0x1 Bytes, ...)
T5484 323:299.296    -- Read from flash cache (1 bytes @ 0x00022F1C)
T5484 323:299.328   Data:  08
T5484 323:299.360 - 0.067ms returns 0
T5484 323:299.360 JLINK_IsHalted()
T5484 323:299.392 - 0.016ms returns TRUE
T5484 323:299.392 JLINK_ReadReg(XPSR)
T5484 323:299.424 - 0.017ms returns 0x21000000
T5484 323:299.424 JLINK_ReadReg(XPSR)
T5484 323:299.456 - 0.016ms returns 0x21000000
T5484 323:299.488 JLINK_ReadReg(R15 (PC))
T5484 323:299.488 - 0.017ms returns 0x00022F1C
T5484 323:299.520 JLINK_ReadReg(XPSR)
T5484 323:299.520 - 0.025ms returns 0x21000000
T5484 323:299.584 JLINK_ReadReg(XPSR)
T5484 323:299.616 - 0.020ms returns 0x21000000
T5484 323:299.648 JLINK_ReadMem(0x00022F1C, 0x1 Bytes, ...)
T5484 323:299.648    -- Read from flash cache (1 bytes @ 0x00022F1C)
T5484 323:299.680   Data:  08
T5484 323:299.712 - 0.063ms returns 0
T5484 323:300.288 JLINK_ReadMem(0xE0001004, 0x4 Bytes, ...)
T5484 323:300.384   CPU_ReadMem(4 bytes @ 0xE0001004)
T5484 323:301.568   Data:  9F 07 04 7B
T5484 323:301.600   Debug reg: DWT_CYCCNT
T5484 323:301.632 - 1.348ms returns 0
T5484 323:305.888 JLINK_IsHalted()
T5484 323:305.952 - 0.075ms returns TRUE
T5484 323:305.984 JLINK_ReadReg(XPSR)
T5484 323:306.048 - 0.035ms returns 0x21000000
T5484 323:306.048 JLINK_ReadReg(R15 (PC))
T5484 323:306.080 - 0.024ms returns 0x00022F1C
T5484 323:306.112 JLINK_ReadReg(XPSR)
T5484 323:306.144 - 0.024ms returns 0x21000000
T5484 323:306.176 JLINK_ReadReg(XPSR)
T5484 323:306.176 - 0.030ms returns 0x21000000
T5484 323:306.208 JLINK_ReadReg(R15 (PC))
T5484 323:306.208 - 0.017ms returns 0x00022F1C
T5484 323:306.240 JLINK_ReadReg(XPSR)
T5484 323:306.272 - 0.017ms returns 0x21000000
T5484 323:306.304 JLINK_ReadReg(XPSR)
T5484 323:306.304 - 0.017ms returns 0x21000000
T5484 323:306.304 JLINK_ReadMem(0x00022F1C, 0x1 Bytes, ...)
T5484 323:306.336    -- Read from flash cache (1 bytes @ 0x00022F1C)
T5484 323:306.368   Data:  08
T5484 323:306.400 - 0.069ms returns 0
T5484 323:306.432 JLINK_IsHalted()
T5484 323:306.432 - 0.017ms returns TRUE
T5484 323:306.432 JLINK_ReadReg(XPSR)
T5484 323:306.464 - 0.018ms returns 0x21000000
T5484 323:306.496 JLINK_ReadReg(XPSR)
T5484 323:306.496 - 0.017ms returns 0x21000000
T5484 323:306.528 JLINK_ReadReg(R15 (PC))
T5484 323:306.560 - 0.018ms returns 0x00022F1C
T5484 323:306.560 JLINK_ReadReg(XPSR)
T5484 323:306.592 - 0.017ms returns 0x21000000
T5484 323:306.592 JLINK_ReadReg(XPSR)
T5484 323:306.624 - 0.016ms returns 0x21000000
T5484 323:306.656 JLINK_ReadMem(0x00022F1C, 0x1 Bytes, ...)
T5484 323:306.688    -- Read from flash cache (1 bytes @ 0x00022F1C)
T5484 323:306.688   Data:  08
T5484 323:306.688 - 0.065ms returns 0
T5484 323:306.752 JLINK_ReadMem(0xE0001004, 0x4 Bytes, ...)
T5484 323:306.784   Data:  9F 07 04 7B
T5484 323:306.816   Debug reg: DWT_CYCCNT
T5484 323:306.816 - 0.075ms returns 0
T5484 323:308.800 JLINK_IsHalted()
T5484 323:308.864 - 0.067ms returns TRUE
T5484 323:308.896 JLINK_ReadReg(XPSR)
T5484 323:308.928 - 0.032ms returns 0x21000000
T5484 323:308.960 JLINK_ReadReg(R15 (PC))
T5484 323:308.992 - 0.021ms returns 0x00022F1C
T5484 323:308.992 JLINK_ReadReg(XPSR)
T5484 323:308.992 - 0.018ms returns 0x21000000
T5484 323:309.024 JLINK_ReadReg(XPSR)
T5484 323:309.056 - 0.017ms returns 0x21000000
T5484 323:309.088 JLINK_ReadReg(R15 (PC))
T5484 323:309.120 - 0.026ms returns 0x00022F1C
T5484 323:309.120 JLINK_ReadReg(XPSR)
T5484 323:309.152 - 0.021ms returns 0x21000000
T5484 323:309.184 JLINK_ReadReg(XPSR)
T5484 323:309.216 - 0.026ms returns 0x21000000
T5484 323:309.248 JLINK_ReadMem(0x00022F1C, 0x1 Bytes, ...)
T5484 323:309.248    -- Read from flash cache (1 bytes @ 0x00022F1C)
T5484 323:309.280   Data:  08
T5484 323:309.280 - 0.069ms returns 0
T5484 323:309.312 JLINK_IsHalted()
T5484 323:309.344 - 0.022ms returns TRUE
T5484 323:309.376 JLINK_ReadReg(XPSR)
T5484 323:309.376 - 0.013ms returns 0x21000000
T5484 323:309.376 JLINK_ReadReg(XPSR)
T5484 323:309.376 - 0.010ms returns 0x21000000
T5484 323:309.408 JLINK_ReadReg(R15 (PC))
T5484 323:309.408 - 0.010ms returns 0x00022F1C
T5484 323:309.440 JLINK_ReadReg(XPSR)
T5484 323:309.440 - 0.010ms returns 0x21000000
T5484 323:309.472 JLINK_ReadReg(XPSR)
T5484 323:309.472 - 0.009ms returns 0x21000000
T5484 323:309.504 JLINK_ReadMem(0x00022F1C, 0x1 Bytes, ...)
T5484 323:309.504    -- Read from flash cache (1 bytes @ 0x00022F1C)
T5484 323:309.536   Data:  08
T5484 323:309.568 - 0.078ms returns 0
T5484 323:309.600 JLINK_ReadMem(0xE0001004, 0x4 Bytes, ...)
T5484 323:309.632   Data:  9F 07 04 7B
T5484 323:309.632   Debug reg: DWT_CYCCNT
T5484 323:309.664 - 0.078ms returns 0
T5484 323:310.528 JLINK_IsHalted()
T5484 323:310.592 - 0.057ms returns TRUE
T5484 323:310.624 JLINK_ReadReg(XPSR)
T5484 323:310.656 - 0.029ms returns 0x21000000
T5484 323:310.688 JLINK_ReadReg(R15 (PC))
T5484 323:310.688 - 0.019ms returns 0x00022F1C
T5484 323:310.720 JLINK_ReadReg(XPSR)
T5484 323:310.752 - 0.019ms returns 0x21000000
T5484 323:310.784 JLINK_ReadReg(XPSR)
T5484 323:310.784 - 0.017ms returns 0x21000000
T5484 323:310.784 JLINK_ReadReg(R15 (PC))
T5484 323:310.816 - 0.018ms returns 0x00022F1C
T5484 323:310.848 JLINK_ReadReg(XPSR)
T5484 323:310.848 - 0.017ms returns 0x21000000
T5484 323:310.880 JLINK_ReadReg(XPSR)
T5484 323:310.912 - 0.016ms returns 0x21000000
T5484 323:310.912 JLINK_ReadMem(0x00022F1C, 0x1 Bytes, ...)
T5484 323:310.944    -- Read from flash cache (1 bytes @ 0x00022F1C)
T5484 323:310.976   Data:  08
T5484 323:310.976 - 0.070ms returns 0
T5484 323:311.008 JLINK_IsHalted()
T5484 323:311.040 - 0.014ms returns TRUE
T5484 323:311.040 JLINK_ReadReg(XPSR)
T5484 323:311.040 - 0.021ms returns 0x21000000
T5484 323:311.072 JLINK_ReadReg(XPSR)
T5484 323:311.104 - 0.020ms returns 0x21000000
T5484 323:311.136 JLINK_ReadReg(R15 (PC))
T5484 323:311.168 - 0.017ms returns 0x00022F1C
T5484 323:311.168 JLINK_ReadReg(XPSR)
T5484 323:311.168 - 0.016ms returns 0x21000000
T5484 323:311.200 JLINK_ReadReg(XPSR)
T5484 323:311.232 - 0.021ms returns 0x21000000
T5484 323:311.232 JLINK_ReadMem(0x00022F1C, 0x1 Bytes, ...)
T5484 323:311.264    -- Read from flash cache (1 bytes @ 0x00022F1C)
T5484 323:311.296   Data:  08
T5484 323:311.296 - 0.067ms returns 0
T5484 323:311.328 JLINK_ReadMem(0xE0001004, 0x4 Bytes, ...)
T5484 323:311.360   Data:  9F 07 04 7B
T5484 323:311.392   Debug reg: DWT_CYCCNT
T5484 323:311.424 - 0.079ms returns 0
T32A0 324:029.632 JLINK_ReadMem(0x0003AA96, 0x4 Bytes, ...)
T32A0 324:029.696    -- Read from flash cache (4 bytes @ 0x0003AA96)
T32A0 324:029.728   Data:  EF F3 10 83
T32A0 324:029.760 - 0.107ms returns 0
T32A0 324:030.304 JLINK_ReadMem(0x2007B300, 0x40 Bytes, ...)
T32A0 324:030.368    -- Read from C cache (64 bytes @ 0x2007B300)
T32A0 324:030.400   Data:  40 00 01 00 FC FA 06 20 00 00 00 10 00 00 00 00 ...
T32A0 324:030.400 - 0.095ms returns 0
T32A0 324:031.296 JLINK_ReadMem(0x0003A502, 0x4 Bytes, ...)
T32A0 324:031.360    -- Read from flash cache (4 bytes @ 0x0003A502)
T32A0 324:031.392   Data:  D4 F8 84 00
T32A0 324:031.424 - 0.096ms returns 0
T32A0 324:031.872 JLINK_ReadMem(0x2007B340, 0x40 Bytes, ...)
T32A0 324:031.904    -- Read from C cache (64 bytes @ 0x2007B340)
T32A0 324:031.936   Data:  00 00 00 00 00 00 00 00 58 B3 07 20 CB 30 02 00 ...
T32A0 324:031.936 - 0.094ms returns 0
T32A0 324:032.832 JLINK_ReadMem(0x000230CA, 0x4 Bytes, ...)
T32A0 324:032.864    -- Read from flash cache (4 bytes @ 0x000230CA)
T32A0 324:032.928   Data:  3B 46 18 46
T32A0 324:032.960 - 0.114ms returns 0
T32A0 324:034.176 JLINK_ReadMem(0x000222EC, 0x4 Bytes, ...)
T32A0 324:034.240    -- Read from flash cache (4 bytes @ 0x000222EC)
T32A0 324:034.272   Data:  00 BF 08 37
T32A0 324:034.304 - 0.131ms returns 0
T32A0 324:034.848 JLINK_ReadMem(0x2007B380, 0x40 Bytes, ...)
T32A0 324:034.880    -- Read from C cache (64 bytes @ 0x2007B380)
T32A0 324:034.912   Data:  00 00 00 00 00 00 00 00 00 00 00 00 15 A8 03 00 ...
T32A0 324:034.944 - 0.101ms returns 0
T32A0 324:036.352 JLINK_ReadMem(0x0003A814, 0x4 Bytes, ...)
T32A0 324:036.416    -- Read from flash cache (4 bytes @ 0x0003A814)
T32A0 324:036.416   Data:  0F 4B 1B 68
T32A0 324:036.416 - 0.092ms returns 0
T32A0 324:038.208 JLINK_ReadMem(0x0003AA96, 0x4 Bytes, ...)
T32A0 324:038.304    -- Read from flash cache (4 bytes @ 0x0003AA96)
T32A0 324:038.336   Data:  EF F3 10 83
T32A0 324:038.336 - 0.130ms returns 0
T32A0 324:038.848 JLINK_ReadMem(0x1FFE0AC0, 0x40 Bytes, ...)
T32A0 324:038.944    -- Read from C cache (64 bytes @ 0x1FFE0AC0)
T32A0 324:038.976   Data:  96 AA 03 00 00 00 00 61 70 10 07 20 A8 08 FE 1F ...
T32A0 324:038.976 - 0.117ms returns 0
T32A0 324:041.088 JLINK_ReadMem(0x0003A502, 0x4 Bytes, ...)
T32A0 324:041.152    -- Read from flash cache (4 bytes @ 0x0003A502)
T32A0 324:041.248   Data:  D4 F8 84 00
T32A0 324:041.280 - 0.185ms returns 0
T32A0 324:042.432 JLINK_ReadMem(0x0000F046, 0x4 Bytes, ...)
T32A0 324:042.464    -- Read from flash cache (4 bytes @ 0x0000F046)
T32A0 324:042.528   Data:  B8 60 BB 68
T32A0 324:042.560 - 0.135ms returns 0
T32A0 324:044.384 JLINK_ReadMem(0x1FFE0B00, 0x40 Bytes, ...)
T32A0 324:044.480    -- Read from C cache (64 bytes @ 0x1FFE0B00)
T32A0 324:044.544   Data:  00 00 00 00 00 08 FE 1F 10 0B FE 1F DB 09 00 00 ...
T32A0 324:044.576 - 0.167ms returns 0
T32A0 324:046.784 JLINK_ReadMem(0x000009DA, 0x4 Bytes, ...)
T32A0 324:046.880    -- Read from flash cache (4 bytes @ 0x000009DA)
T32A0 324:046.880   Data:  38 61 3B 69
T32A0 324:046.912 - 0.101ms returns 0
T32A0 324:049.216 JLINK_ReadMem(0x0000D72C, 0x4 Bytes, ...)
T32A0 324:049.280    -- Read from flash cache (4 bytes @ 0x0000D72C)
T32A0 324:049.344   Data:  F8 60 FB 68
T32A0 324:049.344 - 0.123ms returns 0
T32A0 324:049.984 JLINK_ReadMem(0x1FFE0B40, 0x40 Bytes, ...)
T32A0 324:050.048    -- Read from C cache (64 bytes @ 0x1FFE0B40)
T32A0 324:050.080   Data:  00 00 00 00 00 00 00 00 78 09 FE 1F 40 08 FE 1F ...
T32A0 324:050.112 - 0.130ms returns 0
T32A0 324:050.848 JLINK_ReadMem(0x0003A814, 0x4 Bytes, ...)
T32A0 324:050.880    -- Read from flash cache (4 bytes @ 0x0003A814)
T32A0 324:050.912   Data:  0F 4B 1B 68
T32A0 324:050.944 - 0.101ms returns 0
T32A0 324:250.240 JLINK_ReadMem(0x00022F1C, 0x4 Bytes, ...)
T32A0 324:250.304    -- Read from flash cache (4 bytes @ 0x00022F1C)
T32A0 324:250.336   Data:  08 4B 1B 68
T32A0 324:250.336 - 0.102ms returns 0
T32A0 324:250.880 JLINK_ReadMem(0x20070B40, 0x40 Bytes, ...)
T32A0 324:250.944    -- Read from C cache (64 bytes @ 0x20070B40)
T32A0 324:250.944   Data:  00 00 00 00 41 6A 03 00 70 10 07 20 00 00 00 00 ...
T32A0 324:250.944 - 0.091ms returns 0
T32A0 324:251.776 JLINK_ReadMem(0x00036A40, 0x4 Bytes, ...)
T32A0 324:251.808    -- Read from flash cache (4 bytes @ 0x00036A40)
T32A0 324:251.840   Data:  08 B0 70 BD
T32A0 324:251.840 - 0.066ms returns 0
T32A0 324:252.704 JLINK_ReadMem(0x0002C98E, 0x4 Bytes, ...)
T32A0 324:252.736    -- Read from flash cache (4 bytes @ 0x0002C98E)
T32A0 324:252.768   Data:  00 22 69 46
T32A0 324:252.768 - 0.078ms returns 0
T32A0 324:253.280 JLINK_ReadMem(0x20070B80, 0x40 Bytes, ...)
T32A0 324:253.344    -- Read from C cache (64 bytes @ 0x20070B80)
T32A0 324:253.344   Data:  24 4E 04 20 00 00 FE 1F 70 B3 07 20 FD 21 02 00 ...
T32A0 324:253.376 - 0.086ms returns 0
T32A0 324:253.984 JLINK_ReadMem(0x0003A814, 0x4 Bytes, ...)
T32A0 324:254.016    -- Read from flash cache (4 bytes @ 0x0003A814)
T32A0 324:254.016   Data:  0F 4B 1B 68
T32A0 324:254.048 - 0.089ms returns 0
T32A0 324:883.520 JLINK_ReadMem(0x00022F1C, 0x4 Bytes, ...)
T32A0 324:883.616    -- Read from flash cache (4 bytes @ 0x00022F1C)
T32A0 324:883.648   Data:  08 4B 1B 68
T32A0 324:883.648 - 0.119ms returns 0
T32A0 324:884.480 JLINK_ReadMem(0x20070B40, 0x40 Bytes, ...)
T32A0 324:884.544    -- Read from C cache (64 bytes @ 0x20070B40)
T32A0 324:884.576   Data:  00 00 00 00 41 6A 03 00 70 10 07 20 00 00 00 00 ...
T32A0 324:884.576 - 0.105ms returns 0
T32A0 324:885.280 JLINK_ReadMem(0x00036A40, 0x4 Bytes, ...)
T32A0 324:885.312    -- Read from flash cache (4 bytes @ 0x00036A40)
T32A0 324:885.376   Data:  08 B0 70 BD
T32A0 324:885.408 - 0.132ms returns 0
T32A0 324:886.720 JLINK_ReadMem(0x0002C98E, 0x4 Bytes, ...)
T32A0 324:886.752    -- Read from flash cache (4 bytes @ 0x0002C98E)
T32A0 324:886.816   Data:  00 22 69 46
T32A0 324:886.816 - 0.118ms returns 0
T32A0 324:887.264 JLINK_ReadMem(0x20070B80, 0x40 Bytes, ...)
T32A0 324:887.328    -- Read from C cache (64 bytes @ 0x20070B80)
T32A0 324:887.360   Data:  24 4E 04 20 00 00 FE 1F 70 B3 07 20 FD 21 02 00 ...
T32A0 324:887.360 - 0.079ms returns 0
T32A0 324:888.192 JLINK_ReadMem(0x0003A814, 0x4 Bytes, ...)
T32A0 324:888.256    -- Read from flash cache (4 bytes @ 0x0003A814)
T32A0 324:888.288   Data:  0F 4B 1B 68
T32A0 324:888.320 - 0.129ms returns 0
T32A0 348:544.320 JLINK_ReadMem(0x00022F1C, 0x4 Bytes, ...)
T32A0 348:544.416    -- Read from flash cache (4 bytes @ 0x00022F1C)
T32A0 348:544.448   Data:  08 4B 1B 68
T32A0 348:544.448 - 0.107ms returns 0
T32A0 348:545.024 JLINK_ReadMem(0x20070B40, 0x40 Bytes, ...)
T32A0 348:545.088    -- Read from C cache (64 bytes @ 0x20070B40)
T32A0 348:545.088   Data:  00 00 00 00 41 6A 03 00 70 10 07 20 00 00 00 00 ...
T32A0 348:545.120 - 0.107ms returns 0
T32A0 348:545.760 JLINK_ReadMem(0x00036A40, 0x4 Bytes, ...)
T32A0 348:545.824    -- Read from flash cache (4 bytes @ 0x00036A40)
T32A0 348:545.824   Data:  08 B0 70 BD
T32A0 348:545.856 - 0.072ms returns 0
T32A0 348:546.432 JLINK_ReadMem(0x20070B00, 0x40 Bytes, ...)
T32A0 348:546.496    -- Read from C cache (64 bytes @ 0x20070B00)
T32A0 348:546.496   Data:  DE B3 AF FE FF BB FF FE D7 73 EF FE CF FB FF FC ...
T32A0 348:546.496 - 0.087ms returns 0
T32A0 349:006.560 JLINK_ReadMem(0x20070B00, 0x40 Bytes, ...)
T32A0 349:006.624    -- Read from C cache (64 bytes @ 0x20070B00)
T32A0 349:006.656   Data:  DE B3 AF FE FF BB FF FE D7 73 EF FE CF FB FF FC ...
T32A0 349:006.688 - 0.122ms returns 0
T32A0 349:096.736 JLINK_ReadMem(0x20044E24, 0x4 Bytes, ...)
T32A0 349:096.832   CPU_ReadMem(64 bytes @ 0x20044E00)
T32A0 349:097.856    -- Updating C cache (64 bytes @ 0x20044E00)
T32A0 349:097.920    -- Read from C cache (4 bytes @ 0x20044E24)
T32A0 349:097.920   Data:  44 85 04 00
T32A0 349:097.920 - 1.203ms returns 0
T32A0 349:098.848 JLINK_ReadMem(0x00048544, 0x8 Bytes, ...)
T32A0 349:099.296    -- Read from flash cache (8 bytes @ 0x00048544)
T32A0 349:099.328   Data:  77 69 6E 64 6F 77 31 00
T32A0 349:099.328 - 0.504ms returns 0
T32A0 349:104.768 JLINK_ReadMem(0x20044E28, 0x4 Bytes, ...)
T32A0 349:104.832    -- Read from C cache (4 bytes @ 0x20044E28)
T32A0 349:104.832   Data:  B4 50 04 20
T32A0 349:104.864 - 0.113ms returns 0
T32A0 349:105.920 JLINK_ReadMem(0x20044E2C, 0x4 Bytes, ...)
T32A0 349:105.984    -- Read from C cache (4 bytes @ 0x20044E2C)
T32A0 349:105.984   Data:  94 4E 04 20
T32A0 349:106.016 - 0.111ms returns 0
T32A0 349:106.624 JLINK_ReadMem(0x20044E30, 0x4 Bytes, ...)
T32A0 349:106.656    -- Read from C cache (4 bytes @ 0x20044E30)
T32A0 349:106.688   Data:  08 4F 04 20
T32A0 349:106.720 - 0.093ms returns 0
T32A0 349:107.360 JLINK_ReadMem(0x20044E34, 0x4 Bytes, ...)
T32A0 349:107.392    -- Read from C cache (4 bytes @ 0x20044E34)
T32A0 349:107.424   Data:  00 00 00 00
T32A0 349:107.424 - 0.095ms returns 0
T32A0 349:127.936 JLINK_ReadMem(0x20044E38, 0x4 Bytes, ...)
T32A0 349:128.000    -- Read from C cache (4 bytes @ 0x20044E38)
T32A0 349:128.064   Data:  00 00 00 00
T32A0 349:128.096 - 0.134ms returns 0
T32A0 349:128.640 JLINK_ReadMem(0x20044E3C, 0x4 Bytes, ...)
T32A0 349:128.672    -- Read from C cache (4 bytes @ 0x20044E3C)
T32A0 349:128.704   Data:  00 00 00 00
T32A0 349:128.704 - 0.069ms returns 0
T32A0 349:129.312 JLINK_ReadMem(0x20044E40, 0x4 Bytes, ...)
T32A0 349:129.376   CPU_ReadMem(64 bytes @ 0x20044E40)
T32A0 349:130.432    -- Updating C cache (64 bytes @ 0x20044E40)
T32A0 349:130.464    -- Read from C cache (4 bytes @ 0x20044E40)
T32A0 349:130.496   Data:  00 00 00 00
T32A0 349:130.528 - 1.192ms returns 0
T32A0 349:131.776 JLINK_ReadMem(0x20044E54, 0x4 Bytes, ...)
T32A0 349:131.840    -- Read from C cache (4 bytes @ 0x20044E54)
T32A0 349:131.904   Data:  E9 2E 02 00
T32A0 349:131.936 - 0.153ms returns 0
T32A0 349:132.608 JLINK_ReadMem(0x20044E58, 0x4 Bytes, ...)
T32A0 349:132.640    -- Read from C cache (4 bytes @ 0x20044E58)
T32A0 349:132.672   Data:  19 DD 02 00
T32A0 349:132.704 - 0.088ms returns 0
T32A0 349:137.216 JLINK_ReadMem(0x20044E5C, 0x4 Bytes, ...)
T32A0 349:137.280    -- Read from C cache (4 bytes @ 0x20044E5C)
T32A0 349:137.312   Data:  03 00 00 00
T32A0 349:137.312 - 0.096ms returns 0
T32A0 349:138.112 JLINK_ReadMem(0x20044E60, 0x4 Bytes, ...)
T32A0 349:138.176    -- Read from C cache (4 bytes @ 0x20044E60)
T32A0 349:138.208   Data:  00 00 00 40
T32A0 349:138.240 - 0.105ms returns 0
T32A0 349:138.944 JLINK_ReadMem(0x20044E64, 0x4 Bytes, ...)
T32A0 349:139.008    -- Read from C cache (4 bytes @ 0x20044E64)
T32A0 349:139.040   Data:  02 00 00 00
T32A0 349:139.040 - 0.096ms returns 0
T32A0 349:139.680 JLINK_ReadMem(0x20044E68, 0x4 Bytes, ...)
T32A0 349:139.712    -- Read from C cache (4 bytes @ 0x20044E68)
T32A0 349:139.776   Data:  02 00 00 00
T32A0 349:139.776 - 0.100ms returns 0
T32A0 349:140.384 JLINK_ReadMem(0x20044E6C, 0x4 Bytes, ...)
T32A0 349:140.416    -- Read from C cache (4 bytes @ 0x20044E6C)
T32A0 349:140.480   Data:  02 00 00 00
T32A0 349:140.480 - 0.099ms returns 0
T32A0 349:141.120 JLINK_ReadMem(0x20044E70, 0x2 Bytes, ...)
T32A0 349:141.184    -- Read from C cache (2 bytes @ 0x20044E70)
T32A0 349:141.184   Data:  80 00
T32A0 349:141.216 - 0.099ms returns 0
T32A0 349:141.824 JLINK_ReadMem(0x20044E72, 0x2 Bytes, ...)
T32A0 349:141.856    -- Read from C cache (2 bytes @ 0x20044E72)
T32A0 349:141.920   Data:  01 00
T32A0 349:141.952 - 0.129ms returns 0
T32A0 349:142.560 JLINK_ReadMem(0x20044E74, 0x1 Bytes, ...)
T32A0 349:142.592    -- Read from C cache (1 bytes @ 0x20044E74)
T32A0 349:142.624   Data:  FF
T32A0 349:142.656 - 0.095ms returns 0
T32A0 349:143.520 JLINK_ReadMem(0x20044E80, 0x4 Bytes, ...)
T32A0 349:143.616   CPU_ReadMem(64 bytes @ 0x20044E80)
T32A0 349:144.576    -- Updating C cache (64 bytes @ 0x20044E80)
T32A0 349:144.608    -- Read from C cache (4 bytes @ 0x20044E80)
T32A0 349:144.640   Data:  A4 0E 07 20
T32A0 349:144.640 - 1.109ms returns 0
T32A0 349:145.280 JLINK_ReadMem(0x20044E84, 0x4 Bytes, ...)
T32A0 349:145.344    -- Read from C cache (4 bytes @ 0x20044E84)
T32A0 349:145.376   Data:  81 DF 02 00
T32A0 349:145.376 - 0.104ms returns 0
T32A0 349:146.720 JLINK_ReadMem(0x20044E88, 0x4 Bytes, ...)
T32A0 349:146.752    -- Read from C cache (4 bytes @ 0x20044E88)
T32A0 349:146.784   Data:  00 00 00 00
T32A0 349:146.816 - 0.091ms returns 0
T32A0 349:147.392 JLINK_ReadMem(0x20044E90, 0x4 Bytes, ...)
T32A0 349:147.456    -- Read from C cache (4 bytes @ 0x20044E90)
T32A0 349:147.456   Data:  00 00 00 00
T32A0 349:147.456 - 0.066ms returns 0
T32A0 349:428.480 JLINK_ReadMem(0x20070B00, 0x40 Bytes, ...)
T32A0 349:428.672    -- Read from C cache (64 bytes @ 0x20070B00)
T32A0 349:428.672   Data:  DE B3 AF FE FF BB FF FE D7 73 EF FE CF FB FF FC ...
T32A0 349:428.704 - 0.235ms returns 0
T32A0 349:448.128 JLINK_ReadMem(0x20070B00, 0x40 Bytes, ...)
T32A0 349:448.192    -- Read from C cache (64 bytes @ 0x20070B00)
T32A0 349:448.224   Data:  DE B3 AF FE FF BB FF FE D7 73 EF FE CF FB FF FC ...
T32A0 349:448.224 - 0.108ms returns 0
T32A0 349:467.296 JLINK_ReadMem(0x20070B00, 0x40 Bytes, ...)
T32A0 349:467.360    -- Read from C cache (64 bytes @ 0x20070B00)
T32A0 349:467.392   Data:  DE B3 AF FE FF BB FF FE D7 73 EF FE CF FB FF FC ...
T32A0 349:467.424 - 0.128ms returns 0
T32A0 349:485.888 JLINK_ReadMem(0x20070B00, 0x40 Bytes, ...)
T32A0 349:485.952    -- Read from C cache (64 bytes @ 0x20070B00)
T32A0 349:486.016   Data:  DE B3 AF FE FF BB FF FE D7 73 EF FE CF FB FF FC ...
T32A0 349:486.016 - 0.159ms returns 0
T32A0 349:508.704 JLINK_ReadMem(0x20070B00, 0x40 Bytes, ...)
T32A0 349:508.800    -- Read from C cache (64 bytes @ 0x20070B00)
T32A0 349:508.864   Data:  DE B3 AF FE FF BB FF FE D7 73 EF FE CF FB FF FC ...
T32A0 349:508.896 - 0.171ms returns 0
T32A0 349:526.976 JLINK_ReadMem(0x20070B00, 0x40 Bytes, ...)
T32A0 349:527.040    -- Read from C cache (64 bytes @ 0x20070B00)
T32A0 349:527.072   Data:  DE B3 AF FE FF BB FF FE D7 73 EF FE CF FB FF FC ...
T32A0 349:527.104 - 0.100ms returns 0
T32A0 349:544.928 JLINK_ReadMem(0x20070B00, 0x40 Bytes, ...)
T32A0 349:545.024    -- Read from C cache (64 bytes @ 0x20070B00)
T32A0 349:545.024   Data:  DE B3 AF FE FF BB FF FE D7 73 EF FE CF FB FF FC ...
T32A0 349:545.056 - 0.109ms returns 0
T32A0 349:563.712 JLINK_ReadMem(0x20070B00, 0x40 Bytes, ...)
T32A0 349:563.776    -- Read from C cache (64 bytes @ 0x20070B00)
T32A0 349:563.808   Data:  DE B3 AF FE FF BB FF FE D7 73 EF FE CF FB FF FC ...
T32A0 349:563.840 - 0.115ms returns 0
T32A0 349:592.000 JLINK_ReadMem(0x20070B00, 0x40 Bytes, ...)
T32A0 349:592.064    -- Read from C cache (64 bytes @ 0x20070B00)
T32A0 349:592.096   Data:  DE B3 AF FE FF BB FF FE D7 73 EF FE CF FB FF FC ...
T32A0 349:592.128 - 0.117ms returns 0
T32A0 349:593.472 JLINK_ReadMem(0x20070B00, 0x40 Bytes, ...)
T32A0 349:593.536    -- Read from C cache (64 bytes @ 0x20070B00)
T32A0 349:593.568   Data:  DE B3 AF FE FF BB FF FE D7 73 EF FE CF FB FF FC ...
T32A0 349:593.600 - 0.118ms returns 0
T32A0 349:595.424 JLINK_ReadMem(0x20070B00, 0x40 Bytes, ...)
T32A0 349:595.488    -- Read from C cache (64 bytes @ 0x20070B00)
T32A0 349:595.520   Data:  DE B3 AF FE FF BB FF FE D7 73 EF FE CF FB FF FC ...
T32A0 349:595.520 - 0.110ms returns 0
T32A0 349:596.928 JLINK_ReadMem(0x20070B00, 0x40 Bytes, ...)
T32A0 349:596.992    -- Read from C cache (64 bytes @ 0x20070B00)
T32A0 349:597.024   Data:  DE B3 AF FE FF BB FF FE D7 73 EF FE CF FB FF FC ...
T32A0 349:597.056 - 0.122ms returns 0
T32A0 349:598.496 JLINK_ReadMem(0x20070B00, 0x40 Bytes, ...)
T32A0 349:598.528    -- Read from C cache (64 bytes @ 0x20070B00)
T32A0 349:598.560   Data:  DE B3 AF FE FF BB FF FE D7 73 EF FE CF FB FF FC ...
T32A0 349:598.592 - 0.099ms returns 0
T32A0 349:599.840 JLINK_ReadMem(0x20070B00, 0x40 Bytes, ...)
T32A0 349:599.936    -- Read from C cache (64 bytes @ 0x20070B00)
T32A0 349:599.936   Data:  DE B3 AF FE FF BB FF FE D7 73 EF FE CF FB FF FC ...
T32A0 349:599.936 - 0.100ms returns 0
T32A0 349:601.216 JLINK_ReadMem(0x20070B00, 0x40 Bytes, ...)
T32A0 349:601.280    -- Read from C cache (64 bytes @ 0x20070B00)
T32A0 349:601.312   Data:  DE B3 AF FE FF BB FF FE D7 73 EF FE CF FB FF FC ...
T32A0 349:601.344 - 0.113ms returns 0
T32A0 349:603.584 JLINK_ReadMem(0x20070B00, 0x40 Bytes, ...)
T32A0 349:603.648    -- Read from C cache (64 bytes @ 0x20070B00)
T32A0 349:603.680   Data:  DE B3 AF FE FF BB FF FE D7 73 EF FE CF FB FF FC ...
T32A0 349:603.712 - 0.144ms returns 0
T32A0 356:631.200 JLINK_ReadMem(0x20070B00, 0x40 Bytes, ...)
T32A0 356:631.296    -- Read from C cache (64 bytes @ 0x20070B00)
T32A0 356:631.296   Data:  DE B3 AF FE FF BB FF FE D7 73 EF FE CF FB FF FC ...
T32A0 356:631.328 - 0.135ms returns 0
T32A0 356:648.000 JLINK_ReadMem(0x20070B00, 0x40 Bytes, ...)
T32A0 356:648.064    -- Read from C cache (64 bytes @ 0x20070B00)
T32A0 356:648.096   Data:  DE B3 AF FE FF BB FF FE D7 73 EF FE CF FB FF FC ...
T32A0 356:648.096 - 0.111ms returns 0
T32A0 356:666.112 JLINK_ReadMem(0x20070B00, 0x40 Bytes, ...)
T32A0 356:666.208    -- Read from C cache (64 bytes @ 0x20070B00)
T32A0 356:666.240   Data:  DE B3 AF FE FF BB FF FE D7 73 EF FE CF FB FF FC ...
T32A0 356:666.272 - 0.143ms returns 0
T32A0 356:668.992 JLINK_ReadMem(0x20070B00, 0x40 Bytes, ...)
T32A0 356:669.088    -- Read from C cache (64 bytes @ 0x20070B00)
T32A0 356:669.120   Data:  DE B3 AF FE FF BB FF FE D7 73 EF FE CF FB FF FC ...
T32A0 356:669.120 - 0.109ms returns 0
T32A0 356:670.496 JLINK_ReadMem(0x20070B00, 0x40 Bytes, ...)
T32A0 356:670.528    -- Read from C cache (64 bytes @ 0x20070B00)
T32A0 356:670.560   Data:  DE B3 AF FE FF BB FF FE D7 73 EF FE CF FB FF FC ...
T32A0 356:670.592 - 0.103ms returns 0
T32A0 356:672.384 JLINK_ReadMem(0x20070B00, 0x40 Bytes, ...)
T32A0 356:672.448    -- Read from C cache (64 bytes @ 0x20070B00)
T32A0 356:672.512   Data:  DE B3 AF FE FF BB FF FE D7 73 EF FE CF FB FF FC ...
T32A0 356:672.544 - 0.147ms returns 0
T32A0 356:784.928 JLINK_ReadMem(0x20070B00, 0x40 Bytes, ...)
T32A0 356:784.992    -- Read from C cache (64 bytes @ 0x20070B00)
T32A0 356:784.992   Data:  DE B3 AF FE FF BB FF FE D7 73 EF FE CF FB FF FC ...
T32A0 356:785.024 - 0.116ms returns 0
T32A0 356:785.600 JLINK_ReadMem(0x20044E2C, 0x4 Bytes, ...)
T32A0 356:785.664    -- Read from C cache (4 bytes @ 0x20044E2C)
T32A0 356:785.696   Data:  94 4E 04 20
T32A0 356:785.728 - 0.112ms returns 0
T32A0 357:022.016 JLINK_ReadMem(0x20070B00, 0x40 Bytes, ...)
T32A0 357:022.048    -- Read from C cache (64 bytes @ 0x20070B00)
T32A0 357:022.080   Data:  DE B3 AF FE FF BB FF FE D7 73 EF FE CF FB FF FC ...
T32A0 357:022.112 - 0.105ms returns 0
T32A0 357:039.936 JLINK_ReadMem(0x20070B00, 0x40 Bytes, ...)
T32A0 357:040.000    -- Read from C cache (64 bytes @ 0x20070B00)
T32A0 357:040.064   Data:  DE B3 AF FE FF BB FF FE D7 73 EF FE CF FB FF FC ...
T32A0 357:040.064 - 0.148ms returns 0
T32A0 357:058.272 JLINK_ReadMem(0x20070B00, 0x40 Bytes, ...)
T32A0 357:058.368    -- Read from C cache (64 bytes @ 0x20070B00)
T32A0 357:058.368   Data:  DE B3 AF FE FF BB FF FE D7 73 EF FE CF FB FF FC ...
T32A0 357:058.368 - 0.102ms returns 0
T32A0 357:062.368 JLINK_ReadMem(0x20070B00, 0x40 Bytes, ...)
T32A0 357:062.432    -- Read from C cache (64 bytes @ 0x20070B00)
T32A0 357:062.464   Data:  DE B3 AF FE FF BB FF FE D7 73 EF FE CF FB FF FC ...
T32A0 357:062.496 - 0.140ms returns 0
T32A0 357:064.608 JLINK_ReadMem(0x20070B00, 0x40 Bytes, ...)
T32A0 357:064.672    -- Read from C cache (64 bytes @ 0x20070B00)
T32A0 357:064.704   Data:  DE B3 AF FE FF BB FF FE D7 73 EF FE CF FB FF FC ...
T32A0 357:064.736 - 0.126ms returns 0
T32A0 357:080.032 JLINK_ReadMem(0x20070B00, 0x40 Bytes, ...)
T32A0 357:080.096    -- Read from C cache (64 bytes @ 0x20070B00)
T32A0 357:080.128   Data:  DE B3 AF FE FF BB FF FE D7 73 EF FE CF FB FF FC ...
T32A0 357:080.128 - 0.101ms returns 0
T32A0 357:100.736 JLINK_ReadMem(0x20070B00, 0x40 Bytes, ...)
T32A0 357:100.768    -- Read from C cache (64 bytes @ 0x20070B00)
T32A0 357:100.800   Data:  DE B3 AF FE FF BB FF FE D7 73 EF FE CF FB FF FC ...
T32A0 357:100.832 - 0.097ms returns 0
T32A0 357:116.480 JLINK_ReadMem(0x20070B00, 0x40 Bytes, ...)
T32A0 357:116.544    -- Read from C cache (64 bytes @ 0x20070B00)
T32A0 357:116.576   Data:  DE B3 AF FE FF BB FF FE D7 73 EF FE CF FB FF FC ...
T32A0 357:116.608 - 0.099ms returns 0
T32A0 357:119.456 JLINK_ReadMem(0x20070B00, 0x40 Bytes, ...)
T32A0 357:119.552    -- Read from C cache (64 bytes @ 0x20070B00)
T32A0 357:119.584   Data:  DE B3 AF FE FF BB FF FE D7 73 EF FE CF FB FF FC ...
T32A0 357:119.616 - 0.137ms returns 0
T32A0 357:121.088 JLINK_ReadMem(0x20070B00, 0x40 Bytes, ...)
T32A0 357:121.216    -- Read from C cache (64 bytes @ 0x20070B00)
T32A0 357:121.216   Data:  DE B3 AF FE FF BB FF FE D7 73 EF FE CF FB FF FC ...
T32A0 357:121.216 - 0.138ms returns 0
T32A0 357:138.880 JLINK_ReadMem(0x20070B00, 0x40 Bytes, ...)
T32A0 357:138.976    -- Read from C cache (64 bytes @ 0x20070B00)
T32A0 357:139.040   Data:  DE B3 AF FE FF BB FF FE D7 73 EF FE CF FB FF FC ...
T32A0 357:139.072 - 0.186ms returns 0
T32A0 357:154.240 JLINK_ReadMem(0x20070B00, 0x40 Bytes, ...)
T32A0 357:154.336    -- Read from C cache (64 bytes @ 0x20070B00)
T32A0 357:154.368   Data:  DE B3 AF FE FF BB FF FE D7 73 EF FE CF FB FF FC ...
T32A0 357:154.400 - 0.144ms returns 0
T32A0 357:172.128 JLINK_ReadMem(0x20070B00, 0x40 Bytes, ...)
T32A0 357:172.192    -- Read from C cache (64 bytes @ 0x20070B00)
T32A0 357:172.224   Data:  DE B3 AF FE FF BB FF FE D7 73 EF FE CF FB FF FC ...
T32A0 357:172.320 - 0.221ms returns 0
T32A0 357:173.248 JLINK_ReadMem(0x20044E74, 0x8 Bytes, ...)
T32A0 357:173.312    -- Read from C cache (8 bytes @ 0x20044E74)
T32A0 357:173.344   Data:  FF 00 00 00 00 00 EF 00
T32A0 357:173.376 - 0.130ms returns 0
T32A0 357:201.088 JLINK_ReadMem(0x20070B00, 0x40 Bytes, ...)
T32A0 357:201.152    -- Read from C cache (64 bytes @ 0x20070B00)
T32A0 357:201.152   Data:  DE B3 AF FE FF BB FF FE D7 73 EF FE CF FB FF FC ...
T32A0 357:201.184 - 0.104ms returns 0
T32A0 357:202.816 JLINK_ReadMem(0x20070B00, 0x40 Bytes, ...)
T32A0 357:202.880    -- Read from C cache (64 bytes @ 0x20070B00)
T32A0 357:202.912   Data:  DE B3 AF FE FF BB FF FE D7 73 EF FE CF FB FF FC ...
T32A0 357:202.944 - 0.131ms returns 0
T32A0 357:204.288 JLINK_ReadMem(0x20070B00, 0x40 Bytes, ...)
T32A0 357:204.352    -- Read from C cache (64 bytes @ 0x20070B00)
T32A0 357:204.416   Data:  DE B3 AF FE FF BB FF FE D7 73 EF FE CF FB FF FC ...
T32A0 357:204.416 - 0.153ms returns 0
T32A0 357:206.208 JLINK_ReadMem(0x20070B00, 0x40 Bytes, ...)
T32A0 357:206.304    -- Read from C cache (64 bytes @ 0x20070B00)
T32A0 357:206.336   Data:  DE B3 AF FE FF BB FF FE D7 73 EF FE CF FB FF FC ...
T32A0 357:206.336 - 0.117ms returns 0
T32A0 357:208.672 JLINK_ReadMem(0x20070B00, 0x40 Bytes, ...)
T32A0 357:208.736    -- Read from C cache (64 bytes @ 0x20070B00)
T32A0 357:208.768   Data:  DE B3 AF FE FF BB FF FE D7 73 EF FE CF FB FF FC ...
T32A0 357:208.768 - 0.129ms returns 0
T32A0 357:818.688 JLINK_ReadMem(0x20070B00, 0x40 Bytes, ...)
T32A0 357:818.752    -- Read from C cache (64 bytes @ 0x20070B00)
T32A0 357:818.784   Data:  DE B3 AF FE FF BB FF FE D7 73 EF FE CF FB FF FC ...
T32A0 357:818.816 - 0.101ms returns 0
T32A0 357:834.528 JLINK_ReadMem(0x20070B00, 0x40 Bytes, ...)
T32A0 357:834.560    -- Read from C cache (64 bytes @ 0x20070B00)
T32A0 357:834.560   Data:  DE B3 AF FE FF BB FF FE D7 73 EF FE CF FB FF FC ...
T32A0 357:834.592 - 0.080ms returns 0
T32A0 357:850.688 JLINK_ReadMem(0x20070B00, 0x40 Bytes, ...)
T32A0 357:850.752    -- Read from C cache (64 bytes @ 0x20070B00)
T32A0 357:850.784   Data:  DE B3 AF FE FF BB FF FE D7 73 EF FE CF FB FF FC ...
T32A0 357:850.816 - 0.100ms returns 0
T32A0 357:878.304 JLINK_ReadMem(0x20070B00, 0x40 Bytes, ...)
T32A0 357:878.336    -- Read from C cache (64 bytes @ 0x20070B00)
T32A0 357:878.368   Data:  DE B3 AF FE FF BB FF FE D7 73 EF FE CF FB FF FC ...
T32A0 357:878.400 - 0.113ms returns 0
T32A0 357:898.528 JLINK_ReadMem(0x20070B00, 0x40 Bytes, ...)
T32A0 357:898.560    -- Read from C cache (64 bytes @ 0x20070B00)
T32A0 357:898.656   Data:  DE B3 AF FE FF BB FF FE D7 73 EF FE CF FB FF FC ...
T32A0 357:898.656 - 0.152ms returns 0
T32A0 357:914.944 JLINK_ReadMem(0x20070B00, 0x40 Bytes, ...)
T32A0 357:915.008    -- Read from C cache (64 bytes @ 0x20070B00)
T32A0 357:915.040   Data:  DE B3 AF FE FF BB FF FE D7 73 EF FE CF FB FF FC ...
T32A0 357:915.072 - 0.116ms returns 0
T32A0 357:918.240 JLINK_ReadMem(0x20070B00, 0x40 Bytes, ...)
T32A0 357:918.272    -- Read from C cache (64 bytes @ 0x20070B00)
T32A0 357:918.304   Data:  DE B3 AF FE FF BB FF FE D7 73 EF FE CF FB FF FC ...
T32A0 357:918.336 - 0.113ms returns 0
T32A0 357:934.688 JLINK_ReadMem(0x20070B00, 0x40 Bytes, ...)
T32A0 357:934.784    -- Read from C cache (64 bytes @ 0x20070B00)
T32A0 357:934.784   Data:  DE B3 AF FE FF BB FF FE D7 73 EF FE CF FB FF FC ...
T32A0 357:934.784 - 0.113ms returns 0
T32A0 357:936.064 JLINK_ReadMem(0x20070B00, 0x40 Bytes, ...)
T32A0 357:936.128    -- Read from C cache (64 bytes @ 0x20070B00)
T32A0 357:936.160   Data:  DE B3 AF FE FF BB FF FE D7 73 EF FE CF FB FF FC ...
T32A0 357:936.192 - 0.148ms returns 0
T32A0 357:937.440 JLINK_ReadMem(0x20070B00, 0x40 Bytes, ...)
T32A0 357:937.472    -- Read from C cache (64 bytes @ 0x20070B00)
T32A0 357:937.504   Data:  DE B3 AF FE FF BB FF FE D7 73 EF FE CF FB FF FC ...
T32A0 357:937.536 - 0.107ms returns 0
T32A0 357:956.288 JLINK_ReadMem(0x20070B00, 0x40 Bytes, ...)
T32A0 357:956.384    -- Read from C cache (64 bytes @ 0x20070B00)
T32A0 357:956.416   Data:  DE B3 AF FE FF BB FF FE D7 73 EF FE CF FB FF FC ...
T32A0 357:956.416 - 0.176ms returns 0
T32A0 357:960.768 JLINK_ReadMem(0x20070B00, 0x40 Bytes, ...)
T32A0 357:960.832    -- Read from C cache (64 bytes @ 0x20070B00)
T32A0 357:960.864   Data:  DE B3 AF FE FF BB FF FE D7 73 EF FE CF FB FF FC ...
T32A0 357:960.896 - 0.109ms returns 0
T32A0 363:150.656 JLINK_ReadMem(0x20071058, 0x4 Bytes, ...)
T32A0 363:150.688    -- Read from C cache (4 bytes @ 0x20071058)
T32A0 363:150.752   Data:  03 00 00 00
T32A0 363:150.784 - 0.115ms returns 0
T32A0 363:150.784 JLINK_ReadMem(0x20071058, 0x4 Bytes, ...)
T32A0 363:150.816    -- Read from C cache (4 bytes @ 0x20071058)
T32A0 363:150.848   Data:  03 00 00 00
T32A0 363:150.880 - 0.074ms returns 0
T32A0 363:150.944 JLINK_ReadMem(0x20071058, 0x4 Bytes, ...)
T32A0 363:151.008    -- Read from C cache (4 bytes @ 0x20071058)
T32A0 363:151.008   Data:  03 00 00 00
T32A0 363:151.040 - 0.068ms returns 0
T32A0 363:152.672 JLINK_ReadMem(0x20071058, 0x4 Bytes, ...)
T32A0 363:152.736    -- Read from C cache (4 bytes @ 0x20071058)
T32A0 363:152.768   Data:  03 00 00 00
T32A0 363:152.800 - 0.147ms returns 0
T32A0 363:152.832 JLINK_ReadMem(0x20071058, 0x4 Bytes, ...)
T32A0 363:152.864    -- Read from C cache (4 bytes @ 0x20071058)
T32A0 363:152.960   Data:  03 00 00 00
T32A0 363:152.960 - 0.131ms returns 0
T32A0 363:153.056 JLINK_ReadMem(0x20071058, 0x4 Bytes, ...)
T32A0 363:153.088    -- Read from C cache (4 bytes @ 0x20071058)
T32A0 363:153.088   Data:  03 00 00 00
T32A0 363:153.120 - 0.070ms returns 0
T32A0 363:159.456 JLINK_ClrBPEx(BPHandle = 0x00000017)
T32A0 363:160.160 - 0.703ms returns 0x00
T32A0 363:160.224 JLINK_ClrBPEx(BPHandle = 0x00000018)
T32A0 363:160.256 - 0.038ms returns 0x00
T32A0 363:160.288 JLINK_ClrBPEx(BPHandle = 0x00000019)
T32A0 363:160.288 - 0.019ms returns 0x00
T32A0 363:161.088 JLINK_SetBPEx(Addr = 0x00022F52, Type = 0xFFFFFF00)
T32A0 363:161.120 - 0.049ms returns 0x0000001A
T32A0 363:161.152 JLINK_SetBPEx(Addr = 0x00022F12, Type = 0xFFFFFF00)
T32A0 363:161.152 - 0.019ms returns 0x0000001B
T32A0 363:164.192 JLINK_ReadMem(0x20071058, 0x4 Bytes, ...)
T32A0 363:164.256    -- Read from C cache (4 bytes @ 0x20071058)
T32A0 363:164.288   Data:  03 00 00 00
T32A0 363:164.608 - 0.122ms returns 0
T32A0 363:164.640 JLINK_ReadMem(0x20071060, 0x4 Bytes, ...)
T32A0 363:164.672    -- Read from C cache (4 bytes @ 0x20071060)
T32A0 363:164.704   Data:  FC FA 06 20
T32A0 363:164.736 - 0.082ms returns 0
T32A0 363:165.056 JLINK_ReadMem(0x20071058, 0x4 Bytes, ...)
T32A0 363:165.088    -- Read from C cache (4 bytes @ 0x20071058)
T32A0 363:165.120   Data:  03 00 00 00
T32A0 363:165.152 - 0.098ms returns 0
T32A0 363:165.216 JLINK_ReadMem(0x20071058, 0x4 Bytes, ...)
T32A0 363:165.248    -- Read from C cache (4 bytes @ 0x20071058)
T32A0 363:165.248   Data:  03 00 00 00
T32A0 363:165.248 - 0.069ms returns 0
T32A0 363:165.280 JLINK_ReadMem(0x20071060, 0x4 Bytes, ...)
T32A0 363:165.312    -- Read from C cache (4 bytes @ 0x20071060)
T32A0 363:165.344   Data:  FC FA 06 20
T32A0 363:165.376 - 0.066ms returns 0
T32A0 363:165.440 JLINK_ReadMem(0x20071058, 0x4 Bytes, ...)
T32A0 363:165.472    -- Read from C cache (4 bytes @ 0x20071058)
T32A0 363:165.504   Data:  03 00 00 00
T32A0 363:165.504 - 0.069ms returns 0
T32A0 363:167.264 JLINK_STRACE_Read(..., NumItems = 0x10000)
T32A0 363:169.312 - 2.394ms NumItemsRead = 0x00
T32A0 363:169.376 JLINK_ReadMem(0xE0001004, 0x4 Bytes, ...)
T32A0 363:169.408   Data:  9F 07 04 7B
T32A0 363:169.440   Debug reg: DWT_CYCCNT
T32A0 363:169.472 - 0.089ms returns 0
T32A0 363:169.472 JLINK_Step()
T32A0 363:169.504    -- Read from flash cache (2 bytes @ 0x00022F1C)
T32A0 363:169.568    -- Read from flash cache (4 bytes @ 0x00022F40)
T32A0 363:169.632   -- Simulated
T32A0 363:169.696 - 0.204ms returns 0
T32A0 363:169.760 JLINK_ReadReg(XPSR)
T32A0 363:169.824 - 0.028ms returns 0x21000000
T32A0 363:172.672 JLINK_ClrBPEx(BPHandle = 0x0000001A)
T32A0 363:172.704 - 0.055ms returns 0x00
T32A0 363:172.736 JLINK_ClrBPEx(BPHandle = 0x0000001B)
T32A0 363:172.768 - 0.017ms returns 0x00
T32A0 363:172.800 JLINK_SetBPEx(Addr = 0x00022F52, Type = 0xFFFFFF00)
T32A0 363:172.800 - 0.021ms returns 0x0000001C
T32A0 363:172.800 JLINK_SetBPEx(Addr = 0x00022F12, Type = 0xFFFFFF00)
T32A0 363:172.832 - 0.019ms returns 0x0000001D
T32A0 363:172.864 JLINK_SetBPEx(Addr = 0x00022F1C, Type = 0xFFFFFF00)
T32A0 363:172.864 - 0.017ms returns 0x0000001E
T32A0 363:180.736 JLINK_ReadMem(0x20071058, 0x4 Bytes, ...)
T32A0 363:180.800    -- Read from C cache (4 bytes @ 0x20071058)
T32A0 363:180.832   Data:  03 00 00 00
T32A0 363:180.864 - 0.113ms returns 0
T32A0 363:180.864 JLINK_ReadMem(0x20071058, 0x4 Bytes, ...)
T32A0 363:180.928    -- Read from C cache (4 bytes @ 0x20071058)
T32A0 363:180.960   Data:  03 00 00 00
T32A0 363:180.992 - 0.096ms returns 0
T32A0 363:181.024 JLINK_ReadMem(0x20071058, 0x4 Bytes, ...)
T32A0 363:181.056    -- Read from C cache (4 bytes @ 0x20071058)
T32A0 363:181.088   Data:  03 00 00 00
T32A0 363:181.120 - 0.067ms returns 0
T32A0 363:181.120 JLINK_ReadMem(0x20071058, 0x4 Bytes, ...)
T32A0 363:181.152    -- Read from C cache (4 bytes @ 0x20071058)
T32A0 363:181.152   Data:  03 00 00 00
T32A0 363:181.184 - 0.059ms returns 0
T32A0 363:181.216 JLINK_ReadMem(0x20071058, 0x4 Bytes, ...)
T32A0 363:181.248    -- Read from C cache (4 bytes @ 0x20071058)
T32A0 363:181.248   Data:  03 00 00 00
T32A0 363:181.248 - 0.058ms returns 0
T32A0 363:181.280 JLINK_ReadMem(0x20071060, 0x4 Bytes, ...)
T32A0 363:181.312    -- Read from C cache (4 bytes @ 0x20071060)
T32A0 363:181.312   Data:  FC FA 06 20
T32A0 363:181.344 - 0.058ms returns 0
T32A0 363:181.376 JLINK_ReadMem(0x2007105C, 0x4 Bytes, ...)
T32A0 363:181.376    -- Read from C cache (4 bytes @ 0x2007105C)
T32A0 363:181.376   Data:  E8 06 FE 1F
T32A0 363:181.408 - 0.058ms returns 0
T32A0 363:181.440 JLINK_ReadMem(0x1FFE06E8, 0xB4 Bytes, ...)
T32A0 363:181.472    -- Read from C cache (180 bytes @ 0x1FFE06E8)
T32A0 363:181.472   Data:  44 52 48 54 53 00 00 00 DC B2 07 20 A0 AB 07 20 ...
T32A0 363:181.504 - 0.058ms returns 0
T32A0 363:181.536 JLINK_ReadMem(0x0003D904, 0xC8 Bytes, ...)
T32A0 363:181.536    -- Read from flash cache (200 bytes @ 0x0003D904)
T32A0 363:181.568   Data:  47 46 6F 72 63 65 47 55 49 20 54 68 72 65 61 64 ...
T32A0 363:181.600 - 0.059ms returns 0
T32A0 363:181.632 JLINK_ReadMem(0x1FFE08A8, 0xB4 Bytes, ...)
T32A0 363:181.632    -- Read from C cache (180 bytes @ 0x1FFE08A8)
T32A0 363:181.664   Data:  44 52 48 54 12 00 00 00 84 0A FE 1F 78 09 FE 1F ...
T32A0 363:181.664 - 0.060ms returns 0
T32A0 363:181.792 JLINK_ReadMem(0x0003D43C, 0xC8 Bytes, ...)
T32A0 363:181.824    -- Read from flash cache (200 bytes @ 0x0003D43C)
T32A0 363:181.856   Data:  54 6F 75 63 68 20 50 61 6E 65 6C 20 54 68 72 65 ...
T32A0 363:181.888 - 0.078ms returns 0
T32A0 363:181.888 JLINK_ReadMem(0x2006FAFC, 0xB4 Bytes, ...)
T32A0 363:181.920    -- Read from C cache (180 bytes @ 0x2006FAFC)
T32A0 363:181.952   Data:  44 52 48 54 07 00 00 00 74 0A 07 20 B0 FB 06 20 ...
T32A0 363:181.984 - 0.072ms returns 0
T32A0 363:182.016 JLINK_ReadMem(0x0004B224, 0xC8 Bytes, ...)
T32A0 363:182.016    -- Read from flash cache (200 bytes @ 0x0004B224)
T32A0 363:182.048   Data:  47 55 49 58 20 53 79 73 74 65 6D 20 54 68 72 65 ...
T32A0 363:182.080 - 0.062ms returns 0
T32A0 363:184.512 JLINK_ReadMem(0x20071058, 0x4 Bytes, ...)
T32A0 363:184.576    -- Read from C cache (4 bytes @ 0x20071058)
T32A0 363:184.608   Data:  03 00 00 00
T32A0 363:184.640 - 0.124ms returns 0
T32A0 363:184.672 JLINK_ReadMem(0x20071060, 0x4 Bytes, ...)
T32A0 363:184.704    -- Read from C cache (4 bytes @ 0x20071060)
T32A0 363:184.704   Data:  FC FA 06 20
T32A0 363:184.736 - 0.084ms returns 0
T32A0 363:184.832 JLINK_ReadRegs(NumRegs = 20, Indexes: 0, 1, 2, 3, 4, 5, 6, 7, 8, 9, 10, 11, 12, 13, 14, 15, 16, 17, 18, 20)
T32A0 363:184.896    -- R0=0x00, R1=0x20070B50, R2=0x4862C, R3=0x1FFE03D8, R4=0x40000001, R5=0x2006DAE4, R6=0x2006E1E4, R7=0x20070B30, R8=0x00, R9=0x00, R10=0x2006FBB0, R11=0x00, R12=0x20070B88, R13 (SP)=0x20070B30, R14=0x22EFB, R15 (PC)=0x22F1E, XPSR=0x21000000, MSP=0x2007AB70, PSP=0x20070B30, CFBP=0x6000000
T32A0 363:184.928 - 0.075ms returns 0x00
T32A0 363:186.720 JLINK_ReadMem(0x20071058, 0x4 Bytes, ...)
T32A0 363:186.752    -- Read from C cache (4 bytes @ 0x20071058)
T32A0 363:186.784   Data:  03 00 00 00
T32A0 363:186.816 - 0.095ms returns 0
T32A0 363:186.848 JLINK_ReadMem(0x20071058, 0x4 Bytes, ...)
T32A0 363:186.880    -- Read from C cache (4 bytes @ 0x20071058)
T32A0 363:186.912   Data:  03 00 00 00
T32A0 363:186.912 - 0.084ms returns 0
T32A0 363:186.944 JLINK_ReadMem(0x20071060, 0x4 Bytes, ...)
T32A0 363:186.976    -- Read from C cache (4 bytes @ 0x20071060)
T32A0 363:187.008   Data:  FC FA 06 20
T32A0 363:187.008 - 0.058ms returns 0
T32A0 363:187.040 JLINK_ReadMem(0x20071058, 0x4 Bytes, ...)
T32A0 363:187.072    -- Read from C cache (4 bytes @ 0x20071058)
T32A0 363:187.104   Data:  03 00 00 00
T32A0 363:187.136 - 0.061ms returns 0
T32A0 363:187.136 JLINK_ReadMem(0x20071058, 0x4 Bytes, ...)
T32A0 363:187.136    -- Read from C cache (4 bytes @ 0x20071058)
T32A0 363:187.168   Data:  03 00 00 00
T32A0 363:187.200 - 0.061ms returns 0
T32A0 363:187.232 JLINK_ReadMem(0x20071060, 0x4 Bytes, ...)
T32A0 363:187.232    -- Read from C cache (4 bytes @ 0x20071060)
T32A0 363:187.264   Data:  FC FA 06 20
T32A0 363:187.264 - 0.060ms returns 0
T32A0 363:187.328 JLINK_ReadMem(0x20071058, 0x4 Bytes, ...)
T32A0 363:187.360    -- Read from C cache (4 bytes @ 0x20071058)
T32A0 363:187.392   Data:  03 00 00 00
T32A0 363:187.392 - 0.061ms returns 0
T32A0 363:187.456 JLINK_STRACE_Read(..., NumItems = 0x10000)
T32A0 363:187.488 - 0.029ms NumItemsRead = 0x00
T32A0 363:187.520 JLINK_ReadMem(0xE0001004, 0x4 Bytes, ...)
T32A0 363:187.552   Data:  A1 07 04 7B
T32A0 363:187.552   Debug reg: DWT_CYCCNT
T32A0 363:187.584 - 0.072ms returns 0
T32A0 363:187.616 JLINK_IsHalted()
T32A0 363:187.648 - 0.014ms returns TRUE
T32A0 363:187.968 JLINK_STRACE_Read(..., NumItems = 0x10000)
T32A0 363:188.000 - 0.028ms NumItemsRead = 0x00
T32A0 363:188.032 JLINK_ReadMem(0xE0001004, 0x4 Bytes, ...)
T32A0 363:188.032   Data:  A1 07 04 7B
T32A0 363:188.064   Debug reg: DWT_CYCCNT
T32A0 363:188.096 - 0.072ms returns 0
T32A0 363:188.128 JLINK_GoEx(MaxEmulInsts = 0, Flags = 0x01)
T32A0 363:188.384   CPU_WriteMem(4 bytes @ 0xE0002000)
T32A0 363:189.376   CPU_WriteMem(4 bytes @ 0xE0002000)
T32A0 363:190.048   CPU_WriteMem(4 bytes @ 0xE0002000)
T32A0 363:190.688   CPU_ReadMem(4 bytes @ 0xE0001000)
T32A0 363:191.296   CPU_WriteMem(4 bytes @ 0xE000200C)
T32A0 363:191.360   CPU_WriteMem(4 bytes @ 0xE0002010)
T32A0 363:192.384   CPU_WriteMem(4 bytes @ 0xE0001004)
T32A0 363:194.656 - 6.540ms
T32A0 363:302.176 JLINK_IsHalted()
T32A0 363:303.616 - 1.412ms returns FALSE
T32A0 363:303.648 JLINK_IsHalted()
T32A0 363:304.832 - 1.196ms returns FALSE
T32A0 363:412.288 JLINK_IsHalted()
T32A0 363:414.752 - 2.493ms returns FALSE
T32A0 363:414.816 JLINK_IsHalted()
T32A0 363:416.064 - 1.249ms returns FALSE
T32A0 363:520.992 JLINK_IsHalted()
T32A0 363:523.392 - 2.408ms returns FALSE
T32A0 363:523.456 JLINK_IsHalted()
T32A0 363:524.416 - 0.964ms returns FALSE
T32A0 363:630.016 JLINK_IsHalted()
T32A0 363:635.424 - 5.401ms returns FALSE
T32A0 363:635.488 JLINK_IsHalted()
T32A0 363:637.152 - 1.662ms returns FALSE
T32A0 363:740.032 JLINK_IsHalted()
T32A0 363:740.704 - 0.676ms returns FALSE
T32A0 363:740.736 JLINK_IsHalted()
T32A0 363:741.408 - 0.669ms returns FALSE
T32A0 363:848.992 JLINK_IsHalted()
T32A0 363:850.144 - 1.165ms returns FALSE
T32A0 363:850.176 JLINK_IsHalted()
T32A0 363:850.784 - 0.577ms returns FALSE
T32A0 363:959.168 JLINK_IsHalted()
T32A0 363:959.904 - 0.746ms returns FALSE
T32A0 363:960.000 JLINK_IsHalted()
T32A0 363:960.576 - 0.585ms returns FALSE
T32A0 364:068.000 JLINK_IsHalted()
T32A0 364:068.608 - 0.618ms returns FALSE
T32A0 364:068.640 JLINK_IsHalted()
T32A0 364:069.184 - 0.553ms returns FALSE
T32A0 364:177.376 JLINK_IsHalted()
T32A0 364:186.080 - 8.713ms returns FALSE
T32A0 364:186.176 JLINK_IsHalted()
T32A0 364:186.944 - 0.725ms returns FALSE
T32A0 364:287.008 JLINK_IsHalted()
T32A0 364:287.680 - 0.684ms returns FALSE
T32A0 364:287.744 JLINK_IsHalted()
T32A0 364:288.480 - 0.745ms returns FALSE
T32A0 364:396.000 JLINK_IsHalted()
T32A0 364:397.056 - 1.040ms returns FALSE
T32A0 364:397.120 JLINK_IsHalted()
T32A0 364:398.816 - 1.722ms returns FALSE
T32A0 364:505.056 JLINK_IsHalted()
T32A0 364:507.840 - 2.761ms returns FALSE
T32A0 364:507.872 JLINK_IsHalted()
T32A0 364:508.544 - 0.667ms returns FALSE
T5484 364:509.184 JLINK_IsHalted()
T5484 364:512.960 - 3.776ms returns FALSE
T5484 364:512.992 JLINK_IsHalted()
T5484 364:516.576 - 3.575ms returns FALSE
T32A0 364:615.072 JLINK_IsHalted()
T32A0 364:620.192 - 5.123ms returns FALSE
T32A0 364:620.224 JLINK_IsHalted()
T32A0 364:620.992 - 0.734ms returns FALSE
T32A0 364:724.032 JLINK_IsHalted()
T32A0 364:724.704 - 0.706ms returns FALSE
T32A0 364:724.800 JLINK_IsHalted()
T32A0 364:725.440 - 0.680ms returns FALSE
T32A0 364:834.048 JLINK_IsHalted()
T32A0 364:834.880 - 0.821ms returns FALSE
T32A0 364:834.944 JLINK_IsHalted()
T32A0 364:835.584 - 0.639ms returns FALSE
T32A0 364:943.104 JLINK_IsHalted()
T32A0 364:951.616 - 8.516ms returns FALSE
T32A0 364:951.680 JLINK_IsHalted()
T32A0 364:952.320 - 0.649ms returns FALSE
T32A0 365:052.000 JLINK_IsHalted()
T32A0 365:052.736 - 0.735ms returns FALSE
T32A0 365:052.768 JLINK_IsHalted()
T32A0 365:053.344 - 0.558ms returns FALSE
T32A0 365:162.048 JLINK_IsHalted()
T32A0 365:172.576 - 10.528ms returns FALSE
T32A0 365:172.640 JLINK_IsHalted()
T32A0 365:173.696 - 1.076ms returns FALSE
T32A0 365:271.008 JLINK_IsHalted()
T32A0 365:272.000 - 0.995ms returns FALSE
T32A0 365:272.032 JLINK_IsHalted()
T32A0 365:272.704 - 0.660ms returns FALSE
T32A0 365:380.032 JLINK_IsHalted()
T32A0 365:383.360 - 3.366ms returns TRUE
T32A0 365:383.424 JLINK_ReadReg(XPSR)
T32A0 365:383.488 - 0.030ms returns 0x61000000
T32A0 365:383.488 JLINK_ReadReg(R15 (PC))
T32A0 365:383.520 - 0.029ms returns 0x00022F12
T32A0 365:383.552 JLINK_ReadReg(XPSR)
T32A0 365:383.584 - 0.020ms returns 0x61000000
T32A0 365:383.616 JLINK_ReadReg(XPSR)
T32A0 365:383.616 - 0.028ms returns 0x61000000
T32A0 365:383.648 JLINK_ReadReg(R15 (PC))
T32A0 365:383.648 - 0.018ms returns 0x00022F12
T32A0 365:383.680 JLINK_ReadReg(XPSR)
T32A0 365:383.712 - 0.017ms returns 0x61000000
T32A0 365:383.744 JLINK_ReadReg(XPSR)
T32A0 365:383.744 - 0.017ms returns 0x61000000
T32A0 365:383.744 JLINK_ReadMem(0x00022F12, 0x1 Bytes, ...)
T32A0 365:383.776    -- Read from flash cache (1 bytes @ 0x00022F12)
T32A0 365:383.808   Data:  0C
T32A0 365:383.840 - 0.076ms returns 0
T32A0 365:383.872 JLINK_IsHalted()
T32A0 365:383.872 - 0.016ms returns TRUE
T32A0 365:383.904 JLINK_ReadReg(XPSR)
T32A0 365:383.936 - 0.021ms returns 0x61000000
T32A0 365:383.968 JLINK_ReadReg(XPSR)
T32A0 365:384.000 - 0.023ms returns 0x61000000
T32A0 365:384.000 JLINK_ReadReg(R15 (PC))
T32A0 365:384.032 - 0.020ms returns 0x00022F12
T32A0 365:384.032 JLINK_ReadReg(XPSR)
T32A0 365:384.064 - 0.017ms returns 0x61000000
T32A0 365:384.096 JLINK_ReadReg(XPSR)
T32A0 365:384.096 - 0.016ms returns 0x61000000
T32A0 365:384.128 JLINK_ReadMem(0x00022F12, 0x1 Bytes, ...)
T32A0 365:384.160    -- Read from flash cache (1 bytes @ 0x00022F12)
T32A0 365:384.192   Data:  0C
T32A0 365:384.192 - 0.069ms returns 0
T32A0 365:384.416 JLINK_IsHalted()
T32A0 365:384.448 - 0.027ms returns TRUE
T32A0 365:384.480 JLINK_ReadReg(XPSR)
T32A0 365:384.512 - 0.034ms returns 0x61000000
T32A0 365:384.512 JLINK_ReadReg(R15 (PC))
T32A0 365:384.544 - 0.018ms returns 0x00022F12
T32A0 365:384.576 JLINK_ReadReg(XPSR)
T32A0 365:384.608 - 0.022ms returns 0x61000000
T32A0 365:384.640 JLINK_ReadReg(XPSR)
T32A0 365:384.640 - 0.016ms returns 0x61000000
T32A0 365:384.640 JLINK_ReadReg(R15 (PC))
T32A0 365:384.672 - 0.022ms returns 0x00022F12
T32A0 365:384.704 JLINK_ReadReg(XPSR)
T32A0 365:384.736 - 0.017ms returns 0x61000000
T32A0 365:384.736 JLINK_ReadReg(XPSR)
T32A0 365:384.768 - 0.014ms returns 0x61000000
T32A0 365:384.768 JLINK_ReadMem(0x00022F12, 0x1 Bytes, ...)
T32A0 365:384.768    -- Read from flash cache (1 bytes @ 0x00022F12)
T32A0 365:384.800   Data:  0C
T32A0 365:384.832 - 0.057ms returns 0
T32A0 365:384.864 JLINK_IsHalted()
T32A0 365:384.864 - 0.013ms returns TRUE
T32A0 365:384.896 JLINK_ReadReg(XPSR)
T32A0 365:384.896 - 0.020ms returns 0x61000000
T32A0 365:384.896 JLINK_ReadReg(XPSR)
T32A0 365:384.928 - 0.016ms returns 0x61000000
T32A0 365:384.928 JLINK_ReadReg(R15 (PC))
T32A0 365:384.960 - 0.014ms returns 0x00022F12
T32A0 365:384.992 JLINK_ReadReg(XPSR)
T32A0 365:384.992 - 0.014ms returns 0x61000000
T32A0 365:385.024 JLINK_ReadReg(XPSR)
T32A0 365:385.024 - 0.016ms returns 0x61000000
T32A0 365:385.024 JLINK_ReadMem(0x00022F12, 0x1 Bytes, ...)
T32A0 365:385.056    -- Read from flash cache (1 bytes @ 0x00022F12)
T32A0 365:385.088   Data:  0C
T32A0 365:385.088 - 0.056ms returns 0
T32A0 365:385.152 JLINK_ReadMem(0x20071058, 0x4 Bytes, ...)
T32A0 365:385.152   CPU_ReadMem(64 bytes @ 0x20071040)
T32A0 365:386.176    -- Updating C cache (64 bytes @ 0x20071040)
T32A0 365:386.208    -- Read from C cache (4 bytes @ 0x20071058)
T32A0 365:386.240   Data:  03 00 00 00
T32A0 365:386.272 - 1.121ms returns 0
T32A0 365:386.304 JLINK_ReadMem(0x20071058, 0x4 Bytes, ...)
T32A0 365:386.304    -- Read from C cache (4 bytes @ 0x20071058)
T32A0 365:386.336   Data:  03 00 00 00
T32A0 365:386.368 - 0.066ms returns 0
T32A0 365:386.400 JLINK_ReadMem(0x20071058, 0x4 Bytes, ...)
T32A0 365:386.400    -- Read from C cache (4 bytes @ 0x20071058)
T32A0 365:386.432   Data:  03 00 00 00
T32A0 365:386.432 - 0.055ms returns 0
T32A0 365:386.432 JLINK_ReadMem(0x20071058, 0x4 Bytes, ...)
T32A0 365:386.464    -- Read from C cache (4 bytes @ 0x20071058)
T32A0 365:386.496   Data:  03 00 00 00
T32A0 365:386.528 - 0.057ms returns 0
T32A0 365:386.528 JLINK_ReadMem(0x20071060, 0x4 Bytes, ...)
T32A0 365:386.560    -- Read from C cache (4 bytes @ 0x20071060)
T32A0 365:386.560   Data:  FC FA 06 20
T32A0 365:386.560 - 0.053ms returns 0
T32A0 365:386.592 JLINK_ReadMem(0x2007105C, 0x4 Bytes, ...)
T32A0 365:386.624    -- Read from C cache (4 bytes @ 0x2007105C)
T32A0 365:386.656   Data:  E8 06 FE 1F
T32A0 365:386.656 - 0.055ms returns 0
T32A0 365:386.688 JLINK_ReadMem(0x1FFE06E8, 0xB4 Bytes, ...)
T32A0 365:386.688   CPU_ReadMem(256 bytes @ 0x1FFE06C0)
T32A0 365:388.832    -- Updating C cache (256 bytes @ 0x1FFE06C0)
T32A0 365:388.864    -- Read from C cache (180 bytes @ 0x1FFE06E8)
T32A0 365:388.864   Data:  44 52 48 54 54 00 00 00 DC B2 07 20 A0 AB 07 20 ...
T32A0 365:388.896 - 2.230ms returns 0
T32A0 365:388.960 JLINK_ReadMem(0x0003D904, 0xC8 Bytes, ...)
T32A0 365:388.960    -- Read from flash cache (200 bytes @ 0x0003D904)
T32A0 365:388.992   Data:  47 46 6F 72 63 65 47 55 49 20 54 68 72 65 61 64 ...
T32A0 365:388.992 - 0.058ms returns 0
T32A0 365:389.024 JLINK_ReadMem(0x1FFE08A8, 0xB4 Bytes, ...)
T32A0 365:389.056   CPU_ReadMem(256 bytes @ 0x1FFE0880)
T32A0 365:391.168    -- Updating C cache (256 bytes @ 0x1FFE0880)
T32A0 365:391.168    -- Read from C cache (180 bytes @ 0x1FFE08A8)
T32A0 365:391.200   Data:  44 52 48 54 1E 00 00 00 84 0A FE 1F 78 09 FE 1F ...
T32A0 365:391.232 - 2.200ms returns 0
T32A0 365:391.264 JLINK_ReadMem(0x0003D43C, 0xC8 Bytes, ...)
T32A0 365:391.296    -- Read from flash cache (200 bytes @ 0x0003D43C)
T32A0 365:391.296   Data:  54 6F 75 63 68 20 50 61 6E 65 6C 20 54 68 72 65 ...
T32A0 365:391.328 - 0.060ms returns 0
T32A0 365:391.328 JLINK_ReadMem(0x2006FAFC, 0xB4 Bytes, ...)
T32A0 365:391.392   CPU_ReadMem(256 bytes @ 0x2006FAC0)
T32A0 365:393.536    -- Updating C cache (256 bytes @ 0x2006FAC0)
T32A0 365:393.600    -- Read from C cache (180 bytes @ 0x2006FAFC)
T32A0 365:393.600   Data:  44 52 48 54 09 00 00 00 74 0A 07 20 B0 FB 06 20 ...
T32A0 365:393.632 - 2.293ms returns 0
T32A0 365:393.696 JLINK_ReadMem(0x0004B224, 0xC8 Bytes, ...)
T32A0 365:393.728    -- Read from flash cache (200 bytes @ 0x0004B224)
T32A0 365:393.728   Data:  47 55 49 58 20 53 79 73 74 65 6D 20 54 68 72 65 ...
T32A0 365:393.760 - 0.070ms returns 0
T32A0 365:396.992 JLINK_ReadMem(0x20071058, 0x4 Bytes, ...)
T32A0 365:397.056    -- Read from C cache (4 bytes @ 0x20071058)
T32A0 365:397.120   Data:  03 00 00 00
T32A0 365:397.152 - 0.141ms returns 0
T32A0 365:397.184 JLINK_ReadMem(0x20071060, 0x4 Bytes, ...)
T32A0 365:397.184    -- Read from C cache (4 bytes @ 0x20071060)
T32A0 365:397.216   Data:  FC FA 06 20
T32A0 365:397.248 - 0.070ms returns 0
T32A0 365:397.312 JLINK_ReadRegs(NumRegs = 20, Indexes: 0, 1, 2, 3, 4, 5, 6, 7, 8, 9, 10, 11, 12, 13, 14, 15, 16, 17, 18, 20)
T32A0 365:397.376    -- R0=0x00, R1=0x20070B50, R2=0x48628, R3=0x48628, R4=0x40000001, R5=0x2006DAE4, R6=0x2006E1E4, R7=0x20070B30, R8=0x00, R9=0x00, R10=0x2006FBB0, R11=0x00, R12=0x20070B88, R13 (SP)=0x20070B30, R14=0x22EFB, R15 (PC)=0x22F12, XPSR=0x61000000, MSP=0x2007AB70, PSP=0x20070B30, CFBP=0x6000000
T32A0 365:397.408 - 0.067ms returns 0x00
T32A0 365:399.392 JLINK_ReadMem(0x20071058, 0x4 Bytes, ...)
T32A0 365:399.488    -- Read from C cache (4 bytes @ 0x20071058)
T32A0 365:399.488   Data:  03 00 00 00
T32A0 365:399.520 - 0.131ms returns 0
T32A0 365:399.552 JLINK_ReadMem(0x20071058, 0x4 Bytes, ...)
T32A0 365:399.584    -- Read from C cache (4 bytes @ 0x20071058)
T32A0 365:399.616   Data:  03 00 00 00
T32A0 365:399.616 - 0.071ms returns 0
T32A0 365:399.712 JLINK_ReadMem(0x20071058, 0x4 Bytes, ...)
T32A0 365:399.744    -- Read from C cache (4 bytes @ 0x20071058)
T32A0 365:399.744   Data:  03 00 00 00
T32A0 365:399.776 - 0.070ms returns 0
T32A0 365:399.808 JLINK_ReadMem(0x20071058, 0x4 Bytes, ...)
T32A0 365:399.808    -- Read from C cache (4 bytes @ 0x20071058)
T32A0 365:399.840   Data:  03 00 00 00
T32A0 365:399.872 - 0.065ms returns 0
T32A0 365:399.872 JLINK_ReadMem(0x20071058, 0x4 Bytes, ...)
T32A0 365:399.904    -- Read from C cache (4 bytes @ 0x20071058)
T32A0 365:399.936   Data:  03 00 00 00
T32A0 365:399.968 - 0.081ms returns 0
T32A0 365:400.000 JLINK_ReadMem(0x20071060, 0x4 Bytes, ...)
T32A0 365:400.000    -- Read from C cache (4 bytes @ 0x20071060)
T32A0 365:400.032   Data:  FC FA 06 20
T32A0 365:400.064 - 0.064ms returns 0
T32A0 365:400.064 JLINK_ReadMem(0x2007105C, 0x4 Bytes, ...)
T32A0 365:400.096    -- Read from C cache (4 bytes @ 0x2007105C)
T32A0 365:400.128   Data:  E8 06 FE 1F
T32A0 365:400.128 - 0.073ms returns 0
T32A0 365:400.160 JLINK_ReadMem(0x1FFE06E8, 0xB4 Bytes, ...)
T32A0 365:400.192    -- Read from C cache (180 bytes @ 0x1FFE06E8)
T32A0 365:400.224   Data:  44 52 48 54 54 00 00 00 DC B2 07 20 A0 AB 07 20 ...
T32A0 365:400.256 - 0.063ms returns 0
T32A0 365:400.256 JLINK_ReadMem(0x0003D904, 0xC8 Bytes, ...)
T32A0 365:400.288    -- Read from flash cache (200 bytes @ 0x0003D904)
T32A0 365:400.320   Data:  47 46 6F 72 63 65 47 55 49 20 54 68 72 65 61 64 ...
T32A0 365:400.352 - 0.062ms returns 0
T32A0 365:400.384 JLINK_ReadMem(0x1FFE08A8, 0xB4 Bytes, ...)
T32A0 365:400.384    -- Read from C cache (180 bytes @ 0x1FFE08A8)
T32A0 365:400.384   Data:  44 52 48 54 1E 00 00 00 84 0A FE 1F 78 09 FE 1F ...
T32A0 365:400.416 - 0.062ms returns 0
T32A0 365:400.448 JLINK_ReadMem(0x0003D43C, 0xC8 Bytes, ...)
T32A0 365:400.480    -- Read from flash cache (200 bytes @ 0x0003D43C)
T32A0 365:400.512   Data:  54 6F 75 63 68 20 50 61 6E 65 6C 20 54 68 72 65 ...
T32A0 365:400.512 - 0.060ms returns 0
T32A0 365:400.512 JLINK_ReadMem(0x2006FAFC, 0xB4 Bytes, ...)
T32A0 365:400.544    -- Read from C cache (180 bytes @ 0x2006FAFC)
T32A0 365:400.576   Data:  44 52 48 54 09 00 00 00 74 0A 07 20 B0 FB 06 20 ...
T32A0 365:400.608 - 0.063ms returns 0
T32A0 365:400.640 JLINK_ReadMem(0x0004B224, 0xC8 Bytes, ...)
T32A0 365:400.640    -- Read from flash cache (200 bytes @ 0x0004B224)
T32A0 365:400.672   Data:  47 55 49 58 20 53 79 73 74 65 6D 20 54 68 72 65 ...
T32A0 365:400.704 - 0.069ms returns 0
T32A0 365:403.136 JLINK_ReadMem(0x00022F12, 0x4 Bytes, ...)
T32A0 365:403.200    -- Read from flash cache (4 bytes @ 0x00022F12)
T32A0 365:403.232   Data:  0C 4B 1B 68
T32A0 365:403.264 - 0.130ms returns 0
T32A0 365:404.192 JLINK_ReadMem(0x20070B40, 0x40 Bytes, ...)
T32A0 365:404.256   CPU_ReadMem(64 bytes @ 0x20070B40)
T32A0 365:405.312    -- Updating C cache (64 bytes @ 0x20070B40)
T32A0 365:405.376    -- Read from C cache (64 bytes @ 0x20070B40)
T32A0 365:405.376   Data:  00 00 00 00 41 6A 03 00 70 10 07 20 00 00 00 00 ...
T32A0 365:405.376 - 1.219ms returns 0
T32A0 365:406.400 JLINK_ReadMem(0x00036A40, 0x4 Bytes, ...)
T32A0 365:406.432    -- Read from flash cache (4 bytes @ 0x00036A40)
T32A0 365:406.464   Data:  08 B0 70 BD
T32A0 365:406.496 - 0.093ms returns 0
T32A0 365:407.456 JLINK_ReadMem(0x20070B00, 0x40 Bytes, ...)
T32A0 365:407.552   CPU_ReadMem(64 bytes @ 0x20070B00)
T32A0 365:408.576    -- Updating C cache (64 bytes @ 0x20070B00)
T32A0 365:408.608    -- Read from C cache (64 bytes @ 0x20070B00)
T32A0 365:408.640   Data:  DE B3 AF FE FF BB FF FE D7 73 EF FE CF FB FF FC ...
T32A0 365:408.672 - 1.218ms returns 0
T32A0 365:422.112 JLINK_ReadMem(0x20071058, 0x4 Bytes, ...)
T32A0 365:422.176    -- Read from C cache (4 bytes @ 0x20071058)
T32A0 365:422.208   Data:  03 00 00 00
T32A0 365:422.240 - 0.127ms returns 0
T32A0 365:422.272 JLINK_ReadMem(0x20071060, 0x4 Bytes, ...)
T32A0 365:422.272    -- Read from C cache (4 bytes @ 0x20071060)
T32A0 365:422.304   Data:  FC FA 06 20
T32A0 365:422.336 - 0.067ms returns 0
T32A0 365:422.400 JLINK_ReadMem(0x20071060, 0x4 Bytes, ...)
T32A0 365:422.432    -- Read from C cache (4 bytes @ 0x20071060)
T32A0 365:422.464   Data:  FC FA 06 20
T32A0 365:422.496 - 0.072ms returns 0
T32A0 365:422.528 JLINK_ReadReg(XPSR)
T32A0 365:422.528 - 0.023ms returns 0x61000000
T32A0 365:422.560 JLINK_ReadReg(XPSR)
T32A0 365:422.592 - 0.017ms returns 0x61000000
T32A0 365:422.624 JLINK_ReadMem(0x20071060, 0x4 Bytes, ...)
T32A0 365:422.656    -- Read from C cache (4 bytes @ 0x20071060)
T32A0 365:422.656   Data:  FC FA 06 20
T32A0 365:422.688 - 0.065ms returns 0
T32A0 365:422.720 JLINK_ReadReg(XPSR)
T32A0 365:422.720 - 0.018ms returns 0x61000000
T32A0 365:422.752 JLINK_ReadReg(XPSR)
T32A0 365:422.784 - 0.016ms returns 0x61000000
T32A0 365:422.784 JLINK_ReadMem(0x2007B2DC, 0x4 Bytes, ...)
T32A0 365:422.816   CPU_ReadMem(64 bytes @ 0x2007B2C0)
T32A0 365:423.840    -- Updating C cache (64 bytes @ 0x2007B2C0)
T32A0 365:423.904    -- Read from C cache (4 bytes @ 0x2007B2DC)
T32A0 365:423.936   Data:  FD FF FF FF
T32A0 365:423.936 - 1.171ms returns 0
T32A0 365:424.000 JLINK_ReadMem(0x2007B31C, 0x4 Bytes, ...)
T32A0 365:424.064   CPU_ReadMem(64 bytes @ 0x2007B300)
T32A0 365:425.056    -- Updating C cache (64 bytes @ 0x2007B300)
T32A0 365:425.088    -- Read from C cache (4 bytes @ 0x2007B31C)
T32A0 365:425.120   Data:  00 00 00 61
T32A0 365:425.152 - 1.152ms returns 0
T32A0 365:425.184 JLINK_ReadMem(0x2007B300, 0x4 Bytes, ...)
T32A0 365:425.216    -- Read from C cache (4 bytes @ 0x2007B300)
T32A0 365:425.248   Data:  40 00 01 00
T32A0 365:425.280 - 0.092ms returns 0
T32A0 365:425.312 JLINK_ReadMem(0x2007B304, 0x4 Bytes, ...)
T32A0 365:425.344    -- Read from C cache (4 bytes @ 0x2007B304)
T32A0 365:425.344   Data:  FC FA 06 20
T32A0 365:425.344 - 0.067ms returns 0
T32A0 365:425.376 JLINK_ReadMem(0x2007B308, 0x4 Bytes, ...)
T32A0 365:425.408    -- Read from C cache (4 bytes @ 0x2007B308)
T32A0 365:425.440   Data:  00 00 00 10
T32A0 365:425.472 - 0.065ms returns 0
T32A0 365:425.472 JLINK_ReadMem(0x2007B30C, 0x4 Bytes, ...)
T32A0 365:425.472    -- Read from C cache (4 bytes @ 0x2007B30C)
T32A0 365:425.504   Data:  00 00 00 00
T32A0 365:425.536 - 0.061ms returns 0
T32A0 365:425.536 JLINK_ReadMem(0x2007B2E0, 0x4 Bytes, ...)
T32A0 365:425.568    -- Read from C cache (4 bytes @ 0x2007B2E0)
T32A0 365:425.600   Data:  E8 06 FE 1F
T32A0 365:425.600 - 0.074ms returns 0
T32A0 365:425.632 JLINK_ReadMem(0x2007B2E4, 0x4 Bytes, ...)
T32A0 365:425.664    -- Read from C cache (4 bytes @ 0x2007B2E4)
T32A0 365:425.696   Data:  E8 06 FE 1F
T32A0 365:425.728 - 0.061ms returns 0
T32A0 365:425.728 JLINK_ReadMem(0x2007B2E8, 0x4 Bytes, ...)
T32A0 365:425.728    -- Read from C cache (4 bytes @ 0x2007B2E8)
T32A0 365:425.760   Data:  00 00 00 00
T32A0 365:425.792 - 0.063ms returns 0
T32A0 365:425.792 JLINK_ReadMem(0x2007B2EC, 0x4 Bytes, ...)
T32A0 365:425.824    -- Read from C cache (4 bytes @ 0x2007B2EC)
T32A0 365:425.856   Data:  74 10 07 20
T32A0 365:425.856 - 0.063ms returns 0
T32A0 365:425.888 JLINK_ReadMem(0x2007B2F0, 0x4 Bytes, ...)
T32A0 365:425.920    -- Read from C cache (4 bytes @ 0x2007B2F0)
T32A0 365:425.920   Data:  00 00 00 00
T32A0 365:425.952 - 0.070ms returns 0
T32A0 365:425.984 JLINK_ReadMem(0x2007B2F4, 0x4 Bytes, ...)
T32A0 365:425.984    -- Read from C cache (4 bytes @ 0x2007B2F4)
T32A0 365:426.016   Data:  00 00 00 00
T32A0 365:426.016 - 0.063ms returns 0
T32A0 365:426.048 JLINK_ReadMem(0x2007B2F8, 0x4 Bytes, ...)
T32A0 365:426.080    -- Read from C cache (4 bytes @ 0x2007B2F8)
T32A0 365:426.112   Data:  A0 AB 07 20
T32A0 365:426.112 - 0.060ms returns 0
T32A0 365:426.112 JLINK_ReadMem(0x2007B2FC, 0x4 Bytes, ...)
T32A0 365:426.144    -- Read from C cache (4 bytes @ 0x2007B2FC)
T32A0 365:426.176   Data:  00 00 00 00
T32A0 365:426.208 - 0.062ms returns 0
T32A0 365:426.208 JLINK_ReadMem(0x2007B310, 0x4 Bytes, ...)
T32A0 365:426.240    -- Read from C cache (4 bytes @ 0x2007B310)
T32A0 365:426.240   Data:  00 00 00 00
T32A0 365:426.368 - 0.133ms returns 0
T32A0 365:426.432 JLINK_ReadMem(0x2007B314, 0x4 Bytes, ...)
T32A0 365:426.496    -- Read from C cache (4 bytes @ 0x2007B314)
T32A0 365:426.528   Data:  03 A5 03 00
T32A0 365:426.528 - 0.118ms returns 0
T32A0 365:426.560 JLINK_ReadMem(0x2007B318, 0x4 Bytes, ...)
T32A0 365:426.592    -- Read from C cache (4 bytes @ 0x2007B318)
T32A0 365:426.624   Data:  96 AA 03 00
T32A0 365:426.624 - 0.065ms returns 0
T32A0 365:426.656 JLINK_ReadMem(0x2007B31C, 0x4 Bytes, ...)
T32A0 365:426.688    -- Read from C cache (4 bytes @ 0x2007B31C)
T32A0 365:426.688   Data:  00 00 00 61
T32A0 365:426.720 - 0.065ms returns 0
T32A0 365:427.776 JLINK_ReadMem(0x20071058, 0x4 Bytes, ...)
T32A0 365:427.872    -- Read from C cache (4 bytes @ 0x20071058)
T32A0 365:427.904   Data:  03 00 00 00
T32A0 365:427.936 - 0.149ms returns 0
T32A0 365:427.968 JLINK_ReadMem(0x20071058, 0x4 Bytes, ...)
T32A0 365:428.000    -- Read from C cache (4 bytes @ 0x20071058)
T32A0 365:428.032   Data:  03 00 00 00
T32A0 365:428.032 - 0.068ms returns 0
T32A0 365:428.128 JLINK_ReadMem(0x20071058, 0x4 Bytes, ...)
T32A0 365:428.160    -- Read from C cache (4 bytes @ 0x20071058)
T32A0 365:428.160   Data:  03 00 00 00
T32A0 365:428.160 - 0.068ms returns 0
T32A0 365:432.768 JLINK_ReadMem(0x20071058, 0x4 Bytes, ...)
T32A0 365:432.864    -- Read from C cache (4 bytes @ 0x20071058)
T32A0 365:432.896   Data:  03 00 00 00
T32A0 365:432.896 - 0.131ms returns 0
T32A0 365:432.928 JLINK_ReadMem(0x20071060, 0x4 Bytes, ...)
T32A0 365:432.960    -- Read from C cache (4 bytes @ 0x20071060)
T32A0 365:432.992   Data:  FC FA 06 20
T32A0 365:433.024 - 0.070ms returns 0
T32A0 365:433.088 JLINK_ReadMem(0x20071060, 0x4 Bytes, ...)
T32A0 365:433.120    -- Read from C cache (4 bytes @ 0x20071060)
T32A0 365:433.152   Data:  FC FA 06 20
T32A0 365:433.152 - 0.070ms returns 0
T32A0 365:433.184 JLINK_ReadReg(XPSR)
T32A0 365:433.216 - 0.024ms returns 0x61000000
T32A0 365:433.248 JLINK_ReadReg(XPSR)
T32A0 365:433.280 - 0.016ms returns 0x61000000
T32A0 365:433.280 JLINK_ReadMem(0x20071060, 0x4 Bytes, ...)
T32A0 365:433.312    -- Read from C cache (4 bytes @ 0x20071060)
T32A0 365:433.312   Data:  FC FA 06 20
T32A0 365:433.344 - 0.061ms returns 0
T32A0 365:433.376 JLINK_ReadReg(XPSR)
T32A0 365:433.408 - 0.028ms returns 0x61000000
T32A0 365:433.408 JLINK_ReadReg(XPSR)
T32A0 365:433.440 - 0.016ms returns 0x61000000
T32A0 365:433.472 JLINK_ReadMem(0x1FFE0A84, 0x4 Bytes, ...)
T32A0 365:433.504   CPU_ReadMem(64 bytes @ 0x1FFE0A80)
T32A0 365:434.432    -- Updating C cache (64 bytes @ 0x1FFE0A80)
T32A0 365:434.528    -- Read from C cache (4 bytes @ 0x1FFE0A84)
T32A0 365:434.560   Data:  FD FF FF FF
T32A0 365:434.560 - 1.109ms returns 0
T32A0 365:434.624 JLINK_ReadMem(0x1FFE0AC4, 0x4 Bytes, ...)
T32A0 365:434.656   CPU_ReadMem(64 bytes @ 0x1FFE0AC0)
T32A0 365:436.320    -- Updating C cache (64 bytes @ 0x1FFE0AC0)
T32A0 365:436.352    -- Read from C cache (4 bytes @ 0x1FFE0AC4)
T32A0 365:436.384   Data:  00 00 00 61
T32A0 365:436.416 - 1.791ms returns 0
T32A0 365:436.448 JLINK_ReadMem(0x1FFE0AA8, 0x4 Bytes, ...)
T32A0 365:436.480    -- Read from C cache (4 bytes @ 0x1FFE0AA8)
T32A0 365:436.480   Data:  48 00 00 00
T32A0 365:436.512 - 0.075ms returns 0
T32A0 365:436.544 JLINK_ReadMem(0x1FFE0AAC, 0x4 Bytes, ...)
T32A0 365:436.544    -- Read from C cache (4 bytes @ 0x1FFE0AAC)
T32A0 365:436.576   Data:  E8 06 FE 1F
T32A0 365:436.608 - 0.062ms returns 0
T32A0 365:436.608 JLINK_ReadMem(0x1FFE0AB0, 0x4 Bytes, ...)
T32A0 365:436.640    -- Read from C cache (4 bytes @ 0x1FFE0AB0)
T32A0 365:436.640   Data:  00 00 00 10
T32A0 365:436.672 - 0.061ms returns 0
T32A0 365:436.704 JLINK_ReadMem(0x1FFE0AB4, 0x4 Bytes, ...)
T32A0 365:436.736    -- Read from C cache (4 bytes @ 0x1FFE0AB4)
T32A0 365:436.736   Data:  00 00 00 00
T32A0 365:436.736 - 0.059ms returns 0
T32A0 365:436.768 JLINK_ReadMem(0x1FFE0A88, 0x4 Bytes, ...)
T32A0 365:436.800    -- Read from C cache (4 bytes @ 0x1FFE0A88)
T32A0 365:436.800   Data:  A8 08 FE 1F
T32A0 365:436.832 - 0.057ms returns 0
T32A0 365:436.864 JLINK_ReadMem(0x1FFE0A8C, 0x4 Bytes, ...)
T32A0 365:436.864    -- Read from C cache (4 bytes @ 0x1FFE0A8C)
T32A0 365:436.864   Data:  A8 08 FE 1F
T32A0 365:436.928 - 0.069ms returns 0
T32A0 365:436.928 JLINK_ReadMem(0x1FFE0A90, 0x4 Bytes, ...)
T32A0 365:436.960    -- Read from C cache (4 bytes @ 0x1FFE0A90)
T32A0 365:436.992   Data:  00 00 00 00
T32A0 365:436.992 - 0.061ms returns 0
T32A0 365:436.992 JLINK_ReadMem(0x1FFE0A94, 0x4 Bytes, ...)
T32A0 365:437.024    -- Read from C cache (4 bytes @ 0x1FFE0A94)
T32A0 365:437.056   Data:  74 10 07 20
T32A0 365:437.088 - 0.065ms returns 0
T32A0 365:437.088 JLINK_ReadMem(0x1FFE0A98, 0x4 Bytes, ...)
T32A0 365:437.120    -- Read from C cache (4 bytes @ 0x1FFE0A98)
T32A0 365:437.120   Data:  00 00 00 00
T32A0 365:437.152 - 0.057ms returns 0
T32A0 365:437.152 JLINK_ReadMem(0x1FFE0A9C, 0x4 Bytes, ...)
T32A0 365:437.184    -- Read from C cache (4 bytes @ 0x1FFE0A9C)
T32A0 365:437.216   Data:  00 00 00 00
T32A0 365:437.248 - 0.061ms returns 0
T32A0 365:437.248 JLINK_ReadMem(0x1FFE0AA0, 0x4 Bytes, ...)
T32A0 365:437.248    -- Read from C cache (4 bytes @ 0x1FFE0AA0)
T32A0 365:437.280   Data:  78 09 FE 1F
T32A0 365:437.312 - 0.062ms returns 0
T32A0 365:437.344 JLINK_ReadMem(0x1FFE0AA4, 0x4 Bytes, ...)
T32A0 365:437.344    -- Read from C cache (4 bytes @ 0x1FFE0AA4)
T32A0 365:437.376   Data:  00 00 00 00
T32A0 365:437.376 - 0.059ms returns 0
T32A0 365:437.408 JLINK_ReadMem(0x1FFE0AB8, 0x4 Bytes, ...)
T32A0 365:437.408    -- Read from C cache (4 bytes @ 0x1FFE0AB8)
T32A0 365:437.440   Data:  00 00 00 00
T32A0 365:437.472 - 0.061ms returns 0
T32A0 365:437.504 JLINK_ReadMem(0x1FFE0ABC, 0x4 Bytes, ...)
T32A0 365:437.504    -- Read from C cache (4 bytes @ 0x1FFE0ABC)
T32A0 365:437.504   Data:  03 A5 03 00
T32A0 365:437.536 - 0.059ms returns 0
T32A0 365:437.568 JLINK_ReadMem(0x1FFE0AC0, 0x4 Bytes, ...)
T32A0 365:437.600    -- Read from C cache (4 bytes @ 0x1FFE0AC0)
T32A0 365:437.600   Data:  96 AA 03 00
T32A0 365:437.632 - 0.061ms returns 0
T32A0 365:437.632 JLINK_ReadMem(0x1FFE0AC4, 0x4 Bytes, ...)
T32A0 365:437.664    -- Read from C cache (4 bytes @ 0x1FFE0AC4)
T32A0 365:437.664   Data:  00 00 00 61
T32A0 365:437.696 - 0.061ms returns 0
T32A0 365:438.592 JLINK_ReadMem(0x20071058, 0x4 Bytes, ...)
T32A0 365:438.656    -- Read from C cache (4 bytes @ 0x20071058)
T32A0 365:438.720   Data:  03 00 00 00
T32A0 365:438.752 - 0.144ms returns 0
T32A0 365:438.784 JLINK_ReadMem(0x20071058, 0x4 Bytes, ...)
T32A0 365:438.784    -- Read from C cache (4 bytes @ 0x20071058)
T32A0 365:438.816   Data:  03 00 00 00
T32A0 365:438.816 - 0.066ms returns 0
T32A0 365:438.912 JLINK_ReadMem(0x20071058, 0x4 Bytes, ...)
T32A0 365:438.912    -- Read from C cache (4 bytes @ 0x20071058)
T32A0 365:438.944   Data:  03 00 00 00
T32A0 365:438.976 - 0.066ms returns 0
T32A0 365:444.224 JLINK_ReadMem(0x20071058, 0x4 Bytes, ...)
T32A0 365:444.288    -- Read from C cache (4 bytes @ 0x20071058)
T32A0 365:444.320   Data:  03 00 00 00
T32A0 365:444.352 - 0.142ms returns 0
T32A0 365:444.416 JLINK_ReadMem(0x20071060, 0x4 Bytes, ...)
T32A0 365:444.416    -- Read from C cache (4 bytes @ 0x20071060)
T32A0 365:444.448   Data:  FC FA 06 20
T32A0 365:444.480 - 0.073ms returns 0
T32A0 365:444.576 JLINK_ReadMem(0x20071060, 0x4 Bytes, ...)
T32A0 365:444.608    -- Read from C cache (4 bytes @ 0x20071060)
T32A0 365:444.640   Data:  FC FA 06 20
T32A0 365:444.672 - 0.077ms returns 0
T32A0 365:444.672 JLINK_ReadReg(XPSR)
T32A0 365:444.704 - 0.024ms returns 0x61000000
T32A0 365:444.736 JLINK_ReadReg(XPSR)
T32A0 365:444.736 - 0.018ms returns 0x61000000
T32A0 365:444.800 JLINK_ReadRegs(NumRegs = 20, Indexes: 0, 1, 2, 3, 4, 5, 6, 7, 8, 9, 10, 11, 12, 13, 14, 15, 16, 17, 18, 20)
T32A0 365:444.832    -- R0=0x00, R1=0x20070B50, R2=0x48628, R3=0x48628, R4=0x40000001, R5=0x2006DAE4, R6=0x2006E1E4, R7=0x20070B30, R8=0x00, R9=0x00, R10=0x2006FBB0, R11=0x00, R12=0x20070B88, R13 (SP)=0x20070B30, R14=0x22EFB, R15 (PC)=0x22F12, XPSR=0x61000000, MSP=0x2007AB70, PSP=0x20070B30, CFBP=0x6000000
T32A0 365:444.832 - 0.061ms returns 0x00
T32A0 365:444.864 JLINK_ReadReg(XPSR)
T32A0 365:444.896 - 0.019ms returns 0x61000000
T32A0 365:444.928 JLINK_ReadReg(XPSR)
T32A0 365:444.928 - 0.017ms returns 0x61000000
T32A0 365:444.960 JLINK_ReadReg(XPSR)
T32A0 365:444.960 - 0.016ms returns 0x61000000
T32A0 365:444.992 JLINK_ReadReg(XPSR)
T32A0 365:445.024 - 0.016ms returns 0x61000000
T32A0 365:445.024 JLINK_ReadReg(XPSR)
T32A0 365:445.056 - 0.015ms returns 0x61000000
T32A0 365:445.056 JLINK_ReadReg(XPSR)
T32A0 365:445.056 - 0.015ms returns 0x61000000
T32A0 365:445.088 JLINK_ReadReg(XPSR)
T32A0 365:445.120 - 0.015ms returns 0x61000000
T32A0 365:445.120 JLINK_ReadReg(XPSR)
T32A0 365:445.152 - 0.016ms returns 0x61000000
T32A0 365:445.184 JLINK_ReadReg(XPSR)
T32A0 365:445.184 - 0.014ms returns 0x61000000
T32A0 365:445.184 JLINK_ReadReg(XPSR)
T32A0 365:445.184 - 0.015ms returns 0x61000000
T32A0 365:445.216 JLINK_ReadReg(XPSR)
T32A0 365:445.248 - 0.016ms returns 0x61000000
T32A0 365:445.248 JLINK_ReadReg(XPSR)
T32A0 365:445.280 - 0.015ms returns 0x61000000
T32A0 365:445.312 JLINK_ReadReg(XPSR)
T32A0 365:445.312 - 0.018ms returns 0x61000000
T32A0 365:445.312 JLINK_ReadReg(XPSR)
T32A0 365:445.344 - 0.016ms returns 0x61000000
T32A0 365:445.376 JLINK_ReadReg(XPSR)
T32A0 365:445.376 - 0.015ms returns 0x61000000
T32A0 365:445.408 JLINK_ReadReg(XPSR)
T32A0 365:445.408 - 0.014ms returns 0x61000000
T32A0 365:445.440 JLINK_ReadReg(XPSR)
T32A0 365:445.440 - 0.015ms returns 0x61000000
T32A0 365:445.440 JLINK_ReadReg(XPSR)
T32A0 365:445.472 - 0.015ms returns 0x61000000
T32A0 365:445.504 JLINK_ReadReg(XPSR)
T32A0 365:445.504 - 0.015ms returns 0x61000000
T32A0 365:445.536 JLINK_ReadReg(XPSR)
T32A0 365:445.568 - 0.015ms returns 0x61000000
T32A0 365:447.424 JLINK_ReadMem(0x20071058, 0x4 Bytes, ...)
T32A0 365:447.488    -- Read from C cache (4 bytes @ 0x20071058)
T32A0 365:447.488   Data:  03 00 00 00
T32A0 365:447.520 - 0.114ms returns 0
T32A0 365:447.584 JLINK_ReadMem(0x20071058, 0x4 Bytes, ...)
T32A0 365:447.616    -- Read from C cache (4 bytes @ 0x20071058)
T32A0 365:447.648   Data:  03 00 00 00
T32A0 365:447.680 - 0.097ms returns 0
T32A0 365:447.744 JLINK_ReadMem(0x20071058, 0x4 Bytes, ...)
T32A0 365:447.776    -- Read from C cache (4 bytes @ 0x20071058)
T32A0 365:447.808   Data:  03 00 00 00
T32A0 365:447.840 - 0.084ms returns 0
T32A0 365:449.920 JLINK_ReadMem(0x00022F12, 0x4 Bytes, ...)
T32A0 365:449.984    -- Read from flash cache (4 bytes @ 0x00022F12)
T32A0 365:450.048   Data:  0C 4B 1B 68
T32A0 365:450.048 - 0.114ms returns 0
T32A0 365:451.072 JLINK_ReadMem(0x20070B40, 0x40 Bytes, ...)
T32A0 365:451.168    -- Read from C cache (64 bytes @ 0x20070B40)
T32A0 365:451.200   Data:  00 00 00 00 41 6A 03 00 70 10 07 20 00 00 00 00 ...
T32A0 365:451.200 - 0.127ms returns 0
T32A0 365:452.352 JLINK_ReadMem(0x00036A40, 0x4 Bytes, ...)
T32A0 365:452.352    -- Read from flash cache (4 bytes @ 0x00036A40)
T32A0 365:452.416   Data:  08 B0 70 BD
T32A0 365:452.448 - 0.106ms returns 0
T32A0 365:453.312 JLINK_ReadMem(0x20070B00, 0x40 Bytes, ...)
T32A0 365:453.376    -- Read from C cache (64 bytes @ 0x20070B00)
T32A0 365:453.376   Data:  DE B3 AF FE FF BB FF FE D7 73 EF FE CF FB FF FC ...
T32A0 365:453.408 - 0.094ms returns 0
T32A0 365:910.272 JLINK_ReadMem(0x20071058, 0x4 Bytes, ...)
T32A0 365:910.336    -- Read from C cache (4 bytes @ 0x20071058)
T32A0 365:910.400   Data:  03 00 00 00
T32A0 365:910.432 - 0.142ms returns 0
T32A0 365:910.464 JLINK_ReadMem(0x20071058, 0x4 Bytes, ...)
T32A0 365:910.464    -- Read from C cache (4 bytes @ 0x20071058)
T32A0 365:910.496   Data:  03 00 00 00
T32A0 365:910.528 - 0.073ms returns 0
T32A0 365:910.592 JLINK_ReadMem(0x20071058, 0x4 Bytes, ...)
T32A0 365:910.624    -- Read from C cache (4 bytes @ 0x20071058)
T32A0 365:910.656   Data:  03 00 00 00
T32A0 365:910.688 - 0.079ms returns 0
T32A0 365:920.416 JLINK_ReadMem(0x20071058, 0x4 Bytes, ...)
T32A0 365:920.448    -- Read from C cache (4 bytes @ 0x20071058)
T32A0 365:920.512   Data:  03 00 00 00
T32A0 365:920.544 - 0.120ms returns 0
T32A0 365:920.576 JLINK_ReadMem(0x20071058, 0x4 Bytes, ...)
T32A0 365:920.576    -- Read from C cache (4 bytes @ 0x20071058)
T32A0 365:920.640   Data:  03 00 00 00
T32A0 365:920.672 - 0.100ms returns 0
T32A0 365:920.736 JLINK_ReadMem(0x20071058, 0x4 Bytes, ...)
T32A0 365:920.768    -- Read from C cache (4 bytes @ 0x20071058)
T32A0 365:920.800   Data:  03 00 00 00
T32A0 365:920.800 - 0.067ms returns 0
T32A0 365:922.688 JLINK_ReadMem(0x00022F12, 0x4 Bytes, ...)
T32A0 365:922.720    -- Read from flash cache (4 bytes @ 0x00022F12)
T32A0 365:922.752   Data:  0C 4B 1B 68
T32A0 365:922.752 - 0.087ms returns 0
T32A0 365:923.520 JLINK_ReadMem(0x20070B40, 0x40 Bytes, ...)
T32A0 365:923.584    -- Read from C cache (64 bytes @ 0x20070B40)
T32A0 365:923.616   Data:  00 00 00 00 41 6A 03 00 70 10 07 20 00 00 00 00 ...
T32A0 365:923.648 - 0.120ms returns 0
T32A0 365:924.480 JLINK_ReadMem(0x00036A40, 0x4 Bytes, ...)
T32A0 365:924.544    -- Read from flash cache (4 bytes @ 0x00036A40)
T32A0 365:924.544   Data:  08 B0 70 BD
T32A0 365:924.576 - 0.094ms returns 0
T32A0 365:925.504 JLINK_ReadMem(0x20070B00, 0x40 Bytes, ...)
T32A0 365:925.568    -- Read from C cache (64 bytes @ 0x20070B00)
T32A0 365:925.568   Data:  DE B3 AF FE FF BB FF FE D7 73 EF FE CF FB FF FC ...
T32A0 365:925.600 - 0.098ms returns 0
T32A0 365:931.104 JLINK_ReadMem(0x00022F12, 0x4 Bytes, ...)
T32A0 365:931.168    -- Read from flash cache (4 bytes @ 0x00022F12)
T32A0 365:931.200   Data:  0C 4B 1B 68
T32A0 365:931.200 - 0.090ms returns 0
T32A0 365:932.096 JLINK_ReadMem(0x20070B40, 0x40 Bytes, ...)
T32A0 365:932.128    -- Read from C cache (64 bytes @ 0x20070B40)
T32A0 365:932.160   Data:  00 00 00 00 41 6A 03 00 70 10 07 20 00 00 00 00 ...
T32A0 365:932.192 - 0.102ms returns 0
T32A0 365:933.088 JLINK_ReadMem(0x00036A40, 0x4 Bytes, ...)
T32A0 365:933.120    -- Read from flash cache (4 bytes @ 0x00036A40)
T32A0 365:933.152   Data:  08 B0 70 BD
T32A0 365:933.184 - 0.090ms returns 0
T32A0 365:933.952 JLINK_ReadMem(0x20070B00, 0x40 Bytes, ...)
T32A0 365:934.016    -- Read from C cache (64 bytes @ 0x20070B00)
T32A0 365:934.016   Data:  DE B3 AF FE FF BB FF FE D7 73 EF FE CF FB FF FC ...
T32A0 365:934.048 - 0.096ms returns 0
T32A0 366:352.544 JLINK_ReadMem(0x0003AA96, 0x4 Bytes, ...)
T32A0 366:352.608    -- Read from flash cache (4 bytes @ 0x0003AA96)
T32A0 366:352.672   Data:  EF F3 10 83
T32A0 366:352.704 - 0.141ms returns 0
T32A0 366:353.472 JLINK_ReadMem(0x2007B300, 0x40 Bytes, ...)
T32A0 366:353.504    -- Read from C cache (64 bytes @ 0x2007B300)
T32A0 366:353.568   Data:  40 00 01 00 FC FA 06 20 00 00 00 10 00 00 00 00 ...
T32A0 366:353.600 - 0.127ms returns 0
T32A0 366:354.368 JLINK_ReadMem(0x0003A502, 0x4 Bytes, ...)
T32A0 366:354.432    -- Read from flash cache (4 bytes @ 0x0003A502)
T32A0 366:354.432   Data:  D4 F8 84 00
T32A0 366:354.464 - 0.090ms returns 0
T32A0 366:355.136 JLINK_ReadMem(0x2007B340, 0x40 Bytes, ...)
T32A0 366:355.200   CPU_ReadMem(64 bytes @ 0x2007B340)
T32A0 366:356.192    -- Updating C cache (64 bytes @ 0x2007B340)
T32A0 366:356.224    -- Read from C cache (64 bytes @ 0x2007B340)
T32A0 366:356.256   Data:  00 00 00 00 00 00 00 00 58 B3 07 20 CB 30 02 00 ...
T32A0 366:356.256 - 1.109ms returns 0
T32A0 366:357.088 JLINK_ReadMem(0x000230CA, 0x4 Bytes, ...)
T32A0 366:357.152    -- Read from flash cache (4 bytes @ 0x000230CA)
T32A0 366:357.152   Data:  3B 46 18 46
T32A0 366:357.184 - 0.089ms returns 0
T32A0 366:357.856 JLINK_ReadMem(0x000222EC, 0x4 Bytes, ...)
T32A0 366:357.920    -- Read from flash cache (4 bytes @ 0x000222EC)
T32A0 366:357.952   Data:  00 BF 08 37
T32A0 366:357.952 - 0.090ms returns 0
T32A0 366:358.368 JLINK_ReadMem(0x2007B380, 0x40 Bytes, ...)
T32A0 366:358.432   CPU_ReadMem(64 bytes @ 0x2007B380)
T32A0 366:359.424    -- Updating C cache (64 bytes @ 0x2007B380)
T32A0 366:359.456    -- Read from C cache (64 bytes @ 0x2007B380)
T32A0 366:359.488   Data:  00 00 00 00 00 00 00 00 00 00 00 00 15 A8 03 00 ...
T32A0 366:359.488 - 1.115ms returns 0
T32A0 366:360.448 JLINK_ReadMem(0x0003A814, 0x4 Bytes, ...)
T32A0 366:360.512    -- Read from flash cache (4 bytes @ 0x0003A814)
T32A0 366:360.608   Data:  0F 4B 1B 68
T32A0 366:360.640 - 0.178ms returns 0
T32A0 366:363.328 JLINK_ReadMem(0x0003AA96, 0x4 Bytes, ...)
T32A0 366:363.392    -- Read from flash cache (4 bytes @ 0x0003AA96)
T32A0 366:363.424   Data:  EF F3 10 83
T32A0 366:363.424 - 0.113ms returns 0
T32A0 366:364.064 JLINK_ReadMem(0x1FFE0AC0, 0x40 Bytes, ...)
T32A0 366:364.096    -- Read from C cache (64 bytes @ 0x1FFE0AC0)
T32A0 366:364.096   Data:  96 AA 03 00 00 00 00 61 70 10 07 20 A8 08 FE 1F ...
T32A0 366:364.128 - 0.088ms returns 0
T32A0 366:364.768 JLINK_ReadMem(0x0003A502, 0x4 Bytes, ...)
T32A0 366:364.832    -- Read from flash cache (4 bytes @ 0x0003A502)
T32A0 366:364.864   Data:  D4 F8 84 00
T32A0 366:364.864 - 0.112ms returns 0
T32A0 366:365.632 JLINK_ReadMem(0x0000F046, 0x4 Bytes, ...)
T32A0 366:365.696    -- Read from flash cache (4 bytes @ 0x0000F046)
T32A0 366:365.760   Data:  B8 60 BB 68
T32A0 366:365.760 - 0.125ms returns 0
T32A0 366:366.240 JLINK_ReadMem(0x1FFE0B00, 0x40 Bytes, ...)
T32A0 366:366.304   CPU_ReadMem(64 bytes @ 0x1FFE0B00)
T32A0 366:367.424    -- Updating C cache (64 bytes @ 0x1FFE0B00)
T32A0 366:367.456    -- Read from C cache (64 bytes @ 0x1FFE0B00)
T32A0 366:367.488   Data:  00 00 00 00 00 08 FE 1F 10 0B FE 1F DB 09 00 00 ...
T32A0 366:367.520 - 1.272ms returns 0
T32A0 366:368.320 JLINK_ReadMem(0x000009DA, 0x4 Bytes, ...)
T32A0 366:368.352    -- Read from flash cache (4 bytes @ 0x000009DA)
T32A0 366:368.384   Data:  38 61 3B 69
T32A0 366:368.416 - 0.081ms returns 0
T32A0 366:369.280 JLINK_ReadMem(0x0000D72C, 0x4 Bytes, ...)
T32A0 366:369.312    -- Read from flash cache (4 bytes @ 0x0000D72C)
T32A0 366:369.344   Data:  F8 60 FB 68
T32A0 366:369.344 - 0.084ms returns 0
T32A0 366:369.920 JLINK_ReadMem(0x1FFE0B40, 0x40 Bytes, ...)
T32A0 366:369.984   CPU_ReadMem(64 bytes @ 0x1FFE0B40)
T32A0 366:370.944    -- Updating C cache (64 bytes @ 0x1FFE0B40)
T32A0 366:370.976    -- Read from C cache (64 bytes @ 0x1FFE0B40)
T32A0 366:371.008   Data:  00 00 00 00 00 00 00 00 78 09 FE 1F 40 08 FE 1F ...
T32A0 366:371.040 - 1.120ms returns 0
T32A0 366:371.904 JLINK_ReadMem(0x0003A814, 0x4 Bytes, ...)
T32A0 366:371.968    -- Read from flash cache (4 bytes @ 0x0003A814)
T32A0 366:372.000   Data:  0F 4B 1B 68
T32A0 366:372.032 - 0.105ms returns 0
T32A0 366:373.824 JLINK_ReadMem(0x00022F12, 0x4 Bytes, ...)
T32A0 366:373.920    -- Read from flash cache (4 bytes @ 0x00022F12)
T32A0 366:373.952   Data:  0C 4B 1B 68
T32A0 366:373.952 - 0.099ms returns 0
T32A0 366:374.432 JLINK_ReadMem(0x20070B40, 0x40 Bytes, ...)
T32A0 366:374.464    -- Read from C cache (64 bytes @ 0x20070B40)
T32A0 366:374.496   Data:  00 00 00 00 41 6A 03 00 70 10 07 20 00 00 00 00 ...
T32A0 366:374.496 - 0.097ms returns 0
T32A0 366:375.136 JLINK_ReadMem(0x00036A40, 0x4 Bytes, ...)
T32A0 366:375.200    -- Read from flash cache (4 bytes @ 0x00036A40)
T32A0 366:375.232   Data:  08 B0 70 BD
T32A0 366:375.232 - 0.094ms returns 0
T32A0 366:375.872 JLINK_ReadMem(0x0002C98E, 0x4 Bytes, ...)
T32A0 366:375.904    -- Read from flash cache (4 bytes @ 0x0002C98E)
T32A0 366:375.936   Data:  00 22 69 46
T32A0 366:375.968 - 0.091ms returns 0
T32A0 366:376.448 JLINK_ReadMem(0x20070B80, 0x40 Bytes, ...)
T32A0 366:376.512   CPU_ReadMem(64 bytes @ 0x20070B80)
T32A0 366:377.504    -- Updating C cache (64 bytes @ 0x20070B80)
T32A0 366:377.536    -- Read from C cache (64 bytes @ 0x20070B80)
T32A0 366:377.568   Data:  24 4E 04 20 00 00 FE 1F 70 B3 07 20 FD 21 02 00 ...
T32A0 366:377.600 - 1.159ms returns 0
T32A0 366:378.560 JLINK_ReadMem(0x0003A814, 0x4 Bytes, ...)
T32A0 366:378.560    -- Read from flash cache (4 bytes @ 0x0003A814)
T32A0 366:378.592   Data:  0F 4B 1B 68
T32A0 366:378.624 - 0.074ms returns 0
T5484 366:420.800 JLINK_IsHalted()
T5484 366:421.472 - 0.679ms returns TRUE
T5484 366:421.536 JLINK_ReadReg(XPSR)
T5484 366:421.568 - 0.031ms returns 0x61000000
T5484 366:421.568 JLINK_ReadReg(R15 (PC))
T5484 366:421.600 - 0.021ms returns 0x00022F12
T5484 366:421.664 JLINK_ReadReg(XPSR)
T5484 366:421.792 - 0.127ms returns 0x61000000
T5484 366:421.824 JLINK_ReadReg(XPSR)
T5484 366:421.856 - 0.031ms returns 0x61000000
T5484 366:422.080 JLINK_ReadReg(R15 (PC))
T5484 366:422.080 - 0.026ms returns 0x00022F12
T5484 366:422.112 JLINK_ReadReg(XPSR)
T5484 366:422.112 - 0.017ms returns 0x61000000
T5484 366:422.144 JLINK_ReadReg(XPSR)
T5484 366:422.176 - 0.016ms returns 0x61000000
T5484 366:422.176 JLINK_ReadMem(0x00022F12, 0x1 Bytes, ...)
T5484 366:422.208    -- Read from flash cache (1 bytes @ 0x00022F12)
T5484 366:422.208   Data:  0C
T5484 366:422.240 - 0.062ms returns 0
T5484 366:422.272 JLINK_IsHalted()
T5484 366:422.272 - 0.015ms returns TRUE
T5484 366:422.304 JLINK_ReadReg(XPSR)
T5484 366:422.336 - 0.016ms returns 0x61000000
T5484 366:422.336 JLINK_ReadReg(XPSR)
T5484 366:422.336 - 0.014ms returns 0x61000000
T5484 366:422.336 JLINK_ReadReg(R15 (PC))
T5484 366:422.368 - 0.015ms returns 0x00022F12
T5484 366:422.400 JLINK_ReadReg(XPSR)
T5484 366:422.400 - 0.015ms returns 0x61000000
T5484 366:422.432 JLINK_ReadReg(XPSR)
T5484 366:422.464 - 0.016ms returns 0x61000000
T5484 366:422.464 JLINK_ReadMem(0x00022F12, 0x1 Bytes, ...)
T5484 366:422.464    -- Read from flash cache (1 bytes @ 0x00022F12)
T5484 366:422.496   Data:  0C
T5484 366:422.528 - 0.059ms returns 0
T5484 366:422.560 JLINK_ReadMem(0xE0001004, 0x4 Bytes, ...)
T5484 366:422.592   CPU_ReadMem(4 bytes @ 0xE0001004)
T5484 366:423.232   Data:  AA C3 D4 98
T5484 366:423.264   Debug reg: DWT_CYCCNT
T5484 366:423.296 - 0.751ms returns 0
T32A0 366:431.808 JLINK_ReadMem(0x00022F12, 0x4 Bytes, ...)
T32A0 366:431.872    -- Read from flash cache (4 bytes @ 0x00022F12)
T32A0 366:431.904   Data:  0C 4B 1B 68
T32A0 366:431.936 - 0.135ms returns 0
T32A0 366:432.480 JLINK_ReadMem(0x20070B40, 0x40 Bytes, ...)
T32A0 366:432.576    -- Read from C cache (64 bytes @ 0x20070B40)
T32A0 366:432.576   Data:  00 00 00 00 41 6A 03 00 70 10 07 20 00 00 00 00 ...
T32A0 366:432.672 - 0.172ms returns 0
T32A0 366:433.504 JLINK_ReadMem(0x00036A40, 0x4 Bytes, ...)
T32A0 366:433.568    -- Read from flash cache (4 bytes @ 0x00036A40)
T32A0 366:433.600   Data:  08 B0 70 BD
T32A0 366:433.664 - 0.162ms returns 0
T32A0 366:434.560 JLINK_ReadMem(0x0002C98E, 0x4 Bytes, ...)
T32A0 366:434.624    -- Read from flash cache (4 bytes @ 0x0002C98E)
T32A0 366:434.624   Data:  00 22 69 46
T32A0 366:434.656 - 0.111ms returns 0
T32A0 366:435.264 JLINK_ReadMem(0x20070B80, 0x40 Bytes, ...)
T32A0 366:435.328    -- Read from C cache (64 bytes @ 0x20070B80)
T32A0 366:435.360   Data:  24 4E 04 20 00 00 FE 1F 70 B3 07 20 FD 21 02 00 ...
T32A0 366:435.360 - 0.114ms returns 0
T32A0 366:436.256 JLINK_ReadMem(0x0003A814, 0x4 Bytes, ...)
T32A0 366:436.320    -- Read from flash cache (4 bytes @ 0x0003A814)
T32A0 366:436.352   Data:  0F 4B 1B 68
T32A0 366:436.352 - 0.100ms returns 0
T32A0 366:686.080 JLINK_ReadMem(0x20070B00, 0x40 Bytes, ...)
T32A0 366:686.144    -- Read from C cache (64 bytes @ 0x20070B00)
T32A0 366:686.176   Data:  DE B3 AF FE FF BB FF FE D7 73 EF FE CF FB FF FC ...
T32A0 366:686.240 - 0.174ms returns 0
T32A0 366:687.584 JLINK_ReadMem(0x20044E24, 0x4 Bytes, ...)
T32A0 366:687.680   CPU_ReadMem(64 bytes @ 0x20044E00)
T32A0 366:688.640    -- Updating C cache (64 bytes @ 0x20044E00)
T32A0 366:688.736    -- Read from C cache (4 bytes @ 0x20044E24)
T32A0 366:688.768   Data:  44 85 04 00
T32A0 366:688.800 - 1.216ms returns 0
T32A0 366:690.240 JLINK_ReadMem(0x00048544, 0x8 Bytes, ...)
T32A0 366:690.304    -- Read from flash cache (8 bytes @ 0x00048544)
T32A0 366:690.336   Data:  77 69 6E 64 6F 77 31 00
T32A0 366:690.336 - 0.114ms returns 0
T32A0 366:691.328 JLINK_ReadMem(0x20044E28, 0x4 Bytes, ...)
T32A0 366:691.392    -- Read from C cache (4 bytes @ 0x20044E28)
T32A0 366:691.392   Data:  B4 50 04 20
T32A0 366:691.424 - 0.095ms returns 0
T32A0 366:693.216 JLINK_ReadMem(0x20044E2C, 0x4 Bytes, ...)
T32A0 366:693.312    -- Read from C cache (4 bytes @ 0x20044E2C)
T32A0 366:693.312   Data:  94 4E 04 20
T32A0 366:693.312 - 0.117ms returns 0
T32A0 366:695.584 JLINK_ReadMem(0x20044E30, 0x4 Bytes, ...)
T32A0 366:695.648    -- Read from C cache (4 bytes @ 0x20044E30)
T32A0 366:695.680   Data:  08 4F 04 20
T32A0 366:695.712 - 0.137ms returns 0
T32A0 366:696.992 JLINK_ReadMem(0x20044E34, 0x4 Bytes, ...)
T32A0 366:697.056    -- Read from C cache (4 bytes @ 0x20044E34)
T32A0 366:697.088   Data:  00 00 00 00
T32A0 366:697.152 - 0.144ms returns 0
T32A0 366:697.952 JLINK_ReadMem(0x20044E38, 0x4 Bytes, ...)
T32A0 366:698.016    -- Read from C cache (4 bytes @ 0x20044E38)
T32A0 366:698.048   Data:  00 00 00 00
T32A0 366:698.080 - 0.131ms returns 0
T32A0 366:698.816 JLINK_ReadMem(0x20044E3C, 0x4 Bytes, ...)
T32A0 366:698.848    -- Read from C cache (4 bytes @ 0x20044E3C)
T32A0 366:698.880   Data:  00 00 00 00
T32A0 366:698.912 - 0.108ms returns 0
T32A0 366:699.584 JLINK_ReadMem(0x20044E40, 0x4 Bytes, ...)
T32A0 366:699.648   CPU_ReadMem(64 bytes @ 0x20044E40)
T32A0 366:700.608    -- Updating C cache (64 bytes @ 0x20044E40)
T32A0 366:700.672    -- Read from C cache (4 bytes @ 0x20044E40)
T32A0 366:700.704   Data:  00 00 00 00
T32A0 366:700.736 - 1.139ms returns 0
T32A0 366:703.808 JLINK_ReadMem(0x20044E54, 0x4 Bytes, ...)
T32A0 366:703.840    -- Read from C cache (4 bytes @ 0x20044E54)
T32A0 366:703.872   Data:  E9 2E 02 00
T32A0 366:703.904 - 0.105ms returns 0
T32A0 366:704.704 JLINK_ReadMem(0x20044E58, 0x4 Bytes, ...)
T32A0 366:704.768    -- Read from C cache (4 bytes @ 0x20044E58)
T32A0 366:704.800   Data:  19 DD 02 00
T32A0 366:704.832 - 0.100ms returns 0
T32A0 366:705.696 JLINK_ReadMem(0x20044E5C, 0x4 Bytes, ...)
T32A0 366:705.728    -- Read from C cache (4 bytes @ 0x20044E5C)
T32A0 366:705.760   Data:  03 00 00 00
T32A0 366:705.760 - 0.101ms returns 0
T32A0 366:706.624 JLINK_ReadMem(0x20044E60, 0x4 Bytes, ...)
T32A0 366:706.688    -- Read from C cache (4 bytes @ 0x20044E60)
T32A0 366:706.720   Data:  00 00 00 40
T32A0 366:706.752 - 0.097ms returns 0
T32A0 366:707.616 JLINK_ReadMem(0x20044E64, 0x4 Bytes, ...)
T32A0 366:707.648    -- Read from C cache (4 bytes @ 0x20044E64)
T32A0 366:707.680   Data:  02 00 00 00
T32A0 366:707.744 - 0.115ms returns 0
T32A0 366:708.480 JLINK_ReadMem(0x20044E68, 0x4 Bytes, ...)
T32A0 366:708.544    -- Read from C cache (4 bytes @ 0x20044E68)
T32A0 366:708.544   Data:  02 00 00 00
T32A0 366:708.576 - 0.106ms returns 0
T32A0 366:709.312 JLINK_ReadMem(0x20044E6C, 0x4 Bytes, ...)
T32A0 366:709.376    -- Read from C cache (4 bytes @ 0x20044E6C)
T32A0 366:709.408   Data:  02 00 00 00
T32A0 366:709.440 - 0.098ms returns 0
T32A0 366:710.176 JLINK_ReadMem(0x20044E70, 0x2 Bytes, ...)
T32A0 366:710.240    -- Read from C cache (2 bytes @ 0x20044E70)
T32A0 366:710.304   Data:  80 00
T32A0 366:710.336 - 0.190ms returns 0
T32A0 366:711.840 JLINK_ReadMem(0x20044E72, 0x2 Bytes, ...)
T32A0 366:711.872    -- Read from C cache (2 bytes @ 0x20044E72)
T32A0 366:711.904   Data:  01 00
T32A0 366:711.936 - 0.114ms returns 0
T32A0 366:712.960 JLINK_ReadMem(0x20044E74, 0x1 Bytes, ...)
T32A0 366:713.024    -- Read from C cache (1 bytes @ 0x20044E74)
T32A0 366:713.056   Data:  FF
T32A0 366:713.088 - 0.111ms returns 0
T32A0 366:717.088 JLINK_ReadMem(0x20044E80, 0x4 Bytes, ...)
T32A0 366:717.120   CPU_ReadMem(64 bytes @ 0x20044E80)
T32A0 366:718.784    -- Updating C cache (64 bytes @ 0x20044E80)
T32A0 366:718.848    -- Read from C cache (4 bytes @ 0x20044E80)
T32A0 366:718.912   Data:  A4 0E 07 20
T32A0 366:718.912 - 1.838ms returns 0
T32A0 366:720.320 JLINK_ReadMem(0x20044E84, 0x4 Bytes, ...)
T32A0 366:720.384    -- Read from C cache (4 bytes @ 0x20044E84)
T32A0 366:720.448   Data:  81 DF 02 00
T32A0 366:720.448 - 0.138ms returns 0
T32A0 366:721.216 JLINK_ReadMem(0x20044E88, 0x4 Bytes, ...)
T32A0 366:721.248    -- Read from C cache (4 bytes @ 0x20044E88)
T32A0 366:721.312   Data:  00 00 00 00
T32A0 366:721.344 - 0.139ms returns 0
T32A0 366:722.496 JLINK_ReadMem(0x20044E90, 0x4 Bytes, ...)
T32A0 366:722.560    -- Read from C cache (4 bytes @ 0x20044E90)
T32A0 366:722.592   Data:  00 00 00 00
T32A0 366:722.624 - 0.109ms returns 0
T5484 367:424.704 JLINK_IsHalted()
T5484 367:425.472 - 0.787ms returns TRUE
T5484 367:425.536 JLINK_ReadReg(XPSR)
T5484 367:425.568 - 0.036ms returns 0x61000000
T5484 367:425.600 JLINK_ReadReg(R15 (PC))
T5484 367:425.600 - 0.017ms returns 0x00022F12
T5484 367:425.632 JLINK_ReadReg(XPSR)
T5484 367:425.632 - 0.017ms returns 0x61000000
T5484 367:425.664 JLINK_ReadReg(XPSR)
T5484 367:425.696 - 0.015ms returns 0x61000000
T5484 367:425.696 JLINK_ReadReg(R15 (PC))
T5484 367:425.728 - 0.016ms returns 0x00022F12
T5484 367:425.728 JLINK_ReadReg(XPSR)
T5484 367:425.728 - 0.016ms returns 0x61000000
T5484 367:425.760 JLINK_ReadReg(XPSR)
T5484 367:425.792 - 0.016ms returns 0x61000000
T5484 367:425.792 JLINK_ReadMem(0x00022F12, 0x1 Bytes, ...)
T5484 367:425.824    -- Read from flash cache (1 bytes @ 0x00022F12)
T5484 367:425.856   Data:  0C
T5484 367:425.856 - 0.072ms returns 0
T5484 367:425.888 JLINK_IsHalted()
T5484 367:425.920 - 0.018ms returns TRUE
T5484 367:425.952 JLINK_ReadReg(XPSR)
T5484 367:425.952 - 0.018ms returns 0x61000000
T5484 367:425.984 JLINK_ReadReg(XPSR)
T5484 367:425.984 - 0.018ms returns 0x61000000
T5484 367:426.016 JLINK_ReadReg(R15 (PC))
T5484 367:426.048 - 0.025ms returns 0x00022F12
T5484 367:426.080 JLINK_ReadReg(XPSR)
T5484 367:426.080 - 0.020ms returns 0x61000000
T5484 367:426.112 JLINK_ReadReg(XPSR)
T5484 367:426.112 - 0.016ms returns 0x61000000
T5484 367:426.144 JLINK_ReadMem(0x00022F12, 0x1 Bytes, ...)
T5484 367:426.144    -- Read from flash cache (1 bytes @ 0x00022F12)
T5484 367:426.176   Data:  0C
T5484 367:426.208 - 0.062ms returns 0
T5484 367:426.240 JLINK_ReadMem(0xE0001004, 0x4 Bytes, ...)
T5484 367:426.272   Data:  AA C3 D4 98
T5484 367:426.304   Debug reg: DWT_CYCCNT
T5484 367:426.304 - 0.081ms returns 0
T5484 367:428.480 JLINK_IsHalted()
T5484 367:428.544 - 0.056ms returns TRUE
T5484 367:428.544 JLINK_ReadReg(XPSR)
T5484 367:428.576 - 0.030ms returns 0x61000000
T5484 367:428.608 JLINK_ReadReg(R15 (PC))
T5484 367:428.640 - 0.020ms returns 0x00022F12
T5484 367:428.672 JLINK_ReadReg(XPSR)
T5484 367:428.672 - 0.033ms returns 0x61000000
T5484 367:428.704 JLINK_ReadReg(XPSR)
T5484 367:428.736 - 0.020ms returns 0x61000000
T5484 367:428.768 JLINK_ReadReg(R15 (PC))
T5484 367:428.800 - 0.017ms returns 0x00022F12
T5484 367:428.800 JLINK_ReadReg(XPSR)
T5484 367:428.800 - 0.018ms returns 0x61000000
T5484 367:428.832 JLINK_ReadReg(XPSR)
T5484 367:428.864 - 0.017ms returns 0x61000000
T5484 367:428.864 JLINK_ReadMem(0x00022F12, 0x1 Bytes, ...)
T5484 367:428.896    -- Read from flash cache (1 bytes @ 0x00022F12)
T5484 367:428.928   Data:  0C
T5484 367:428.928 - 0.068ms returns 0
T5484 367:428.960 JLINK_IsHalted()
T5484 367:428.992 - 0.016ms returns TRUE
T5484 367:428.992 JLINK_ReadReg(XPSR)
T5484 367:429.024 - 0.018ms returns 0x61000000
T5484 367:429.056 JLINK_ReadReg(XPSR)
T5484 367:429.056 - 0.018ms returns 0x61000000
T5484 367:429.088 JLINK_ReadReg(R15 (PC))
T5484 367:429.088 - 0.017ms returns 0x00022F12
T5484 367:429.120 JLINK_ReadReg(XPSR)
T5484 367:429.152 - 0.018ms returns 0x61000000
T5484 367:429.184 JLINK_ReadReg(XPSR)
T5484 367:429.184 - 0.016ms returns 0x61000000
T5484 367:429.184 JLINK_ReadMem(0x00022F12, 0x1 Bytes, ...)
T5484 367:429.216    -- Read from flash cache (1 bytes @ 0x00022F12)
T5484 367:429.248   Data:  0C
T5484 367:429.248 - 0.061ms returns 0
T5484 367:429.312 JLINK_ReadMem(0xE0001004, 0x4 Bytes, ...)
T5484 367:429.312   Data:  AA C3 D4 98
T5484 367:429.344   Debug reg: DWT_CYCCNT
T5484 367:429.344 - 0.072ms returns 0
T5484 367:437.600 JLINK_IsHalted()
T5484 367:437.760 - 0.182ms returns TRUE
T5484 367:437.792 JLINK_ReadReg(XPSR)
T5484 367:437.824 - 0.028ms returns 0x61000000
T5484 367:437.856 JLINK_ReadReg(R15 (PC))
T5484 367:437.888 - 0.019ms returns 0x00022F12
T5484 367:437.888 JLINK_ReadReg(XPSR)
T5484 367:437.888 - 0.017ms returns 0x61000000
T5484 367:437.920 JLINK_ReadReg(XPSR)
T5484 367:437.952 - 0.016ms returns 0x61000000
T5484 367:437.952 JLINK_ReadReg(R15 (PC))
T5484 367:437.984 - 0.016ms returns 0x00022F12
T5484 367:438.016 JLINK_ReadReg(XPSR)
T5484 367:438.016 - 0.015ms returns 0x61000000
T5484 367:438.016 JLINK_ReadReg(XPSR)
T5484 367:438.048 - 0.019ms returns 0x61000000
T5484 367:438.080 JLINK_ReadMem(0x00022F12, 0x1 Bytes, ...)
T5484 367:438.112    -- Read from flash cache (1 bytes @ 0x00022F12)
T5484 367:438.112   Data:  0C
T5484 367:438.144 - 0.063ms returns 0
T5484 367:438.144 JLINK_IsHalted()
T5484 367:438.176 - 0.016ms returns TRUE
T5484 367:438.176 JLINK_ReadReg(XPSR)
T5484 367:438.208 - 0.016ms returns 0x61000000
T5484 367:438.240 JLINK_ReadReg(XPSR)
T5484 367:438.240 - 0.017ms returns 0x61000000
T5484 367:438.272 JLINK_ReadReg(R15 (PC))
T5484 367:438.272 - 0.017ms returns 0x00022F12
T5484 367:438.304 JLINK_ReadReg(XPSR)
T5484 367:438.304 - 0.016ms returns 0x61000000
T5484 367:438.336 JLINK_ReadReg(XPSR)
T5484 367:438.368 - 0.015ms returns 0x61000000
T5484 367:438.368 JLINK_ReadMem(0x00022F12, 0x1 Bytes, ...)
T5484 367:438.400    -- Read from flash cache (1 bytes @ 0x00022F12)
T5484 367:438.400   Data:  0C
T5484 367:438.432 - 0.061ms returns 0
T5484 367:438.464 JLINK_ReadMem(0xE0001004, 0x4 Bytes, ...)
T5484 367:438.496   Data:  AA C3 D4 98
T5484 367:438.528   Debug reg: DWT_CYCCNT
T5484 367:438.528 - 0.067ms returns 0
T32A0 367:721.824 JLINK_ReadMem(0x0003AA96, 0x4 Bytes, ...)
T32A0 367:721.920    -- Read from flash cache (4 bytes @ 0x0003AA96)
T32A0 367:721.984   Data:  EF F3 10 83
T32A0 367:722.016 - 0.174ms returns 0
T32A0 367:722.688 JLINK_ReadMem(0x2007B300, 0x40 Bytes, ...)
T32A0 367:722.752    -- Read from C cache (64 bytes @ 0x2007B300)
T32A0 367:722.784   Data:  40 00 01 00 FC FA 06 20 00 00 00 10 00 00 00 00 ...
T32A0 367:722.816 - 0.129ms returns 0
T32A0 367:723.936 JLINK_ReadMem(0x0003A502, 0x4 Bytes, ...)
T32A0 367:723.968    -- Read from flash cache (4 bytes @ 0x0003A502)
T32A0 367:724.000   Data:  D4 F8 84 00
T32A0 367:724.064 - 0.124ms returns 0
T32A0 367:724.608 JLINK_ReadMem(0x2007B340, 0x40 Bytes, ...)
T32A0 367:724.704    -- Read from C cache (64 bytes @ 0x2007B340)
T32A0 367:724.736   Data:  00 00 00 00 00 00 00 00 58 B3 07 20 CB 30 02 00 ...
T32A0 367:724.736 - 0.132ms returns 0
T32A0 367:725.888 JLINK_ReadMem(0x000230CA, 0x4 Bytes, ...)
T32A0 367:725.984    -- Read from flash cache (4 bytes @ 0x000230CA)
T32A0 367:726.016   Data:  3B 46 18 46
T32A0 367:726.048 - 0.164ms returns 0
T32A0 367:726.976 JLINK_ReadMem(0x000222EC, 0x4 Bytes, ...)
T32A0 367:727.040    -- Read from flash cache (4 bytes @ 0x000222EC)
T32A0 367:727.072   Data:  00 BF 08 37
T32A0 367:727.104 - 0.131ms returns 0
T32A0 367:727.776 JLINK_ReadMem(0x2007B380, 0x40 Bytes, ...)
T32A0 367:727.840    -- Read from C cache (64 bytes @ 0x2007B380)
T32A0 367:727.872   Data:  00 00 00 00 00 00 00 00 00 00 00 00 15 A8 03 00 ...
T32A0 367:727.904 - 0.134ms returns 0
T32A0 367:730.112 JLINK_ReadMem(0x0003A814, 0x4 Bytes, ...)
T32A0 367:730.144    -- Read from flash cache (4 bytes @ 0x0003A814)
T32A0 367:730.176   Data:  0F 4B 1B 68
T32A0 367:730.208 - 0.106ms returns 0
T32A0 367:733.056 JLINK_ReadMem(0x0003AA96, 0x4 Bytes, ...)
T32A0 367:733.120    -- Read from flash cache (4 bytes @ 0x0003AA96)
T32A0 367:733.152   Data:  EF F3 10 83
T32A0 367:733.184 - 0.115ms returns 0
T32A0 367:733.760 JLINK_ReadMem(0x1FFE0AC0, 0x40 Bytes, ...)
T32A0 367:733.824    -- Read from C cache (64 bytes @ 0x1FFE0AC0)
T32A0 367:733.856   Data:  96 AA 03 00 00 00 00 61 70 10 07 20 A8 08 FE 1F ...
T32A0 367:733.856 - 0.106ms returns 0
T32A0 367:734.784 JLINK_ReadMem(0x0003A502, 0x4 Bytes, ...)
T32A0 367:734.848    -- Read from flash cache (4 bytes @ 0x0003A502)
T32A0 367:734.848   Data:  D4 F8 84 00
T32A0 367:734.880 - 0.094ms returns 0
T32A0 367:735.872 JLINK_ReadMem(0x0000F046, 0x4 Bytes, ...)
T32A0 367:735.904    -- Read from flash cache (4 bytes @ 0x0000F046)
T32A0 367:735.936   Data:  B8 60 BB 68
T32A0 367:735.968 - 0.100ms returns 0
T32A0 367:736.576 JLINK_ReadMem(0x1FFE0B00, 0x40 Bytes, ...)
T32A0 367:736.640    -- Read from C cache (64 bytes @ 0x1FFE0B00)
T32A0 367:736.640   Data:  00 00 00 00 00 08 FE 1F 10 0B FE 1F DB 09 00 00 ...
T32A0 367:736.672 - 0.102ms returns 0
T32A0 367:737.632 JLINK_ReadMem(0x000009DA, 0x4 Bytes, ...)
T32A0 367:737.664    -- Read from flash cache (4 bytes @ 0x000009DA)
T32A0 367:737.696   Data:  38 61 3B 69
T32A0 367:737.728 - 0.106ms returns 0
T32A0 367:738.944 JLINK_ReadMem(0x0000D72C, 0x4 Bytes, ...)
T32A0 367:739.040    -- Read from flash cache (4 bytes @ 0x0000D72C)
T32A0 367:739.072   Data:  F8 60 FB 68
T32A0 367:739.072 - 0.137ms returns 0
T32A0 367:739.616 JLINK_ReadMem(0x1FFE0B40, 0x40 Bytes, ...)
T32A0 367:739.680    -- Read from C cache (64 bytes @ 0x1FFE0B40)
T32A0 367:739.712   Data:  00 00 00 00 00 00 00 00 78 09 FE 1F 40 08 FE 1F ...
T32A0 367:739.712 - 0.112ms returns 0
T32A0 367:743.040 JLINK_ReadMem(0x0003A814, 0x4 Bytes, ...)
T32A0 367:743.104    -- Read from flash cache (4 bytes @ 0x0003A814)
T32A0 367:743.136   Data:  0F 4B 1B 68
T32A0 367:743.136 - 0.099ms returns 0
T32A0 367:749.952 JLINK_ReadMem(0x00022F12, 0x4 Bytes, ...)
T32A0 367:749.984    -- Read from flash cache (4 bytes @ 0x00022F12)
T32A0 367:750.016   Data:  0C 4B 1B 68
T32A0 367:750.048 - 0.114ms returns 0
T32A0 367:750.912 JLINK_ReadMem(0x20070B40, 0x40 Bytes, ...)
T32A0 367:750.976    -- Read from C cache (64 bytes @ 0x20070B40)
T32A0 367:750.976   Data:  00 00 00 00 41 6A 03 00 70 10 07 20 00 00 00 00 ...
T32A0 367:751.008 - 0.110ms returns 0
T32A0 367:752.000 JLINK_ReadMem(0x00036A40, 0x4 Bytes, ...)
T32A0 367:752.064    -- Read from flash cache (4 bytes @ 0x00036A40)
T32A0 367:752.096   Data:  08 B0 70 BD
T32A0 367:752.128 - 0.116ms returns 0
T32A0 367:752.992 JLINK_ReadMem(0x0002C98E, 0x4 Bytes, ...)
T32A0 367:753.024    -- Read from flash cache (4 bytes @ 0x0002C98E)
T32A0 367:753.056   Data:  00 22 69 46
T32A0 367:753.088 - 0.110ms returns 0
T32A0 367:753.536 JLINK_ReadMem(0x20070B80, 0x40 Bytes, ...)
T32A0 367:753.600    -- Read from C cache (64 bytes @ 0x20070B80)
T32A0 367:753.632   Data:  24 4E 04 20 00 00 FE 1F 70 B3 07 20 FD 21 02 00 ...
T32A0 367:753.664 - 0.113ms returns 0
T32A0 367:754.528 JLINK_ReadMem(0x0003A814, 0x4 Bytes, ...)
T32A0 367:754.560    -- Read from flash cache (4 bytes @ 0x0003A814)
T32A0 367:754.592   Data:  0F 4B 1B 68
T32A0 367:754.624 - 0.101ms returns 0
T32A0 370:168.896 JLINK_ReadMem(0x20071058, 0x4 Bytes, ...)
T32A0 370:168.960    -- Read from C cache (4 bytes @ 0x20071058)
T32A0 370:168.992   Data:  03 00 00 00
T32A0 370:169.024 - 0.135ms returns 0
T32A0 370:169.184 JLINK_WriteMem(0x20071058, 0x4 Bytes, ...)
T32A0 370:169.216   Data:  00 00 00 00
T32A0 370:170.016   CPU_WriteMem(4 bytes @ 0x20071058)
T32A0 370:170.688 - 1.470ms returns 0x4
T32A0 370:236.544 JLINK_ReadMem(0x20071058, 0x4 Bytes, ...)
T32A0 370:236.608   CPU_ReadMem(64 bytes @ 0x20071040)
T32A0 370:237.888    -- Updating C cache (64 bytes @ 0x20071040)
T32A0 370:237.920    -- Read from C cache (4 bytes @ 0x20071058)
T32A0 370:237.920   Data:  00 00 00 00
T32A0 370:237.952 - 1.420ms returns 0
T32A0 370:240.352 JLINK_ReadReg(XPSR)
T32A0 370:241.024 - 0.651ms returns 0x61000000
T32A0 370:241.088 JLINK_ReadMem(0x20071058, 0x4 Bytes, ...)
T32A0 370:241.088    -- Read from C cache (4 bytes @ 0x20071058)
T32A0 370:241.120   Data:  00 00 00 00
T32A0 370:241.152 - 0.094ms returns 0
T32A0 370:380.864 JLINK_ReadMem(0x20071058, 0x4 Bytes, ...)
T32A0 370:380.960    -- Read from C cache (4 bytes @ 0x20071058)
T32A0 370:380.992   Data:  00 00 00 00
T32A0 370:381.024 - 0.154ms returns 0
T32A0 370:381.120 JLINK_ReadReg(XPSR)
T32A0 370:381.152 - 0.034ms returns 0x61000000
T32A0 370:381.184 JLINK_ReadMem(0x20071058, 0x4 Bytes, ...)
T32A0 370:381.216    -- Read from C cache (4 bytes @ 0x20071058)
T32A0 370:381.248   Data:  00 00 00 00
T32A0 370:381.248 - 0.076ms returns 0
T0D24 370:735.232 JLINK_ClrBPEx(BPHandle = 0x0000001C)
T0D24 370:735.296 - 0.224ms returns 0x00
T0D24 370:735.296 JLINK_ClrBPEx(BPHandle = 0x0000001D)
T0D24 370:735.328 - 0.024ms returns 0x00
T0D24 370:735.360 JLINK_ClrBPEx(BPHandle = 0x0000001E)
T0D24 370:735.392 - 0.019ms returns 0x00
T0D24 370:737.120 JLINK_Halt()
T0D24 370:737.248 - 0.110ms returns 0x00
T0D24 370:737.280 JLINK_ReadReg(XPSR)
T0D24 370:737.312 - 0.033ms returns 0x61000000
T0D24 370:748.224 JLINK_Close()
T0D24 370:751.232   CPU_WriteMem(4 bytes @ 0xE0002008)
T0D24 370:751.296   CPU_WriteMem(4 bytes @ 0xE000200C)
T0D24 370:751.296   CPU_WriteMem(4 bytes @ 0xE0002010)
T0D24 370:755.104   OnDisconnectTarget() start
T0D24 370:755.552    J-Link Script File: Executing OnDisconnectTarget()
T0D24 370:757.984   Restoring low power mode settings.
T0D24 370:774.336   OnDisconnectTarget() end - Took 18.9ms
T0D24 370:810.112 - 62.427ms
T0D24 370:810.144   
T0D24 370:810.176   Closed
