S00E000047466F7263652E73726563E0
S31500000000A0AB0720011B0200D5110200111B020044
S31500000010111B0200111B0200111B02000000000050
S31500000020000000000000000000000000111B02009C
S31500000030111B02000000000075B003001DB1030093
S3150000004035DE000035DA01009DDA010005DB01002E
S31500000050CDA20100F3730100E5720100997301005E
S315000000603F730100BD8F010011900100A94C0100F2
S31500000070CF4A0100FD4B0100AD490100FFFFFFFF24
S31500000080FFFFFFFFFFFFFFFFFFFFFFFFFFFFFFFF7A
S31500000090FFFFFFFFFFFFFFFFFFFFFFFFFFFFFFFF6A
S315000000A0FFFFFFFFFFFFFFFFFFFFFFFFFFFFFFFF5A
S315000000B0FFFFFFFFFFFFFFFFFFFFFFFFFFFFFFFF4A
S315000000C0FFFFFFFFFFFFFFFFFFFFFFFFFFFFFFFF3A
S315000000D0FFFFFFFFFFFFFFFFFFFFFFFFFFFFFFFF2A
S315000000E0FFFFFFFFFFFFFFFFFFFFFFFFFFFFFFFF1A
S315000000F0FFFFFFFFFFFFFFFFFFFFFFFFFFFFFFFF0A
S31500000100FFFFFFFFFFFFFFFFFFFFFFFFFFFFFFFFF9
S31500000110FFFFFFFFFFFFFFFFFFFFFFFFFFFFFFFFE9
S31500000120FFFFFFFFFFFFFFFFFFFFFFFFFFFFFFFFD9
S31500000130FFFFFFFFFFFFFFFFFFFFFFFFFFFFFFFFC9
S31500000140FFFFFFFFFFFFFFFFFFFFFFFFFFFFFFFFB9
S31500000150FFFFFFFFFFFFFFFFFFFFFFFFFFFFFFFFA9
S31500000160FFFFFFFFFFFFFFFFFFFFFFFFFFFFFFFF99
S31500000170FFFFFFFFFFFFFFFFFFFFFFFFFFFFFFFF89
S31500000180FFFFFFFFFFFFFFFFFFFFFFFFFFFFFFFF79
S31500000190FFFFFFFFFFFFFFFFFFFFFFFFFFFFFFFF69
S315000001A0FFFFFFFFFFFFFFFFFFFFFFFFFFFFFFFF59
S315000001B0FFFFFFFFFFFFFFFFFFFFFFFFFFFFFFFF49
S315000001C0FFFFFFFFFFFFFFFFFFFFFFFFFFFFFFFF39
S315000001D0FFFFFFFFFFFFFFFFFFFFFFFFFFFFFFFF29
S315000001E0FFFFFFFFFFFFFFFFFFFFFFFFFFFFFFFF19
S315000001F0FFFFFFFFFFFFFFFFFFFFFFFFFFFFFFFF09
S31500000200FFFFFFFFFFFFFFFFFFFFFFFFFFFFFFFFF8
S31500000210FFFFFFFFFFFFFFFFFFFFFFFFFFFFFFFFE8
S31500000220FFFFFFFFFFFFFFFFFFFFFFFFFFFFFFFFD8
S31500000230FFFFFFFFFFFFFFFFFFFFFFFFFFFFFFFFC8
S31500000240FFFFFFFFFFFFFFFFFFFFFFFFFFFFFFFFB8
S31500000250FFFFFFFFFFFFFFFFFFFFFFFFFFFFFFFFA8
S31500000260FFFFFFFFFFFFFFFFFFFFFFFFFFFFFFFF98
S31500000270FFFFFFFFFFFFFFFFFFFFFFFFFFFFFFFF88
S31500000280FFFFFFFFFFFFFFFFFFFFFFFFFFFFFFFF78
S31500000290FFFFFFFFFFFFFFFFFFFFFFFFFFFFFFFF68
S315000002A0FFFFFFFFFFFFFFFFFFFFFFFFFFFFFFFF58
S315000002B0FFFFFFFFFFFFFFFFFFFFFFFFFFFFFFFF48
S315000002C0FFFFFFFFFFFFFFFFFFFFFFFFFFFFFFFF38
S315000002D0FFFFFFFFFFFFFFFFFFFFFFFFFFFFFFFF28
S315000002E0FFFFFFFFFFFFFFFFFFFFFFFFFFFFFFFF18
S315000002F0FFFFFFFFFFFFFFFFFFFFFFFFFFFFFFFF08
S31500000300FFFFFFFFFFFFFFFFFFFFFFFFFFFFFFFFF7
S31500000310FFFFFFFFFFFFFFFFFFFFFFFFFFFFFFFFE7
S31500000320FFFFFFFFFFFFFFFFFFFFFFFFFFFFFFFFD7
S31500000330FFFFFFFFFFFFFFFFFFFFFFFFFFFFFFFFC7
S31500000340FFFFFFFFFFFFFFFFFFFFFFFFFFFFFFFFB7
S31500000350FFFFFFFFFFFFFFFFFFFFFFFFFFFFFFFFA7
S31500000360FFFFFFFFFFFFFFFFFFFFFFFFFFFFFFFF97
S31500000370FFFFFFFFFFFFFFFFFFFFFFFFFFFFFFFF87
S31500000380FFFFFFFFFFFFFFFFFFFFFFFFFFFFFFFF77
S31500000390FFFFFFFFFFFFFFFFFFFFFFFFFFFFFFFF67
S315000003A0FFFFFFFFFFFFFFFFFFFFFFFFFFFFFFFF57
S315000003B0FFFFFFFFFFFFFFFFFFFFFFFFFFFFFFFF47
S315000003C0FFFFFFFFFFFFFFFFFFFFFFFFFFFFFFFF37
S315000003D0FFFFFFFFFFFFFFFFFFFFFFFFFFFFFFFF27
S315000003E0FFFFFFFFFFFFFFFFFFFFFFFFFFFFFFFF17
S315000003F0FFFFFFFFFFFFFFFFFFFFFFFFFFFFFFFF07
S31500000400FFFFFFFFFFFDFFFFFFFFFFFFFFFFFFFFF8
S31500000410FFFFFFFFFFFFFFFFFFFFFFFFFFFFFFFFE6
S31500000420FFFFFFFFFFFFFFFFFFFFFFFFFFFFFFFFD6
S31500000430FFFFFFFFFFFFFFFFFFFFFFFFFFFFFFFFC6
S31500000440FFFFFFFFFFFFFFFFFFFFFFFFFFFFFFFFB6
S31500000450FFFFFFFFFFFFFFFFFFFFFFFFFFFFFFFFA6
S31500000460FFFFFFFFFFFFFFFFFFFFFFFFFFFFFFFF96
S31500000470FFFFFFFFFFFFFFFFFFFFFFFFFFFFFFFF86
S31500000480FFFFFFFFFFFFFFFFFFFFFFFFFFFFFFFF76
S31500000490FFFFFFFFFFFFFFFFFFFFFFFFFFFFFFFF66
S315000004A0FFFFFFFFFFFFFFFFFFFFFFFFFFFFFFFF56
S315000004B0FFFFFFFFFFFFFFFFFFFFFFFFFFFFFFFF46
S315000004C0FFFFFFFFFFFFFFFFFFFFFFFFFFFFFFFF36
S315000004D0FFFFFFFFFFFFFFFFFFFFFFFFFFFFFFFF26
S315000004E0FFFFFFFFFFFFFFFFFFFFFFFFFFFFFFFF16
S315000004F0FFFFFFFFFFFFFFFFFFFFFFFFFFFFFFFF06
S31500000500004C0420FD014400984C0420FA014300ED
S315000005109C4C0420FB014308A04C0420FC01431022
S31500000520E807FE1F0A000648344D0420700815002F
S31500000530284D04206D081508304D04206F0815104D
S315000005402C4D04206E081518044C0420FF014500AC
S31500000550084C0420FE014508A807FE1F7701140871
S315000005609C07FE1F74011410A407FE1F76011420B9
S31500000570A007FE1F750114282000000020000100BE
S315000005802F0000002F0001000C00010011000000E8
S3150000059030000000300001002400000024000100AB
S315000005A024000200240003002400040024000500A7
S315000005B013000000170000002300000021000000C7
S315000005C021000100070000000700010007000200EB
S315000005D007000300070004000700050007000600E7
S315000005E00700070012000000440000000800000099
S315000005F00B00000041000000400000004000010028
S3150000060004000000430000002B0000002B000A003D
S315000006102B000B002B000C002B000D002B00010003
S315000006202B0002002B0003002B0004002B0005000A
S315000006302B0006002B0007002B0008002B000900EA
S315000006400600000006000A0006000B0006000C006B
S3150000065006000D0006000E0006000F000600010051
S31500000660060002000600030006000400060005005E
S31500000670060006000600070006000800060009003E
S3150000068015000000150001001500020031000000F1
S315000006902A000000450000001000000003010000D1
S315000006A003000000030001000F0000000D00000021
S315000006B02D000000420000002C0000002C0001006C
S315000006C02C0002002C00030032000000280000006D
S315000006D018000000140000001400010014000200BD
S315000006E014000300140004001400050014000600A2
S315000006F0140007001400080014000900340000006C
S31500000700340001001600000016000100350000004C
S315000007103600000036000100220000003300000011
S3150000072033010000290000000348044B834202D035
S31500000730034B03B118477047C004FE1FC004FE1FD9
S31500000740000000000548064B1B1AD90F01EBA30158
S31500000750491002D0034B03B118477047C004FE1F6F
S31500000760C004FE1F0000000010B5064C237843B9F4
S31500000770FFF7DAFF044B13B10448AFF300800123FF
S31500000780237010BD4005FE1F0000000028BE0400B7
S3150000079008B5054B1BB105490548AFF30080BDE818
S315000007A00840FFF7CFBF00BF000000004405FE1F52
S315000007B028BE040090B589B002AFF860B9607A60CF
S315000007C03B6000237B6100233B6117E0FB685B69AC
S315000007D0B8689847FB685C680A23009300233A6868
S315000007E07968B868A0477861FB689B69B8689847DC
S315000007F07B69002B06D03B6901333B613B69092BC2
S31500000800E4DD00E000BF7B6918461C37BD4690BD9D
S3150000081090B589B002AFF860B9607A603B6000239A
S315000008207B6100233B6118E0FB685B69B868984709
S31500000830FB689C6897F828300A2200923A68796823
S31500000840B868A0477861FB689B69B86898477B6978
S31500000850002B06D03B6901333B613B69092BE3DD85
S3150000086000E000BF7B6918461C37BD4690BD90B5B9
S3150000087089B002AFF860B9607A603B6000237B61A3
S3150000088000233B612CE0FB685B69B8689847FB680E
S315000008909C680A23009301233A687968B868A047E0
S315000008A07861FB689B69B86898477B69002B14D10F
S315000008B0FB685B69B8689847FB685C680A23009325
S315000008C000233A687968B868A0477861FB689B6935
S315000008D0B86898477B69002B06D03B6901333B61BA
S315000008E03B69092BCFDD00E000BF7B6918461C374A
S315000008F0BD4690BD80B586B000AF786039607B6834
S315000009007B617B6900221A757B694FF6FF721A823A
S315000009107B694FF6FF725A823B681B683B613B69F5
S315000009205A687B695A603B699A687B699A603B6939
S315000009301A887B691A803B699A897B699A813B6927
S31500000940DA897B69DA810023FB603B695B689B6817
S315000009501B683A69526810683A69526852681146CB
S315000009609847F860FB68002B01D0FB6812E03B69F2
S315000009709B689B681B683A69926810683A69926836
S31500000980526811469847F860FB68002B01D0FB6857
S3150000099000E0002318461837BD4680BD80B58AB0F2
S315000009A000AF786039607B687B627B6A5B681B6836
S315000009B03B627B6A9B681B68FB617B6A5B689B6822
S315000009C0BB617B6A9B689B687B6100233B617B699B
S315000009D05B684FF0FF31F869984738613B69002B37
S315000009E001D03B69A8E03B6800221A803B680022E0
S315000009F05A803B6803221A716323FB7207F10B02CC
S31500000A000123396AB869FFF732FF38613B69002B69
S31500000A1001D0642390E0FB7A03F00403002B02D09C
S31500000A203B6804221A7107F10C020423396AB8697B
S31500000A30FFF7C0FE38613B69002B01D064237BE0E1
S31500000A407B6A9B8919463B7BC3F30303DBB21BB26C
S31500000A501B021AB27B7B1BB213431BB201FB03F3CF
S31500000A60374A82FB03121A44D212DB17D31A1AB280
S31500000A703B681A807B6ADB891946BB7BC3F3030399
S31500000A80DBB21BB21B021AB2FB7B1BB213431BB2B7
S31500000A9001FB03F32A4A82FB03121A44D212DB1724
S31500000AA0D31A1AB23B685A807B6A1B7D012B03D08E
S31500000AB07B6A1B7D022B02D17B6A03221A757B6A35
S31500000AC01B7D032B1AD13B681B79032B16D17B6A3E
S31500000AD0B3F910203B68B3F900309A4207D17B6A1C
S31500000AE0B3F912203B68B3F902309A4203D03B684F
S31500000AF002221A7102E03B6801221A713B681A79D8
S31500000B007B6A1A753B681B79042B0AD17B6AB3F999
S31500000B1010203B681A807B6AB3F912203B685A8022
S31500000B2009E03B68B3F900207B6A1A823B68B3F997
S31500000B3002207B6A5A823B6918462837BD4680BD2B
S31500000B408100088080B58AB002AF78607B68FB615F
S31500000B50FB695B689B68BB61FB695B681B687B61C3
S31500000B6000233B613E4B1B6AFA691288002110463E
S31500000B709847022039F072FE394B1B6AFA691288CF
S31500000B80012110469847022039F068FE00233B7386
S31500000B9074237B732723BB730423FB7307F10C02B7
S31500000BA00023009304237969B869FFF731FE3861A1
S31500000BB03B69002B01D064234DE004233B73C02323
S31500000BC07B7307F10C020023009302237969B8694D
S31500000BD0FFF71EFE38613B69002B01D064233AE023
S31500000BE022233B730C237B7307F10C020023009333
S31500000BF002237969B869FFF70BFE38613B69002B60
S31500000C0001D0642327E00B233B7300237B7307F19A
S31500000C100C020023009302237969B869FFF7F8FDF7
S31500000C2038613B69002B01D0642314E0E0233B7359
S31500000C3007F10C020023009301237969B869FFF7D5
S31500000C40E7FD38613B69002B01D0642303E0FB69B3
S31500000C5005221A75002318462037BD4680BD00BF01
S31500000C60F0D5030080B586B000AF78607B683B6145
S31500000C703B695B681B68FB6000237B613B699B6883
S31500000C809B68DB683A6992681268104698477861F3
S31500000C907B69002B01D07B6920E0124B1B6A3A6905
S31500000CA01288002110469847022039F0D7FD3B698B
S31500000CB05B689B681B69F868984778617B69122BAB
S31500000CC006D13B695B689B681B69F8689847786141
S31500000CD07B69002B01D07B6900E00023184618379A
S31500000CE0BD4680BDF0D5030080B483B000AF786008
S31500000CF07B68002B01D101230CE07B6800221A706F
S31500000D007B6802225A707B6800229A707B680222F6
S31500000D10DA70002318460C37BD465DF8047B704731
S31500000D2080B483B000AF786039603B685AB27B68A4
S31500000D3083F8C6213B6818460C37BD465DF8047B30
S31500000D40704780B586B000AFF860B9607A603B60E6
S31500000D507B6A23F030037B617B6A03F01003002B70
S31500000D600CD0FB68D3F8803003F40003002B05D1C8
S31500000D700921F868FFF7D4FF034645E07B6A03F0D4
S31500000D802003002B0CD0FB68D3F8803003F400134B
S31500000D90002B05D10921F868FFF7C2FF034633E0AF
S31500000DA07B690D2B05D07B690E2B02D07B690F2B3F
S31500000DB012D1FB68D3F8803003F48033002B0BD1BB
S31500000DC0FB68D3F88030DBB2092B05D80921F86817
S31500000DD0FFF7A6FF034617E0FB685B6A3B613B69CA
S31500000DE0BA68C3F868213B697A68C3F86C213B6925
S31500000DF03A68C3F870213B693A6AC3F874213B69C3
S31500000E007A6AC3F87821002318461837BD4680BD94
S31500000E1080B59CB006AFF860B9607A607B8000232D
S31500000E207B630023FB62FB681B6BBB6200233B6397
S31500000E30FB685B6A7B627B6AD3F8783103F0100348
S31500000E40FB627B6AD3F86C31B3F5006F03DB7B6F13
S31500000E5023F008037B67BB687B647B683B647A8806
S31500000E607B6C1A447B6AD3F870319A4205DD7B6A43
S31500000E70D3F870217B88D31A7B64B7F860203B6C6B
S31500000E801A447B6AD3F874319A4206DD7B6AD3F83A
S31500000E907421B7F86030D31A3B64FB685B6A3B6227
S31500000EA0BB6A002B00F09D807B6F03F48073002BE0
S31500000EB040F097807B6ADA7DBB6A1A707B6A93F88A
S31500000EC00E21BB6A9A707B6A93F8D520BB6A5A706A
S31500000ED07B6AD3F8FC20BB6A5A607B6AD3F8002190
S31500000EE0BB6A9A607B6AD3F82C21BB6ADA607B6A9C
S31500000EF093F8E920BB6A83F829207B6AD3F8382166
S31500000F00BB6A1A617B6AD3F83421BB6A5A617B6A71
S31500000F1093F8E820BB6A83F828207B6AD3F8EC2094
S31500000F20BB6A9A617B6AD3F8F020BB6ADA617B6A96
S31500000F30D3F8F420BB6A1A627B6AD3F8F820BB6A3E
S31500000F405A627B6A93F8EA20BB6A83F82A207B6A96
S31500000F5093F8EB20BB6A83F82B207B6AD3F83C21FD
S31500000F60BB6ADA627B6AD3F84021BB6A1A637B6A82
S31500000F70D3F82421BB6A5A637B6AD3F85821BB6A2B
S31500000F809A637B6AD3F85C21BB6ADA637B6AB3F93E
S31500000F90A820BB6AA3F854207B6AB3F9AA20BB6ACF
S31500000FA0A3F856207B6AD3F8A020BB6ADA647B6A72
S31500000FB0D3F8A420BB6A1A657B6AD3F89820BB6A6B
S31500000FC05A647B6AD3F89C20BB6A9A647B6AD3F81E
S31500000FD0B020BB6ADA657B6AD3F8B420BB6A1A66AE
S31500000FE002E07B6ADB7D3B630321F86801F082FC4B
S31500000FF000220021F8680AF058F8FB6A002B04D09A
S315000010007B6AD3F868317B63D7E07B6AD3F87831A3
S3150000101023F03003FB61FB69422B00F2CD8001A275
S3150000102052F823F05B1100007911000099110000BD
S3150000103079110000791100003111000099110000AA
S3150000104079110000791100005B1100005B110000AE
S315000010505B1100005B1100005B1100005B110000DA
S315000010605B110000B9110000B9110000B9110000B0
S31500001070B9110000B9110000B9110000B911000042
S31500001080B9110000B9110000B9110000B911000032
S31500001090B9110000B9110000B9110000B911000022
S315000010A0B9110000B9110000B9110000B911000012
S315000010B0B9110000B9110000B9110000B911000002
S315000010C0B9110000B9110000B9110000B9110000F2
S315000010D0B9110000B9110000B9110000B9110000E2
S315000010E0B9110000B9110000B9110000B9110000D2
S315000010F0B9110000B9110000B9110000B9110000C2
S31500001100B9110000B9110000B9110000B9110000B1
S31500001110B9110000B9110000B9110000B9110000A1
S31500001120B911000099110000791100007911000031
S31500001130FB68D3F8803003F40013002B05D1092196
S31500001140F868FFF7EDFD0346F4E13B6A554AC3F83C
S315000011502C213B6A012283F8E9207B6AD3F86821B7
S315000011607B88B7F86010786AD0F86C0100FB01F153
S315000011700B4413447B6320E07B6AD3F868217B88A9
S31500001180B7F86010786AD0F86C0100FB01F10B44E7
S315000011905B0013447B6310E07B6AD3F868217B888D
S315000011A0B7F86010786AD0F86C0100FB01F10B44C7
S315000011B09B0013447B6300E000BF7B6F03F00F03CB
S315000011C01946F86809F092FEFB6A002B14D07B6A78
S315000011D0D3F86C117B6AD3F870017B6AD3F874314B
S315000011E07A6AD2F878210192009303460A46796B0F
S315000011F0F86809F0CDFB0DE07B6AD3F86C217B6AB9
S31500001200D3F8783101933B6C00937B6C796BF8686B
S3150000121009F0BEFB7B6F03F02003002B10D07B6F21
S3150000122003F08003002B05D04FF07F43FB630023C0
S31500001230BB630BE00023FB634FF07F43BB6305E01A
S315000012404FF07F43FB634FF07F43BB637B6F03F03D
S315000012501003002B15D07B6F03F04003002B0AD040
S315000012607B6A9B68FA6B1343FB637B6ADB68BA6B2A
S315000012701343BB631CE07B6A9B68BA6B1343BB6377
S3150000128016E07B6F03F04003002B0DD07B6A9B6852
S31500001290FA6B1343FB637B6ADB68BA6B1343BB636E
S315000012A006E000BF10000400BB6B63F07F43BB6326
S315000012B03B6AFA6BC3F858213B6ABA6BC3F85C21E8
S315000012C03B6A93F80E3143F00503DAB23B6A83F8C2
S315000012D00E214FF480337B654FF480333B6500234A
S315000012E0FB640023BB64BB681B01BB617B681B01FD
S315000012F07B61B7F86430102B0BD9BB691B04B7F8B8
S315000013006420B3FBF2F37B657B6DDA0F13445B104D
S31500001310FB64B7F96830102B0BDD7B691B04B7F84B
S315000013206820B3FBF2F33B653B6DDA0F13445B10A9
S31500001330BB647B6F03F40073002B07D07B6D5B42AD
S315000013407B65BB681A04FB6CD31AFB647B6F03F4E2
S315000013508063002B07D03B6D5B423B657B681A04BC
S31500001360BB6CD31ABB647B6F03F00403002B03D062
S31500001370FB6CA3F50043FB647B6F03F00803002BB3
S3150000138003D0BB6CA3F50043BB64FB6A002B0AD0F9
S315000013907B881B04FA6C1344FB64B7F860301B04AB
S315000013A0BA6C1344BB64B7F97020B7F96C103B6D87
S315000013B0049300230393002302937B6D0193BB6C7C
S315000013C00093FB6CF86809F029FEB7F97010B7F9BD
S315000013D06C20B7F968300193B7F9643000930B4677
S315000013E0396AF86800F0FAFABB6A002B00F09D80B3
S315000013F07B6F03F48073002B40F09780BB6A1A78EA
S315000014007B6ADA75BB6A9A787B6A83F80E21BB6AB7
S315000014105A787B6A83F8D520BB6A5A687B6AC3F818
S31500001420FC20BB6A9A687B6AC3F80021BB6ADA684B
S315000014307B6AC3F82C21BB6A93F829207B6A83F860
S31500001440E920BB6A1A697B6AC3F83821BB6A5A6904
S315000014507B6AC3F83421BB6A93F828207B6A83F839
S31500001460E820BB6A9A697B6AC3F8EC20BB6ADA6932
S315000014707B6AC3F8F020BB6A1A6A7B6AC3F8F42059
S31500001480BB6A5A6A7B6AC3F8F820BB6A93F82A20BB
S315000014907B6A83F8EA20BB6A93F82B207B6A83F881
S315000014A0EB20BB6ADA6A7B6AC3F83C21BB6A1A6B1B
S315000014B07B6AC3F84021BB6A5A6B7B6AC3F8242156
S315000014C0BB6A9A6B7B6AC3F85821BB6ADA6B7B6A84
S315000014D0C3F85C21BB6AB3F954207B6AA3F8A82041
S315000014E0BB6AB3F956207B6AA3F8AA20BB6ADA6CFA
S315000014F07B6AC3F8A020BB6A1A6D7B6AC3F8A42076
S31500001500BB6A5A6C7B6AC3F89820BB6A9A6C7B6A82
S31500001510C3F89C20BB6ADA6D7B6AC3F8B020BB6A4D
S315000015201A6E7B6AC3F8B42003E0396BF86801F0E1
S31500001530E1F9002318465837BD4680BD80B586B010
S3150000154000AFF860B9607A60FB68D3F8B8317B61A8
S31500001550FB68D3F8B83103F10802FB68C3F8B82179
S315000015607B69BA681A607B697A685A60FB68D3F847
S31500001570BC315A1EFB68C3F8BC21FB68D3F8BC31EA
S31500001580002B04DCFB68D3F8C031F868984700BF2D
S315000015901837BD4680BDFFFF80B58CB002AFF8603E
S315000015A0B96011461A460B46FB801346BB80B7F955
S315000015B03030002B03D0B7F93430002B01DC002388
S315000015C005E23B8E103B9BB23B86BB8E103B9BB22B
S315000015D0BB86FA883B8E13449BB27B83BA88BB8E4C
S315000015E013449BB23B83FB8823F00F031BB23B8261
S315000015F0BB8823F00F031BB27B827B8B0F339BB21E
S315000016001BB223F00F031BB2BB823B8B0F339BB283
S315000016101BB223F00F031BB2FB8207F1100319461E
S31500001620F8680BF051F80346002B01D10023CEE1F8
S31500001630B968F86808F022FBBB6893F8D53003F068
S315000016400203002B10D0FA887B8B13431BB29BB28C
S3150000165003F00F037B62BA883B8B13431BB29BB22A
S3150000166003F00F033B6203E000237B6200233B622F
S31500001670BB6893F8D53003F00103002B00F0978088
S31500001680B7F910301A46B7F90630D31A1A46BB68AE
S31500001690D3F8103102FB03F31A09BB68D3F81031F3
S315000016A013441A460421F868FFF748FFBB68D3F8CD
S315000016B010311A460A21F868FFF740FF0022102170
S315000016C0F868FFF73BFFB7F91A30B7F910209B1AF5
S315000016D01A46BB68D3F8103102FB03F31A09BB683C
S315000016E0D3F8103113441A460521F868FFF726FF90
S315000016F0BB68D3F810315B421A460B21F868FFF736
S315000017001DFF00221121F868FFF718FFB7F9123004
S315000017101A46B7F90430D31A1A46BB68D3F8103103
S3150000172002FB03F31A09BB68D3F8103113441A46B7
S315000017300621F868FFF702FF00220C21F868FFF780
S31500001740FDFEBB68D3F810311A461221F868FFF780
S31500001750F5FEB7F91830B7F912209B1A1A46BB687E
S31500001760D3F8103102FB03F31A09BB68D3F8103122
S3150000177013441A460721F868FFF7E0FE00220D2100
S31500001780F868FFF7DBFEBB68D3F810315B421A46F8
S315000017901321F868FFF7D2FE07F110020F2300931A
S315000017A00423B968F86804F05FFDF861F3E07B6A2A
S315000017B0002B48D13B6A002B0AD107F11002002307
S315000017C000930023B968F86804F04EFDF861E2E082
S315000017D0B7F912301A46B7F90430D31A1B0303F5CA
S315000017E080331A460421F868FFF7A8FE00220A2172
S315000017F0F868FFF7A3FE4FF480321021F868FFF770
S315000018009DFEB7F91830B7F912209B1A1B0303F592
S3150000181080331A460521F868FFF790FE00220B2157
S31500001820F868FFF78BFE6C4A1121F868FFF786FE11
S3150000183007F11002032300930223B968F86804F045
S3150000184013FDF861A7E03B6A002B3AD1B7F91030D7
S315000018501A46B7F90630D31A1B0303F580331A4626
S315000018600421F868FFF76AFE4FF480320A21F8680F
S31500001870FFF764FE00221021F868FFF75FFEB7F954
S315000018801A30B7F910209B1A1B0303F580331A464A
S315000018900521F868FFF752FE4F4A0B21F868FFF75B
S315000018A04DFE00221121F868FFF748FE07F11002ED
S315000018B0032300930223B968F86804F0D5FCF861A5
S315000018C069E0B7F910301A46B7F90630D31A1B0388
S315000018D003F580331A460421F868FFF72FFE4FF40C
S315000018E080320A21F868FFF729FE00221021F868E5
S315000018F0FFF724FEB7F91A30B7F910209B1A1B031D
S3150000190003F580331A460521F868FFF717FE324AB9
S315000019100B21F868FFF712FE00221121F868FFF785
S315000019200DFEB7F912301A46B7F90430D31A1B0365
S3150000193003F580331A460621F868FFF7FFFD0022FB
S315000019400C21F868FFF7FAFD4FF480321221F8688F
S31500001950FFF7F4FDB7F91830B7F912209B1A1B03ED
S3150000196003F580331A460721F868FFF7E7FD0022E2
S315000019700D21F868FFF7E2FD174A1321F868FFF713
S31500001980DDFD07F110020F2300930423B968F86800
S3150000199004F06AFCF86107F110020023B968F868E0
S315000019A007F0A5FA07F110020023B968F86809F0F4
S315000019B095FFFB691A460021F868FFF7BFFD07F19E
S315000019C0100300221946F86808F060FB0123184648
S315000019D02837BD4680BD00BF0000FFFF80B586B03A
S315000019E002AFF860B96011461A460B46FB801346F3
S315000019F0BB80B7F90410B7F90620B7F91C3001937C
S31500001A00B7F9183000930B46B968F868FFF7C4FDBC
S31500001A10034618461037BD4680BD80B586B002AF76
S31500001A20F860084611461A4603467B810B463B8101
S31500001A301346FB80FB68996AB7F90800B7F90A20D4
S31500001A40B7F918300193B7F9063000930346F868E2
S31500001A50FFF7A2FD002318461037BD4680BD80B5AE
S31500001A6086B002AFF860084611461A4603467B81E7
S31500001A700B463B811346FB80FB68D96AFB68B3F9CA
S31500001A806E309AB27B8913449BB218B2FB68B3F9E5
S31500001A9070309AB23B8913449BB21AB2B7F9183028
S31500001AA00193B7F90630009313460246F868FFF72C
S31500001AB073FD002318461037BD4680BD90B593B020
S31500001AC006AFF860084611461A4603467B810B4668
S31500001AD03B811346FB80FB68B3F86C30FB85FB68E3
S31500001AE0DB6ABB62B7F92E30002B40F3DF80B7F913
S31500001AF02E30DA0F13445B10FB84B7F92E30102B0F
S31500001B0012D0BB6A93F8D730012B6FD1BB6AB3F9F9
S31500001B10D830B7F92E209A4268DABB6A93F8D530E6
S31500001B2003F00103002B61D1FB68D96A7A89FB8D2A
S31500001B30D31A9BB218B23A89FB8DD31A9BB21CB248
S31500001B40FB8D5B009AB2B7F8403013449BB21BB2D0
S31500001B500193B7F92E30009323460246F868FFF743
S31500001B601BFDFB68D96A3A89FB8DD31A9BB218B262
S31500001B70B7F90A20B7F92E300193B7F9063000936A
S31500001B800346F868FFF708FDFB68D96A7A89FB887F
S31500001B9013449BB218B23A89FB8DD31A9BB21CB27E
S31500001BA0FB8D5B009AB2B7F8403013449BB21BB270
S31500001BB00193B7F92E30009323460246F868FFF7E3
S31500001BC0EBFCFB68D96A3A89B7F8403013449BB2FC
S31500001BD018B2B7F90A20B7F92E300193B7F90630D3
S31500001BE000930346F868FFF7D7FC5FE07A89FB8C21
S31500001BF0D31A9BB2083B9BB21BB2BB823A89FB8CC1
S31500001C00D31A9BB2083B9BB21BB2FB827A89FB8834
S31500001C1013449AB2FB8C13449BB2083B9BB21BB293
S31500001C203B833A89FB8CD31A9BB2083B9BB21BB20F
S31500001C307B837A89FB8813449AB2FB8C13449BB24C
S31500001C40083B9BB21BB2BB833A89B7F840301344BA
S31500001C509AB2FB8C13449BB2083B9BB21BB2FB832C
S31500001C607A89FB8CD31A9BB2083B9BB21BB23B848E
S31500001C703A89B7F8403013449AB2FB8C13449BB2AE
S31500001C80083B9BB21BB27B8407F11402002304932A
S31500001C900023039304230293B7F92E300193042300
S31500001CA000930023B96AF86807F080F90023184604
S31500001CB03437BD4690BD90B587B002AFF860084690
S31500001CC011461A4603467B810B463B811346FB8031
S31500001CD0B7F90600B7F90820B7F90A10B7F92030A6
S31500001CE000930346F868FFF7E9FEF86807F048FE38
S31500001CF0FB68996A7B89103B9BB218B23B89103B03
S31500001D009BB21CB2FB8820339BB21BB23A8C2032AA
S31500001D1092B212B20192009323460246F868FFF788
S31500001D203BFCF86807F072FE002318461437BD46E0
S31500001D3090BD80B586B002AFF860084611461A46D7
S31500001D4003467B810B463B811346FB80FB68D96AC1
S31500001D50FB68B3F96E309AB27B8913449BB218B212
S31500001D60FB68B3F970309AB23B8913449BB21AB23E
S31500001D70B7F918300193B7F90630009313460246B7
S31500001D80F868FFF709FCF86807F0FAFDFB68996A3E
S31500001D90B7F90800B7F90A20B7F918300193B7F96F
S31500001DA0063000930346F868FFF7F6FBF86807F07D
S31500001DB02DFE002318461037BD4680BD80B586B07F
S31500001DC000AFF860B9607A60FB68D3F8B8317B6120
S31500001DD0FB68D3F8B83103F10802FB68C3F8B821F1
S31500001DE07B69BA681A607B697A685A60FB68D3F8BF
S31500001DF0BC315A1EFB68C3F8BC21FB68D3F8BC3162
S31500001E00002B04DCFB68D3F8C031F868984700BFA4
S31500001E101837BD4680BDFFFF80B592B006AFF860AB
S31500001E20B96011461A460B46FB801346BB80002359
S31500001E307B62B7F93C30002B41DDB7F93C30DA0F55
S31500001E4013445B107B847A8C3B8F13449BB23B8498
S31500001E50FA883B8CD31A9BB21BB223F00F031BB23A
S31500001E60BB82BA883B8CD31A9BB21BB223F00F03FA
S31500001E701BB2FB82FA883B8C13449BB20F339BB296
S31500001E801BB223F00F031BB23B83BA883B8C13446F
S31500001E909BB20F339BB21BB223F00F031BB27B83A3
S31500001EA0B7F93820B7F92230D31A082B2FDC3A8F2E
S31500001EB07B8C13449BB23B870023BB8727E0FA88C1
S31500001EC03B8FD31A9BB21BB223F00F031BB2BB820C
S31500001ED0BA883B8FD31A9BB21BB223F00F031BB2F7
S31500001EE0FB82FA883B8F13449BB20F339BB21BB223
S31500001EF023F00F031BB23B83BA883B8F13449BB27C
S31500001F000F339BB21BB223F00F031BB27B83BB685C
S31500001F10B3F9DA30002B63DDBB68B3F9DA307B62E4
S31500001F20B7F914301A467B6AD31AFA68B2F97220E6
S31500001F30934204DAFB68B3F97230BB8208E0B7F962
S31500001F4014309AB27B6A9BB2D31A9BB21BB2BB8285
S31500001F50B7F916301A467B6AD31AFA68B2F97420B2
S31500001F60934204DAFB68B3F97430FB8208E0B7F9F0
S31500001F7016309AB27B6A9BB2D31A9BB21BB2FB8213
S31500001F80B7F918301A467B6A1344FA68B2F9762014
S31500001F90934204DDFB68B3F976303B8308E0B7F97A
S31500001FA018309AB27B6A9BB213449BB21BB23B8336
S31500001FB0B7F91A301A467B6A1344FA68B2F97820E0
S31500001FC0934204DDFB68B3F978307B8308E0B7F908
S31500001FD01A309AB27B6A9BB213449BB21BB27B83C4
S31500001FE007F114031946F8680AF06EFB0346002B46
S31500001FF001D1002327E1FA88B7F914309BB2D31A2E
S315000020009BB2FB80BA88B7F916309BB2D31A9BB243
S31500002010BB80B968F86807F031FEBB68D3F8283191
S31500002020FB61B7F93C30002B43D1B7F906200123F9
S3150000203004930023039300230293B7F938300193E6
S31500002040B7F90430009313460022B968F86800F027
S3150000205083FFFB6903F4007343F4400343F0410339
S31500002060BB62FB68D3F8803003F08063002B08D096
S31500002070BB6893F8D5301B0603F08073BA6A134326
S31500002080BB6207F11402BB6A00930223B968F868C1
S3150000209004F0EAF8B862BB6A1A460021F868FFF74E
S315000020A08DFEB7F938207B6A13440F331B09FB6298
S315000020B0B3E0B7F93820B7F93C30B7F93C1001FB6B
S315000020C003F39A4247DDBB6893F8D53003F001036A
S315000020D0002B40D13B8F01339BB23B87B7F93C3095
S315000020E01033DA0F13445B101B03B7F906200121E6
S315000020F00491002103910293B7F938300193B7F99F
S315000021000430009313460022B968F86800F024FFF3
S31500002110FB6903F4007343F4004343F04103BB62DD
S3150000212007F11402BB6A00930223B968F86804F049
S315000021309BF8B862B7F93C301B031A461621F868BB
S31500002140FFF73CFEBB6A1A460021F868FFF736FE29
S315000021500023FB6261E0B7F93C30DA0F13445B10F1
S315000021601BB29AB23B8F13449BB21BB2B7F906203F
S315000021700121049100210391002102910193B7F9F5
S315000021800430009313460022B968F86800F0E4FEB4
S315000021903A8FB7F93C30D90F0B445B101BB29BB298
S315000021A0D31A9BB21BB2B7F9062001210491012173
S315000021B00391274902910193B7F90430009313461E
S315000021C00222B968F86800F0C7FEFB6903F42063D1
S315000021D043F0C503BB62FB68D3F8803003F080632D
S315000021E0002B08D0BB6893F8D5301B0603F080732C
S315000021F0BA6A1343BB6207F11402BB6A0093042355
S31500002200B968F86804F030F8B862BB6A1A4600216B
S31500002210F868FFF7D3FD0023FB6207F114020023E1
S31500002220B968F86806F063FE07F114020023B9687E
S31500002230F86809F053FB07F11403FA6A1946F868BF
S3150000224007F024FF012318463037BD4680BD00BF86
S315000022500080FFFF80B586B002AFF86008461146E1
S315000022601A4603467B810B463B811346FB80FB687F
S31500002270996AB7F90800B7F90A20B7F91830019337
S31500002280B7F9063000930346F868FFF7C5FD00234B
S3150000229018461037BD4680BD80B586B002AFF860DF
S315000022A0084611461A4603467B810B463B81134678
S315000022B0FB80FB68D96AFB68B3F96E309AB27B89FA
S315000022C013449BB218B2FB68B3F970309AB23B89DB
S315000022D013449BB21AB2B7F918300193B7F9063016
S315000022E0009313460246F868FFF796FD002318464A
S315000022F01037BD4680BD90B589B002AFF86008467C
S3150000230011461A4603467B810B463B811346FB80EA
S31500002310FB68B3F86C30FB82B7F91630002B01DC92
S3150000232000234CE0B7F92830002B23DDFB68D86A80
S31500002330FA88B7F92830D90F0B445B101BB29BB251
S31500002340D31A9AB2B7F91630D90F0B445B101BB2E9
S315000023509BB2D31A9BB21BB2B7F90840B7F90A1061
S31500002360B7F916200192009323460A460146F868FB
S31500002370FFF752FDFB68D86AB7F92830DA0F134425
S315000023805B101BB29AB2FB8813449AB2B7F91630A7
S31500002390D90F0B445B101BB29BB213449BB21BB20A
S315000023A0B7F90840B7F90A10B7F916200192009359
S315000023B023460A460146F868FFF72EFD0023184615
S315000023C01C37BD4690BD90B589B002AFF86008468F
S315000023D011461A4603467B810B463B811346FB801A
S315000023E0FB68B3F86C30FB82B7F92830002B18DD98
S315000023F0B7F91630002B14DDFB68D96AFB8A5B003F
S315000024009AB23B8D13449BB21BB2B7F90800B7F9D9
S315000024100A200193B7F9063000930346F868FFF7E0
S31500002420FBFCB7F92830002B1FD1B7F91630002B6B
S315000024301BDDFB68D96AB7F91630103BDA0F134477
S315000024405B109AB2FB8813449BB21BB2FA8A08321D
S3150000245092B212B2B7F90840B7F90A000192009396
S3150000246023460246F868FFF7D7FCF86807F088FAB3
S31500002470FB68996AB7F90800B7F90A20B7F9283056
S315000024800193B7F9063000930346F868FFF7C4FCDA
S31500002490F86807F0BBFA002318461C37BD4690BD06
S315000024A080B586B002AFF860084611461A46034664
S315000024B07B810B463B811346FB80FB68D96AFB6830
S315000024C0B3F96E309AB27B8913449BB218B2FB689B
S315000024D0B3F970309AB23B8913449BB21AB2B7F97A
S315000024E018300193B7F90630009313460246F86890
S315000024F0FFF792FCF86807F043FAFB68996AB7F9A8
S315000025000800B7F90A20B7F918300193B7F9063071
S3150000251000930346F868FFF77FFCF86807F076FA41
S31500002520002318461037BD4680BD80B483B000AF87
S31500002530786039603B685AB27B6883F8C6213B688D
S3150000254018460C37BD465DF8047B704780B584B0ED
S3150000255000AF78604FF4BE7006F0E8FAF860FB68EA
S31500002560002B05D101217868FFF7DFFF002358E132
S31500002570FB687A685A60FB686FF07F429A60FB6876
S315000025806FF07F42DA60FB68FF229A74FB68FF22D5
S31500002590DA74FB684FF07F42C3F84C21FB68FF22D8
S315000025A01A74FB68FF225A74FB684FF07F42C3F827
S315000025B05021FB684FF07F42C3F85421FB6802228A
S315000025C083F8D520FB680022C3F82821FB68002287
S315000025D083F80E21FB6810229A82FB684FF4803242
S315000025E0C3F81021FB684FF4B052C3F81C217B6876
S315000025F0D3F8803003F00063002B05D1FB684FF45D
S315000026008002C3F820210BE0FB68884AC3F820212A
S31500002610FB68D3F8203143F48002FB68C3F820211D
S31500002620FB684FF47032C3F83421FB68042283F848
S31500002630E920FB684FF40022C3F82C21FB68002236
S31500002640C3F83C21FB680022C3F84021FB68002246
S31500002650C3F844217B685A6DFB68D3F820311A43CE
S31500002660FB68D3F81C311A43FB68D3F82C311A43A4
S31500002670FB68D3F83C311A43FB68D3F840311A4360
S31500002680FB68D3F844311A43FB68C3F82421FB687E
S3150000269000225A76FB6801229A75FB680022DA75D9
S315000026A0FB6800221A76FB68AA22C3F81421FB688D
S315000026B0AA22C3F8C420FB68012283F8D420FB6851
S315000026C04FF48032C3F83021FB680022C3F8CC20D7
S315000026D0FB681022C3F8D020FB684FF48032C3F8A1
S315000026E01821FB680422C3F8C820FB68012283F87E
S315000026F0D620FB68012283F8D720FB684022A3F886
S31500002700D820FB680022A3F8DA20FB68002283F8B1
S315000027100F21FB680022C3F8FC20FB680022C3F8E7
S315000027200021FB680022C3F80421FB680022C3F8DD
S315000027300821FB68012283F80C21FB68002283F83C
S315000027400D21FB680022C3F84821FB681C3318469C
S3150000275003F0BDFCFB683433184603F0B8FCFB6895
S315000027604C33184603F0B3FCFB686433184603F099
S31500002770AEFCFB687C33184603F0A9FCFB68943377
S31500002780184603F0A4FCFB68AC33184603F09FFC24
S31500002790FB680C2283F8E820FB684FF0FF32C3F891
S315000027A03821FB68002283F8DC20FB68002283F8CE
S315000027B0DD20FB68002283F8DE20FB68002283F818
S315000027C0DF20FB68FF2283F8E020FB68FF2283F806
S315000027D0E120FB68FF2283F8E220FB68FF2283F8F2
S315000027E0E320FB68012283F8E420FB68032283F8D8
S315000027F0E520FB68032283F8E620FB68032283F8C2
S31500002800E720F968786808F00DFE7B68DA69FB68EE
S315000028101A607B68FA68DA6100217868FFF785FE3E
S31500002820FB6818461037BD4680BD00BF0800002073
S3150000283080B584B000AF786039607B681B6A3A68FF
S315000028409A4205D107217868FFF76FFE03464DE0EF
S315000028507B681C33FB6002E0FB681B68FB60FB685F
S31500002860002B04D0FB681B683A689A42F4D1FB68D7
S31500002870002B05D103217868FFF757FE034635E0A4
S315000028803B681A68FB681A607B685B6A3A689A421A
S3150000289003D17B681A6A7B685A627B68DB6A3A688E
S315000028A09A4203D17B681A6A7B68DA627B689B6A04
S315000028B03A689A4203D17B681A6A7B689A623B68D7
S315000028C0D3F80831002B09D03B68D3F808311846F5
S315000028D00BF018FB3B680022C3F80821386806F0A5
S315000028E031F900217868FFF720FE034618461037B5
S315000028F0BD4680BD80B584B000AF786039607B6826
S315000029005B6AFB603B68DAB2FB68DA75FB6893F8D2
S315000029100E3143F00103DAB2FB6883F80E213B68FF
S31500002920032B3CD801A252F823F000BF3D2900003A
S3150000293051290000652900008B290000FB6893F8E7
S31500002940D53023F00C03DAB2FB6883F8D52027E0F4
S31500002950FB6893F8D53023F00C03DAB2FB6883F8F2
S31500002960D5201DE0FB6893F8D53043F00403DAB2B6
S31500002970FB6883F8D520FB6893F8D53023F008036D
S31500002980DAB2FB6883F8D5200AE0FB6893F8D53005
S3150000299043F00C03DAB2FB6883F8D52000E000BFF1
S315000029A000217868FFF7C1FD034618461037BD467B
S315000029B080BD00BF80B584B000AFF860B9607A60B2
S315000029C0FB685B6A7A6822F07F41BA68023243F894
S315000029D02210FB685B6A93F80E21FB685B6A42F083
S315000029E00102D2B283F80E210021F868FFF79DFD9F
S315000029F0034618461037BD4680BD80B584B000AF8B
S31500002A0078600B46FB707B685B6AFB60FB6893F83B
S31500002A100E3143F00103DAB2FB6883F80E21FB683E
S31500002A209B7CFA789A4208D0FB6893F80E3143F003
S31500002A300603DAB2FB6883F80E21FB68FA789A740B
S31500002A40FB689B7D03F00103002B04D0FB781A067C
S31500002A50FB68C3F84C2100217868FFF766FD034642
S31500002A6018461037BD4680BD80B586B000AFF86009
S31500002A70B9607A60FB685B6A3B613B6993F80E312B
S31500002A8043F00103DAB23B6983F80E2100237B6130
S31500002A90BB68032B19D801A252F823F0AD2A000017
S31500002AA0D72A0000B72A0000C12A00007B6943F438
S31500002AB000637B6110E07B6943F400737B610BE08C
S31500002AC07B6943F420637B6106E01021F868FFF719
S31500002AD02CFD03464AE000BF7B68032B19D801A2F0
S31500002AE052F823F0F52A00001F2B0000FF2A0000F1
S31500002AF0092B00007B6943F480537B6110E07B69FE
S31500002B0043F480637B610BE07B6943F4A0537B61F4
S31500002B1006E01021F868FFF708FD034626E000BF2F
S31500002B203B697A69C3F81C21FB685A6D3B69D3F887
S31500002B301C311A433B69D3F82C311A433B69D3F84D
S31500002B4020311A433B69D3F83C311A433B69D3F829
S31500002B5040311A433B69D3F844311A433B69C3F801
S31500002B6024210021F868FFF7E0FC034618461837D1
S31500002B70BD4680BD80B586B000AFF860B9607A60AA
S31500002B80FB685B6A3B613B6993F80E3143F00103D6
S31500002B90DAB23B6983F80E213B6900221A76FB689C
S31500002BA0D3F8803003F00063002B1ED14FF480036E
S31500002BB07B61BB68012B07D17B68002B04D17B6945
S31500002BC023F400037B6163E0BB68002B07D17B68BD
S31500002BD0012B04D17B6943F400037B6158E010218B
S31500002BE0F868FFF7A2FC034678E008237B617B695F
S31500002BF043F480037B61BB68032B1CD801A252F807
S31500002C0023F000BF152C0000432C00001F2C0000F1
S31500002C10292C00007B6943F080537B6112E07B69BD
S31500002C2043F040037B610DE07B6943F0805343F042
S31500002C3040037B6106E01021F868FFF776FC034647
S31500002C404CE000BF7B68032B1BD801A252F823F08F
S31500002C50612C00008F2C00006B2C0000752C0000EE
S31500002C607B6943F000537B6112E07B6943F080038C
S31500002C707B610DE07B6943F0005343F080037B6189
S31500002C8006E01021F868FFF750FC034626E000BF77
S31500002C903B697A69C3F82021FB685A6D3B69D3F812
S31500002CA01C311A433B69D3F82C311A433B69D3F8DC
S31500002CB020311A433B69D3F83C311A433B69D3F8B8
S31500002CC040311A433B69D3F844311A433B69C3F890
S31500002CD024210021F868FFF728FC03461846183718
S31500002CE0BD4680BD80B584B000AF786039607B6832
S31500002CF05B6AFB603B68002B0DD0FB6893F8D53010
S31500002D0043F00203DAB2FB6883F8D520FB680022A1
S31500002D10C3F828211EE0FB6893F8D53023F00203A0
S31500002D20DAB2FB6883F8D520FB684FF4FC42C3F89F
S31500002D302821FB684FF48032C3F81021FB6893F812
S31500002D40D53023F00103DAB2FB6883F8D520FB689F
S31500002D5010229A8200217868FFF7E7FB034618469F
S31500002D601037BD4680BD80B584B000AF786039604D
S31500002D707B685B6AFB603B68DAB2FB6883F8D62047
S31500002D803B68022B04D1FB68032283F80F2103E082
S31500002D90FB68002283F80F2100217868FFF7C5FB46
S31500002DA0034618461037BD4680BD80B584B000AFD7
S31500002DB0786039607B685B6AFB603B68DAB2FB6807
S31500002DC083F8D72000217868FFF7AFFB0346184643
S31500002DD01037BD4680BD80B586B000AFF860B960DB
S31500002DE011461A460B46FB801346BB80FB68002B38
S31500002DF049D0FB68596ABB685A1C13465B001344EA
S31500002E00DB000B4404337B613A6A7B6A1343002B75
S31500002E100FD1FB685B6A597E0122BB6802FA03F395
S31500002E20DBB2DB43DAB2FB685B6A0A40D2B25A769F
S31500002E3023E0BB6A43F001027B691A607B69FA886A
S31500002E409A827B69BA88DA827B693A6A5A607B69B8
S31500002E507A6A9A607B690022DA607B6900221A61CD
S31500002E60FB685B6A597E0122BB6802FA03F3DAB299
S31500002E70FB685B6A0A43D2B25A760021F868FFF70C
S31500002E8054FB034600E0022318461837BD4680BDB2
S31500002E9080B485B000AF78607B68D3F84C311B0AEC
S31500002EA0FB607B681B7C1A46FB6802FB03F303F19D
S31500002EB0FF1303F57F4303F07F427B68C3F850217D
S31500002EC07B685B7C1A46FB6802FB03F303F1FF1386
S31500002ED003F57F4303F07F427B68C3F854217B6888
S31500002EE093F80E3123F00203DAB27B6883F80E21E1
S31500002EF000BF1437BD465DF8047B704780B586B0C9
S31500002F0000AFF860B9607A60FB68D3F8B8317B61CE
S31500002F10FB68D3F8B83103F10802FB68C3F8B8219F
S31500002F207B69BA681A607B697A685A60FB68D3F86D
S31500002F30BC315A1EFB68C3F8BC21FB68D3F8BC3110
S31500002F40002B04DCFB68D3F8C031F868984700BF53
S31500002F501837BD4680BDFFFF2DE9B04FBCB000AFAE
S31500002F60C7F8A400C7F8A010C7F89C20A7F89A30A5
S31500002F70B7F89A20B7F81431D31A9BB2A7F8DE3007
S31500002F80B7F81021B7F81431D31A9BB2A7F8DC3082
S31500002F90D7F8A03093F8D53003F00103002B00F0EA
S31500002FA02482D7F82031002B08D0D7F8A430D3F8E4
S31500002FB0803003F08063002B40F05181D7F8A030B9
S31500002FC09B8AA7F8C630D7F8A030D3F81031C7F8D7
S31500002FD0C030B7F91421B7F9C63003FB02F24FF03F
S31500002FE0784393FBF2F3C7F8E030B7F91431DA17F8
S31500002FF03B677A67D7E91C234FF078404FF0FF31E3
S3150000300038F042FB02460B464FF000004FF000013D
S31500003010190241EA12611002B7F9C630DA17BB6627
S31500003020FA66D7E91A2338F02FFB02460B46C7E9A2
S315000030302C23B7F9DE20B7F9DE3003FB02F1B7F92E
S31500003040DC20B7F9DC3002FB03F30B44002B00DA7B
S31500003050FF331B121A46D7F8E03002FB03F3002BAE
S3150000306000DA0F331B111846B7F91421D30F134496
S315000030705B101BB21946B7F9DE20B7F9DC301344F2
S31500003080CA18D7F8C03002FB03F3002B00DA0F335F
S315000030901B115B420344C7F8E430B7F9DE20B7F9E9
S315000030A0DE3003FB02F1B7F9DC20B7F9DC3002FBB6
S315000030B003F30B44002B00DAFF331B12DA173B66CF
S315000030C07A66D7F8B030D7E918452A4602FB03F2EC
S315000030D0D7F8B430214601FB03F31A44D7F8B030D1
S315000030E02146A3FB0131C7F89410C7F89030D7F8F2
S315000030F09430D318C7F89430D7E92423002B07DA85
S3150000310012F10F01B96243F10003FB62D7E90A230A
S315000031104FF000004FF00001100940EA037019114A
S31500003120B7F91421D30F13445B101BB21C46B7F931
S31500003130DE20B7F9DC3013442344DA17BB65FA65A1
S31500003140D7F8C03000223B657A65D7E916894B4629
S31500003150D7E914AB524602FB03F25B46444604FB36
S3150000316003F3134442465446A2FB0424C7F88C409A
S31500003170C7F88820D7F88C201344C7F88C304FF056
S3150000318000024FF00003D7E922894C46230144464A
S3150000319043EA147344462201841A3C6261EB03033A
S315000031A07B62D7E90834C7E92A34D7E92A23002BFA
S315000031B007DA12F1FF01B96143F10003FB61D7E9B8
S315000031C006234FF000004FF00001100A40EA0360AA
S315000031D0191202460B461346C7F8E430D7F8E0301A
S315000031E0002B00DA0F331B11C7F8E030D7E92C2388
S315000031F0002B08DA40F6FF715118396143F10003DC
S315000032007B61D7E904234FF000004FF00001100B5B
S3150000321040EA0350191302460B461346C7F8E0303E
S31500003220B7F99A30C3F108035B00D7F8E02002FB38
S3150000323003F3002B00DA0F331B11C7F8EC30B7F994
S315000032401031C3F108035B00D7F8E02002FB03F35B
S31500003250002B00DA0F331B11C7F8E8305DE1D7F811
S31500003260A0309B8AA7F8C630D7F8A030D3F8103123
S31500003270C7F8C030B7F914214FF0784393FBF2F347
S315000032809A01B7F9C63092FBF3F3C7F8E030B7F905
S31500003290DE20B7F9DE3003FB02F1B7F9DC20B7F91F
S315000032A0DC3002FB03F30B44002B00DAFF331B1266
S315000032B0DA17BB64FA64D7F8E030DA173B647A644D
S315000032C0D7E912452B46D7E91089424602FB03F29D
S315000032D04B46214601FB03F3134422464146A2FB1B
S315000032E00121C7F88410C7F88020D7F8842013443A
S315000032F0C7F88430D7E92023002B07DA12F10F0133
S31500003300B96043F10003FB60D7E902234FF00000E8
S315000033104FF00001100940EA03701911B7F9143192
S31500003320DA0F13445B101BB21C46B7F9DE20B7F95F
S31500003330DC3013442344DA17BB63FA63D7F8C03092
S3150000334000223B637A63D7E90E894B46D7E90CAB7B
S31500003350524602FB03F25B46444604FB03F3134466
S3150000336042465446A2FB0424FC67BA67FA6F13442C
S31500003370FB674FF000024FF00003D7E91E894C4669
S31500003380A300444643EA94734446A200841A3C6070
S3150000339061EB03037B60D7E90034C7E92E34D7F825
S315000033A0E0301B11C7F8E030B7F99A30C3F10803D3
S315000033B0D7F8E02002FB03F3002B00DA0733DB101B
S315000033C0C7F8EC30B7F91031C3F10803D7F8E0209D
S315000033D002FB03F3002B00DA0733DB10C7F8E830F3
S315000033E0D7F8B830C7F8E43097E0B7F8DE20B7F87A
S315000033F0DC3013431BB2002B22D1B7F914318A4AB1
S3150000340092FBF3F3C7F8E030B7F9142113465B05D6
S315000034109B1ADB02C7F8E430B7F91431C3F108038D
S315000034205B00D7F8E02002FB03F3002B00DA0F3332
S315000034301B11C7F8E830D7F8E830C7F8EC306CE075
S31500003440B7F91431794A92FBF3F3C7F8E030B7F9CC
S31500003450DE30B7F9DE2002FB03F3C7F8D830B7F940
S31500003460DC30B7F9DC2002FB03F3C7F8D430D7F819
S31500003470D820D7F8D4301344DA179A469346D7F8AB
S31500003480E030DA179846914608FB0BF20AFB09F37F
S315000034901344AAFB08452B441D464FF000024FF08B
S315000034A00003E20A42EA4552EB12C7E93223D7F893
S315000034B0C820B7F91431D90F0B445B101BB218465C
S315000034C0B7F9DE10B7F9DC300B4403441B03D31AFB
S315000034D0C7F8E430D7F8E030DB10C7F8E030B7F9CA
S315000034E09A30C3F108035B00D7F8E02002FB03F330
S315000034F0002B00DA0F331B11C7F8EC30B7F9103187
S31500003500C3F108035B00D7F8E02002FB03F3002BAE
S3150000351000DA0F331B11C7F8E830D7F81C31002B3F
S3150000352039D1D7F89C30191DD7F8E420D7F81831CF
S3150000353013441A46D7F8A400FFF7E0FCD7F89C30EE
S315000035400533D7F8EC201946D7F8A400FFF7D6FCC8
S31500003550D7F89C301033D7F8E8201946D7F8A400DE
S31500003560FFF7CCFCD7F89C3003F10B01D7F8E0301D
S315000035705B001A46D7F8A400FFF7C0FCD7F89C30CA
S3150000358003F11101D7F8E0305B001A46D7F8A40022
S31500003590FFF7B4FC42E0D7F89C30191DD7F8E430A9
S315000035A05A42D7F81831D31A1A46D7F8A400FFF7AB
S315000035B0A5FCD7F89C30591DD7F8EC305B421A466B
S315000035C0D7F8A400FFF79AFCD7F89C3003F1100156
S315000035D0D7F8E8305B421A46D7F8A400FFF78EFC0E
S315000035E0D7F89C3003F10B01D7F8E0201346DB0730
S315000035F09B1A5B001A46D7F8A400FFF77FFCD7F8A2
S315000036009C3003F11101D7F8E0201346DB079B1A23
S315000036105B001A46D7F8A400FFF770FC00BFF0372E
S31500003620BD46BDE8B08F00BF0000F8FF0000C0FF38
S3150000363080B485B000AF786039607B681B690F4A3B
S315000036401A607B681B693A685A607B681B69043399
S31500003650FB607B689B68FA68DA607B681B6903F12C
S3150000366008027B681A617B6800229A61FB6818462B
S315000036701437BD465DF8047B704700BF32808080FA
S3150000368080B584B000AF786039607B689B69FB6069
S315000036907B681B69BB60FB68032B6DD801A252F8DF
S315000036A023F000BFB5360000CB360000053700001A
S315000036B03F3700003B681B0243F0FF02BB681A60FD
S315000036C0BB681A1D7B681A6157E0BB681B68DAB2D3
S315000036D0BB681A60BB681B6843F0802343F4000391
S315000036E0BA6813603B681B0243F0FF031946BA68C9
S315000036F0FB689B0013445960BB6803F10C027B68AE
S315000037001A613AE0BB681B689AB2BB681A60BB686C
S315000037101B6843F0004343F40003BA6813603B6838
S315000037201B0243F0FF031946BA68FB689B0013446B
S315000037305960BB6803F110027B681A611DE0BB6823
S315000037401B6823F07F42BB681A60BB681B6843F0A6
S315000037500042BB681A603B681B0243F0FF03194630
S31500003760BA68FB689B00134459607B681B6903F1C8
S3150000377014027B681A6100E000BF7B6800229A6130
S315000037807B68DB695A1E7B68DA613B6803F00103DC
S31500003790002B06D17B68DB69012B02D8786800F024
S315000037A02EFA00BF1037BD4680BD00BF80B483B07F
S315000037B000AF786039603B685AB27B6883F8C621EF
S315000037C03B6818460C37BD465DF8047B704780B5EC
S315000037D084B000AF786039607B689B69FB60142019
S315000037E005F0A4F9B860BB68002B01D100235FE0A7
S315000037F0BB683A689A60BB680022DA607B689B6E99
S3150000380003F00103002B0CD13A6813469B001344C6
S315000038109B001946786805F00AFA0246BB685A60AA
S315000038200AE03A6813469B0013449B00184605F0CD
S315000038307DF90246BB685A60BB685B68002B04D101
S31500003840B86805F07FF9002332E0BB6800221A61F0
S315000038507B689B6E03F00103002B25D17B68D3F8B0
S31500003860843003F01003002B09D0BB685B6819464F
S31500003870F8680AF083FB0246BB681A6114E07B68AD
S31500003880D3F8843003F00203002B0DD0BB689A688E
S3150000389013469B0013449B001A460421F8680AF05D
S315000038A047FB0246BB681A61BB6800221A60BB6808
S315000038B018461037BD4680BD80B584B000AF78602D
S315000038C039607B689B69FB602BE03B681B68BB60CB
S315000038D07B689B6E03F00103002B06D13B685B6897
S315000038E01946786805F0D5F904E03B685B68184628
S315000038F005F028F93B681B69002B0DD07B68D3F8CF
S31500003900843003F00203002B06D03B681B691A467D
S315000039100421F8680AF01AFB386805F013F9BB6849
S315000039203B603B68002BD0D100BF00BF1037BD46BF
S3150000393080BD80B584B000AF78607B689B681B68EB
S31500003940FB60FB68002B15D17B681A687B681B6AD5
S3150000395019461046FFF73BFFF860FB68002B05D1C0
S315000039607B681B68152283F8C72111E07B689B687A
S31500003970FA681A60FB680022DA60FB685A687B689E
S315000039801A61FB689A687B68DA617B68FA689A60F4
S315000039901037BD4680BD90B589B000AFF860B960FC
S315000039A07A60BB68FA681A60BB6800225A61FB68D5
S315000039B0DB6F002B70D0FB68DB6F7B617B691A685D
S315000039C0BB685A60202005F0B1F80246BB685A6110
S315000039D0BB685B69002B01D10023BDE0BB685B6956
S315000039E03B617B699B689B00184605F09FF8024681
S315000039F03B691A603B691B68002B01D10023ABE0D1
S31500003A007B699A683B695A607B695B68FA68D2F899
S31500003A10882003FB02F23B699A607B695A683B691E
S31500003A205A610023BB6109E03B691A68BB699B00C8
S31500003A30134400221A60BB690133BB613B695B68B2
S31500003A40BA699A42F0D33B691A683B69DA60FB6847
S31500003A5098693B699A6813469B0013449B001A4673
S31500003A603B691C6804210AF063FA034623603B693C
S31500003A701B681B68002B01D100236DE03B691B68A6
S31500003A801A683B691A613B695A683B69DA613B69A6
S31500003A905A693B699A6106E07968F868FFF797FE0C
S31500003AA00246BB685A60BB685A68BB68DA60BB6886
S31500003AB05B68002B01D100234EE0BB685A68BB68E7
S31500003AC09A60BB685B685A68BB681A61BB685B68CA
S31500003AD09A68BB68DA61BB6800229A61BB680022FB
S31500003AE09A62BB680022DA62BB6810229A8640207E
S31500003AF005F01CF80246BB681A63BB681B6B002BFB
S31500003B0001D1002328E0BB685B69002B05D0BB68A8
S31500003B105B691B681B68FB6114E0FB68D3F88430A3
S31500003B2003F01203002B09D0BB685B681B69002BEE
S31500003B3004D0BB685B681B69FB6103E0BB685B681C
S31500003B405B68FB61B968F86800F099FEFA69B968C4
S31500003B50F86800F0B8FE012318462437BD4690BD2C
S31500003B6080B584B000AF78607B685B69002B30D08D
S31500003B707B681B689B69BB600023FB6017E07B6862
S31500003B805B691A68FB689B0013441B68002B0BD00B
S31500003B907B685B691A68FB689B0013441B681A46BE
S31500003BA00421B8680AF0D2F9FB680133FB607B6830
S31500003BB05B695B68FA689A42E1D37B685B691B685C
S31500003BC0184604F0BFFF7B685B69184604F0BAFF2D
S31500003BD007E07B681A687B685B6819461046FFF742
S31500003BE06BFE7B681B6B002B05D07B681B6B184636
S31500003BF004F0A8FF00BF00BF1037BD4680BD80B5EA
S31500003C008EB002AF78607B685B69BB62BB6A002BD3
S31500003C1023D100217868FFF70BFDF860032178684F
S31500003C20FFF72EFD7868FFF784FE7B681B6893F923
S31500003C30C731002B0AD07B681B69A3F10C027B6895
S31500003C401A6103217868FFF71BFDE2E07B689B6839
S31500003C505B681A46FB681A60DBE07B68DB69002B51
S31500003C6004D0BB6A9B69012B40F0D3807B681B683C
S31500003C709B697B62BB6A9B69012B4BD97B689B68FE
S31500003C80BB61BB695968BB699A6813469B001344BC
S31500003C909B000B447B617B681B69FB62BB6A1969ED
S31500003CA0BB699A6813469B0013449B000B443B6117
S31500003CB0BB69DB68002B0ED0BB69DB683A691A600A
S31500003CC0BB690022DA6006E0FB6A4FF080321A60B8
S31500003CD0FB6A0433FB62FA6A7B699A42F4D3BB6AD5
S31500003CE01969BB695868BB699A6813469B001344F7
S31500003CF09B001A461023009313460246786A0AF080
S31500003D0055F9BB6A3A691A61BB6A9B695A1EBB6A56
S31500003D109A6176E0BB6ADB69012B65D97B689B6893
S31500003D203B62BB6ADB680433FB61BB6ADB695A1E14
S31500003D30BB6ADA61FB691B68002B16D1BB6A9A68FD
S31500003D4013469B0013449B001A460421786A0AF026
S31500003D50EFF80246FB691A60FB691B68002B04D169
S31500003D607B681B68012283F8C721FB691B68002B4F
S31500003D7012D03B6ADB68002B08D0FB691A683B6AE5
S31500003D80DB681A603B6A0022DA6005E0FB691B68A3
S31500003D9019467868FFF74CFC03217868FFF770FC3A
S31500003DA0BB6A19697B689B6858687B689B689A68D8
S31500003DB013469B0013449B001A4610230093134698
S31500003DC00246786A0AF0F2F8FB691B68002B18D0E5
S31500003DD0BB6AFA69DA60FB691A68BB6A1A61BB6A70
S31500003DE05A69BB6A9A610CE0BB6ADB69012B08D190
S31500003DF0BB6A9B69012B04D17B681B68152283F87B
S31500003E00C7217868FFF795FD7B681B6893F9C73172
S31500003E10002B3037BD4680BD80B485B000AF7860DA
S31500003E207B689B69FB607B681B69BB60FB68032B37
S31500003E3042D801A252F823F0CD3E0000493E0000D0
S31500003E406F3E0000953E0000BB681B68DAB2BB6897
S31500003E501A60BB681B6843F0802343F40003BA680A
S31500003E601360BB6803F108027B681A6125E0BB6832
S31500003E701B689AB2BB681A60BB681B6843F00043B4
S31500003E8043F40003BA681360BB6803F10C027B6855
S31500003E901A6112E0BB681B6823F07F42BB681A6098
S31500003EA0BB681B6843F00042BB681A60BB6803F13D
S31500003EB010027B681A6100E000BF7B6800229A61ED
S31500003EC07B68DB695A1E7B68DA6100E000BF143745
S31500003ED0BD465DF8047B704780B485B000AF78605E
S31500003EE07B681B688C33BB607B681B689B6E03F02A
S31500003EF02003002B0ED10023FB6008E0BA68FB68A4
S31500003F001344EC3300221A70FB680133FB60FB6834
S31500003F103A2BF3DD7B685A687B689A607B685A683F
S31500003F207B68DA607B685B69002B18D07B685A690E
S31500003F307B685B691268DA607B685B691A687B6814
S31500003F405B6912681A617B685A697B685B695268AB
S31500003F50DA617B685A697B685B6952699A617B683A
S31500003F605B685A687B681A617B685B689A687B68DD
S31500003F70DA617B6800229A617B680022DA6200BF00
S31500003F801437BD465DF8047B704790B589B002AF23
S31500003F90F860B9607A6000237B61BB681B681846CD
S31500003FA000F0F2F90321B868FFF76AFBFB68DB6FE4
S31500003FB0002B2BD1BB689B681B68002B05D0BB6808
S31500003FC09B6A5A1CBB689A6202E0BB6800229A622E
S31500003FD0BB689B6A3C2B19D1BB689B683B6102E0BE
S31500003FE03B691B683B613B691B681B68002BF7D16B
S31500003FF0BB681A683B691B6819461046FFF75CFCEC
S315000040003B6900221A60BB6800229A62BB685B6942
S31500004010002B21D07B68002B37D0BB681B68184665
S3150000402000F02BFF0446BB685B691969BB689B6897
S315000040305868BB689B689A68BB68DB69D21A1346E6
S315000040409B0013449B001A46002300931346024626
S31500004050204609F0ABFF18E0FB68D3F8843003F084
S315000040600203002B03D0B86800F026FB0DE0FB68C6
S31500004070D3F8843003F01003002B03D0B86800F0A7
S31500004080B1FB02E0B86800F06EFB7B68002B06D03F
S31500004090B868FFF721FFBB6800225A6226E0BB68BA
S315000040A00022DA61B868FFF7AAFDBB689A68BB68A8
S315000040B0DA60BB685B69002B04D0BB685B691B696F
S315000040C07B6113E0FB68D3F8843003F01203002B06
S315000040D009D0BB689B681B69002B04D0BB689B6832
S315000040E01B697B6102E0BB681B697B617B691846C3
S315000040F01C37BD4690BD80B58AB000AF7860396088
S3150000410000237B627B689B69FB6100233B623B6803
S315000041101B68BB61BB6903F08033002B00F0BE80D7
S31500004120BB69B3F1803F03D13B6804333B60ECE7E6
S31500004130BB6903F40043002B19D0BB69DBB2322BF9
S3150000414001D17B6AF0E0BB69DBB27B613B685B68EF
S315000041501A467969F86902F00BFA7B69202B02D1BD
S31500004160F86902F015FA3B6808333B60CDE7BB6996
S3150000417003F40003002B3DD0BB69DBB2FF2B11D14A
S31500004180BB691B0ADBB27B627B6A022B08D13B68E8
S3150000419004333B60F86902F0FBF901233B6201E05E
S315000041A07B6AC1E03B6A002BAFD1BB69DBB27B61A6
S315000041B0BB691B0ADBB23B613B685B681A467969DF
S315000041C0F86902F0D5F97B69202B02D1F86902F073
S315000041D0DFF93B689B681A463969F86902F0C8F945
S315000041E03B69202B02D1F86902F0D2F93B680C3307
S315000041F03B608AE7BB69002B35DABB69DBB27B61C2
S31500004200BB691B0ADBB23B61BB691B0CDBB2FB6003
S315000042103B685B681A467969F86902F0A9F97B6917
S31500004220202B02D1F86902F0B3F93B689B681A4665
S315000042303969F86902F09CF93B69202B02D1F869CB
S3150000424002F0A6F93B68DB681A46F968F86902F0DD
S315000042508FF9FB68202B02D1F86902F099F93B68C7
S3150000426010333B6051E7BB69DBB2FF2B12D1BB6950
S315000042701B0ADBB27B627B6A022B02D07B6A042BB1
S3150000428006D13B6804333B60F86902F081F93CE7EC
S315000042907B6A49E03B6804333B6036E7BB69DBB2C7
S315000042A07B61BB691B0ADBB23B61BB691B0CDBB2E2
S315000042B0FB60BB691B0EBB603B685B681A4679698D
S315000042C0F86902F055F97B69202B02D1F86902F0F2
S315000042D05FF93B689B681A463969F86902F048F944
S315000042E03B69202B02D1F86902F052F93B68DB6882
S315000042F01A46F968F86902F03BF9FB68202B02D1EF
S31500004300F86902F045F93B681B691A46B968F8690D
S3150000431002F02EF9BB68202B02D1F86902F038F9B9
S315000043203B6814333B60F0E618462837BD4680BD2F
S3150000433080B582B000AF7860786800F025F87B68B9
S31500004340DB6804211846FFF79BF900217868FFF720
S315000043502DFA034618460837BD4680BD80B582B0A3
S3150000436000AF7860786800F00FF87B68DB680221A0
S315000043701846FFF785F900217868FFF717FA034614
S3150000438018460837BD4680BD80B594B000AF78604A
S315000043907B687B637B68DB683B637B6BD3F8B431FC
S315000043A0FB647B6BD3F8B8217B6BD3F8B431D31A9B
S315000043B0DB103B643B6B1B688C33FB62FB6ABB62A6
S315000043C0FB6AEC337B627B689B6E03F02003002B59
S315000043D07ED13B6B9B69FB633B6B1B69BB64002314
S315000043E07B6465E00023BB63FB6C1B683B61FB6C75
S315000043F05B68FB60FB6C0833FB648E4A3B691344C5
S315000044001B78002B1CD07A6A3B69134493F9003061
S31500004410002B0AD03B699B00BA6A13441B68FA68F2
S315000044209A4202D10123BB630AE07A6A3B691344CC
S3150000443001221A703B699B00BA6A1344FA681A6033
S31500004440BB6B002B31D13B69D9B2BA6CFB6B134401
S315000044500A461A70BA6CFB6B9B001344FA685A60E2
S31500004460FB6B013303F00303FB633B6BDB6A5A1CF4
S315000044703B6BDA62FB6B002B17D13B6B1B6903F1BD
S3150000448014023B6B1A613B6BDB695A1E3B6BDA61AC
S315000044903B6BDB69012B05D83B6BFA6B9A61386B7A
S315000044A0FFF7ADFB3B6B1B69BB647B6C01337B6425
S315000044B07A6C3B6C9A4205D23B6B1B6893F9C73109
S315000044C0002B8FD03B6BFA6B9A6100233B64E4E0D0
S315000044D03B6BDA6A3B6C1A443B6BDA623B6B9B695B
S315000044E0FB633B6B1B6893F9C731002B40F0D5800B
S315000044F0FB6B002B3FD03B6B1B69BB641DE0FB6C69
S315000045001B683B62FB6C5B68FB61FB6C0833FB64FE
S315000045103B6C013B3B643B6AD9B2BA6CFB6B134400
S315000045200A461A70BA6CFB6B9B001344FA695A6010
S31500004530FB6B013303F00303FB633B6C002B02D0E0
S31500004540FB6B002BDBD1FB6B002B14D13B6BFA6BA7
S315000045509A613B6B1B6903F114023B6B1A613B6B5F
S31500004560DB695A1E3B6BDA613B6BDB69012B02D8B8
S31500004570386BFFF744FBFB6B002B40F08E8000236B
S315000045807B6444E03B6B1B69BB64FB6C1B68DAB263
S31500004590BB6C1A70FB6C08331B68DAB2BB6C5A70C2
S315000045A0FB6C10331B68DAB2BB6C9A70FB6C183369
S315000045B01B68DAB2BB6CDA70FB6C5A68BB6C5A606B
S315000045C0FB6C08335A68BB6C9A60FB6C10335A68F4
S315000045D0BB6CDA60FB6C18335A68BB6C1A613B6BB8
S315000045E01B6903F114023B6B1A613B6BDB695A1EB4
S315000045F03B6BDA613B6BDB69012B02D8386BFFF74B
S31500004600FEFAFB6C2033FB647B6C01337B643B6CF2
S315000046109B087A6C9A4205D23B6B1B6893F9C731AB
S31500004620002BAFD03B6C03F003033B6400237B6499
S3150000463029E000BFE0D30300FB6C1B68BB61FB6C89
S315000046405B687B61FB6C0833FB643B6B9B69FB63BC
S315000046503B6B1B69BB64BB69D9B2BA6CFB6B134479
S315000046600A461A70BA6CFB6B9B0013447A695A604F
S31500004670FB6B013303F00303FB633B6BFA6B9A613D
S315000046807B6C01337B647A6C3B6C9A4205D23B6B44
S315000046901B6893F9C731002BCED07B6BD3F8B421BE
S315000046A07B6BC3F8B8217B6B4022C3F8BC2100BFEB
S315000046B05037BD4680BD00BF80B588B002AF786078
S315000046C07B681B689B693B617B68DB687B617B68F9
S315000046D09B68FB607B681B689B6E03F00103002BE5
S315000046E03DD122E07B691B68002B09D07B69DB6822
S315000046F0002B05D07B691B681A697B69DB681A6029
S315000047007B6919697B6958687B699A6813469B00BF
S3150000471013449B001A460023009313460246386949
S3150000472009F044FC7B691B687B617A69FB689A42E5
S31500004730D8D17B6919697B6958687B699A687B68F7
S31500004740DB69D21A13469B0013449B001A460023CA
S31500004750009313460246386909F028FC00E000BFC2
S315000047601837BD4680BD80B586B000AF78607B68DF
S315000047701B689B693B617B68DB687B617B689B6828
S31500004780FB607B681B689B6E03F00103002B25D141
S315000047900FE07B6959687B699A6813469B0013444E
S315000047A09B000A460421386909F011FC7B691B68E5
S315000047B07B617A69FB689A42EBD17B6959687B69B0
S315000047C09A687B68DB69D21A13469B0013449B00E8
S315000047D00A460421386909F0FAFB00E000BF1837E1
S315000047E0BD4680BD80B586B000AF78607B681B682B
S315000047F09B693B617B68DB687B617B689B68FB60D0
S315000048007B681B689B6E03F00103002B33D11DE010
S315000048107B691B68002B09D07B69DB68002B05D000
S315000048207B691B681A697B69DB681A607B69196991
S315000048307B699A6813469B0013449B000A46042131
S31500004840386909F0C4FB7B691B687B617A69FB6880
S315000048509A42DDD17B6919697B699A687B68DB6955
S31500004860D21A13469B0013449B000A46042138695A
S3150000487009F0ADFB00E000BF1837BD4680BD80B42F
S3150000488085B000AF786039603B681B6BBB60002366
S31500004890FB6008E0FB689B00BA68134400221A60BC
S315000048A0FB680133FB603B68B3F934301A46FB689A
S315000048B09342EFDB3B680022DA8600BF1437BD4621
S315000048C05DF8047B704780B588B000AFF860B960CA
S315000048D07A60BB681B6BBB61BB68B3F936307B6122
S315000048E0BB68B3F93430013B7A699A422BDBBB686B
S315000048F0B3F934309BB210339BB21AB2BB689A86B6
S31500004900BB68B3F934309800BB681B6B01221946AB
S3150000491004F023F90246BB681A63BB681B6BBB61D4
S315000049207B69FB6108E0FB699B00BA6913440022BE
S315000049301A60FB690133FB61BB68B3F934301A4670
S31500004940FB699342EFDB7B699B00BA6913447A6883
S315000049501A607B699BB201339BB21AB2BB68DA86D6
S315000049607B699B00BA69134418462037BD4680BD53
S3150000497080B483B000AF786039603B685AB27B6818
S3150000498083F8C6213B6818460C37BD465DF8047BA4
S31500004990704780B584B000AF786039603B6803F03B
S315000049A04003002B02D00023FB6003E0702004F0DC
S315000049B0BDF8F86000217868FFF7DAFFFB68184653
S315000049C01037BD4680BDFFFF80B584B000AF78606C
S315000049D04FF4EA7004F0AAF8B860BB68002B00F048
S315000049E0C580BB687A689A66BB68002283F8C621D0
S315000049F0BB68002283F8C721BB6800229A61BB68A6
S31500004A000022DA61BB6802229A64BB680022DA647B
S31500004A10BB6800221A65BB684FF400125A65B86875
S31500004A20FDF794FD0246BB681A62BB681A6ABB684A
S31500004A305A62BB681A6ABB689A62BB681A6ABB6824
S31500004A40DA627968B868FFF7A4FF0246BB681A63A2
S31500004A50BB6800225A63BB6800229A63BB680022C7
S31500004A6083F8C421BB680022DA63BB6800221A649B
S31500004A70BB6800225A64BB6801225A66BB680022E2
S31500004A80A3F86C20BB680022A3F86E20BB68002246
S31500004A90A3F87020BB680022A3F87220BB6800222E
S31500004AA0A3F87420BB680022A3F87620BB68002216
S31500004AB0A3F87820BB6800221A61BB6800225A61FD
S31500004AC0BB680022DA60BB6800229A60BB680022DD
S31500004AD05A60BB68CC22C3F88820BB680522DA6519
S31500004AE07B6803F00403002B05D0BB68DB6D23F065
S31500004AF00102BB68DA657B6803F00803002B05D06A
S31500004B00BB68DB6D23F00402BB68DA65BB68002274
S31500004B101A66BB680022DA670023FB6010E0BA68F9
S31500004B20FB6822339B00134400225A60BA68FB6874
S31500004B30134403F5BC7300221A70FB680133FB6053
S31500004B40FB683A2BEBDDBB680022C3F88020BB680C
S31500004B50002283F8C821BB68082283F8C521064BCA
S31500004B601A68BB681A60044ABB681360BB681846BB
S31500004B701037BD4680BD00BF5C05FE1F80B584B002
S31500004B8000AF78607B689B69002B04D0786800F0E2
S31500004B900FF9F86001E00023FB60214BBB6002E0E7
S31500004BA0BB681B68BB60BB68002B04D0BB681B6876
S31500004BB07A689A42F4D1BB68002B01D102232AE01D
S31500004BC07B681A68BB681A607B6800221A6205E077
S31500004BD07B68DB6919467868FDF72AFE7B68DB6926
S31500004BE0002BF5D17B68DB6F002B04D07B68DB6F75
S31500004BF0184603F0A7FF7B681B6B002B04D07B686D
S31500004C001B6B184603F09EFF7B6800221A637868C8
S31500004C1003F098FFFB6818461037BD4680BD00BFFD
S31500004C205C05FE1F90B587B000AF786039607B6881
S31500004C303B613968786801F047FC02463B699A6136
S31500004C403B699B69002B05D105217868FFF790FE2B
S31500004C500346A7E000237B6109E03A697B691344B8
S31500004C6003F5BC7300221A707B6901337B617B6993
S31500004C703A2BF2DD3B69DB6F002B1DD03B69DB6F06
S31500004C80FB603B69D3F8883019467868FEF79FFDCC
S31500004C900246FB681A603B69D3F88820FB681C68EB
S31500004CA011467868FEF793FD03462360FB681B6890
S31500004CB01B68FA6812681A603B69D3F888103B696A
S31500004CC0D3F888301A46786804F01DFC02463B6922
S31500004CD01A613B69D3F888103B69D3F888301A46C5
S31500004CE0786804F010FC02463B695A613B691B690F
S31500004CF0002B03D03B695B69002B05D10121786845
S31500004D00FFF736FE01234DE03B691A693B69DA601D
S31500004D103B691B691A463B699A603B695B691A469F
S31500004D203B695A603B6900225A634FF4007003F0F6
S31500004D30FDFE02463B69C3F8B4213B69D3F8B421B2
S31500004D403B69C3F8B8213B694022C3F8BC213B69E3
S31500004D50164AC3F8C0213B69002283F8C9213B6982
S31500004D609B690A21184608F03FFF0346002B14D022
S31500004D703B699869FF2300220A2108F0EFFE3B6990
S31500004D809B6900220A21184608F00AFF0346FF2BFA
S31500004D9003D13B69012283F8C92100217868FFF716
S31500004DA0E7FD034618461C37BD4690BD8943000003
S31500004DB080B586B000AF78607B689B69002B53D0C6
S31500004DC07B68DB6F002B0CD07B68DB6F1B681B6876
S31500004DD000221A607B68DB6F1B6819467868FEF74D
S31500004DE06BFD7B681B697B617B685B693B617B68EC
S31500004DF000221A617B6800225A617B69002B03D06E
S31500004E007969786804F0E2FB3B69002B03D03969C5
S31500004E10786804F0DBFB7B680022DA607B6800229E
S31500004E209A607B6800225A607B6800225A637B681E
S31500004E30D3F8B431184603F085FE7B680022C3F828
S31500004E40B4217B680022C3F8B8217B689B691846A9
S31500004E5001F07DFBF8607B6800229A61F96878684A
S31500004E60FFF786FD034604E000217868FFF780FD22
S31500004E70034618461837BD4680BD80B483B000AFE0
S31500004E8078607B689B6918460C37BD465DF8047BE5
S31500004E90704780B584B000AF786039607B68002BBE
S31500004EA001D1022338E07B685B6EFB60FA683B68E1
S31500004EB09A4205D100217868FFF75AFD03462BE098
S31500004EC0FA683B689A4208D0FB68082B05D03B6815
S31500004ED0082B02D0786800F023F87B683A685A6697
S31500004EE07B685B6A93F80E217B685B6A42F001027D
S31500004EF0D2B283F80E21FB68082B02D1786804F041
S31500004F0085FD3B68082B02D1786804F039FD002145
S31500004F107868FFF72DFD034618461037BD4680BD5D
S31500004F2080B582B000AF7860786804F09FFD7B683A
S31500004F305B6A93F80E217B685B6A42F00102D2B28B
S31500004F4083F80E2100217868FFF712FD0346184604
S31500004F500837BD4680BD80B582B000AF78600B468D
S31500004F607B807B687A88A3F86C2000217868FFF73D
S31500004F70FFFC034618460837BD4680BD80B582B0A3
S31500004F8000AF78607B68002B08D0786801F014FBCE
S31500004F9000217868FFF7ECFC034600E00223184680
S31500004FA00837BD4680BD80B584B000AF78607B68A9
S31500004FB0DB68FB607868FFF7E7F9FB681A69FB684E
S31500004FC05B685B689A4201D001230FE0FB685B696E
S31500004FD0002B0AD0FB685B691A69FB685B691B6872
S31500004FE01B689A4201D1012300E0002318461037BE
S31500004FF0BD4680BD90B58DB000AFF8607B600B46B6
S315000050007B8113463B817B6C03F00103002B02D0AE
S315000050100023FB6203E0BB6CD3F81031FB627B6CB0
S3150000502003F00203002B02D00023BB6203E0BB6C3B
S31500005030D3F81031BB62BB6CD3F810311B011C4690
S315000050407B6803FB03F23B6C03FB03F31344184634
S3150000505003F041FC034694FBF3F37B62FB6C002BED
S3150000506002D0FB6C7A6A1A603B6C5B427A6A02FB7E
S3150000507003F31B113B627B687A6A02FB03F31B1185
S31500005080FB61B7F90A305B423A6A03FB02F2B7F9F1
S315000050900830F96901FB03F3D31A1B11BB61B7F999
S315000050A00A305B42FA6903FB02F2B7F90830396A43
S315000050B001FB03F313441B117B61B7F90A207B68DC
S315000050C01344FA6903FB02F2B7F908103B6C0B4470
S315000050D0396A01FB03F3D31A1B113B61BB6CD3F88E
S315000050E010315B081A46BB691A44FB681A60FB68F4
S315000050F03A6A5A60FB68FA699A60FB680C33796908
S31500005100FA6A0A441A60FB680C33FA695A60FB684B
S315000051100C333A6A52429A60FB6818333969BA6AA4
S315000051200A441A60FB681833FA6952425A60FB68EF
S3150000513018333A6A9A6000BF3437BD4690BD80B5D1
S315000051408CB000AFF8607B600B467B8113463B81D9
S31500005150FB6B03F00103002B02D00023FB6202E08D
S315000051604FF48033FB62FB6B03F00203002B02D08B
S315000051700023BB6202E04FF48033BB627B6803FB13
S3150000518003F2BB6B03FB03F31344184603F0A3FBC4
S3150000519003464FF4801292FBF3F37B623B6C002BC9
S315000051A002D03B6C7A6A1A60BB6B5B427A6A02FB7E
S315000051B003F31B113B627B687A6A02FB03F31B1144
S315000051C0FB61B7F90A305B423A6A03FB02F2B7F9B0
S315000051D00830F96901FB03F3D31A1B11BB61B7F958
S315000051E00A305B42FA6903FB02F2B7F90830396A02
S315000051F001FB03F313441B117B61B7F90A207B689B
S315000052001344FA6903FB02F2B7F90810BB6B0B44AF
S31500005210396A01FB03F3D31A1B113B61BB6903F522
S315000052200042FB681A60FB683A6A5A60FB68FA69D2
S315000052309A60FB680C337969FA6A0A441A60FB685B
S315000052400C33FA695A60FB680C333A6A52429A6028
S31500005250FB6818333969BA6A0A441A60FB6818335E
S31500005260FA6952425A60FB6818333A6A9A6000BF7C
S315000052703037BD4680BDFFFF80B48DB000AFF8600B
S315000052807B600B467B8113463B81FB6B03F001037E
S31500005290002B02D00023BB6102E04FF48033BB61D8
S315000052A0FB6B03F00203002B02D000237B6102E0BC
S315000052B04FF480337B617B68002B80F2F080BB6B00
S315000052C0002B77DA7A68BB6B9A4238DABB6B1A0422
S315000052D07B6892FBF3F33B61B7F908301A03B7F921
S315000052E00A30396901FB03F31B11D31A7B62B7F944
S315000052F00A301A03B7F90830396901FB03F31B11A9
S3150000530013443B62B7F90A207B6813441B035A42D5
S31500005310B7F90810BB6B0B44396901FB03F31B118A
S31500005320D31AFB613B69FB629B4BBB623B6C002B58
S3150000533000F0A8817B685A423B6C1A60A2E17B6848
S315000053401A04BB6B5B4292FBF3F33B61B7F90A307D
S315000053505B421A03B7F90830396901FB03F31B11E5
S31500005360D31A7B62B7F908301A03B7F90A303969DC
S3150000537001FB03F31B11D31A3B62B7F90A207B68C2
S3150000538013443A6902FB03F31A11B7F90810BB6B11
S315000053900B441B03D31AFB614FF48033FB623B695A
S315000053A0BB623B6C002B00F06D81BB6B5A423B6CC1
S315000053B01A6067E17B685B42BA6B9A4237DABB6B6D
S315000053C01A047B6892FBF3F33B61B7F908301A03C2
S315000053D0B7F90A30396901FB03F31B11D31A7B6253
S315000053E0B7F90A301A03B7F90830396901FB03F334
S315000053F01B1113443B62B7F90A207B6813441B0355
S315000054005A42B7F90810BB6B0B44396901FB03F329
S315000054101B11D31AFB613B69FB625F4BBB623B6CA2
S31500005420002B00F02F813B6C7A681A602AE17B68BA
S315000054301A04BB6B92FBF3F33B61B7F90A301A030C
S31500005440B7F90830396901FB03F31B11D31A7B62E4
S31500005450B7F908305B421A03B7F90A30396901FB1C
S3150000546003F31B11D31A3B62B7F90A207B68134476
S315000054703A6902FB03F31A11B7F90810BB6B0B4428
S315000054801B031344FB61444BFB623B69BB623B6CF1
S31500005490002B00F0F7803B6CBA6B1A60F2E0BB6B36
S315000054A0002B7BDABB6B5B427A689A423ADDBB6BB8
S315000054B01A047B685B4292FBF3F33B61B7F9083051
S315000054C05B421A03B7F90A30396901FB03F31B1172
S315000054D0D31A7B62B7F90A305B421A03B7F9083070
S315000054E0396901FB03F31B1113443B62B7F90A2028
S315000054F07B6813441A03B7F90810BB6B0B44396970
S3150000550001FB03F31B11D31AFB613B69FB624FF4EA
S315000055108033BB623B6C002B00F0B4803B6C7A6836
S315000055201A60AFE07B681A04BB6B5B4292FBF3F335
S315000055303B61B7F90A305B421A03B7F9083039699B
S3150000554001FB03F31B11D31A7B62B7F908301A0368
S31500005550B7F90A30396901FB03F31B11D31A3B6211
S31500005560B7F90A207B6813443A6902FB03F31A1160
S31500005570B7F90810BB6B0B441B03D31AFB614FF43E
S315000055808033FB623B69BB623B6C002B7AD0BB6B02
S315000055905A423B6C1A6075E00000FFFF7A68BB6BED
S315000055A09A4239DDBB6B1A047B685B4292FBF3F3CC
S315000055B03B61B7F908305B421A03B7F90A3039691B
S315000055C001FB03F31B11D31A7B62B7F90A305B4266
S315000055D01A03B7F90830396901FB03F31B111344A9
S315000055E03B62B7F90A207B6813441A03B7F908101F
S315000055F0BB6B0B44396901FB03F31B11D31AFB6127
S315000056003B69FB624FF48033BB623B6C002B39D0A5
S315000056103B6C7A681A6035E07B681A04BB6B92FBB8
S31500005620F3F33B61B7F90A301A03B7F90830396961
S3150000563001FB03F31B11D31A7B62B7F908305B42F7
S315000056401A03B7F90A30396901FB03F31B11D31AA0
S315000056503B62B7F90A207B6813443A6902FB03F3FD
S315000056601A11B7F90810BB6B0B441B031344FB61FB
S315000056701C4BFB623B69BB623B6C002B02D03B6C54
S31500005680BA6B1A607B6A03F50042FB681A60FB6816
S31500005690FA6A5A60FB68BA6A9A60FB680C33396A20
S315000056A0BA690A441A60FB680C33BA6A5A60FB6826
S315000056B00C33FA6A52429A60FB681833F9697A69C0
S315000056C00A441A60FB681833BA6A52425A60FB6889
S315000056D01833FA6A9A6000BF3437BD465DF8047B1A
S315000056E0704700BF0000FFFF80B489B000AFF860CC
S315000056F07B600B467B8113463B817B68002B71DA0E
S31500005700BB6A002B3DDA7B689AB27B8913449BB255
S315000057107B81BB6A9AB23B8913449BB23B817A6810
S31500005720BB6A9A4217DD7B681A04BB6A92FBF3F3E5
S315000057303B61B7F908303A6902FB03F31A11B7F96E
S315000057400A301B03D31AFB614FF48033BB613B69FC
S315000057505B427B61BBE0BB6A1A047B6892FBF3F396
S315000057603B61B7F908301A03B7F90A30396901FB0A
S3150000577003F31B11D31AFB613B69BB615E4B7B6173
S31500005780A5E07B685B42BA6A9A4215DABB6A1A04DC
S315000057907B6892FBF3F33B61B7F908301A03B7F95C
S315000057A00A30396901FB03F31B11D31AFB613B690C
S315000057B0BB61514B7B618AE07B681A04BB6A92FB32
S315000057C0F3F33B61B7F90A301A03B7F908303969C0
S315000057D001FB03F31B11D31AFB61474BBB613B690A
S315000057E07B6174E0BB6A002B40DA7B689AB27B89E6
S315000057F013449BB27B81BB6A9AB23B8913449BB22A
S315000058003B81BB6A5B427A689A4217DDBB6A1A041F
S315000058107B6892FBF3F33B61B7F90A303A6902FB06
S3150000582003F31A11B7F908301B03D31AFB613B695E
S315000058305B42BB614FF480337B6148E07B681A04AE
S31500005840BB6A92FBF3F33B61B7F908303A6902FB96
S3150000585003F31A11B7F90A301B03D31AFB614FF48D
S315000058608033BB613B695B427B6130E07A68BB6A2F
S315000058709A4217DDBB6A1A047B6892FBF3F33B611D
S31500005880B7F90A303A6902FB03F31A11B7F908307F
S315000058901B03D31AFB613B695B42BB614FF4803348
S315000058A07B6114E07B681A04BB6A92FBF3F33B61ED
S315000058B0B7F90A301A03B7F90830396901FB03F35F
S315000058C01B11D31AFB610C4BBB613B697B61FB6A05
S315000058D0002B02D0FB690133FB61FB68FA691A6091
S315000058E0FB68BA695A60FB687A699A6000BF243718
S315000058F0BD465DF8047B70470000FFFF2DE9B00F41
S31500005900B7B000AFC7F8B400C7F8AC300B46A7F87D
S31500005910B2301346A7F8B030D7F8FC30D3F81031C0
S31500005920C7F8C830D7F8AC30002B80F26881D7F8BA
S31500005930F830002B80F2BE80D7F8AC309AB2B7F8B8
S31500005940B23013449BB2A7F8B230D7F8F8309AB207
S31500005950B7F8B03013449BB2A7F8B030D7F8AC20F4
S31500005960D7F8F8309A4252DDD7F8AC301A04D7F897
S31500005970F83092FBF3F3DA17BB67FA67D7E91E3400
S31500005980C7E93034B7F9B010D7E93023134601FB25
S3150000599003F31A11B7F9B2301B03D31AC7F8D43080
S315000059A0D7F8C830C7F8D030D7F8C830DA173B6711
S315000059B07A67D7E93023D7E91C45294602FB01F06F
S315000059C0214601FB03F101442046A0FB0232C7F841
S315000059D0A420C7F8A030D7F8A430CB18C7F8A43055
S315000059E0D7E92834C7E92E34D7E92E014FF0000253
S315000059F04FF00003020C42EA01420B14C7E93023C0
S31500005A00D7E9302313465B42C7F8CC3055E2D7F8C6
S31500005A10F8301A04D7F8AC3092FBF3F3DA17BB660A
S31500005A20FA66D7E91A34C7E93034B7F9B030190342
S31500005A30B7F9B200D7E93023134600FB03F31B1175
S31500005A40CB1AC7F8D430D7F8C830DA173B667A666F
S31500005A50D7E93023D7E91845294602FB01F021464C
S31500005A6001FB03F101442046A0FB0232C7F89C204B
S31500005A70C7F89830D7F89C30CB18C7F89C30D7E9D0
S31500005A802634C7E92E34D7E92E014FF000024FF035
S31500005A900003020C42EA01420B14C7E93023D7E99E
S31500005AA030231346C7F8D030D7F8C8305B42C7F862
S31500005AB0CC3002E2D7F8AC305B42D7F8F8209A42F5
S31500005AC052DAD7F8F8301A04D7F8AC3092FBF3F371
S31500005AD0DA17BB65FA65D7E91634C7E93034B7F982
S31500005AE0B0301903B7F9B200D7E93023134600FBEB
S31500005AF003F31B11CB1AC7F8D430D7F8C830DA171E
S31500005B003B657A65D7E93023D7E91445294602FB78
S31500005B1001F0214601FB03F101442046A0FB0232BD
S31500005B20C7F89420C7F89030D7F89430CB18C7F848
S31500005B309430D7E92434C7E92E34D7E92E014FF043
S31500005B4000024FF00003020C42EA01420B14C7E9BF
S31500005B503023D7E930231346C7F8D030D7F8C830FA
S31500005B605B42C7F8CC30A8E1D7F8AC301A04D7F8B6
S31500005B70F83092FBF3F3DA17BB64FA64D7E9123410
S31500005B80C7E93034B7F9B2301903B7F9B000D7E92D
S31500005B903023134600FB03F31B11CB1AC7F8D4308E
S31500005BA0D7F8C8305B42C7F8D030D7F8C830DA1714
S31500005BB03B647A64D7E93023D7E91045294602FBCE
S31500005BC001F0214601FB03F101442046A0FB02AB94
S31500005BD001EB0B039B46C7E92EABD7E92E014FF02D
S31500005BE000024FF00003020C42EA01420B14C7E91F
S31500005BF03023D7E930231346C7F8CC305DE1D7F818
S31500005C00F830002B80F2BF80D7F8AC309AB2B7F8E4
S31500005C10B23013449BB2A7F8B230D7F8F8309AB234
S31500005C20B7F8B03013449BB2A7F8B030D7F8F830C5
S31500005C305B42D7F8AC209A4252DDD7F8F8301A0406
S31500005C40D7F8AC3092FBF3F3DA17BB63FA63D7E904
S31500005C500E34C7E93034B7F9B210D7E9302313460A
S31500005C6001FB03F31A11B7F9B0301B03D31AC7F8B7
S31500005C70D430D7F8C830DA173B637A63D7E93023D4
S31500005C80D7E90C45294602FB01F0214601FB03F149
S31500005C9001442046A0FB0232C7F88C20C7F88830A2
S31500005CA0D7F88C30CB18C7F88C30D7E92234C7E93F
S31500005CB02E34D7E92E014FF000024FF00003020CFC
S31500005CC042EA01420B14C7E93023D7E930231346D1
S31500005CD05B42C7F8D030D7F8C830C7F8CC30ECE014
S31500005CE0D7F8AC301A04D7F8F83092FBF3F3DA178A
S31500005CF0BB62FA62D7E90A34C7E93034B7F9B010A3
S31500005D00D7E93023134601FB03F31A11B7F9B23072
S31500005D101B03D31AC7F8D430D7F8C830C7F8D03029
S31500005D20D7F8C830DA173B627A62D7E93023D7E969
S31500005D300845294602FB01F0214601FB03F1014417
S31500005D402046A0FB0232C7F88420C7F88030D7F877
S31500005D508430CB18C7F88430D7E92034C7E92E340D
S31500005D60D7E92E014FF000024FF00003020C42EA81
S31500005D7001420B14C7E93023D7E9302313465B42AF
S31500005D80C7F8CC3099E0D7F8AC20D7F8F8309A426B
S31500005D904ADDD7F8F8301A04D7F8AC3092FBF3F3A3
S31500005DA0DA17BB61FA61D7E90634C7E93034B7F9C7
S31500005DB0B210D7E93023134601FB03F31A11B7F9E2
S31500005DC0B0301B03D31AC7F8D430D7F8C830DA1767
S31500005DD03B617A61D7E93023D7E90445294602FBBE
S31500005DE001F0214601FB03F101442046A0FB028994
S31500005DF001EB09039946C7E92E89D7E92E014FF031
S31500005E0000024FF00003020C42EA01420B14C7E9FC
S31500005E103023D7E9302313465B42C7F8D030D7F892
S31500005E20C830C7F8CC3048E0D7F8AC301A04D7F8F9
S31500005E30F83092FBF3F3DA17BB60FA60D7E9022376
S31500005E40C7E93023B7F9B2301903B7F9B000D7E97B
S31500005E503023134600FB03F31B11CB1AC7F8D430CB
S31500005E60D7F8C8305B42C7F8D030D7F8C830DA1751
S31500005E703B607A60D7E93023D7E90089494602FBBF
S31500005E8001F0414601FB03F101444046A0FB0245F7
S31500005E904B191D46C7E92E45D7E92E014FF00002E2
S31500005EA04FF00003020C42EA01420B14C7E930230B
S31500005EB0D7E930231346C7F8CC30D7F8D4301B01C6
S31500005EC0D7F8FC20B2F9142093FBF2F3C7F8D430CC
S31500005ED0D7F8C830DA0F13445B101A46D7F8D43017
S31500005EE01A44D7F8B4301A60D7F8B430D7F8D020AF
S31500005EF05A60D7F8B430D7F8CC209A6000BFDC37A8
S31500005F00BD46BDE8B00F704780B489B000AFF860F9
S31500005F107B600B467B8113463B81BB6A002B0BDA09
S31500005F207B689AB27B8913449BB27B81BB6A9AB227
S31500005F303B8913449BB23B81B7F90A30BA6A03FB2B
S31500005F4002F2B7F90830796801FB03F3D31A1B0292
S31500005F50FB61BB6A5B421B03BB617B681B037B6106
S31500005F60FB6A002B02D0FB690133FB61FB6903F579
S31500005F700042FB681A60FB68BA695A60FB687A6976
S31500005F809A6000BF2437BD465DF8047B704780B534
S31500005F9088B000AFF8607B600B467B8113463B817F
S31500005FA0BB6A002B0BDA7B689AB27B8913449BB2DF
S31500005FB07B81BB6A9AB23B8913449BB23B817B6867
S31500005FC003FB03F2BB6A03FB03F31344184602F018
S31500005FD082FC03461A464FF48013B3FBF2F3BB610F
S31500005FE0BB6A5B42BA6902FB03F31B117B617B68E8
S31500005FF0BA6902FB03F31B113B61B7F90A305B4236
S315000060007A6903FB02F2B7F90830396901FB03F339
S31500006010D31A1B11FB61FB6A002B02D0FB6901330B
S31500006020FB61FB6903F50042FB681A60FB687A694D
S315000060305A60FB683A699A6000BF2037BD4680BD4A
S3150000604080B483B000AF786039607B681A687B687B
S315000060509B68396801FB03F31A447B681A607B6806
S315000060609B685A427B689A6000BF0C37BD465DF854
S31500006070047B704780B586B000AFF860B9607A607F
S31500006080FB68D3F8B8317B61FB68D3F8B83103F10C
S315000060900802FB68C3F8B8217B69BA681A607B6995
S315000060A07A685A60FB68D3F8BC315A1EFB68C3F89D
S315000060B0BC21FB68D3F8BC31002B04DCFB68D3F8A9
S315000060C0C031F868984700BF1837BD4680BD80B418
S315000060D083B000AF78607B6800221A607B6800227C
S315000060E09A827B680022DA827B6800225A607B688B
S315000060F000229A607B680022DA607B6800221A61BF
S3150000610000BF0C37BD465DF8047B704780B588B08C
S3150000611000AFF860B9607A603B60BB68B3F91430D1
S315000061201A467B68B3F90030D31A7B61BB68B3F9B2
S3150000613016301A467B68B3F90230D31A3B61BB6846
S315000061405B687A6903FB02F2BB689B68396901FBED
S3150000615003F313441B11FB61BB681B6803F00803C0
S31500006160002B02D0FB690133FB61BB681B6803F09F
S315000061701003002B03D0FB69A3F58033FB610122DA
S315000061803B6802FA03F3BB61BB681B6803F00403B8
S31500006190002B0CD04FF400723B6802FA03F3BA6985
S315000061A01343BB61FB69A3F50043013BFB61BB687D
S315000061B01B6803F04003002B08D03B685B084FF4D4
S315000061C0003202FA03F3BA691343BB61BB6A002BC0
S315000061D01AD13B68191DFB695B421A46F868FFF73E
S315000061E049FF3B6803F10A01BB685B681A46F86819
S315000061F0FFF740FF3B6803F11001BB689B681A4636
S31500006200F868FFF737FF1CE03B68191DFB695B4226
S315000062109B011A46F868FFF72DFF3B6803F10A0158
S31500006220BB685B689B011A46F868FFF723FF3B686B
S3150000623003F11001BB689B689B011A46F868FFF7DB
S3150000624019FFBB6918462037BD4680BD80B485B0AE
S3150000625000AFF860B9607A603B60002318461437D7
S31500006260BD465DF8047B704780B586B002AFF86026
S31500006270B9607A603B60BB685B7E03F00103002B6C
S3150000628044D0BB68DB6903F00103002B26D03B68D2
S31500006290052B01D9BB6913E1BB6803F11C01BB697E
S315000062A003F0807300933B687A68F868FFF72EFF67
S315000062B00246BB691343BB61BB6923F40003BB61A0
S315000062C0BB68DB6903F04003002B03D0BB6923F4F2
S315000062D08003BB613B6801333B6017E03B68042BDE
S315000062E001D9BB69ECE0BB6803F11C013B687A6825
S315000062F0F868FFF7ABFF0246BB691343BB61BB6996
S3150000630023F40003BB613B6802333B60BB685B7EE2
S3150000631003F00203002B44D0BB685B6B03F0010360
S31500006320002B26D03B68052B01D9BB69C8E0BB68AA
S3150000633003F13401BB6903F0807300933B687A680C
S31500006340F868FFF7E3FE0246BB691343BB61BB690E
S3150000635023F40003BB61BB685B6B03F04003002BB7
S3150000636003D0BB6923F48003BB613B6801333B6008
S3150000637017E03B68042B01D9BB69A1E0BB6803F1B8
S3150000638034013B687A68F868FFF760FF0246BB692C
S315000063901343BB61BB6923F40003BB613B68023353
S315000063A03B60BB689B7D03F00203002B40D0BB68BB
S315000063B05B7E03F00403002B3AD0BB68DB6C03F072
S315000063C00103002B1CD03B68052B01D9BB6977E084
S315000063D0BB6803F14C01BB6903F0807300933B6813
S315000063E07A68F868FFF792FE0246BB691343BB6101
S315000063F0BB6923F40003BB613B6801333B6017E0D4
S315000064003B68042B01D9BB695AE0BB6803F14C0118
S315000064103B687A68F868FFF719FF0246BB691343C1
S31500006420BB61BB6923F40003BB613B6802333B607D
S31500006430BB689B7D03F00403002B40D0BB685B7EEA
S3150000644003F00803002B3AD0BB685B6E03F0010330
S31500006450002B1CD03B68052B01D9BB6930E0BB681B
S3150000646003F16401BB6903F0807300933B687A68AB
S31500006470F868FFF74BFE0246BB691343BB61BB6975
S3150000648023F40003BB613B6801333B6017E03B68C4
S31500006490042B01D9BB6913E0BB6803F164013B68B7
S315000064A07A68F868FFF7D2FE0246BB691343BB6100
S315000064B0BB6923F40003BB613B6802333B60BB69E5
S315000064C018461037BD4680BD80B584B000AF7860F1
S315000064D039603B68184607F0C7FAF860FB68002B7E
S315000064E030D001220121F86807F05AFB03461A460C
S315000064F07B68C3F880207B68D3F8803003F0806324
S31500006500002B03D07B68012283F8C8217B68D3F86F
S31500006510803003F40033002B05D17B689B6E43F07B
S3150000652001027B689A667B68DB6D31220121F8687F
S3150000653007F014FBF86807F016FD03461A467B6859
S31500006540C3F88420FB6818461037BD4680BD80B569
S3150000655082B000AF7860786807F0DEFA0346012B58
S3150000656001D1002300E0022318460837BD4680BD4E
S3150000657080B584B000AFF860B9607A60BA687B68AD
S315000065800121F86807F0EAFA00BF1037BD4680BD62
S3150000659080B582B000AF786000BF00220121786824
S315000065A007F0FEFA034603F00103002BF5D100BF06
S315000065B000BF0837BD4680BD80B584B000AF7860A7
S315000065C07B689B69FB607B689B6E03F00103002B75
S315000065D016D000BF00220121F86807F0E1FA034651
S315000065E003F00303002BF5D114E07B689B6E03F0E8
S315000065F00203002B04D1C8220421F86807F0FEFB31
S3150000660000220121F86807F0CBFA034603F00803DD
S31500006610002BEAD100BF1037BD4680BD80B58AB0D9
S3150000662000AFF860B9607A60FB683B62FB689B6903
S31500006630FB61BB685B687B62BB681B6BBB613B6ACB
S315000066409B6E03F00103002B1CD07B68002B13D03C
S31500006650BB691B681946F868FDF74DFD29E07B6AA2
S315000066605B687B617969F868FDF745FD0346032B96
S3150000667006D07B6A1B687B627B6A002BEFD118E031
S3150000668000BF16E0BB691B68002B12D03B6A93F96A
S31500006690C931002B06D0BB691A463221F869FFF7CB
S315000066A067FF06E0BB691B681A463221F869FFF7E7
S315000066B05FFF2837BD4680BD80B586B000AFF86065
S315000066C0B9607A60FB68D3F8B8317B61FB68D3F8B0
S315000066D0B83103F10802FB68C3F8B8217B69BA68D0
S315000066E01A607B697A685A60FB68D3F8BC315A1E17
S315000066F0FB68C3F8BC21FB68D3F8BC31002B04DC73
S31500006700FB68D3F8C031F868984700BF1837BD4614
S3150000671080BDFFFFB0B5AAB006AFF860B9601146FC
S315000067201A460B46FB801346BB80B7F9A020B7F983
S315000067300630D31AFB66B7F9A420B7F90430D31A8A
S31500006740BB66FA6EBB6E1343002B02D1002300F02A
S3150000675060BEBB6893F8D6303B67B7F9A8300F33F5
S315000067605B10A7F88E303B6F012B0FD1D7F8AC30FA
S3150000677003F00303032B09D0B7F98E2013465B0001
S315000067801344DB009B1A1B11A7F88E30D7F8AC30E8
S3150000679003F40053002B30D0BB6893F8D730042B9A
S315000067A00FD1B7F98E2013469B0013449B001B1193
S315000067B0A7F88E30B7F9A8305B101BB21B037B67B6
S315000067C01DE0BB68B3F9D8301A46B7F9A8305B109C
S315000067D01BB213441B037B67BB68B3F9D8301A4658
S315000067E0B7F9A8305B101BB21A4413469B0013443A
S315000067F09B001B11A7F88E3001E000237B67FB6E20
S31500006800002B19DDFA88B7F88E30D31A9BB21BB26B
S3150000681023F00F031BB2A7F85030B7F8A020B7F843
S315000068208E3013449BB20F339BB21BB223F00F037F
S315000068301BB2A7F8543018E0B7F8A020B7F88E308E
S31500006840D31A9BB21BB223F00F031BB2A7F850302A
S31500006850FA88B7F88E3013449BB20F339BB21BB243
S3150000686023F00F031BB2A7F85430BB6E002B19DDC3
S31500006870BA88B7F88E30D31A9BB21BB223F00F0337
S315000068801BB2A7F85230B7F8A420B7F88E301344DD
S315000068909BB20F339BB21BB223F00F031BB2A7F8B8
S315000068A0563018E0B7F8A420B7F88E30D31A9BB24A
S315000068B01BB223F00F031BB2A7F85230BA88B7F801
S315000068C08E3013449BB20F339BB21BB223F00F03DF
S315000068D01BB2A7F8563007F150031946F86805F0C1
S315000068E0F3FE0346002B02D1002300F092BDFA8886
S315000068F0B7F950309BB2D31A9BB2FB80BA88B7F96E
S3150000690052309BB2D31A9BB2BB80B7F9A8302F2B5B
S3150000691004DC3B6F022B01D101233B67D7F8AC3077
S3150000692003F00303032B01D100233B67BB6893F8F5
S31500006930D53003F00303032B49D1B7F90420B7F987
S31500006940061007F1180007F114030393BB680293BE
S31500006950D7F8AC300193BB6E0093FB6EFEF74AFB93
S31500006960B7F9A830BA68D2F8102102FB03F31B115D
S31500006970C7F88830BA69D7F888305B101344BB6112
S315000069803B6F012B17D1D7F8AC3003F00103002B76
S3150000699005D17A6AD7F888305B1013447B62D7F842
S315000069A0AC3003F00203002B05D13A6BD7F88830E0
S315000069B05B1013443B63BB68D3F810315B08A3F547
S315000069C08033D7F888201344C7F8883050E0B7F9E9
S315000069D0A8301F2B11DCB7F90420B7F9061007F110
S315000069E0180007F114030293D7F8AC300193BB6E7D
S315000069F00093FB6EFEF740FC10E0B7F90420B7F9F0
S31500006A00061007F1180007F114030293D7F8AC300B
S31500006A100193BB6E0093FB6EFEF791FBB7F9A830AE
S31500006A201B03C7F88830BA69D7F888305B1013445F
S31500006A30BB613B6F012B1BD1D7F8AC3003F00103D0
S31500006A40002B07D17A6AD7F88830A3F580335B101C
S31500006A5013447B62D7F8AC3003F00203002B07D156
S31500006A603A6BD7F88830A3F580335B1013443B6349
S31500006A70B968F86803F002F9BB68D3F82831FB65FA
S31500006A80BB6E002B02DDFB6E002B05DBBB6E002B05
S31500006A9006DAFB6E002B03DD0123C7F8803002E027
S31500006AA00023C7F88030FB6D03F41852B74B13432D
S31500006AB0C7F88430BB689B7D03F00603002B24D007
S31500006AC03B6F022B02D002237B6601E005237B6627
S31500006AD0D7F8AC3003F40053002B01D005237B66B6
S31500006AE007F15002D7F8843000937B6EB968F868D6
S31500006AF0FFF7BAFBC7F88400D7F8843003F4000325
S31500006B00002B02D10023C7F88030BB6893F8D4303D
S31500006B1003F00203002B5CD0BB687C33BB65BB680B
S31500006B2093F80E3143F00803DAB2BB6883F80E21FE
S31500006B30BB6D21221A60BB6DFA889A82BB6DBA883A
S31500006B40DA82BB6893F8D43003F00803002B13D025
S31500006B50FB6A1A01BB68D3F8D03092FBF3F2BB6D27
S31500006B605A60BB6A5B421A01BB68D3F8D03092FB0D
S31500006B70F3F2BB6D9A6011E0BB6A1A01BB68D3F8E9
S31500006B80D03092FBF3F2BB6D5A60FB6A1A01BB6808
S31500006B90D3F8D03092FBF3F2BB6D9A60BB68D3F8A2
S31500006BA0CC301A03BB6DDA60BB6893F8D43003F0BF
S31500006BB00403002B0DD0BB68D3F8CC207B691901E8
S31500006BC0BB68D3F8D03091FBF3F31A44BB68C3F823
S31500006BD0CC2007F15002D7F88030B968F86802F087
S31500006BE086F907F15002D7F88030B968F86804F0E2
S31500006BF075FE3B6F022B40F0B380B7F9A830103317
S31500006C005B10A7F88C30D7F8AC3003F00103002BEB
S31500006C102DD0D7F88030002B12D0B7F8A020B7F9C6
S31500006C2050309BB2D31A9BB2A7F86230B7F95630F0
S31500006C309AB2B7F8A430D31A9BB2A7F8603011E025
S31500006C40B7F8A020B7F950309BB2D31A9BB2A7F879
S31500006C506230B7F8A420B7F952309BB2D31A9BB270
S31500006C60A7F8603000233B670123BB672BE0D7F80A
S31500006C708030002B10D0FB88A7F86230B7F9563069
S31500006C809AB2B7F952309BB2D31A9AB2BB88D31ACA
S31500006C909BB2A7F8603005E0FB88A7F86230BB8896
S31500006CA0A7F86030D7F8AC3003F00203002B02D00F
S31500006CB000233B6705E0D7F8843043F40053C7F858
S31500006CC084300023BB67B7F96220B7F98C305B00CC
S31500006CD01344002B49DDB7F96020B7F98C305B000F
S31500006CE01344002B41DDB7F96220B7F98C305B0005
S31500006CF0D21AB7F954301946B7F95030CB1A9A421E
S31500006D0033DAB7F96020B7F98C305B00D21AB7F9DD
S31500006D1056301946B7F95230CB1A9A4225DAB7F9E6
S31500006D206220002304930023039300230293B7F900
S31500006D308C300193B7F96030009313460222B9688C
S31500006D40F868FCF709F9FB6D03F40062D7F88430A4
S31500006D50134343F4801343F08403C7F8843004E0FC
S31500006D600023BB670023A7F88C30D7F8AC3003F0BC
S31500006D700103002B3FD0BB6F002B09D1D7F884301D
S31500006D8043F48063C7F8843008E000BF1380C00076
S31500006D90D7F8843043F40053C7F88430D7F8AC30C2
S31500006DA003F40073002B1CD0D7F8B8301D68D7F851
S31500006DB0B83004331B68B7F90440B7F9061007F179
S31500006DC0180202F10C000022019200932B46224683
S31500006DD0FFF79AF8B7F88E305B009BB2A7F88E30B3
S31500006DE009E07B6A03F500437B62BB6E002B02DD84
S31500006DF07B6A01337B62D7F8AC3003F00203002BC9
S31500006E004BD0BB6F002B06D0D7F8843043F4806399
S31500006E10C7F8843005E0D7F8843043F40053C7F848
S31500006E208430D7F8AC3003F48063002B2BD0B7F84E
S31500006E30A020B7F950309BB2D31A9BB219B2B7F85B
S31500006E40A420B7F952309BB2D31A9BB21CB2D7F822
S31500006E50B83008331B685D42D7F8B8300C331B686E
S31500006E605B4207F1180202F1180001220192009319
S31500006E702B462246FFF748F8B7F88E305B009BB2E8
S31500006E80A7F88E3009E03B6B03F500433B63BB6E0E
S31500006E90002B02DC3B6B01333B63D7F8AC3003F4C9
S31500006EA0C053002B26D0D7F8AC3003F40063002B78
S31500006EB008D0D7F8B0301C4607F1240393E8070042
S31500006EC084E80700D7F8AC3003F48053002B09D0D0
S31500006ED0D7F8B0300C331C4607F1300393E80700AF
S31500006EE084E80700D7F8B4301A4607F1500303CBFD
S31500006EF010605160D7F88030002B1CD0B7F956309F
S31500006F001A46B7F95230D31A1B11FB6707F118035B
S31500006F10F96F1846FFF794F807F118030C33F96F69
S31500006F201846FFF78DF807F118031833F96F18465E
S31500006F30FFF786F801E00023FB67D7F8AC3003F4CF
S31500006F400053002B00F0EC807B6F03F580337B67EA
S31500006F50D7F8AC3003F40073002B66D0D7F8B830FE
S31500006F601A68D7F8B83004331B681343002B5CD07B
S31500006F70FB6D03F40062D7F88430134343F0040337
S31500006F80C7F88430D7F8B83004331B685D42D7F8A9
S31500006F90B8301B68B7F90440B7F9061007F11802B4
S31500006FA002F124000022019200932B462246FEF7AE
S31500006FB0EEFFD7F88030002B06D007F118032433F4
S31500006FC0F96F1846FFF73CF8D7F8AC3003F4804366
S31500006FD0002B14D1FA6B7B6F13441A460621F8680E
S31500006FE0FFF76AFB3B6C1A460C21F868FFF764FB57
S31500006FF07B6C1A461221F868FFF75EFB15E0FB6B07
S315000070007A6FD31A1A460621F868FFF755FB3B6CD0
S315000070105B421A460C21F868FFF74EFB7B6C5B421D
S315000070201A461221F868FFF747FBD7F8AC3003F48D
S315000070308063002B74D0D7F8B83008331A68D7F8B5
S31500007040B8300C331B681343002B69D0FB6D03F477
S315000070508052D7F88430134343F00803C7F88430CE
S31500007060B7F8A020B7F950309BB2D31A9BB219B229
S31500007070B7F8A420B7F952309BB2D31A9BB21CB210
S31500007080D7F8B8300C331B685D42D7F8B8300833F0
S315000070901B6807F1180202F12400002201920093F6
S315000070A02B462246FEF773FFD7F88030002B06D01A
S315000070B007F118032433F96F1846FEF7C1FFD7F816
S315000070C0AC3003F40043002B14D0FA6B7B6F1344EF
S315000070D01A460721F868FFF7EFFA3B6C1A460D21AE
S315000070E0F868FFF7E9FA7B6C1A461321F868FFF790
S315000070F0E3FA15E0FB6B7A6FD31A1A460721F86894
S31500007100FFF7DAFA3B6C5B421A460D21F868FFF787
S31500007110D3FA7B6C5B421A461321F868FFF7CCFA68
S31500007120BB691A460421F868FFF7C6FAFB691A46D6
S315000071300A21F868FFF7C0FA3B6A1A461021F86878
S31500007140FFF7BAFABB6F002B24D07B6A1A460821D8
S31500007150F868FFF7B1FABB6A1A460E21F868FFF71E
S31500007160ABFAFB6A1A461421F868FFF7A5FA3B6BDF
S315000071701A460521F868FFF79FFA7B6B1A460B2122
S31500007180F868FFF799FABB6B1A461121F868FFF702
S3150000719093FA23E07B6A1A460521F868FFF78CFA12
S315000071A0BB6A1A460B21F868FFF786FAFB6A1A468D
S315000071B01121F868FFF780FA3B6B1A460821F86838
S315000071C0FFF77AFA7B6B1A460E21F868FFF774FA16
S315000071D0BB6B1A461421F868FFF76EFAD7F88820B9
S315000071E01621F868FFF768FAD7F884301A460021A6
S315000071F0F868FFF761FAB7F98E20B7F9A8300F33B0
S315000072005B1013440F331B11A7F8A830D7F8803052
S31500007210002B08D0B7F9A82007F150031946F868E3
S3150000722002F0C6FF07E0B7F9A82007F15003194698
S31500007230F86802F02BFF3B6F022B40F0E980B7F8AD
S31500007240A020B7F88C30D31A9BB21BB223F00F03E1
S315000072501BB2A7F84830B7F8A420B7F88C30D31A79
S315000072609BB21BB223F00F031BB2A7F84A30B7F844
S31500007270A020B7F88C3013449BB20F339BB21BB2DD
S3150000728023F00F031BB2A7F84C30B7F8A420B7F8C9
S315000072908C3013449BB20F339BB21BB223F00F0307
S315000072A01BB2A7F84E3007F148031946F86805F0F7
S315000072B00BFA0346002B01D10123AAE0B7F8A02060
S315000072C0B7F948309BB2D31A9BB2A7F8A030B7F8EB
S315000072D0A420B7F94A309BB2D31A9BB2A7F8A430C0
S315000072E0B7F9A020002304930023039300230293FD
S315000072F0B7F98C300193B7F9A430009313460022F6
S31500007300B968F868FBF728FEFB6D03F40072434B7F
S315000073101343C7F8843007F148020023B968F868B8
S3150000732001F0E5FD07F148020023B968F86804F0AA
S31500007330D5FABB689B7D03F00603002B0BD007F143
S315000073404802D7F8843000930323B968F868FEF73B
S315000073508BFFC7F88400D7F88030002B15D0B7F91B
S3150000736048301A46B7F95030D31A1B11FB66B7F9E5
S315000073704A301A46B7F95230D31A1A11FB6FD31A8C
S31500007380BB66BB6B5B42BB630FE0B7F948301A467E
S31500007390B7F95030D31A1B11FB66B7F94A301A46B3
S315000073A0B7F95230D31A1B11BB663B6B5A427B6B43
S315000073B0F96E01FB03F3D21ABB6BB96E01FB03F343
S315000073C0D31A03F101131A460621F868FFF774F978
S315000073D07B6B5B421A460C21F868FFF76DF9BB6BB5
S315000073E05B421A461221F868FFF766F9D7F884302F
S315000073F01A460021F868FFF75FF9B7F9A8301B11A4
S315000074001BB21A4607F148031946F86802F03EFE19
S31500007410012318469037BD46B0BD00BF4508400061
S31500007420B0B5BCB006AFF860B96011461A460B4657
S31500007430FB801346BB80B7F9E820B7F90630D31AAC
S31500007440C7F8CC30B7F9EC20B7F90430D31AC7F82F
S31500007450C830D7F8CC20D7F8C8301343002B02D158
S31500007460002300F0DCBEBB6893F8D630C7F8843042
S31500007470D7F8CC3003FB03F2D7F8C83003FB03F38D
S315000074801344184601F027FA03464FF0807292FB28
S31500007490F3F3C7F8D030D7F8C8305B42D7F8D0201E
S315000074A002FB03F31B12C7F8C430D7F8CC30D7F869
S315000074B0D02002FB03F31B12C7F8C030B7F9F03037
S315000074C0D7F8C42002FB03F35B14BB67B7F9F030AF
S315000074D0D7F8C02002FB03F35B147B67B7F9F430DF
S315000074E0D7F8C42002FB03F35B143B67B7F9F4300B
S315000074F0D7F8C02002FB03F35B14FB66B7F906302E
S31500007500BA6F1344C7F8B030B7F904307A6F134432
S31500007510C7F8AC30B7F9E8303A6F1344C7F8A8306B
S31500007520B7F9EC30FA6E1344C7F8A430B7F9E8207F
S315000075303B6FD31AC7F8A030B7F9EC20FB6ED31A0D
S31500007540C7F89C30B7F90620BB6FD31AC7F8983036
S31500007550B7F904207B6FD31AC7F89430D7F8843074
S31500007560022B13D1B7F9F0302F2B05DCD7F8F83002
S3150000757043F00103C7F8F830B7F9F4302F2B05DCD8
S31500007580D7F8F83043F00203C7F8F830D7F8F830E8
S3150000759003F00303032B02D10023C7F88430D7F886
S315000075A08430012B3BD1D7F8F83003F00103002BD0
S315000075B017D1D7F8B0207B6FD31AC7F8B030D7F8F9
S315000075C0AC20BB6F1344C7F8AC30D7F898207B6F5C
S315000075D0D31AC7F89830D7F89420BB6F1344C7F86E
S315000075E09430D7F8F83003F00203002B17D1D7F800
S315000075F0A820FB6E1344C7F8A830D7F8A4203B6F29
S31500007600D31AC7F8A430D7F8A020FB6E1344C7F8E6
S31500007610A030D7F89C203B6FD31AC7F89C30D7F818
S31500007620A820D7F8B0309342A8BF1346BB66D7F858
S315000076309820D7F8A0309342A8BF13467B66BA6E4F
S315000076407B6E9A4205DABB6E1BB223F00F031BB2A8
S3150000765004E07B6E1BB223F00F031BB2A7F8483081
S31500007660D7F8A820D7F8B0309342B8BF1346BB6608
S31500007670D7F89820D7F8A0309342B8BF13467B6658
S31500007680BA6E7B6E9A4208DDBB6E9BB20F339BB21D
S315000076901BB223F00F031BB207E07B6E9BB20F33C6
S315000076A09BB21BB223F00F031BB2A7F84C30D7F8DE
S315000076B0A420D7F8AC309342A8BF1346BB66D7F8D0
S315000076C09420D7F89C309342A8BF13467B66BA6EC7
S315000076D07B6E9A4205DABB6E1BB223F00F031BB218
S315000076E004E07B6E1BB223F00F031BB2A7F84A30EF
S315000076F0D7F8A420D7F8AC309342B8BF1346BB6680
S31500007700D7F89420D7F89C309342B8BF13467B66CF
S31500007710BA6E7B6E9A4208DDBB6E9BB20F339BB28C
S315000077201BB223F00F031BB207E07B6E9BB20F3335
S315000077309BB21BB223F00F031BB2A7F84E3007F122
S3150000774048031946F86804F0BFFF0346002B02D130
S31500007750002300F064BDB7F906303B66B7F9043084
S31500007760FB65B7F9E830BB65B7F9EC307B65FA889D
S31500007770B7F948309BB2D31A9BB2FB80BA88B7F9E7
S315000077804A309BB2D31A9BB2BB80B7F8E820B7F950
S3150000779048309BB2D31A9BB2A7F8E830B7F8EC2072
S315000077A0B7F94A309BB2D31A9BB2A7F8EC30B7F9B7
S315000077B00430D7F8C42003FB02F2B7F90630D7F835
S315000077C0C01001FB03F3D31A1B1103F580333B6191
S315000077D0D7F8C0307B61D7F8C4305B42BB61B7F9DC
S315000077E0E830D7F8C02003FB02F2B7F9EC30D7F83F
S315000077F0C41001FB03F3D31A1B1103F50043FB610D
S31500007800D7F8C0305B423B62D7F8C4307B62BB68B6
S3150000781093F8D53003F00303032B4ED1D7F8B030DD
S315000078209AB2B7F948309BB2D31A9BB219B2D7F8BD
S31500007830AC309AB2B7F94A309BB2D31A9BB21CB29B
S31500007840D7F8B020D7F8A830D51AD7F8AC20D7F893
S31500007850A430D31A07F1100202F11800BA68019297
S3150000786000932B462246FEF749F8D7F898309AB28D
S31500007870B7F948309BB2D31A9BB219B2D7F89430F5
S315000078809AB2B7F94A309BB2D31A9BB21CB2D7F858
S31500007890A020D7F89830D51AD7F89C20D7F894307E
S315000078A0D31A07F1100202F12400BA68019200937C
S315000078B02B462246FEF722F855E0D7F8B0309AB2AA
S315000078C0B7F948309BB2D31A9BB219B2D7F8AC308D
S315000078D09AB2B7F94A309BB2D31A9BB21CB2D7F808
S315000078E0B020D7F8A830D51AD7F8AC20D7F8A430EE
S315000078F0D31A07F1100202F1180000220192009338
S315000079002B462246FDF7F0FED7F898309AB2B7F923
S3150000791048309BB2D31A9BB219B2D7F894309AB2B8
S31500007920B7F94A309BB2D31A9BB21CB2D7F8A02043
S31500007930D7F89830D51AD7F89C20D7F89430D31AB0
S3150000794007F1100202F124000022019200932B4657
S315000079502246FDF7C9FEBB6A03F50043BB627B6B9B
S3150000796003F500437B63D7F88430012B1DD1D7F88C
S31500007970F83003F00103002B08D13A69B7F9F0306B
S315000079801B03A3F580335B1013443B61D7F8F83033
S3150000799003F00203002B08D1FA69B7F9F4301B0390
S315000079A0A3F580335B101344FB61B968F86802F0F5
S315000079B065F9BB68D3F82831FB67D7F88430022B0A
S315000079C013D1D7F8F83003F00103002B03D1FB6F76
S315000079D043F40073FB67D7F8F83003F00203002B7B
S315000079E003D1FB6F43F48063FB67BB6893F8D43025
S315000079F003F00203002B5DD0BB687C333B65BB689C
S31500007A0093F80E3143F00803DAB2BB6883F80E210F
S31500007A103B6D21221A603B6DFA889A823B6DBA88CB
S31500007A20DA82BB6893F8D43003F00803002B13D036
S31500007A30BB691A01BB68D3F8D03092FBF3F23B6DF9
S31500007A405A607B695B421A01BB68D3F8D03092FB5F
S31500007A50F3F23B6D9A6011E07B691A01BB68D3F8BB
S31500007A60D03092FBF3F23B6D5A60BB691A01BB68DA
S31500007A70D3F8D03092FBF3F23B6D9A60BB68D3F833
S31500007A80CC301A033B6DDA60BB6893F8D43003F050
S31500007A900403002B0ED0BB68D3F8CC20D7F8D03027
S31500007AA01901BB68D3F8D03091FBF3F31A44BB68D5
S31500007AB0C3F8CC20D7F89420D7F89C30D31A002BE3
S31500007AC00EDDD7F89820D7F8A030D31AC7F8CC30F7
S31500007AD0D7F89420D7F89C30D31AC7F8C8300DE0F1
S31500007AE0D7F8B020D7F8A830D31AC7F8CC30D7F8D3
S31500007AF0AC20D7F8A430D31AC7F8C830D7F8C830A6
S31500007B00002B03DDD7F8CC30002B07DBD7F8C830C5
S31500007B10002B28DAD7F8CC30002B24DD0123C7F858
S31500007B20903007F148020123B968F86801F0DFF9DF
S31500007B3007F148020123B968F86803F0CFFEFA6D31
S31500007B407B6D9A4207DDB7F94E301A46FB6DD31AA4
S31500007B50C7F888302BE0B7F94E301A467B6DD31A3A
S31500007B60C7F8883023E00023C7F8903007F14802B1
S31500007B700023B968F86801F0BAF907F14802002352
S31500007B80B968F86803F0AAFEFA6D7B6D9A4207DDC4
S31500007B90B7F94A301A467B6D9B1AC7F8883006E05B
S31500007BA0B7F94A301A46FB6D9B1AC7F88830B7F901
S31500007BB0F420B7F9F0309342B8BF13461BB21B113D
S31500007BC01A46D7F888301344C7F88830FB6F03F499
S31500007BD0F05343F4400343F00F03C7F88030BB680B
S31500007BE09B7D03F00603002B14D007F14802D7F85B
S31500007BF0803000930423B968F868FEF735FBC7F8B0
S31500007C008000D7F8803003F40003002B02D1002354
S31500007C10C7F89030D7F8F83003F00103002B12D0E4
S31500007C20B7F9F4305B101BB2C7F8D430BB6DC7F898
S31500007C30B8307B6DC7F8B4300123C7F8D0300023C5
S31500007C40C7F88C3040E0D7F8F83003F00203002B79
S31500007C5012D0B7F9F0305B101BB2C7F8D4303B6EC8
S31500007C60C7F8B830FB6DC7F8B4300023C7F8D0307A
S31500007C700023C7F88C3027E00123C7F88C30B7F90A
S31500007C80F020B7F9F4309A420FDDB7F9F0305B1007
S31500007C901BB2C7F8D4303B6EC7F8B830FB6DC7F8D7
S31500007CA0B4300023C7F8D0300EE0B7F9F4305B10DB
S31500007CB01BB2C7F8D430BB6DC7F8B8307B6DC7F8B8
S31500007CC0B4300123C7F8D030D7F88C30002B19D048
S31500007CD0D7F8D03083F00102D7F8FC1013465B00CA
S31500007CE013449B00D8333B44A3F1C8020B4607CA92
S31500007CF083E80700D7F800311A4607F1480303CB9B
S31500007D0010605160D7F89030002B28D0B7F94E306C
S31500007D101A46B7F94A30D31A1B11C7F8BC3007F117
S31500007D201003D7F8BC101846FEF78AF907F11003BE
S31500007D300C33D7F8BC101846FEF782F907F110038A
S31500007D401833D7F8BC101846FEF77AF907F1100376
S31500007D502433D7F8BC101846FEF772F902E0002368
S31500007D60C7F8BC30D7F880301A460021F868FEF70D
S31500007D70A3FCBB6893F8D53003F00303032B3DD176
S31500007D80D7F88430022B39D0FB6F03F40073002B35
S31500007D9017D13B691B01BA68B2F9142093FBF2F3C1
S31500007DA03B617B691B01BA68B2F9142093FBF2F3BD
S31500007DB07B61BB691B01BA68B2F9142093FBF2F32D
S31500007DC0BB61FB6F03F48063002B17D1FB691B01BA
S31500007DD0BA68B2F9142093FBF2F3FB613B6A1B010C
S31500007DE0BA68B2F9142093FBF2F33B627B6A1B017B
S31500007DF0BA68B2F9142093FBF2F37B623B691A4628
S31500007E000421F868FEF758FC7B691A460A21F868CF
S31500007E10FEF752FCBB691A461021F868FEF74CFCC7
S31500007E20FB691A460521F868FEF746FC3B6A1A46C6
S31500007E300B21F868FEF740FC7B6A1A461121F868A8
S31500007E40FEF73AFCBB6A1A460621F868FEF734FCD0
S31500007E50FB6A1A460C21F868FEF72EFC3B6B1A46A5
S31500007E601221F868FEF728FC7B6B1A460721F86892
S31500007E70FEF722FCBB6B1A460D21F868FEF71CFCC8
S31500007E80FB6B1A461321F868FEF716FCD7F89030FC
S31500007E90002B08D007F14803D7F888201946F86860
S31500007EA002F086F907E007F14803D7F8882019465B
S31500007EB0F86802F0EBF8D7F88430022B01D00123E2
S31500007EC0ADE1D7F8B8309AB2D7F8D4309BB2D31A0E
S31500007ED09BB21BB223F00F031BB2A7F84030D7F8B2
S31500007EE0B4309AB2D7F8D4309BB2D31A9BB21BB235
S31500007EF023F00F031BB2A7F84230D7F8B8309AB276
S31500007F00D7F8D4309BB213449BB20F339BB21BB24B
S31500007F1023F00F031BB2A7F84430D7F8B4309AB257
S31500007F20D7F8D4309BB213449BB20F339BB21BB22B
S31500007F3023F00F031BB2A7F8463007F1400319469A
S31500007F40F86804F0C1FB0346002B00F03281B7F954
S31500007F5040301A46D7F8B8309B1AC7F8B830B7F988
S31500007F6042301A46D7F8B4309B1AC7F8B430D7F85F
S31500007F70B83019B2D7F8B4301BB2D7F8D42012B241
S31500007F8000200490002003900020029001920093AC
S31500007F900B460022B968F868FAF7DEFFD7F8D43046
S31500007FA00F331B09C7F88830D7F89030002B30D034
S31500007FB0B7F940301A46B7F94830D31A1B11C7F83B
S31500007FC0C430B7F942301A46B7F94A30D31A1A11F3
S31500007FD0D7F8BC30D31AC7F8C030D7F8D02013462C
S31500007FE05B0013449B00D8333B44C03B1B6859429B
S31500007FF0D7F8D02013465B0013449B00D8333B448C
S31500008000C03B19603B6B5B423B63FB6B5B42FB63B4
S3150000801011E0B7F940301A46B7F94830D31A1B11A8
S31500008020C7F8C430B7F942301A46B7F94A30D31AFE
S315000080301B11C7F8C03007F140020023B968F86881
S3150000804000F055FF07F140020023B968F86803F015
S3150000805045FCBA6AFB6AD7F8C41001FB03F31A445D
S315000080603B6BD7F8C01001FB03F313441A460621F5
S31500008070F868FEF721FBFB6A1A460C21F868FEF742
S315000080801BFB3B6B1A461221F868FEF715FB7A6B51
S31500008090BB6BD7F8C41001FB03F31A44FB6BD7F88C
S315000080A0C01001FB03F313441A460721F868FEF7D4
S315000080B003FBBB6B1A460D21F868FEF7FDFAFB6B56
S315000080C01A461321F868FEF7F7FAD7F8D0201346B8
S315000080D05B0013449B00D8333B44C83B1B68C3F585
S315000080E08031D7F8D02013465B0013449B00D83369
S315000080F03B44C43B1B68D7F8C42002FB03F3C91AF0
S31500008100D7F8D02013465B0013449B00D8333B447A
S31500008110C03B1B68D7F8C02002FB03F3CB1A013320
S315000081201A460821F868FEF7C7FAD7F8D020134692
S315000081305B0013449B00D8333B44C43B1B685B4243
S315000081401A460E21F868FEF7B7FAD7F8D02013467C
S315000081505B0013449B00D8333B44C03B1B685B4227
S315000081601A461421F868FEF7A7FABB68D3F8283137
S3150000817003F4D0522C4B1343C7F8803007F140026A
S31500008180D7F8803000930523B968F868FEF76CF8D5
S31500008190C7F88000D7F880301A460021F868FEF745
S315000081A08BFA07F14003D7F888201946F86801F0E2
S315000081B06DFFD7F88C30002B30D0D7F8D030012B9C
S315000081C00AD1B7F9F030C7F8D4303B6EC7F8B830EB
S315000081D0FB6DC7F8B43009E0B7F9F430C7F8D4300E
S315000081E0BB6DC7F8B8307B6DC7F8B430D7F8B83078
S315000081F019B2D7F8B43018B2D7F8D4301BB2D7F8C2
S3150000820000210392D7F8FC200292012201920093EA
S3150000821003460A46B968F86800F008F801231846CC
S31500008220D837BD46B0BD00BF5D20400080B594B0D4
S3150000823006AFF860B96011461A460B46FB80134636
S31500008240BB80B7F9403010335B10FB85FA88FB8D95
S31500008250D31A9BB21BB223F00F031BB2BB82BA88A0
S31500008260FB8DD31A9BB21BB223F00F031BB2FB820A
S31500008270FA88FB8D13449BB20F339BB21BB223F0DB
S315000082800F031BB23B83BA88FB8D13449BB20F339B
S315000082909BB21BB223F00F031BB27B8307F11403BF
S315000082A01946F86804F010FA0346002B01D10023A2
S315000082B0EAE0FA88B7F914309BB2D31A9BB2FB8076
S315000082C0BA88B7F916309BB2D31A9BB2BB80BB688B
S315000082D0D3F82831BB62B7F90620002304930023A4
S315000082E0039300230293B7F92E300193B7F90430B4
S315000082F0009313460022B968F868FAF72DFEBB6AA8
S3150000830003F4007343F4800343F041033B6307F136
S3150000831014023B6B00930223B968F868FDF7A4FFCB
S315000083203863B7F92E300F331B097B6202237B6358
S315000083307B6C002B00F08280FB6CB3F900301A4690
S31500008340B7F91430D31A1B113B62FB6CB3F9023038
S315000083501A46B7F91630D31A1B11FB617B6C03F072
S315000083600103002B2ED0BB6C1B68C3F58032BB6C9F
S315000083705B68396A01FB03F31A44BB6C9B68F969B5
S3150000838001FB03F3134401331A460621F868FEF78E
S3150000839093F9BB6C5B685B421A460C21F868FEF7E2
S315000083A08BF9BB6C9B685B421A461221F868FEF794
S315000083B083F93B6B43F4006343F004033B637B6B3D
S315000083C001337B637B6C03F00203002B36D0BB6C5E
S315000083D00C331B68C3F58032BB6C0C335B68396A9F
S315000083E001FB03F31A44BB6C0C339B68F96901FB70
S315000083F003F3134401331A460721F868FEF75CF9C4
S31500008400BB6C0C335B685B421A460D21F868FEF7BD
S3150000841053F9BB6C0C339B685B421A461321F86810
S31500008420FEF74AF93B6B43F4805343F008033B6382
S315000084307B6B032B02D17B6B01337B6307F1140249
S315000084403B6B00937B6BB968F868FDF70DFF3863EB
S315000084503B6B1A460021F868FEF72EF907F1140265
S315000084600023B968F86800F042FD07F11402002302
S31500008470B968F86803F032FA07F114037A6A194604
S31500008480F86801F003FE012318463837BD4680BD63
S3150000849080B594B008AFF860B96011461A460B462D
S315000084A0FB801346BB80BB6893F8D53003F001030D
S315000084B0002B1DD0B7F90410B7F9062007F11003F9
S315000084C0069307F1180305937B6C0493B7F94030C4
S315000084D00393B7F940300293B7F93C300193B7F9EB
S315000084E0383000930B46B968F868FEF799FF7AE0D2
S315000084F0B7F940302F2B5ADDBB6893F8D630022BE4
S3150000850055D17B6C03F00303032B50D07B6C43F4F3
S31500008510C05343F00303B7F90400B7F906103A6DE8
S315000085200692FA6C0592BA6C04920393B7F940303E
S315000085300293B7F93C300193B7F9383000930346FC
S315000085400A46B968F868FEF7E5F80346002B49D0F5
S315000085507B6C03F00103002B11D1B7F90410B7F9B6
S315000085600620FB6C0393BB6C029301230193B7F9BE
S31500008570403000930B46B968F868FFF757FE7B6CEE
S3150000858003F00203002B2DD1B7F93C10B7F93820C0
S31500008590FB6C0393BB6C029302230193B7F9403043
S315000085A000930B46B968F868FFF740FE1AE0B7F982
S315000085B00410B7F906203B6D0693FB6C0593BB6C64
S315000085C004937B6C0393B7F940300293B7F93C30C0
S315000085D00193B7F9383000930B46B968F868FEF78F
S315000085E099F800E000BF012318463037BD4680BD2C
S315000085F080B594B008AFF860084611461A4603469F
S315000086007B810B463B811346FB80FB68996AB7F971
S315000086100800B7F90A200023069307F11003059313
S3150000862007F1180304933B6C0393B7F93C300293AC
S31500008630B7F938300193B7F9063000930346F86866
S31500008640FFF726FF002318463037BD4680BD90B59C
S3150000865095B008AFF860084611461A4603467B8176
S315000086600B463B811346FB80FB68D96AFB68B3F96E
S315000086706C309BB25B009AB2B7F8443013449BB29D
S315000086801BB2B7F90840B7F90A000022069207F1B3
S315000086901002059207F118020492BA6C0392029333
S315000086A0B7F940300193B7F90630009323460246E6
S315000086B0F868FFF7EDFE002318463437BD4690BD37
S315000086C0B0B596B008AFF860084611461A4603469C
S315000086D07B810B463B811346FB80FB68B3F86E300B
S315000086E0FB86FB68B3F87030BB86FB68D86A7A896C
S315000086F0FB8E13449BB21CB23A89BB8E13449BB2C9
S315000087001DB2FA88FB8E13449BB21BB2B7F8481011
S31500008710BA8E0A4492B212B20021069107F11401F0
S31500008720059107F11C010491396D0391B7F94C10BD
S315000087300291019200932B4622460146F868FFF704
S31500008740A7FE002318463837BD46B0BDB0B596B073
S3150000875008AFF860084611461A4603467B810B4669
S315000087603B811346FB80FB68B3F86E30FB86FB68E3
S31500008770B3F87030BB86FB68D86A7A89FB8E1344DF
S315000087809BB21CB23A89BB8E13449BB21DB2FA88C7
S31500008790FB8E13449BB21BB2B7F84810BA8E0A443C
S315000087A092B212B20021069107F11401059107F168
S315000087B01C010491396D0391B7F94C100291019295
S315000087C000932B4622460146F868FFF761FEF868DB
S315000087D001F0D6F8FB68996AB7F90800B7F90A20DC
S315000087E00023069307F11403059307F11C03049372
S315000087F03B6D0393B7F94C300293B7F948300193B8
S31500008800B7F9063000930346F868FFF741FEF868AB
S3150000881001F0FCF8002318463837BD46B0BD90B5C8
S3150000882095B008AFF860084611461A4603467B81A4
S315000088300B463B811346FB80FB68D96AFB68B3F99C
S315000088406C309BB25B009AB2B7F8443013449BB2CB
S315000088501BB2B7F90840B7F90A000022069207F1E1
S315000088601002059207F118020492BA6C0392029361
S31500008870B7F940300193B7F9063000932346024614
S31500008880F868FFF705FEF86801F07AF8FB68996A60
S31500008890B7F90800B7F90A200023069307F1100379
S315000088A0059307F118030493BB6C0393B7F944309F
S315000088B00293B7F940300193B7F9063000930346A7
S315000088C0F868FFF7E5FDF86801F0A0F80023184600
S315000088D03437BD4690BD80B485B000AF78600023C4
S315000088E0FB607B68B3F1804F06D34FF40043FB6017
S315000088F07B6803F140437B60FB68DB0303F1805335
S31500008900BB607A68BB689A4207D3FB6803F580436D
S31500008910FB607A68BB68D31A7B60FB689B0303F134
S315000089208063BB607A68BB689A4207D3FB6803F52D
S315000089300053FB607A68BB68D31A7B60FB685B03F5
S3150000894003F18073BB607A68BB689A4207D3FB6801
S3150000895003F58053FB607A68BB68D31A7B60FB68BB
S315000089601B0303F58003BB607A68BB689A4207D392
S31500008970FB6803F50063FB607A68BB68D31A7B600B
S31500008980FB68DB0203F58013BB607A68BB689A421A
S3150000899007D3FB6803F58063FB607A68BB68D31A6C
S315000089A07B60FB689B0203F58023BB607A68BB682B
S315000089B09A4207D3FB6803F50073FB607A68BB68CD
S315000089C0D31A7B60FB685B0203F58033BB607A6871
S315000089D0BB689A4207D3FB6803F58073FB607A682D
S315000089E0BB68D31A7B60FB681B0203F58043BB6040
S315000089F07A68BB689A4206D3FB688033FB607A6864
S31500008A00BB68D31A7B60FB68DB0103F58053BB6050
S31500008A107A68BB689A4206D3FB684033FB607A6883
S31500008A20BB68D31A7B60FB689B0103F58063BB6060
S31500008A307A68BB689A4206D3FB682033FB607A6883
S31500008A40BB68D31A7B60FB685B0103F58073BB6070
S31500008A507A68BB689A4206D3FB681033FB607A6873
S31500008A60BB68D31A7B60FB681B014033BB607A6826
S31500008A70BB689A4206D3FB680833FB607A68BB681A
S31500008A80D31A7B60FB68DB001033BB607A68BB6877
S31500008A909A4206D3FB680433FB607A68BB68D31A34
S31500008AA07B60FB689B000433BB607A68BB689A42B4
S31500008AB006D3FB680233FB607A68BB68D31A7B6017
S31500008AC0FB685B000133BB607A68BB689A4202D3DD
S31500008AD0FB680133FB60FB6818461437BD465DF83A
S31500008AE0047B704780B483B000AF78607B685B0816
S31500008AF07A6813437B607B689B087A6813437B60C4
S31500008B007B681B097A6813437B607B681B0A7A685B
S31500008B1013437B607B681B0C7A6813437B607B681E
S31500008B2018460C37BD465DF8047B704780B582B0A9
S31500008B3000AF7860786805F0B5F90346184608373F
S31500008B40BD4680BD80B582B000AF7860786805F01C
S31500008B50D9F900BF0837BD4680BD80B58CB000AFDF
S31500008B60F860B9607A60FB68002B04D1B868FFF73B
S31500008B70E9FF002357E0B86805F0CFF9B861BB6993
S31500008B80002B01D100234EE0FA68BB699A4201D25C
S31500008B90BB6848E0F868FFF7C9FF78617B69002B7E
S31500008BA001D17B693FE07B68002B38D0BB68BB6294
S31500008BB07B697B620023FB620CE0BB6A1A687B6AF6
S31500008BC01A607B6A04337B62BB6A0433BB62FB6A4E
S31500008BD00133FB62BB699B08FA6A9A42EDD3BB6913
S31500008BE003F00303002B1AD1BB6A3B627B6AFB616D
S31500008BF00023FB620DE03B6A93F90020FB691A70C3
S31500008C00FB690133FB613B6A01333B62FB6A01335B
S31500008C10FB62BB6903F00303FA6A9A42EBD3B868B6
S31500008C20FFF790FF7B6918463037BD4680BD80B59B
S31500008C3084B000AF786039607868FCF71EF9F86098
S31500008C407B68D3F8843003F00103002B06D03A6822
S31500008C500421F86805F06CF9034616E07B68D3F842
S31500008C60843003F01003002B0BD03A680421F86817
S31500008C7005F05EF903461946F86805F08BF90346D8
S31500008C8003E0386805F00EF9034618461037BD466E
S31500008C9080BD80B584B000AF786039607868FCF735
S31500008CA0ECF8F8607B68D3F8843003F00103002BFE
S31500008CB005D03A680421F86805F048F914E07B68A5
S31500008CC0D3F8843003F01003002B0AD03968F86813
S31500008CD005F054F903461A460421F86805F036F9FA
S31500008CE002E0386805F00EF900BF1037BD4680BDBA
S31500008CF080B586B000AFF860B9607A60FB68D3F8DB
S31500008D00B8317B61FB68D3F8B83103F10802FB6820
S31500008D10C3F8B8217B69BA681A607B697A685A60B9
S31500008D20FB68D3F8BC315A1EFB68C3F8BC21FB684C
S31500008D30D3F8BC31002B04DCFB68D3F8C031F868EB
S31500008D40984700BF1837BD4680BD80B588B000AFD4
S31500008D50F860B9607A60BB68DB6F03F02003002B14
S31500008D601BD0BB68B3F99030BB61BB68B3F99230D6
S31500008D707B61BB68D3F88030BA6903FB02F2BB683B
S31500008D80D3F88430796901FB03F313441A11BB68E5
S31500008D90D3F888301344FB6120E0BB68B3F9903008
S31500008DA01A467B68B3F90030D31ABB61BB68B3F9C6
S31500008DB092301A467B68B3F90230D31A7B61BB68DE
S31500008DC0D3F88030BA6903FB02F2BB68D3F884306B
S31500008DD0796901FB03F313441B11FB61FB695B42D9
S31500008DE01A462421F868FFF783FFBB68D3F8803062
S31500008DF01A462521F868FFF77BFFBB68D3F8843055
S31500008E001A462621F868FFF773FF00BF2037BD46D4
S31500008E1080BD80B588B000AFF860B9607A60BB6885
S31500008E20DB6F03F02003002B24D0BB68B3F990302E
S31500008E30BB617B68B3F906301A467B68B3F902302A
S31500008E40D31ABA68B2F992209B1A7B61BB68D3F831
S31500008E508030BA6903FB02F2BB68D3F884307969C3
S31500008E6001FB03F3D31A1A11BB68D3F888301344F5
S31500008E70FB6120E0BB68B3F990301A467B68B3F912
S31500008E800030D31ABB61BB68B3F992301A467B68CF
S31500008E90B3F90630D31A7B61BB68D3F88030BA6960
S31500008EA003FB02F2BB68D3F88430796901FB03F354
S31500008EB013441B11FB61FB695B421A462421F868C7
S31500008EC0FFF716FFBB68D3F880301A462521F868ED
S31500008ED0FFF70EFFBB68D3F884305B421A462621A3
S31500008EE0F868FFF705FF00BF2037BD4680BD80B597
S31500008EF084B000AFF860B9607A603B60BB68DB7D28
S31500008F00022B0DD13B68002B05D07A68B968F8684A
S31500008F10FFF77FFF04E07A68B968F868FFF715FF86
S31500008F2000BF1037BD4680BD90B587B000AF044680
S31500008F30084611461A462346FB800346BB800B466D
S31500008F407B8013463B80B7F90220B7F90630D31A67
S31500008F507B61B7F90020B7F90430D31A3B617B690E
S31500008F6003FB03F23B6903FB03F313441846FFF7C5
S31500008F70B2FCF860FB68002B0ED07B691A02FB6816
S31500008F8092FBF3F2BB6A1A603B691A02FB6892FB1A
S31500008F90F3F2FB6A1A6005E0BB6A7A691A60FB6A3B
S31500008FA03A691A6000BF1C37BD4690BD90B5A9B09E
S31500008FB008AFF860B9607A603B607B68FB650023A8
S31500008FC07B6500233B6500237B647B6C3B643B6CC9
S31500008FD0FB63FB6BBB63B7F99430102BCCBF01234B
S31500008FE00023DBB23B67D7F89030022B07D800236B
S31500008FF03B67D7F89030012B01D8012346E23B6F3F
S31500009000002B21D0BB6893F8D730042B19D801A2C6
S3150000901052F823F0299000003D90000033900000A4
S31500009020439000003D90000000233B670023FB6651
S315000090300CE00123FB6600233B6707E00023FB6689
S3150000904004E00023FB6601E00023FB66D7F89830B6
S3150000905003F00403002B50D0D7F8903003F180437F
S31500009060013B9B007A681344B3F900309AB2B7F813
S315000090709C3013449BB2A7F87A30D7F890309B0007
S31500009080023B7A681344B3F900309AB2B7F8A030BD
S3150000909013449BB2A7F8783000237B673B6F002B05
S315000090A064D0D7F8903003F18043023B9B007A6886
S315000090B01344B3F900309AB2B7F89C3013449BB20C
S315000090C018B2D7F890309B00063B7A681344B3F980
S315000090D000309AB2B7F8A03013449BB219B2B7F970
S315000090E07840B7F97A2007F15003019307F154034A
S315000090F000932346FFF718FF38E07B681B88A7F824
S315000091007A307B6802331B88A7F878307B68043393
S315000091107B60B7F87A20B7F89C3013449BB2A7F867
S315000091207A30B7F87820B7F8A03013449BB2A7F886
S315000091307830D7F89030013BC7F89030D7F89830A0
S31500009140DB4303F001037B67D7F89030012B09D18D
S31500009150D7F8983003F00203002B03D17B6F43F05E
S3150000916002037B6700237B6500233B650023FB64CA
S315000091700023BB640023FB6781E17B681B88A7F89B
S315000091805A307B6802331B88A7F858307B68043353
S315000091907B60B7F85A20B7F89C3013449BB2A7F807
S315000091A05A30B7F85820B7F8A03013449BB2A7F846
S315000091B05830B7F97A20B7F95A309A4208D1B7F938
S315000091C07820B7F958309A4202D101237B6601E034
S315000091D000237B667B6E002B40F04E810323BB662B
S315000091E07B6FDB43BA6E1340BB663B6F002B00F010
S315000091F08980FA6CBB6C1343002B04D0FB6C7B6339
S31500009200BB6C3B6310E0B7F95840B7F95A20B7F981
S315000092107810B7F97A0007F13003019307F13403A8
S3150000922000932346FFF780FEBB6E03F00103002B7D
S315000092300CD0BB6E43F40073BB663A6D3B6B1344B4
S31500009240BB637A6D7B6B13445B42FB63BB6E03F0BF
S315000092500203002B5AD0D7F89030013BFA6F9A429E
S3150000926021D1FB6DB3F900309AB2B7F89C301344A4
S315000092709BB21CB2FB6D0233B3F900309AB2B7F859
S31500009280A03013449BB21AB2B7F95810B7F95A0076
S3150000929007F14803019307F14C0300931346224656
S315000092A0FFF742FE20E07B68B3F900309AB2B7F8C8
S315000092B09C3013449BB21CB27B680233B3F9003076
S315000092C09AB2B7F89C3013449BB21AB2B7F9581049
S315000092D0B7F95A0007F14803019307F14C030093CD
S315000092E013462246FFF720FEBB6E43F48063BB663F
S315000092F03A6BBB6C13443B647A6BFB6C13445B4266
S315000093007B6403E0FB6C7B63BB6C3B633B68002BBD
S315000093100BD03B681B68012B0CBF01230023DBB27B
S315000093203B663B6804333B6001E000233B663B6ED3
S31500009330002B40F08480BB6E43F4C053BB66FB6ECB
S31500009340002B3AD0B7F97810B7F97A2007F138032D
S31500009350069307F11003059307F118030493BB6EF8
S315000093600393B7F994300293B7F958300193B7F9DC
S315000093705A3000930B46B968F868FFF789F8FB6F17
S31500009380002B05D1D7F8983003F00403002B56D0F4
S31500009390B7F97810B7F97A2007F11003039307F1AC
S315000093A01803029301230193B7F9943000930B46F7
S315000093B0B968F868FEF73AFF41E03B6F002B21D011
S315000093C0BB6E43F40053BB667B6B3A6D03FB02F244
S315000093D07B6D396B01FB03F3D31A002B03DDBB6EE8
S315000093E043F48043BB667B6BBA6C03FB02F2FB6CF7
S315000093F0396B01FB03F3D31A002B03DDBB6E43F479
S315000094000043BB66B7F97810B7F97A2007F138033D
S31500009410069307F11003059307F118030493BB6E37
S315000094200393B7F994300293B7F958300193B7F91B
S315000094305A3000930B46B968F868FFF729F8B7F871
S315000094405A30A7F87A30B7F85830A7F878307B6BDF
S315000094507B653B6B3B65D7F8983003F00603002B22
S3150000946008D1D7F89030023BFA6F9A4202D1022314
S315000094707B6701E000237B67FB6F0133FB67FA6FB5
S31500009480D7F890309A42FFF478AE01231846843715
S31500009490BD4690BD80B485B000AF786039607B680A
S315000094A01B690F4A1A607B681B693A685A607B68B9
S315000094B01B690433FB607B689B68FA68DA607B682B
S315000094C01B6903F108027B681A617B6800229A61B6
S315000094D0FB6818461437BD465DF8047B704700BF2D
S315000094E03280808080B483B000AF786039603B689A
S315000094F05AB27B6883F8C6213B6818460C37BD46CE
S315000095005DF8047B704780B586B000AFF860B9603F
S315000095107A6000237B61FB68002B01D1002351E0B8
S31500009520BB68022B02D97B68022B05D80D21F8688F
S31500009530FFF7D8FF002345E05820FFF7F7FA386118
S315000095403B69002B1FD03B6900229A633B69BA68CE
S315000095501946F868FAF71FFA0346002B10D0FB6885
S31500009560DB6F002B11D13B69383340221946F8686E
S3150000957000F078F90346002B07D101237B6104E054
S3150000958001237B6101E001237B617B69002B0ED106
S315000095903B697A681A623B6900225A623B6900227B
S315000095A05A650021F868FFF79DFF3B690AE0012133
S315000095B0F868FFF797FF3B69002B02D03869FFF781
S315000095C0C1FA002318461837BD4680BD80B582B063
S315000095D000AF786039603B685B6A002B05D01221CA
S315000095E07868FFF77FFF03462DE07B681B693A68C2
S315000095F09A4204D07B685B693A689A4205D1132186
S315000096007868FFF76FFF03461DE07B68DB683A6802
S315000096109A4203D17B689A687B68DA603B68184691
S31500009620FAF79EFA3B689B6B002B04D03B689B6B5A
S315000096301846FFF787FA3868FFF784FA002178683A
S31500009640FFF750FF034618460837BD4680BD80B574
S3150000965086B000AF786039607868FAF795FE7B6867
S31500009660DB6F002B17D07B68DB68FB603A68FB6812
S315000096709A4210D07B68DB685B6D002B0BD1F868D3
S31500009680FAF7CAFB0021F868FFF704FF0022F96821
S315000096907868FAF77AFC3B68002B02D17B689B68F6
S315000096A03B603B6800225A657B683A68DA603B6833
S315000096B0BB607B6800225A63BB685B6A002B05D0DF
S315000096C0BB6800225A62B868FAF706FCBB685B6999
S315000096D0002B05D0BB685B691B681B683B6114E007
S315000096E07B68D3F8843003F01203002B09D0BB68E3
S315000096F05B681B69002B04D0BB685B681B693B6118
S3150000970003E0BB685B685B683B61B9687868FBF738
S31500009710B6F83A69B9687868FBF7D5F87B689B6E46
S3150000972003F02003002B0FD100237B6109E07A6848
S315000097307B69134403F5BC7300221A707B690133FD
S315000097407B617B693A2BF2DD00217868FFF7CAFE60
S31500009750034618461837BD4680BD80B588B000AFB1
S31500009760F860B9607A600023FB61FB68DB68BB6167
S31500009770FB68BA68DA60BB685B6A002B05D0122109
S31500009780F868FFF7AFFE034633E0BB687B617B6991
S3150000979001225A62BB685B6D002B0FD1FB685B6EC2
S315000097A0082B03D10121F868FBF773FBF86800F07A
S315000097B05DF901227969F868FAF7E7FBBB680122CF
S315000097C05A6500227969F868FCF728FF7B69002250
S315000097D05A62FB68BA69DA60FB6893F9C731FB61C4
S315000097E0FB68002283F8C721F969F868FFF77AFE5B
S315000097F0034618462037BD4680BD80B586B000AF0B
S31500009800786000237B617B685B683B617B689B6853
S31500009810FB600022F9687868FFF79FFF7861396975
S315000098207868FFF714FF7B68FA685A607B683A69C4
S315000098309A6079697868FFF755FE03461846183727
S31500009840BD4680BD80B582B000AF78607868FBF712
S3150000985095FB00217868FFF745FE03461846083752
S31500009860BD4680BD80B584B000AFF860B9607A604F
S315000098707B68DB001846FFF759F90246BB681A6099
S31500009880BB681B68002B01D1002306E0BB687A6821
S315000098909A60BB687A685A60012318461037BD463D
S315000098A080BD80B586B000AF786039603B685B6884
S315000098B05B007B617B69D8003B681B680122194607
S315000098C0FFF74BF938613B69002B01D1002311E00A
S315000098D03B685B687A69D31AFB603B689A68FB68E9
S315000098E01A443B689A603B687A695A603B683A69F1
S315000098F01A60FB6818461837BD4680BD80B584B02F
S3150000990000AF78607B68FB60FB68DB68383319461C
S31500009910F868FFF7C6FFB860BB68002B10D17868FF
S3150000992000F0A4F8FB68DB681B6C1A46FB68C3F8FA
S31500009930BC21FB68D3F8B421FB68C3F8B8211BE04F
S31500009940FB68D3F8BC21BB681A44FB68C3F8BC218A
S31500009950FB68DB689B6BFA68D2F8B811FA68D2F834
S31500009960B4218A1A1A44FB68C3F8B821FB68DB687D
S315000099709A6BFB68C3F8B4211037BD4680BDFFFF64
S3150000998080B485B000AF78607B68FB60FB68DB6FF6
S31500009990002B33D1FB68DB683833BB60FB68D3F838
S315000099A0B421BB68DA60FB68D3F8B821BB681A61DA
S315000099B0FB68D3F8BC21BB685A61FB68D3F8C021A9
S315000099C0BB689A61BB681A68FB68C3F8B421BB68B8
S315000099D01A68BB685968BB689B68CB1ADB001A44D7
S315000099E0FB68C3F8B821BB689B681A46FB68C3F8D6
S315000099F0BC21FB68044AC3F8C02100E000BF14374D
S31500009A00BD465DF8047B7047FD98000080B485B0C4
S31500009A1000AF78607B68FB60FB68DB6F002B1ED1B4
S31500009A20FB68DB683833BB60FB68D3F8BC311A4689
S31500009A30BB689A60BB68DA68FB68C3F8B421BB6888
S31500009A401A69FB68C3F8B821BB685A69FB68C3F892
S31500009A50BC21BB689A69FB68C3F8C02100E000BF5F
S31500009A601437BD465DF8047B7047FFFF80B586B0AE
S31500009A7000AF78607B687B617B69DB6F002B33D13D
S31500009A807B69DB6838333B613B699A683B695B6895
S31500009A909A422BD07B69D3F8C031164A93420CBF49
S31500009AA001230023DBB2FB60FB68002B02D0786841
S31500009AB0FFF7ACFF7868FAF767FC7868FFF760FF96
S31500009AC07868FAF761FC3B695B681A467B69C3F8FC
S31500009AD0BC21FB68002B02D17868FFF797FF3B6932
S31500009AE05A683B699A6002E000BF00E000BF183781
S31500009AF0BD4680BDFD98000080B483B000AF78609D
S31500009B0039603B685AB27B6883F8C6213B681846C1
S31500009B100C37BD465DF8047B704780B586B000AF54
S31500009B20F860B9607A60FB68D3F8B8317B61FB688E
S31500009B30D3F8B83103F10802FB68C3F8B8217B6992
S31500009B40BA681A607B697A685A60FB68D3F8BC31D8
S31500009B505A1EFB68C3F8BC21FB68D3F8BC31002B46
S31500009B6004DCFB68D3F8C031F868984700BF1837A3
S31500009B70BD4680BD80B584B000AF786039600A4BC1
S31500009B80FB607B689A6D3B685A40FB681340002B6C
S31500009B9002D07868FAF7CCFB7B683A689A6500BF12
S31500009BA01037BD4680BD00BFC801F03090B58FB0FC
S31500009BB004AFF860B9607A603B607B681B887B8382
S31500009BC07B6802331B883B837B6804331B88FB83DB
S31500009BD07B6806331B88BB837B6808337B60002366
S31500009BE07B6241E07B681B88FB827B6802331B88B3
S31500009BF0BB827B6804337B607B6A002B02D1042323
S31500009C003B6201E005233B62BB6B013B7A6A9A42E9
S31500009C1003D13B6A23F004033B623B68002B07D069
S31500009C203B681B683A6A13433B623B6804333B60FC
S31500009C30B7F91E00B7F91820B7F91A103B6A039353
S31500009C40B7F914300293B7F916300193B7F91C30FF
S31500009C500093BC680346F868A047FB8AFB83BB8A6F
S31500009C60BB837B6A01337B627A6ABB6B9A42B9D348
S31500009C7000BF00BF2C37BD4690BDFFFF80B586B044
S31500009C8000AF786039607B685B6B3A689A4207D1AF
S31500009C903B6893F80E3103F00103002B00F0EF81CF
S31500009CA07B683A685A633B6893F80E3123F00103E8
S31500009CB0DAB23B6883F80E213B681B7E012B0FD17D
S31500009CC03B68D3F8243123F440023B68C3F82421CF
S31500009CD03B68DB7C1B061A461A217868FFF71DFFD6
S31500009CE03B68D3F8243143F08073FB603B68DB7D2F
S31500009CF0032B00F2C68101A252F823F00D9D00004D
S31500009D00399D0000A39D0000199E00003B689A68DB
S31500009D103B68D3F84C3113431A4619217868FFF78C
S31500009D20FCFEF9687868FFF725FFFB681A460121F3
S31500009D307868FFF7F2FEA5E13B689A683B68D3F8BE
S31500009D404C3113431A4619217868FFF7E6FE3B6843
S31500009D501B7E012B0BD13B68DA683B68DB7C1B065C
S31500009D6013431A461A217868FFF7D7FE0AE03B68C4
S31500009D70DA683B68D3F84C3113431A461A217868DF
S31500009D80FFF7CBFEFB6843F40053FB60F968786885
S31500009D90FFF7F0FEFB681A4601217868FFF7BDFE63
S31500009DA070E13B6893F80E3103F00203002B02D0FA
S31500009DB03868F9F76DF83B68D3F850213B689B6823
S31500009DC013431A4619217868FFF7A7FE3B68D3F8B4
S31500009DD054213B68DB6813431A461A217868FFF75B
S31500009DE09CFE3B68D3F814311A461D217868FFF7AC
S31500009DF094FE3B68D3F83021FB68134343F001031C
S31500009E00FB60F9687868FFF7B5FEFB681A46012122
S31500009E107868FFF782FE35E13B6893F80E3103F070
S31500009E200403002B02D0386801F07AFB3B68D3F8B4
S31500009E3060311A4619217868FFF76FFE3B681B7E72
S31500009E40012B0ED13B68D3F8643123F07F423B6887
S31500009E50DB7C1B0613431A461A217868FFF75DFE62
S31500009E6007E03B68D3F864311A461A217868FFF791
S31500009E7054FE3B68D3F83C3103F08073002B04D1C9
S31500009E807B6893F9C431002B02D07868FAF766FA3A
S31500009E903B68D3F83C3103F08073002B14BF0123D9
S31500009EA00023DBB25AB27B6883F8C4213B68D3F83F
S31500009EB0F8301A462F217868FFF72FFE3B68D3F853
S31500009EC0EC301A462D217868FFF727FE3B68D3F859
S31500009ED038311A462E217868FFF71FFE3B6893F843
S31500009EE00D311A4639217868FFF717FE7B68D3F8DB
S31500009EF0803003F40013002B00F08B807B68D3F8CE
S31500009F00803003F08073002B03D04FF480733B61E5
S31500009F1001E010233B613B68D3F80831002B0BD0DE
S31500009F207B689A6B3B68D3F808319A4214D03B6839
S31500009F30012283F80C210FE03B68D3F80431002B93
S31500009F400AD07B689A6B3B68D3F804319A4203D0F7
S31500009F503B68012283F80C213B6893F90C31002BF6
S31500009F6029D03B68D3F80831002B24D000223721B2
S31500009F707868FFF7D2FD00237B610EE03B68D3F8DB
S31500009F8008217B699B0013441B681A4638217868B0
S31500009F90FFF7C3FD7B6901337B617A693B699A42AE
S31500009FA0ECDB3B68002283F80C213B68D3F80821E0
S31500009FB07B689A632DE03B6893F90C31002B28D01F
S31500009FC03B68D3F80431002B23D000223721786870
S31500009FD0FFF7A3FD00237B610EE03B68D3F8042165
S31500009FE07B699B0013441B681A4638217868FFF783
S31500009FF094FD7B6901337B617A693B699A42ECDBAC
S3150000A0003B68002283F80C213B68D3F804217B6867
S3150000A0109A637B68D3F8803003F00073002B0DD071
S3150000A0203B68D3F84431B3F1806F07D13B68D3F86E
S3150000A03048311A463A217868FFF76FFD3B68D3F836
S3150000A04024213B68D3F834311A433B68D3F83C31BA
S3150000A0501A433B68D3F840311A433B68D3F844317E
S3150000A060134343F00203FB60F9687868FFF782FD4B
S3150000A070FB681A4601217868FFF74FFD02E000BF32
S3150000A08000E000BF1837BD4680BD00BF80B586B072
S3150000A09000AFF860B9607A60BB68B3F904301A465D
S3150000A0A0BB68B3F90030D31A1B1101337B61BB685F
S3150000A0B0B3F906301A46BB68B3F90230D31A1B113E
S3150000A0C001333B61FB681B6C9BB21A467B689BB2F3
S3150000A0D01B0413441A461F21F868FFF71EFD3B694F
S3150000A0E01A047B6913441A461E21F868FFF715FD0A
S3150000A0F0FB685B6C042B3BD0042B54DC012B02D099
S3150000A100022B1AD04FE0FB68DA6BBB68B3F900305C
S3150000A1101B111BB21946BB68B3F902301B111BB2E7
S3150000A1201846FB681B6C00FB03F30B4413441A46EA
S3150000A1302021F868FFF7F1FC36E0FB68DA6BBB68B4
S3150000A140B3F900301B111BB21946BB68B3F90230D4
S3150000A1501B111BB21846FB681B6C00FB03F30B4478
S3150000A1605B0013441A462021F868FFF7D6FC1BE073
S3150000A170FB68DA6BBB68B3F900301B111BB21946DA
S3150000A180BB68B3F902301B111BB21846FB681B6C87
S3150000A19000FB03F30B449B0013441A462021F86886
S3150000A1A0FFF7BBFC00E000BF00BF1837BD4680BD0F
S3150000A1B080B586B000AFF860B9607A60BB68B3F965
S3150000A1C004301A46BB68B3F90030D31A1B110133A9
S3150000A1D07B61BB68B3F906301A46BB68B3F9023037
S3150000A1E0D31A1B1101333B61FB681B6C9BB25B42AC
S3150000A1F09BB21A467B681BB21B0413441A461F21E6
S3150000A200F868FFF78AFC3B691A047B6913441A460F
S3150000A2101E21F868FFF781FCFB685B6C042B3BD0C2
S3150000A220042B54DC012B02D0022B1AD04FE0FB6822
S3150000A230DA6BBB68B3F900301B111BB21946BB6859
S3150000A240B3F906301B111BB21846FB681B6C00FBEA
S3150000A25003F30B4413441A462021F868FFF75DFC0C
S3150000A26036E0FB68DA6BBB68B3F900301B111BB232
S3150000A2701946BB68B3F906301B111BB21846FB68BA
S3150000A2801B6C00FB03F30B445B0013441A462021AE
S3150000A290F868FFF742FC1BE0FB68DA6BBB68B3F9B2
S3150000A2A000301B111BB21946BB68B3F906301B11EF
S3150000A2B01BB21846FB681B6C00FB03F30B449B00A8
S3150000A2C013441A462021F868FFF727FC00E000BF78
S3150000A2D000BF1837BD4680BD80B588B002AFF860B4
S3150000A2E0084611461A4603467B810B463B811346B8
S3150000A2F0FB8009237B61FB685B6E013B072B6DD8F6
S3150000A30001A252F823F000BF29A3000047A30000D2
S3150000A31065A3000083A30000A1A30000DDA3000045
S3150000A320DDA30000BFA30000B7F90600B7F90820B7
S3150000A330B7F90A10B7F9203000930346F868F7F723
S3150000A3406CFB78614BE0B7F90600B7F90820B7F95E
S3150000A3500A10B7F9203000930346F868F7F7AEFB0A
S3150000A36078613CE0B7F90600B7F90820B7F90A109A
S3150000A370B7F9203000930346F868F7F79CFC78613C
S3150000A3802DE0B7F90600B7F90820B7F90A10B7F9B2
S3150000A390203000930346F868F7F761FB78611EE00A
S3150000A3A0B7F90600B7F90820B7F90A10B7F920304F
S3150000A3B000930346F868F7F7BCFC78610FE0B7F93D
S3150000A3C00600B7F90820B7F90A10B7F9203000934C
S3150000A3D00346F868F7F721FB786100E000BF79696A
S3150000A3E0F868FFF789FB034618461837BD4680BD57
S3150000A3F080B58AB004AFF860084611461A4603468F
S3150000A4007B810B463B811346FB8009237B61FB68FE
S3150000A4105B6E013B072B00F28B8001A252F823F002
S3150000A42041A4000069A4000091A40000B9A40000A2
S3150000A430E1A4000031A5000031A5000009A5000037
S3150000A440B7F90600B7F90820B7F90A10BB6A0293F4
S3150000A450B7F924300193B7F9203000930346F86822
S3150000A460FEF7C6F8786164E0B7F90600B7F9082088
S3150000A470B7F90A10BB6A0293B7F924300193B7F90A
S3150000A480203000930346F868FEF7E1F8786150E063
S3150000A490B7F90600B7F90820B7F90A10BB6A0293A4
S3150000A4A0B7F924300193B7F9203000930346F868D2
S3150000A4B0FEF7B5F978613CE0B7F90600B7F9082070
S3150000A4C0B7F90A10BB6A0293B7F924300193B7F9BA
S3150000A4D0203000930346F868FEF7F2F8786128E02A
S3150000A4E0B7F90600B7F90820B7F90A10BB6A029354
S3150000A4F0B7F924300193B7F9203000930346F86882
S3150000A500FEF724F9786114E0B7F90600B7F90820D8
S3150000A510B7F90A10BB6A0293B7F924300193B7F969
S3150000A520203000930346F868FEF762F8786100E091
S3150000A53000BF7969F868FFF7DFFA0346184618374F
S3150000A540BD4680BD80B588B002AFF86008461146AA
S3150000A5501A4603467B810B463B811346FB80092343
S3150000A5607B61FB685B6E013B072B6DD801A252F83D
S3150000A57023F000BF95A50000B3A50000D1A50000FB
S3150000A580EFA500000DA6000049A6000049A60000A0
S3150000A5902BA60000B7F90600B7F90820B7F90A108C
S3150000A5A0B7F9203000930346F868F7F753FE786151
S3150000A5B04BE0B7F90600B7F90820B7F90A10B7F962
S3150000A5C0203000930346F868F7F795FE78613CE083
S3150000A5D0B7F90600B7F90820B7F90A10B7F920301D
S3150000A5E000930346F868F7F7EEFE78612DE0B7F9B9
S3150000A5F00600B7F90820B7F90A10B7F9203000931A
S3150000A6000346F868F7F748FE78611EE0B7F90600DA
S3150000A610B7F90820B7F90A10B7F9203000930346B6
S3150000A620F868F7F73DFF78610FE0B7F90600B7F96C
S3150000A6300820B7F90A10B7F9203000930346F868E6
S3150000A640F7F708FE786100E000BF7969F868FFF760
S3150000A65053FA034618461837BD4680BD80B58CB000
S3150000A66006AFF860084611461A4603467B810B463C
S3150000A6703B811346FB8009237B61FB685B6E013BD4
S3150000A680072B00F2A98001A252F823F0ADA6000024
S3150000A690DFA6000011A7000043A7000075A7000071
S3150000A6A0D9A70000D9A70000A7A70000B7F90600A0
S3150000A6B0B7F90820B7F90A107B6B05933B6B049337
S3150000A6C0FB6A0393BB6A02937B6A0193B7F9203056
S3150000A6D000930346F86802F0E3FA78617DE0B7F983
S3150000A6E00600B7F90820B7F90A107B6B05933B6B98
S3150000A6F00493FB6A0393BB6A02937B6A0193B7F9DF
S3150000A700203000930346F86802F0F6FA786164E0B8
S3150000A710B7F90600B7F90820B7F90A107B6B05935D
S3150000A7203B6B0493FB6A0393BB6A02937B6A0193B8
S3150000A730B7F9203000930346F86802F04DFB7861C4
S3150000A7404BE0B7F90600B7F90820B7F90A107B6B9A
S3150000A75005933B6B0493FB6A0393BB6A02937B6A84
S3150000A7600193B7F9203000930346F86802F0F9FA2E
S3150000A770786132E0B7F90600B7F90820B7F90A1090
S3150000A7807B6B05933B6B0493FB6A0393BB6A029353
S3150000A7907B6A0193B7F9203000930346F86802F00C
S3150000A7A070FB786119E0B7F90600B7F90820B7F928
S3150000A7B00A107B6B05933B6B0493FB6A0393BB6A9E
S3150000A7C002937B6A0193B7F9203000930346F86839
S3150000A7D002F066FA786100E000BF7969F868FFF771
S3150000A7E08BF9034618461837BD4680BD80B58CB038
S3150000A7F006AFF860B9607A603B60FB685B6E7B61B0
S3150000A8007B6903F00403002B07D03B6800937B6849
S3150000A810BA681F49F868FFF7C9F97B6903F00103B5
S3150000A820002B17D07B6903F00603002B02D0F868D3
S3150000A830FFF7A6F83B6800937B68BA681549F86885
S3150000A840FFF7B4F97B6903F00603002B02D0F86822
S3150000A850FFF7DCF87B6903F00203002B13D0FB68DB
S3150000A860D96A3B680233FA68B2F96C20002004907A
S3150000A8700020039004200290019200930023BA68FE
S3150000A880F868FEF793FB002318461837BD4680BDCF
S3150000A890A5C0000051C0000080B584B000AFF860CC
S3150000A8A0B9607A603B607B68022B08D97B68023B03
S3150000A8B00022B968F868FFF799FF034600E00E2307
S3150000A8C018461037BD4680BD80B483B000AF7860AF
S3150000A8D039603B685AB27B6883F8C6213B681846E4
S3150000A8E00C37BD465DF8047B704780B586B000AF77
S3150000A8F0F860B9607A60FB68D3F8B8317B61FB68B1
S3150000A900D3F8B83103F10802FB68C3F8B8217B69B4
S3150000A910BA681A607B697A685A60FB68D3F8BC31FA
S3150000A9205A1EFB68C3F8BC21FB68D3F8BC31002B68
S3150000A93004DCFB68D3F8C031F868984700BF1837C5
S3150000A940BD4680BD80B485B000AF78600023FB6053
S3150000A9507B689BB2002B04D17B681B0C7B601023A9
S3150000A960FB607B685B087B607B68002B08D0FB681C
S3150000A9700133FB607B685B087B607B68002BF6D14C
S3150000A980FB6818461437BD465DF8047B7047FFFF29
S3150000A99090B587B000AFF860B9607A603B60FB6A3B
S3150000A9A023F030037B61FB685B6A3B613B6993F88C
S3150000A9B00E3143F00103DAB23B6983F80E213B699D
S3150000A9C07A68C3F8EC203B693A68C3F8F0203B6923
S3150000A9D0BA6AC3F8F4203B69BA68C3F8F8203B6941
S3150000A9E0002283F8EA20FB6A03F01003002B0CD048
S3150000A9F0FB68D3F8803003F40003002B05D109214E
S3150000AA00F868FFF761FF034659E2FB6A03F020038B
S3150000AA10002B0CD0FB68D3F8803003F40013002B16
S3150000AA2005D10921F868FFF74FFF034647E27B6926
S3150000AA300D2B05D07B690E2B02D07B690F2B12D113
S3150000AA40FB68D3F8803003F48033002B0BD1FB680E
S3150000AA50D3F88030DBB2092B05D80921F868FFF757
S3150000AA6033FF03462BE27B69422B00F2BD8101A234
S3150000AA7052F823F081AB00009BAB0000B7AB00009F
S3150000AA80FDAB000033AC000067AC0000E3AB000098
S3150000AA9019AC00004DAC00009BAC0000CFAC000030
S3150000AAA00BAD000047AD000083AD0000A5AD000072
S3150000AAB0C7AD0000E9AD0000E9AD0000E9AD00005A
S3150000AAC0E9AD0000E9AD0000E9AD0000E9AD000028
S3150000AAD0E9AD0000E9AD0000E9AD0000E9AD000018
S3150000AAE0E9AD0000E9AD0000E9AD0000E9AD000008
S3150000AAF0E9AD0000E9AD0000E9AD0000E9AD0000F8
S3150000AB00E9AD0000E9AD0000E9AD0000E9AD0000E7
S3150000AB10E9AD0000E9AD0000E9AD0000E9AD0000D7
S3150000AB20E9AD0000E9AD0000E9AD0000E9AD0000C7
S3150000AB30E9AD0000E9AD0000E9AD0000E9AD0000B7
S3150000AB40E9AD0000E9AD0000E9AD0000E9AD0000A7
S3150000AB50E9AD0000E9AD0000E9AD0000E9AD000097
S3150000AB60E9AD0000E9AD0000E9AD0000E9AD000087
S3150000AB70E9AD0000B7AB0000FDAB000033AC000050
S3150000AB803B690022C3F82C213B69012283F8E920A6
S3150000AB903B69012283F8EB2029E13B694FF48022CF
S3150000ABA0C3F82C213B69022283F8E9203B69022283
S3150000ABB083F8EB201BE13B694FF40022C3F82C21FC
S3150000ABC03B69042283F8E9203B69042283F8EB20E1
S3150000ABD07B69402B40F00A813B69032283F8EB2016
S3150000ABE004E13B69B84AC3F82C213B69042283F887
S3150000ABF0E9203B69042283F8EB20F8E03B694FF437
S3150000AC004022C3F82C213B69022283F8E9203B69E4
S3150000AC10022283F8EB20EAE03B69AC4AC3F82C2118
S3150000AC203B69022283F8E9203B69022283F8EB2084
S3150000AC30DDE03B691022C3F82C213B69022283F830
S3150000AC40E9203B69022283F8EB20D0E03B69202211
S3150000AC50C3F82C213B69022283F8E9203B690222D2
S3150000AC6083F8EB20C3E0FB68D3F8803003F40013CD
S3150000AC70002B05D10921F868FFF726FE03461EE1E1
S3150000AC803B69934AC3F82C213B69012283F8E920EA
S3150000AC903B69012283F8EB20A9E0FB68D3F88030FA
S3150000ACA003F40013002B05D10921F868FFF70CFE09
S3150000ACB0034604E13B69874AC3F82C213B6901221C
S3150000ACC083F8E9203B69012283F8EB208FE0FB68DB
S3150000ACD0D3F8803003F40013002B05D10921F8685E
S3150000ACE0FFF7F2FD0346EAE03B697B4AC3F82C21F5
S3150000ACF03B69012283F8E9203B69012283F8EB20B6
S3150000AD003B69022283F8EA2071E0FB68D3F88030C1
S3150000AD1003F40013002B05D10921F868FFF7D4FDD1
S3150000AD200346CCE03B696D4AC3F82C213B690122FE
S3150000AD3083F8E9203B69012283F8EB203B69042272
S3150000AD4083F8EA2053E0FB68D3F8803003F400135D
S3150000AD50002B05D10921F868FFF7B6FD0346AEE0E2
S3150000AD603B693022C3F82C213B69012283F8E92094
S3150000AD703B69012283F8EB203B69082283F8EA202D
S3150000AD8035E03B69564AC3F82C213B69012283F81A
S3150000AD90E9203B69012283F8EB203B69022283F814
S3150000ADA0EA2024E03B694F4AC3F82C213B69012283
S3150000ADB083F8E9203B69012283F8EB203B690422F2
S3150000ADC083F8EA2013E03B69474AC3F82C213B6924
S3150000ADD0012283F8E9203B69012283F8EB203B69D5
S3150000ADE0082283F8EA2002E000BF00E000BFFB6A09
S3150000ADF003F01003002B17D03B694FF08072C3F8A5
S3150000AE003C213B6993F8EB305C1E4FF08040FFF726
S3150000AE1099FD034604FA03F23B69D3F83C311A4321
S3150000AE203B69C3F83C2103E03B690022C3F83C219F
S3150000AE30FB6A03F02003002B02D17B69052B08D1A6
S3150000AE403B69D3F8403143F000723B69C3F84021B7
S3150000AE5007E03B69D3F8403123F000723B69C3F841
S3150000AE604021FB685A6D3B69D3F81C311A433B6994
S3150000AE70D3F82C311A433B69D3F820311A433B6986
S3150000AE80D3F83C311A433B69D3F840311A433B6946
S3150000AE90D3F844311A433B69C3F824213B6993F83C
S3150000AEA00E3143F01003DAB23B6983F80E2138699C
S3150000AEB000F07EFB0021F868FFF706FD0346184602
S3150000AEC01C37BD4690BD00BF1000080010000C00E6
S3150000AED010000400200004002000080020000C00E0
S3150000AEE0300004003000080030000C0080B584B04B
S3150000AEF000AF786039607B685B6AFB60FB6893F83B
S3150000AF000E3143F00103DAB2FB6883F80E21FB68C9
S3150000AF100022C3F834213B6803F00403002B07D05A
S3150000AF20FB68D3F8343143F48032FB68C3F834212C
S3150000AF303B6803F00803002B07D0FB68D3F83431D5
S3150000AF4043F40032FB68C3F834213B6803F0010385
S3150000AF50002B07D1FB68D3F8343143F48042FB68F9
S3150000AF60C3F834213B6803F00203002B07D1FB68CA
S3150000AF70D3F8343143F40042FB68C3F834213B680C
S3150000AF80DBB203F00F03DAB2FB6883F8E820F86857
S3150000AF9000F00EFB00217868FFF796FC0346184682
S3150000AFA01037BD4680BD80B584B000AF78600846D6
S3150000AFB011461A460346FB700B46BB7013467B7060
S3150000AFC07B68002B25D07B685B6AFB60FB6893F887
S3150000AFD00E3143F00103DAB2FB6883F80E21FB68F9
S3150000AFE0FA7883F8E420FB68BA7883F8E520FB68F2
S3150000AFF07A7883F8E620FB683A7E83F8E720F968DA
S3150000B000786800F00FFA00217868FFF75DFC0346C8
S3150000B01000E0022318461037BD4680BD80B586B0D5
S3150000B02000AFF8607B600B467B8113463B81FB6873
S3150000B0305B6A7B617B6993F80E3143F00103DAB2F8
S3150000B0407B6983F80E217B697A89A3F8A8207B693E
S3150000B0503A89A3F8AA207B697A68C3F8A0207B699D
S3150000B0603A6AC3F8A4207B697A6AC3F898207B6998
S3150000B070BA6AC3F89C207B69FA6AC3F8B0207B6978
S3150000B0803A6BC3F8B4207B6993F80E3143F0100392
S3150000B090DAB27B6983F80E210021F868FFF714FC09
S3150000B0A0034618461837BD4680BD80B584B000AF4C
S3150000B0B078600B467B8013463B807B685B6AFB604F
S3150000B0C0FB6893F80E3143F00103DAB2FB6883F8AC
S3150000B0D00E21B7F902301A03FB68C3F8FC20B7F952
S3150000B0E000301A03FB68C3F8002100217868FFF7D7
S3150000B0F0EBFB034618461037BD4680BD80B584B0CD
S3150000B10000AF786039607B68D3F8803003F40013B1
S3150000B110002B05D109217868FFF7D6FB034661E0CD
S3150000B1207B685B6A3A68C3F804213B68002B17D139
S3150000B1307B685B6A002283F80C217B685B6AD3F824
S3150000B1400831002B49D07B685B6AD3F80831184672
S3150000B15002F0D8FE7B685B6A0022C3F808213CE057
S3150000B1607B68D3F8803003F08073002B03D04FF454
S3150000B1708073BB6001E01023BB607B685B6AD3F819
S3150000B1800831002B19D00023FB6012E07B685B6A54
S3150000B190D3F80421FB689B001A447B685B6AD3F8EA
S3150000B1A00811FB689B000B4412681A60FB680133A8
S3150000B1B0FB60FA68BB689A42E8DB7B685B6A01223F
S3150000B1C083F80C217B685B6A93F80E217B685B6AC7
S3150000B1D042F00102D2B283F80E2100217868FFF70F
S3150000B1E073FB034618461037BD4680BD80B588B050
S3150000B1F000AFF860B9607A603B60FB685B6A03F594
S3150000B20084737B61FB68D3F8803003F40013002B52
S3150000B21005D10921F868FFF757FB034687E0FB686D
S3150000B220D3F8803003F08073002B03D04FF4807383
S3150000B230BB6101E01023BB61BB68002B05D1112166
S3150000B240F868FFF741FB034671E07B691B68002B3A
S3150000B25041D1BB699B00184602F024FE02467B6979
S3150000B2601A607B691B68002B05D10121F868FFF77E
S3150000B2702BFB03465BE0FB685B6AD3F80431002BCB
S3150000B28018D00023FB6110E0FB685B6AD3F8042149
S3150000B290FB699B001A447B691968FB699B000B4498
S3150000B2A012681A60FB690133FB61FA69BB699A424D
S3150000B2B0EAD310E00023FB6109E07B691A68FB69A9
S3150000B2C09B00134400221A60FB690133FB61FA6993
S3150000B2D0BB699A42F1D30023FB610FE0FB699B0037
S3150000B2E0BA681A447B691968F8697B6803449B004D
S3150000B2F00B4412681A60FB690133FB61FA693B680B
S3150000B3009A42EBD3FB685B6A012283F80C21FB6847
S3150000B3105B6A93F80E21FB685B6A42F00102D2B2C7
S3150000B32083F80E210021F868FFF7CEFA0346184687
S3150000B3302037BD4680BDFFFF80B485B000AFF86002
S3150000B340B9607A603B607B68072B63D801A252F82C
S3150000B35023F000BF75B3000083B3000091B3000073
S3150000B360AFB30000BDB30000CBB30000E1B30000F3
S3150000B370F7B300003B6800221A70BB6900221A70FE
S3150000B38049E03B68FF221A70BB69FF221A7042E04F
S3150000B390FA68BB681344DC331A783B681A70FA689B
S3150000B3A0BB681344DC331A78BB691A7033E03B6818
S3150000B3B000221A70BB69FF221A702CE03B68FF223C
S3150000B3C01A70BB6900221A7025E03B6800221A70C9
S3150000B3D0FA68BB681344DC331A78BB691A701AE042
S3150000B3E0FA68BB681344DC331A783B681A70BB6989
S3150000B3F000221A700FE0FA68BB681344DC331A782F
S3150000B4003B681A70FA68BB681344E0331A78BB6964
S3150000B4101A7000E000BF00BF1437BD465DF8047B1C
S3150000B420704700BF80B588B002AF786039600023EE
S3150000B430FB730023BB733B6893F8E430194607F1AE
S3150000B4400F0207F10E03009313460A4600213868DF
S3150000B450FFF772FFFB7B1B067B61BB7B1B063B6119
S3150000B4603B6893F8E530194607F10F0207F10E0322
S3150000B470009313460A4601213868FFF75DFFFB7B00
S3150000B4801B047A6913437B61BB7B1B043A69134334
S3150000B4903B613B6893F8E630194607F10F0207F166
S3150000B4A00E03009313460A4602213868FFF744FF4D
S3150000B4B0FB7B1B027A6913437B61BB7B1B023A69E8
S3150000B4C013433B613B6893F8E730194607F10F02D7
S3150000B4D007F10E03009313460A4603213868FFF767
S3150000B4E02BFFFB7B1A467B6913437B61BB7B1A46AA
S3150000B4F03B6913433B613B687A69C3F858213B6853
S3150000B5003A69C3F85C213B6893F80E3143F00403B3
S3150000B510DAB23B6883F80E2100BF1837BD4680BDFE
S3150000B52080B487B000AF78607B68D3F84C311B0AD3
S3150000B5307B617B68D3F858311B0E7A6902FB03F3F3
S3150000B54003F1FF1303F57F4303F07F433B617B6801
S3150000B550D3F85C311B0E7A6902FB03F303F1FF1388
S3150000B56003F57F4303F07F43FB607B68D3F85831D4
S3150000B57023F07F423B691A437B68C3F860217B68EE
S3150000B580D3F85C3123F07F42FB681A437B68C3F82B
S3150000B59064217B6893F80E3123F00403DAB27B68EA
S3150000B5A083F80E2100BF1C37BD465DF8047B70474B
S3150000B5B080B584B000AF78607B6893F8E83003F01C
S3150000B5C00103002B08D07B68D3F8F030013B184606
S3150000B5D0FDF788FAF86004E07B68D3F8F030013BA9
S3150000B5E0FB607B6893F8E83003F00203002B12D06F
S3150000B5F07B68D3F8F430013B1846FDF773FAB86060
S3150000B6007B68D3F8EC30BA6802FB03F31846FDF703
S3150000B61069FAB8600BE07B68D3F8F430013BBB6095
S3150000B6207B68D3F8EC30BA6802FB03F3BB60BB68F7
S3150000B630DA02FB68C3F30A031A437B68C3F83821AE
S3150000B64000BF1037BD4680BD80B58AB000AFF86038
S3150000B650B9607A60BB68B3F9A8301A467B68B3F95B
S3150000B6600030D31A7B62BB68B3F9AA301A467B68EE
S3150000B670B3F90230D31A3B62BB68D3F898307A6AC2
S3150000B68003FB02F2BB68D3F89C30396A01FB03F373
S3150000B69013441B115B42FB61BB68D3F8B0307A6A76
S3150000B6A003FB02F2BB68D3F8B430396A01FB03F33B
S3150000B6B013441B115B42BB61BB68D3F8FC20BB681B
S3150000B6C0D3F8A0301344FA691344FB61BB68D3F87E
S3150000B6D00021BB68D3F8A4301344BA691344BB6194
S3150000B6E0FA692421F868FFF700F9BB68D3F89830A7
S3150000B6F01A462521F868FFF7F8F8BB68D3F89C309E
S3150000B7001A462621F868FFF7F0F8BB68D3F8B03080
S3150000B7107B61BB68D3F8B4303B61BB691B14BA6864
S3150000B720D2F8EC2002FB03F31A462721F868FFF74C
S3150000B730DCF8BB699BB21A462821F868FFF7D5F8F2
S3150000B7407B691B14BA68D2F8EC2002FB03F31A4695
S3150000B7502921F868FFF7C9F83B691B14BA68D2F8C3
S3150000B760EC2002FB03F31A462A21F868FFF7BDF81E
S3150000B7707B699BB21A463B699BB21B0413431A466C
S3150000B7802B21F868FFF7B1F800BF2837BD4680BD0A
S3150000B79080B58AB000AFF860B9607A60BB68B3F96B
S3150000B7A0A8301A467B68B3F90030D31A7B62BB68AF
S3150000B7B0B3F9AA301A467B68B3F90630D31A3B624E
S3150000B7C0BB68D3F898307A6A03FB02F2BB68D3F8F9
S3150000B7D09C30396A01FB03F313441B115B42FB6186
S3150000B7E0BB68D3F8B0307A6A03FB02F2BB68D3F8C1
S3150000B7F0B430396A01FB03F313441B115B42BB618E
S3150000B800BB68D3F8FC20BB68D3F8A0301344FA69B0
S3150000B8101344FB61BB68D3F80021BB68D3F8A4309E
S3150000B8201344BA691344BB61FA692421F868FFF727
S3150000B8305CF8BB68D3F898301A462521F868FFF7FC
S3150000B84054F8BB68D3F89C305B421A462621F86848
S3150000B850FFF74BF8BB68D3F8B0307B61BB68D3F811
S3150000B860B4305B423B61BB691B14BA68D2F8EC206A
S3150000B87002FB03F31A462721F868FFF736F8BB697F
S3150000B8809BB21A462821F868FFF72FF87B691B142C
S3150000B890BA68D2F8EC2002FB03F31A462921F868AD
S3150000B8A0FFF723F83B691B14BA68D2F8EC2002FBB9
S3150000B8B003F31A462A21F868FFF717F87B699BB24B
S3150000B8C01A463B699BB21B0413431A462B21F868A0
S3150000B8D0FFF70BF800BF2837BD4680BD80B584B0A2
S3150000B8E000AFF860B9607A603B60BB68DB7D032B14
S3150000B8F00DD13B68002B05D07A68B968F868FFF768
S3150000B90047FF04E07A68B968F868FFF79DFE00BF54
S3150000B9101037BD4680BD80B586B000AFF860B9600F
S3150000B9207A60FB68D3F8B8317B61FB68D3F8B8312D
S3150000B93003F10802FB68C3F8B8217B69BA681A608C
S3150000B9407B697A685A60FB68D3F8BC315A1EFB687B
S3150000B950C3F8BC21FB68D3F8BC31002B04DCFB68C0
S3150000B960D3F8C031F868984700BF1837BD4680BD88
S3150000B97080B5A6B002AFF860B96011461A460B460C
S3150000B980FB801346BB80B7F99820B7F90630D31A67
S3150000B990FB67B7F9A020B7F99830D31ABB67B7F998
S3150000B9A00620B7F9A030D31A7B67B7F99C20B7F900
S3150000B9B00430D31A3B67B7F9A420B7F99C30D31AE1
S3150000B9C0FB66B7F90420B7F9A430D31ABB66FB6F40
S3150000B9D0DA0FBB6F9B1703F002031A437B6F5B17EB
S3150000B9E003F0040313437B663B6FDA0FFB6E9B1772
S3150000B9F003F002031A43BB6E5B1703F00403134301
S3150000BA003B667B6E83F00703FB653B6E83F00703A3
S3150000BA10BB65FA6DBB6D1340002B0BD0FA6F3B6F05
S3150000BA201343072B04D9BA6FFB6E1343072B01D8B8
S3150000BA30002309E33B6F002B03D1FB6D03F00103E9
S3150000BA4002E0BB6D03F001037B65FB6E002B03D1A7
S3150000BA50FB6D03F0020302E0BB6D03F002033B65DE
S3150000BA60BB6E002B03D1FB6D03F0040302E0BB6D3C
S3150000BA7003F00403FB64FB6D5A087B6E1340022B34
S3150000BA8013D0022B18D8002B02D0012B06D013E0BE
S3150000BA90FB8823F00F031BB23B870EE0B7F8983004
S3150000BAA023F00F031BB23B8707E0B7F8A03023F063
S3150000BAB00F031BB23B8700E000BF7B6E5A08FB6D8D
S3150000BAC01340022B19D0022B21D8002B02D0012BB8
S3150000BAD009D01CE0FB880F339BB21BB223F00F0387
S3150000BAE01BB2BB8714E0B7F898300F339BB21BB27A
S3150000BAF023F00F031BB2BB870AE0B7F8A0300F3361
S3150000BB009BB21BB223F00F031BB2BB8700E000BF42
S3150000BB10BB6D5A083B6E1340022B13D0022B18D86C
S3150000BB20002B02D0012B06D013E0BB8823F00F03B5
S3150000BB301BB27B870EE0B7F89C3023F00F031BB2D5
S3150000BB407B8707E0B7F8A43023F00F031BB27B878F
S3150000BB5000E000BF3B6E5A08BB6D1340022B19D0A4
S3150000BB60022B21D8002B02D0012B09D01CE0BB8868
S3150000BB700F339BB21BB223F00F031BB2FB8714E0FB
S3150000BB80B7F89C300F339BB21BB223F00F031BB2E6
S3150000BB90FB870AE0B7F8A4300F339BB21BB223F041
S3150000BBA00F031BB2FB8700E000BF07F138031946FD
S3150000BBB0F86800F089FD0346002B01D1002343E21B
S3150000BBC0B968F868FEF75AF8FA88B7F938309BB2C0
S3150000BBD0D31A9BB2FB80BA88B7F93A309BB2D31A14
S3150000BBE09BB2BB80B7F89820B7F938309BB2D31A0E
S3150000BBF09BB2A7F89830B7F89C20B7F93A309BB2B9
S3150000BC00D31A9BB2A7F89C30B7F8A020B7F9383002
S3150000BC109BB2D31A9BB2A7F8A030B7F8A420B7F905
S3150000BC203A309BB2D31A9BB2A7F8A4300023C7F8C8
S3150000BC308830D7F8A83003F00103002B17D0B7F9E6
S3150000BC400420B7F9061007F114007B6D01933B6FD2
S3150000BC500093FB6FF9F748FDD7F8883043F400737B
S3150000BC60C7F888307B6903F500437B6125E0BB6834
S3150000BC7093F8D53003F00103002B0DD0B7F904205B
S3150000BC80B7F9061007F11400BB6801933B6F0093E8
S3150000BC90FB6FF9F733FE10E0B7F90420B7F9061089
S3150000BCA007F114007B6D01933B6F0093FB6FF9F76F
S3150000BCB01BFD7B6903F580337B61D7F8A83003F061
S3150000BCC00203002B19D0B7F99C20B7F9981007F199
S3150000BCD0140303F10C003B6D0193FB6E0093BB6FE5
S3150000BCE0F9F702FDD7F8883043F48063C7F8883047
S3150000BCF03B6A03F500433B6229E0BB6893F8D53005
S3150000BD0003F00103002B0FD0B7F99C20B7F9981068
S3150000BD1007F1140303F10C00BB680193FB6E00935B
S3150000BD20BB6FF9F7EBFD12E0B7F99C20B7F9981055
S3150000BD3007F1140303F10C003B6D0193FB6E0093B6
S3150000BD40BB6FF9F7D1FC3B6A03F580333B62D7F84A
S3150000BD50A83003F00403002B19D0B7F9A420B7F9D3
S3150000BD60A01007F1140303F11800FB6C0193BB6EDE
S3150000BD7000937B6FF9F7B8FCD7F8883043F400637B
S3150000BD80C7F88830FB6A03F50043FB6229E0BB680D
S3150000BD9093F8D53003F00103002B0FD0B7F9A42098
S3150000BDA0B7F9A01007F1140303F11800BB6801935B
S3150000BDB0BB6E00937B6FF9F7A1FD12E0B7F9A420E3
S3150000BDC0B7F9A01007F1140303F11800FB6C0193F7
S3150000BDD0BB6E00937B6FF9F787FCFB6A03F5803334
S3150000BDE0FB62BB6893F8D53003F00203002B05D144
S3150000BDF0D7F8883043F46063C7F888307A6E3B6EB4
S3150000BE001340C7F88C300023C7F884303B6D5A08BE
S3150000BE107B6D5A40FB6C9B089A4252D0BA6D7B6E82
S3150000BE201343BB64D7F88C30002B4AD0BB6C072B6E
S3150000BE3047D0B7F93E301A46B7F93A30D31A7B6481
S3150000BE40BB6D5A083B6E1A403B6E5908BB6D0B40E2
S3150000BE505340032B10D0032B13D8012B02D0022BF7
S3150000BE6005D00EE0B7F9A430C7F880300EE0B7F978
S3150000BE709C30C7F8803009E0B7F90430C7F8803045
S3150000BE8004E0B7F90430C7F8803000BF7B6CDA0FE6
S3150000BE9013445B101A46D7F8803093420BDD00231B
S3150000BEA0C7F88C307A6CD7F88030D31A1B1101335F
S3150000BEB0C7F8843005E0D7F880301B110133C7F886
S3150000BEC08430D7F8883043F4800343F00703C7F87B
S3150000BED08830B7F93C301A46B7F93830D31A3F2BB9
S3150000BEE005DDD7F8883043F40003C7F88830BB680F
S3150000BEF09B7D03F00603002B14D007F13802D7F818
S3150000BF00883000930323B968F868FAF7ADF9C7F8E3
S3150000BF108800D7F8883003F40003002B02D10123F0
S3150000BF20C7F88C30D7F88C30002B2AD1B7F93E30C1
S3150000BF301A46B7F93A30D31A1B113B6407F11403BA
S3150000BF40396C1846FAF77CF807F114030C33396C90
S3150000BF501846FAF775F807F114031833396C1846C2
S3150000BF60FAF76EF807F138020123B968F868FCF7AA
S3150000BF70BEFF07F138020123B968F868FFF7AEFC87
S3150000BF800DE007F138020023B968F868FCF7AFFF47
S3150000BF9007F138020023B968F868FFF79FFC7B6950
S3150000BFA01A460421F868FFF7B6FCBB691A460A214F
S3150000BFB0F868FFF7B0FCFB691A461021F868FFF72E
S3150000BFC0AAFC3B6A1A460521F868FFF7A4FC7B6ABF
S3150000BFD01A460B21F868FFF79EFCBB6A1A46112128
S3150000BFE0F868FFF798FCFB6A1A460621F868FFF71F
S3150000BFF092FC3B6B1A460C21F868FFF78CFC7B6BB6
S3150000C0001A461221F868FFF786FCD7F888301A46D8
S3150000C0100021F868FFF77FFCD7F88C30002B09D198
S3150000C020D7F884305A1C07F138031946F868FEF72A
S3150000C030BFF808E0D7F884305A1C07F138031946D0
S3150000C040F868FEF723F8012318469037BD4680BDF1
S3150000C05080B58AB006AFF860084611461A46034610
S3150000C0607B810B463B811346FB80FB68996AB7F9D7
S3150000C0700800B7F90A207B6A0493B7F920300393C6
S3150000C080B7F91C300293B7F918300193B7F90630A7
S3150000C09000930346F868FFF76BFC00231846103739
S3150000C0A0BD4680BDF0B58DB006AFF86008461146B6
S3150000C0B01A4603467B810B463B811346FB80FB6891
S3150000C0C0B3F86E30FB82FB68B3F87030BB82FB6856
S3150000C0D0DD6A7A89FB8A13449BB21EB23A89BB8A0F
S3150000C0E013449BB20FFA83FCFA88FB8A13449BB273
S3150000C0F01BB2398EBA8A0A4492B212B2B88EF98A43
S3150000C100014489B209B23C8FB88A204480B200B299
S3150000C110FC6B0494039002910192009363463246AD
S3150000C1202946F868FFF724FC002318461C37BD464D
S3150000C130F0BDF0B599B006AFF860084611461A464C
S3150000C14003467B810B463B811346FB8000233B6302
S3150000C150002387F83D30FB68DB6BFB62FB689B6C5A
S3150000C16087F82B30FB685B6C87F82A30FB681B6C02
S3150000C1707B62FB68DB6C7B84FB681B6D3B847B6AA4
S3150000C180002B1DDA3B8C013B7A6A02FB03F397F81E
S3150000C1902A2002FB03F3FB61FB69FA6A13447B6402
S3150000C1A07B6A5B423B643A8C3B89D31A9AB2B7F8F6
S3150000C1B06030D31AFB87FB6E83F48063FB6606E070
S3150000C1C0FB6A7B647B6A3B64B7F86030FB87798CDB
S3150000C1D03B8C97F82B20019200930B463A6C796CB6
S3150000C1E0F868F4F7AEFD38633B6B002B01D03B6B70
S3150000C1F0F2E0F868F8F7B2F8B7F86820B7F86030F8
S3150000C2009A4254D1B7F86420FB889A424FD9B7F8BE
S3150000C2106420F9887B890B449A4248DAB7F864208F
S3150000C220FB88D31A7B837B8BFB86FA887B89134436
S3150000C230BB86BA8EFB8ED21AFB889A4203DABA8E76
S3150000C240FB88D31AFB86BA8EFB8ED31ABB86FD8E6D
S3150000C2503E89B7F936301B011BB2B7F90820120127
S3150000C26012B2B88E798B014409B2090109B2B7F945
S3150000C2706000000100B2B7F834C0FC6E059404906B
S3150000C280039102920193FB8F00936346324629463F
S3150000C290F868F4F7BDFD38633B6B002B01D03B6BB0
S3150000C2A09AE0BA8EFB889A42C3D83B6B94E0B7F803
S3150000C2B06820B7F860309A4258D9B7F86820B7F8BE
S3150000C2C060103B890B449A4250DAB7F864207B89A8
S3150000C2D01A44FB889A4249DDB7F86420F9887B89BD
S3150000C2E00B449A4242DA3B8C013B7A6A02FB03F327
S3150000C2F097F82A2002FB03F37B617B69FA6A1A44EA
S3150000C300FB68DA637B6A5A42FB681A643A8C3B899B
S3150000C310D31A9AB2B7F86830D31AA7F86830FB6810
S3150000C320B3F878303B87FB68B3F874307B873B8C77
S3150000C330013B9BB21B019AB27B8FD31A9BB21AB2F6
S3150000C340FB68A3F878203B8C013B9BB21B019AB299
S3150000C3503B8FD31A9BB21AB2FB68A3F87420FB6E0C
S3150000C36083F48063FB66012387F83D307D893E892F
S3150000C370B7F90A301B011BB2B7F90820120112B235
S3150000C380B7F96410090109B2B7F96800000100B2F3
S3150000C390B7F806C0FC6E05940490039102920193CF
S3150000C3A0FB8F0093634632462946F868F4F730FD62
S3150000C3B0386397F83D30012B0DD1FB68FA6ADA63D2
S3150000C3C0FB687A6A1A64FB683A8FA3F87820FB68E0
S3150000C3D07A8FA3F874203B6B18464C37BD46F0BDE8
S3150000C3E080B483B000AF786039603B685AB27B682E
S3150000C3F083F8C6213B6818460C37BD465DF8047BBA
S3150000C400704780B584B000AFF860084611461A46FA
S3150000C41003467B810B463B811346FB80B7F90A3006
S3150000C420002B01DA00237B81B7F90830002B01DAF3
S3150000C43000233B81FB68DB6C1BB2B7F906209A42EE
S3150000C44005DBFB68DB6C9BB2013B9BB2FB80FB68A8
S3150000C4501B6D1BB2B7F918209A4205DBFB681B6DF2
S3150000C4609BB2013B9BB23B83B7F90630002B01DA46
S3150000C4700023FB80B7F91830002B01DA00233B8339
S3150000C480FB68DB6C1BB2B7F90A209A4205DBFB6836
S3150000C490DB6C9BB2013B9BB27B81FB681B6D1BB2C5
S3150000C4A0B7F908209A4205DBFB681B6D9BB2013B7E
S3150000C4B09BB23B817B891B011AB2FB68A3F87220F1
S3150000C4C03B891B011AB2FB68A3F87420FB881B0189
S3150000C4D01AB2FB68A3F876203B8B1B011AB2FB68E5
S3150000C4E0A3F878200021F868FFF77AFF034618467C
S3150000C4F01037BD4680BD80B584B000AFF860B96026
S3150000C5007A603B60BB68002B06D0FB68B3F97230DB
S3150000C5101B111AB2BB681A807B68002B06D0FB6819
S3150000C520B3F974301B111AB27B681A803B68002B72
S3150000C53006D0FB68B3F976301B111AB23B681A8035
S3150000C540BB69002B06D0FB68B3F978301B111AB211
S3150000C550BB691A800021F868FFF742FF03461846B8
S3150000C5601037BD4680BDFFFF80B588B002AFF860CA
S3150000C570B9607A603B60FB68BA68DA63FB687A6A1E
S3150000C5809A64FB687A681A64FB683A68DA64FB683E
S3150000C5903A6A1A657B6A412B40D07B6A412B4CDC98
S3150000C5A07B6A072B18DC7B6A002B46DB7B6A072B32
S3150000C5B043D801A252F823F0E1C50000EFC5000000
S3150000C5C0FFC500001DC600003BC600003BC60000BC
S3150000C5D00FC600002DC600007B6A402B0FD02CE052
S3150000C5E0FB6800225A65FB6801225A6426E0FB6854
S3150000C5F04FF480125A65FB6802225A641EE0FB68FB
S3150000C6004FF400125A65FB6804225A6416E0FB6870
S3150000C6102B4A5A65FB6804225A640FE0FB684FF404
S3150000C62040125A65FB6802225A6407E0FB68254AF5
S3150000C6305A65FB6802225A6400E000BFFB68DB69AA
S3150000C6407B611FE0FB685A6D7B69D3F81C311A4386
S3150000C6507B69D3F82C311A437B69D3F820311A430E
S3150000C6607B69D3F83C311A437B69D3F840311A43CE
S3150000C6707B69D3F844311A437B69C3F824217B696B
S3150000C6801B687B617B69002BDCD13B689BB2013B5D
S3150000C6909BB21AB23B6A9BB2013B9BB21BB20093A0
S3150000C6A0134600220021F868FFF7ABFE0021F86868
S3150000C6B0FFF796FE034618461837BD4680BD00BFF5
S3150000C6C0000120000001300080B483B000AF786024
S3150000C6D039603B68B3F900207B68B3F976309A423B
S3150000C6E017DC3B68B3F902207B68B3F978309A42CD
S3150000C6F00FDC3B68B3F904207B68B3F972309A42C9
S3150000C70007DB3B68B3F906207B68B3F974309A42BD
S3150000C71001DA002334E03B68B3F900207B68B3F903
S3150000C72072309A4204DA7B68B3F972203B681A8049
S3150000C7303B68B3F902207B68B3F974309A4204DA95
S3150000C7407B68B3F974203B685A803B68B3F90420D0
S3150000C7507B68B3F976309A4204DD7B68B3F97620BC
S3150000C7603B689A803B68B3F906207B68B3F978305A
S3150000C7709A4204DD7B68B3F978203B68DA800123AE
S3150000C78018460C37BD465DF8047B704780B485B00B
S3150000C79000AF0346FB800023FB60FB88002B02D121
S3150000C7A01023FB602EE0FB8803F47F43002B02D1AD
S3150000C7B00823FB6002E0FB881B0AFB80FB8803F072
S3150000C7C0F003002B03D1FB680433FB6002E0FB8817
S3150000C7D01B09FB80FB8803F00C03002B03D1FB68CD
S3150000C7E00233FB6002E0FB889B08FB80FB8803F0BA
S3150000C7F00203002B0CBF01230023DBB21A46FB68A1
S3150000C8001344FB60FB6818461437BD465DF8047B8D
S3150000C810704780B586B000AFF860B9607A603B605B
S3150000C820FB68002B02DB7B68002B11DAFB68002B10
S3150000C83002DA7B68002B0BDBBB68002B02DB3B6854
S3150000C840002B05DABB68002B04DA3B68002B01DA03
S3150000C850002396E0FB68002B03DDFB681B149BB2EC
S3150000C86003E0FB685B421B149BB21846FFF78EFF82
S3150000C87078617B69C3F11003FA6842FA03F3FB603F
S3150000C8807B69C3F11003BA6842FA03F3BB60BB6865
S3150000C890002B03DDBB681B149BB203E0BB685B4245
S3150000C8A01B149BB21846FFF771FF78617B69C3F1D1
S3150000C8B01003FA6842FA03F3FB607B69C3F11003C5
S3150000C8C0BA6842FA03F3BB607B68002B03DD7B6822
S3150000C8D01B149BB203E07B685B421B149BB2184699
S3150000C8E0FFF754FF78617B69C3F110037A6842FA57
S3150000C8F003F37B607B69C3F110033A6842FA03F3E2
S3150000C9003B603B68002B03DD3B681B149BB203E0D6
S3150000C9103B685B421B149BB21846FFF737FF7861F2
S3150000C9207B69C3F110037A6842FA03F37B607B6983
S3150000C930C3F110033A6842FA03F33B60FB685B10ED
S3150000C940FB60BB685B10BB607B685B107B603B6811
S3150000C9505B103B60FB683A6803FB02F27B685B4254
S3150000C960B96801FB03F313443B613B69002BB8BF75
S3150000C9705B423B613B69B3F5803F01DA012300E08E
S3150000C980002318461837BD4680BD80B592B004AF67
S3150000C990F860B96011461A460B46FB801346BB8009
S3150000C9A000237B6300233B63BB6D03F04003002B36
S3150000C9B00AD17B6D3A6DF96CB86CFFF72AFF034616
S3150000C9C0002B01D0012367E1FB685B6AFB62FB6811
S3150000C9D0BA685A6207F11A0007F11C0207F11E0134
S3150000C9E007F1180300930346F868FFF784FDFB6C14
S3150000C9F0002B07DBBB6C002B0BDA7B6B43F00803C9
S3150000CA007B6306E0BB6C002B03DC7B6B43F0080307
S3150000CA107B637B6D002B07DB3B6D002B0BDA3B6BDF
S3150000CA2043F008033B6306E03B6D002B03DC3B6BE6
S3150000CA3043F008033B63BB6D03F04003002B2FD08C
S3150000CA40BB6C5B103A6D521002FB03F3DA13FB6CFE
S3150000CA505B10796D491001FB03F3DB131344BB62D2
S3150000CA60BB6A002B08DCBB6D03F00103002B03D16E
S3150000CA707B6B43F010037B63BB6A002B08DCBB6D4A
S3150000CA8003F00203002B03D13B6B43F010033B631F
S3150000CA907B6B43F040037B633B6B43F040033B639C
S3150000CAA0BB6D9B0003F004027B6B1343B7F90410C4
S3150000CAB0B7F906200293FB6C0193BB6C00930B46FF
S3150000CAC00021F868F6F787F9BB6D5B0003F00402F6
S3150000CAD03B6B1343B7F90410B7F9062002937B6D3D
S3150000CAE001933B6D00930B460121F868F6F773F945
S3150000CAF0BB6D03F04003002B40F0928007F112005B
S3150000CB0007F1140207F1160107F11003009303461B
S3150000CB10F868FFF7F0FCBA6C3B6D1344002B18DD88
S3150000CB207B6D002B02DBFB6C002B05DDFB6C002B09
S3150000CB300FDB7B6D002B0CDCB7F90630083B1B11B5
S3150000CB40FB84B7F91630B7F926209A4201DDFB8C33
S3150000CB50FB82BA6C3B6D1344002B18DA7B6D002BFD
S3150000CB6002DBFB6C002B05DDFB6C002B0FDB7B6D0A
S3150000CB70002B0CDCB7F9063008331B11BB84B7F960
S3150000CB801230B7F924209A4201DABB8C7B82FA6C08
S3150000CB907B6D1344002B18DA3B6D002B02DBBB6C5C
S3150000CBA0002B05DDBB6C002B0FDB3B6D002B0CDC7B
S3150000CBB0B7F9043008331B117B84B7F91030B7F985
S3150000CBC022209A4201DA7B8C3B82FA6C7B6D1344FD
S3150000CBD0002B18DD3B6D002B02DBBB6C002B05DD4B
S3150000CBE0BB6C002B0FDB3B6D002B0CDCB7F9043064
S3150000CBF0083B1B113B84B7F91430B7F920209A4241
S3150000CC0001DD3B8CBB82B7F91610B7F91420B7F9D2
S3150000CC101200B7F9103000930346F868FFF7F1FBEE
S3150000CC20B7F90410B7F90620B7F944300193B7F9FC
S3150000CC30403000930B46B968F868F5F7EDF8B7F998
S3150000CC400430B7F90620002102910021019100214C
S3150000CC5000910021F868F6F7BEF8B7F90430B7F985
S3150000CC60062000210291002101910021009101215D
S3150000CC70F868F6F7B0F8B7F91E10B7F91C20B7F93F
S3150000CC801A00B7F9183000930346F868FFF7B9FBA6
S3150000CC90FB68FA6A5A62012318463837BD4680BDDA
S3150000CCA080B58CB008AFF860084611461A460346B0
S3150000CCB07B810B463B811346FB80FB68996AB7F97B
S3150000CCC00800B7F90A20FB6A0693BB6A05937B6ADC
S3150000CCD004933B6A0393FB690293B7F918300193F7
S3150000CCE0B7F9063000930346F868FFF74EFE0023B7
S3150000CCF018461037BD4680BD90B58DB008AFF860B8
S3150000CD00084611461A4603467B810B463B8113466D
S3150000CD10FB80FB68D96AFB68B3F96C309BB25B0099
S3150000CD209AB23B8C13449BB21BB2B7F90840B7F9D1
S3150000CD300A007A6B06923A6B0592FA6A0492BA6A0C
S3150000CD4003927A6A02920193B7F90630009323465A
S3150000CD500246F868FFF719FE002318461437BD4649
S3150000CD6090BD80B58EB008AFF860084611461A46E9
S3150000CD7003467B810B463B811346FB80FB68B3F879
S3150000CD806E30FB82FB68B3F87030BB82FB68D96AF1
S3150000CD907A89FB8A13449BB218B23A89BB8A134438
S3150000CDA09BB21AB27B6B06933B6B0593FB6A0493AB
S3150000CDB0BB6A03937B6A0293B7F920300193B7F9F4
S3150000CDC00630009313460246F868FFF7DEFD00239F
S3150000CDD018461837BD4680BD90B58DB008AFF860CF
S3150000CDE0084611461A4603467B810B463B8113468D
S3150000CDF0FB80FB68D96AFB68B3F96C309BB25B00B9
S3150000CE009AB23B8C13449BB21BB2B7F90840B7F9F0
S3150000CE100A007A6B06923A6B0592FA6A0492BA6A2B
S3150000CE2003927A6A02920193B7F906300093234679
S3150000CE300246F868FFF7A9FDF868FCF7A1FDFB6854
S3150000CE40996AB7F90800B7F90A207B6B06933B6B22
S3150000CE500593FB6A0493BB6A03937B6A0293B7F953
S3150000CE6020300193B7F9063000930346F868FFF7C0
S3150000CE708CFDF868FCF7CAFD002318461437BD463A
S3150000CE8090BD80B58EB008AFF860084611461A46C8
S3150000CE9003467B810B463B811346FB80FB68B3F858
S3150000CEA06E30FB82FB68B3F87030BB82FB68D96AD0
S3150000CEB07A89FB8A13449BB218B23A89BB8A134417
S3150000CEC09BB21AB27B6B06933B6B0593FB6A04938A
S3150000CED0BB6A03937B6A0293B7F920300193B7F9D3
S3150000CEE00630009313460246F868FFF74EFDF868D1
S3150000CEF0FCF746FDFB68996AB7F90800B7F90A20FE
S3150000CF007B6B06933B6B0593FB6A0493BB6A0393A7
S3150000CF107B6A0293B7F920300193B7F90630009384
S3150000CF200346F868FFF731FDF868FCF76FFD00234C
S3150000CF3018461837BD4680BDB0B590B008AF7860CA
S3150000CF4039600023FB617B68BB613968786800F053
S3150000CF5049FDF861FB69002B01D0FB69E1E0BB6983
S3150000CF601B68724A934201D10E23DAE03B68DB6804
S3150000CF707B617B691A68BB69C3F83823BB69D3F840
S3150000CF8038331B683B61BB69D3F838335B68FB6099
S3150000CF903B681A69BB69C3F840233B681A88BB69BA
S3150000CFA09A803B685A88BB69DA803B681A89BB69F4
S3150000CFB0A3F83C233B685A89BB69A3F83E233B6828
S3150000CFC05A69BB69C3F84423BB69002283F864230A
S3150000CFD00023BB60BB6903F110003423012200214A
S3150000CFE02BF06AFFB860BB68002B01D0642398E081
S3150000CFF0BB69D3F838339B681B68F968386998476A
S3150000D000F861FB69002B06D0BB69103318462BF07C
S3150000D010A7FFFB6985E0BB69D3F838339B689B683B
S3150000D02038699847F861FB69002B0DD0BB69D3F8C6
S3150000D03038339B68DB6838699847BB6910331846F4
S3150000D0402BF08EFFFB696CE0BB6944332422002180
S3150000D05018462BF093FEB860BB6903F58E701C234F
S3150000D060002200212BF0F0FF0246BB681343BB6091
S3150000D070BB68002B18D0BB69D3F838339B68DB68D4
S3150000D08038699847BB69443318462BF0C3FEBB6921
S3150000D090103318462BF064FFBB6903F58E731846F0
S3150000D0A02CF022F864233CE0BB6903F16800BC69FC
S3150000D0B0BB6903F59C733A68526839684968B425B8
S3150000D0C006950125059500250495039102924FF4D6
S3150000D0D00072019200932346154A16492CF03CF83B
S3150000D0E0B860BB68002B18D0BB69D3F838339B688F
S3150000D0F0DB6838699847BB69443318462BF08AFECB
S3150000D100BB69103318462BF02BFFBB6903F58E73F2
S3150000D11018462BF0E9FF642303E0BB69034A1A6053
S3150000D120002318462037BD46B0BD00BF4C4E5054B4
S3150000D130DDD600003CD4030080B588B000AFF860AF
S3150000D140B9607A603B600023FB61FB687B617A68AB
S3150000D150B968F86800F06BFCF861FB69002B01D038
S3150000D160FB698FE17B691B683A4A934201D007232A
S3150000D17088E10023FB763EE0FA7E13465B0013440B
S3150000D1809B001A46BB6813441B687A6992889342CF
S3150000D19001DD032376E1FA7E13465B0013449B0010
S3150000D1A01A46BB6813445B687A69D288934201DDEC
S3150000D1B0032367E1FA7E13465B0013449B001A467D
S3150000D1C07B6813441B687A699288934201DD0323C6
S3150000D1D058E1FA7E13465B0013449B001A467B68AF
S3150000D1E013445B687A69D288934201DD032349E1DF
S3150000D1F0FB7E0133FB76FB7E022BBDD97B681A686A
S3150000D2007B6818331B68D31A7A680C3251687A68BF
S3150000D210183252688A1A03FB02F27B680C331968CB
S3150000D2207B6818331B68CB1A7968486879681831A7
S3150000D2304968411A01FB03F3D21A7B69C3F86023DC
S3150000D2407B69D3F86033002B06D14FF49663FB61FC
S3150000D2500EE100BF4C4E5054BB681A68BB681833C9
S3150000D2601B68D31A7A680C3251687A681832526889
S3150000D2708A1A03FB02F2BB680C331968BB681833C1
S3150000D2801B68CB1A79684868796818314968411A69
S3150000D29001FB03F3D21A7B69C3F848237B681A683B
S3150000D2A07B6818331B68D31ABA680C321168BA68DF
S3150000D2B0183212688A1A03FB02F2BB681968BB6847
S3150000D2C018331B68CB1A79680C31086879681831ED
S3150000D2D00968411A01FB03F3D21A7B69C3F84C2390
S3150000D2E07B6818331B68BA680C32126803FB02F2BB
S3150000D2F07B680C331B68B9681831096801FB03F3B6
S3150000D300D31A7A68526803FB02F27B681B68B96815
S3150000D3101831096803FB01F17B6818331B68B8688C
S3150000D320006800FB03F3CB1A79680C31496801FBEE
S3150000D33003F31A447B680C331B68B968096803FB5E
S3150000D34001F17B681B68B8680C30006800FB03F3CA
S3150000D350CB1A79681831496801FB03F31A447B69D3
S3150000D360C3F85023BB685A68BB6818335B68D31A86
S3150000D3707A680C3251687A68183252688A1A03FB46
S3150000D38002F2BB680C335968BB6818335B68CB1A6A
S3150000D39079684868796818314968411A01FB03F3CE
S3150000D3A0D21A7B69C3F854237B681A687B681833E2
S3150000D3B01B68D31ABA680C325168BA6818325268B8
S3150000D3C08A1A03FB02F2BB685968BB6818335B68AC
S3150000D3D0CB1A79680C310868796818310968411ADE
S3150000D3E001FB03F3D21A7B69C3F858237B68183311
S3150000D3F01B68BA680C32526803FB02F27B680C3376
S3150000D4001B68B9681831496801FB03F3D31A7A68B7
S3150000D410526803FB02F27B681B68B96818314968D9
S3150000D42003FB01F17B6818331B68B868406800FB92
S3150000D43003F3CB1A79680C31496801FB03F31A44EC
S3150000D4407B680C331B68B968496803FB01F17B688C
S3150000D4501B68B8680C30406800FB03F3CB1A796888
S3150000D4601831496801FB03F31A447B69C3F85C234E
S3150000D470FB69002B01D0FB6904E07B69012283F87C
S3150000D4806423002318462037BD4680BD80B584B08E
S3150000D49000AF78607B68FB607B68002B01D10123BD
S3150000D4A00EE0FB681B68084A934201D0072307E099
S3150000D4B0FB6844330022022118462BF0E3FC0023CC
S3150000D4C018461037BD4680BD4C4E505480B586B0C8
S3150000D4D000AFF860B9607A6000237B61FB683B614E
S3150000D4E0FB68002B01D101232CE0BB68002B01D186
S3150000D4F0012327E03B691B68144A934201D00723A6
S3150000D50020E03B6903F58E73796818462BF002FE1E
S3150000D51078617B690D2B01D1142313E07B69002B05
S3150000D52001D065230EE03B69B3F90820BB681A8079
S3150000D5303B69B3F90A20BB685A803B691A7BBB6812
S3150000D5401A71002318461837BD4680BD4C4E5054FC
S3150000D55080B584B000AF78607B68FB607B68002B89
S3150000D56001D101230EE0FB681B68084A934201D0F3
S3150000D570072307E0FB6844330022012118462BF0FD
S3150000D58081FC002318461037BD4680BD4C4E5054D2
S3150000D59080B588B000AF78607B68FB617B68002B44
S3150000D5A001D1012330E0FB691B68194A934201D07F
S3150000D5B0072329E0FB69D3F838331B68BB610023D6
S3150000D5C07B6100233B610023FB60FB6910337969B3
S3150000D5D018462BF0DBFCF860FB68002B01D0082313
S3150000D5E012E0FB69D3F838339B689B68B8699847A3
S3150000D5F03861FB69103318462BF0F2FC3B69002BAF
S3150000D60001D03B6900E0002318462037BD4680BDA7
S3150000D6104C4E505480B584B000AF78607B68FB6098
S3150000D6207B68002B01D1012335E0FB681B681C4A8F
S3150000D630934201D007232EE0FB68D3F838331B68EA
S3150000D640BB60FB68D3F838339B68DB68B8689847DB
S3150000D650FB68683318462BF03BFEFB6844331846DC
S3150000D6602BF0D8FBFB68103318462BF079FCFB68CF
S3150000D670683318462BF038FEFB68683318462BF0E3
S3150000D68011FEFB6803F58E7318462BF02DFDFB6823
S3150000D69000221A60002318461037BD4680BD00BF21
S3150000D6A04C4E505480B483B000AF78607B68002B3A
S3150000D6B001D101230CE07B6800221A707B680222EC
S3150000D6C05A707B6800229A707B680222DA70002307
S3150000D6D018460C37BD465DF8047B704780B588B0A8
S3150000D6E002AF78607B683B612DF0F2FB7861002326
S3150000D6F0FB600023BB603B6903F1440007F10803AC
S3150000D7004FF0FF320092012202212BF099FB0023F9
S3150000D710BB603B69D3F838339B685B683A69D2F8DB
S3150000D720382310683A69083211469847F860FB6852
S3150000D730002B13D13B699B881AB23B69B3F90830B9
S3150000D7409A4207DB3B69DB881AB23B69B3F90A30B8
S3150000D7509A420FDA3B6900221A730BE0FB68652BCD
S3150000D76005D13B69683318462BF0B2FD02E03B69F0
S3150000D77000221A733B6903F1440007F108030022F3
S3150000D7800092012201212BF05BFBBB6803F0010331
S3150000D790002B0CD03B6903F1440007F108034FF05E
S3150000D7A0FF320092012202212BF04AFBAFE73B69D0
S3150000D7B01B7B7A691946386900F011F80346002B7D
S3150000D7C005D02DF085FB7861386900F031F83B69AA
S3150000D7D003F58E73012118462BF01EFC97E780B5E2
S3150000D7E086B000AFF8600B467A60FB720123FB75CA
S3150000D7F0FB7A012B05D0FB7A022B02D0FB7A002B99
S3150000D80011D12DF065FB3861FB68B3F83C33642217
S3150000D810B2FBF3F39BB21A467B6813443A699A4209
S3150000D82001D80023FB75FB7D18461837BD4680BD21
S3150000D83080B588B000AF78600023FB830023BB83EC
S3150000D84000237B837B6893F86433002B65D07B6869
S3150000D8501B89BB837B685B897B837B68D3F84833F2
S3150000D860B7F91C2003FB02F27B68D3F84C33B7F9F7
S3150000D8701A1001FB03F31A447B68D3F850331A4499
S3150000D8807B68D3F8603392FBF3F31AB27B681A8194
S3150000D8907B68D3F85433B7F91C2003FB02F27B688C
S3150000D8A0D3F85833B7F91A1001FB03F31A447B680F
S3150000D8B0D3F85C331A447B68D3F8603392FBF3F3F6
S3150000D8C01AB27B685A817B68B3F90830002B02DAFA
S3150000D8D07B6800221A817B68B3F90A30002B02DAD2
S3150000D8E07B6800225A817B68B3F908207B689B8895
S3150000D8F01BB29A4204DD7B689B881AB27B681A8148
S3150000D9007B68B3F90A207B68DB881BB29A4204DD88
S3150000D9107B68DB881AB27B685A817B68B3F83E3332
S3150000D920B3F5877F2FD0B3F5877F3DDC5A2B02D026
S3150000D930B42B11D038E07B685B89FB837B68B3F935
S3150000D94008207B685A817B68DA88FB8BD31A9BB2E6
S3150000D9501AB27B681A8128E07B689A887B68B3F9DB
S3150000D96008309BB2D31A9BB21AB27B681A817B68C5
S3150000D970DA887B68B3F90A309BB2D31A9BB21AB223
S3150000D9807B685A8111E07B681B89FB837B68B3F94E
S3150000D9900A207B681A817B689A88FB8BD31A9BB214
S3150000D9A01AB27B685A8100E000BF7B68D3F8403327
S3150000D9B0002B13D07A6807F10C03083292E80300B3
S3150000D9C01860043319807B68D3F844337B617B6825
S3150000D9D0D3F8403307F10C021046984700BF2037B2
S3150000D9E0BD4680BD80B485B000AF786039607B6885
S3150000D9F0002B01D1012314E03B68002B01D1012348
S3150000DA000FE03B68DB68002B01D1012309E03B688E
S3150000DA10DB68FB60FB681B68002B01D1012300E07B
S3150000DA20002318461437BD465DF8047B704780B462
S3150000DA3085B000AFF860B9607A60FB68002B01D151
S3150000DA4001230AE0BB68002B01D1012305E07B68B6
S3150000DA50002B01D1012300E0002318461437BD46F0
S3150000DA605DF8047B7047FFFF80B58AB000AF786031
S3150000DA7000233B62244B7B627B6A00225A600023B0
S3150000DA80BB6100237B8300237B7644233B7607F12F
S3150000DA90080300221A605A609A60DA601B4BDB6842
S3150000DAA007F1080107F118021046984738623B6AE9
S3150000DAB0002B03D000237B627B6A20E0BA687B6A76
S3150000DAC05A62134B5B68124A23F0400353607B6A29
S3150000DAD003F108001C2300220E492BF0B5FA034679
S3150000DAE0002B09D1786A00F019F9F861FB69002B5F
S3150000DAF004D100237B6201E000237B627B6A184627
S3150000DB002837BD4680BD00BF6005FE1FD4860400D1
S3150000DB100070044050D4030080B584B000AF786034
S3150000DB207B68BB607B68002B02D10023FB600EE0A4
S3150000DB30786800F031F9F860074B5B68064A43F0F5
S3150000DB4040035360BB68083318462BF0CDFAFB68D8
S3150000DB5018461037BD4680BD0070044080B487B0BB
S3150000DB6000AFF860B9607A603B60FB687B61BB68B8
S3150000DB70012B03D0BB680A2B08D00BE07B695A6ADD
S3150000DB807B689B0013443A681A6003E07B690022B5
S3150000DB905A6000BF00BF1C37BD465DF8047B704766
S3150000DBA080B487B000AFF860B9607A60FB683B610B
S3150000DBB0BB68012B03D0BB680A2B08D00BE03B697E
S3150000DBC05A6A7B689B0013441B687B6105E03B69CE
S3150000DBD05B687B6101E000237B617B6918461C372B
S3150000DBE0BD465DF8047B704780B485B000AF7860B1
S3150000DBF039603B68012B02D10123FB6001E0002361
S3150000DC00FB60FB6818461437BD465DF8047B704719
S3150000DC1080B483B000AF0346FB7197F90730002B41
S3150000DC200BDBFB7903F01F02074997F907305B0905
S3150000DC30012000FA02F241F8232000BF0C37BD464E
S3150000DC405DF8047B704700BF00E100E080B483B05C
S3150000DC5000AF0346FB7197F90730002B12DBFB7907
S3150000DC6003F01F020A4997F907305B09012000FA01
S3150000DC7002F2203341F82320BFF34F8F00BFBFF3DA
S3150000DC806F8F00BF00BF0C37BD465DF8047B704741
S3150000DC9000E100E080B483B000AF03463960FB7159
S3150000DCA097F90730002B0ADB3B68DAB20C4997F983
S3150000DCB007301201D2B20B4483F800230AE03B6816
S3150000DCC0DAB20849FB7903F00F03043B1201D2B222
S3150000DCD00B441A7600BF0C37BD465DF8047B7047CF
S3150000DCE000E100E000ED00E080B485B000AFEFF3A6
S3150000DCF00383BB60BB687B603B1DFB60FB681B88C6
S3150000DD00C3F308039BB2DBB2103BDBB25BB218462F
S3150000DD101437BD465DF8047B7047FFFF80B586B0BB
S3150000DD2000AF786000233B61194A7B6813607B680B
S3150000DD305B6A2E22C3F8C0200023FB600023FB8110
S3150000DD4000237B7344233B730023BB60114B1B6989
S3150000DD5007F1080207F10C000021984738613B697A
S3150000DD60002B0DD197F9083003211846FFF792FFD3
S3150000DD7097F908301846FFF74BFF01237B6101E056
S3150000DD8000237B617B6918461837BD4680BD00BFFE
S3150000DD908805FE1FD486040080B586B000AF786083
S3150000DDA000233B610023FB600023FB8100237B7380
S3150000DDB044233B730023BB600F4B1B6907F108022A
S3150000DDC007F10C000021984738613B69002B07D109
S3150000DDD097F908301846FFF739FF01237B6101E008
S3150000DDE000237B617B685B6A2C22C3F8C0207B69B9
S3150000DDF018461837BD4680BDD486040080B586B067
S3150000DE0000AFF860B9607A6001237B61FB683B6113
S3150000DE103B6908337A68114618462BF07BF90346AE
S3150000DE20002B01D000237B617B6918461837BD465D
S3150000DE3080BDFFFF80B584B000AFEFF30583BB6004
S3150000DE40BB6818462BF070FE154B1B68002B1CD0C8
S3150000DE50134B1B685B6A1B68FB60114B1B685B6A94
S3150000DE602E22C3F8C020FB6803F02003002B06D047
S3150000DE700B4B1B680833012118462BF0CDF8FFF732
S3150000DE8033FF0346184613F025FCEFF305837B604A
S3150000DE907B6818462BF046FE00BF1037BD4680BD96
S3150000DEA08805FE1F80B586B002AF78600023FB6050
S3150000DEB0104B1B7883F00103DBB2002B0ED034230A
S3150000DEC000934FF400430C4A0C490D482AF0E6FE35
S3150000DED00346002B02D1074B01221A7007F10C01F1
S3150000DEE000237A6806482AF0A3FEFB681846103716
S3150000DEF0BD4680BD8C05FE1FA013072064D4030019
S3150000DF009005FE1F80B582B000AF786078682AF071
S3150000DF101FFF00BF0837BD4680BD80B483B000AF89
S3150000DF207860012318460C37BD465DF8047B7047C0
S3150000DF3080B584B000AFF860B9607A607868FFF7A2
S3150000DF40B1FF034618461037BD4680BD80B584B084
S3150000DF5000AFF860B9607A607868FFF7D3FF00BF5A
S3150000DF601037BD4680BD80B483B000AF7860012312
S3150000DF7018460C37BD465DF8047B704780B483B005
S3150000DF8000AF786039603B6818460C37BD465DF8CF
S3150000DF90047B704780B483B000AF786039603B681B
S3150000DFA018460C37BD465DF8047B704780B584B0D3
S3150000DFB000AFF860B9607A603B603A687968B86823
S3150000DFC02DF041FF012318461037BD4680BD80B4B1
S3150000DFD085B000AFF860B9607A603B6001231846EF
S3150000DFE01437BD465DF8047B7047FFFF80B582B0ED
S3150000DFF000AF7860074B1B68002B07D0054B1868ED
S3150000E0007B681B78002219462AF03CFF00BF0837C0
S3150000E010BD4680BDC405FE1F80B588B000AF7860E0
S3150000E02039600023FB610023BB617B683C332422FB
S3150000E030234918462AF0A2FEF861FB69002B01D09D
S3150000E040642339E07B6803F10800342301220021B0
S3150000E0502AF032FFF861FB69002B06D07B683C335F
S3150000E06018462AF0D7FE642326E03B681B685968E9
S3150000E07007F10803102218462DF0E5FE114B3B610F
S3150000E0807B687B613B681B689B681B683A68126803
S3150000E090126807F1080110469847B861BB69002B62
S3150000E0A009D07B683C3318462AF0B4FE7B680833F7
S3150000E0B018462AF055FFBB6918462037BD4680BD75
S3150000E0C09CD40300EDDF000080B584B000AF78601B
S3150000E0D039607B68FB60FB68002B01D1012321E0DE
S3150000E0E03B68002B01D101231CE0FB681B680F4A2B
S3150000E0F0934201D10E2315E03968F868FFF78CFFCB
S3150000E100B860BB68002B01D0BB680BE03B681A689F
S3150000E110FB681A66FB683C33054A1360FB68034AD2
S3150000E1201A60002318461037BD4680BD4745504A41
S3150000E130C405FE1F80B588B000AFF860B9607A608C
S3150000E140FB68FB61FB69002B01D101232CE0FB6915
S3150000E1501B68174A934201D0072325E00023BB61C1
S3150000E160FB690833002118462AF010FFB861BB6925
S3150000E170002B01D0082317E0FB691B6E9B687B61AF
S3150000E1807B691B69FA69126E10687A68B9689847E4
S3150000E1903861FB69083318462AF022FF3B69002BD9
S3150000E1A001D03B6900E0002318462037BD4680BDFC
S3150000E1B04745504A80B586B000AF786039607B68C5
S3150000E1C07B617B69002B01D101232CE07B691B68F5
S3150000E1D0174A934201D0072325E000233B617B6960
S3150000E1E00833002118462AF0D1FE38613B69002B1E
S3150000E1F001D0082317E07B691B6E9B68FB60FB68F8
S3150000E2005B697A69126E1268396810469847B86079
S3150000E2107B69083318462AF0E3FEBB68002B01D061
S3150000E220BB6800E0002318461837BD4680BD00BF16
S3150000E2304745504A80B586B000AF786039607B6844
S3150000E2407B617B69002B01D101232CE07B691B6874
S3150000E250174A934201D0072325E000233B617B69DF
S3150000E2600833002118462AF091FE38613B69002BDD
S3150000E27001D0082317E07B691B6E9B68FB60FB6877
S3150000E2809B687A69126E1268396810469847B860BA
S3150000E2907B69083318462AF0A3FEBB68002B01D021
S3150000E2A0BB6800E0002318461837BD4680BD00BF96
S3150000E2B04745504A80B586B000AF78600B46FB7084
S3150000E2C01346BB707B687B617B69002B01D1012300
S3150000E2D02CE07B691B68174A934201D0072325E08F
S3150000E2E000233B617B690833002118462AF04EFE65
S3150000E2F038613B69002B01D0082317E07B691B6E50
S3150000E3009B68FB60FB68DB687A69126E1068BA78F6
S3150000E310F9789847B8607B69083318462AF060FE9A
S3150000E320BB68002B01D0BB6800E0002318461837F5
S3150000E330BD4680BD4745504A80B588B000AFF860FD
S3150000E340B9607A60FB68FB61FB69002B01D1012390
S3150000E3502CE0FB691B68174A934201D0072325E08E
S3150000E3600023BB61FB690833002118462AF00EFE24
S3150000E370B861BB69002B01D0082317E0FB691B6E4F
S3150000E3809B687B617B695B68FA69126E10687A68C4
S3150000E390B96898473861FB69083318462AF020FEA9
S3150000E3A03B69002B01D03B6900E00023184620376B
S3150000E3B0BD4680BD4745504A80B58AB002AFF86079
S3150000E3C0B9607A60FB68FB61FB69002B01D1012310
S3150000E3D02CE0BB68002B01D1012327E0FB691B68F9
S3150000E3E0144A934201D0072320E00023BB61002397
S3150000E3F07B61FB6903F13C0007F114027B68009323
S3150000E400134601224FF0FF312AF01AFDB861BB69AD
S3150000E410072B01D1142309E0BB69002B01D065232A
S3150000E42004E07B69DAB2BB681A700023184620370D
S3150000E430BD4680BD4745504A80B586B000AF78607E
S3150000E44039607B687B617B69002B01D101232AE05F
S3150000E4507B691B68164A934201D0072323E00023F9
S3150000E4603B617B690833002118462AF08FFD38612D
S3150000E4703B69002B01D0082315E07B691B6E9B6866
S3150000E480DB697A69126E1268396810469847F86037
S3150000E4907B69083318462AF0A3FDFB68002B01D0E0
S3150000E4A0FB6800E0002318461837BD4680BD00BF54
S3150000E4B04745504A80B586B000AF786039607B68C2
S3150000E4C07B617B69002B01D101232CE07B691B68F2
S3150000E4D0174A934201D0072325E000233B617B695D
S3150000E4E00833002118462AF051FD38613B69002B9C
S3150000E4F001D0082317E07B691B6E9B68FB60FB68F5
S3150000E5009B6A7A69126E1268396810469847B86035
S3150000E5107B69083318462AF063FDBB68002B01D0DF
S3150000E520BB6800E0002318461837BD4680BD00BF13
S3150000E5304745504A80B588B000AFF860B9607A6048
S3150000E540FB68FB61FB69002B01D101232CE0FB6911
S3150000E5501B68174A934201D0072325E00023BB61BD
S3150000E560FB690833002118462AF010FDB861BB6923
S3150000E570002B01D0082317E0FB691B6E9B687B61AB
S3150000E5807B699B69FA69126E10687A68B968984760
S3150000E5903861FB69083318462AF022FD3B69002BD7
S3150000E5A001D03B6900E0002318462037BD4680BDF8
S3150000E5B04745504A80B584B000AF78607B68FB6001
S3150000E5C0FB68002B01D1012320E0FB681B68114A80
S3150000E5D0934201D0072319E0FB681B6E9B681B6AF8
S3150000E5E0FA68126E126810469847FB6800221A6095
S3150000E5F0FB68083318462AF0B3FC074B00221A6062
S3150000E600FB683C3318462AF005FC002318461037F1
S3150000E610BD4680BD4745504AC405FE1F80B483B041
S3150000E62000AF78607B68002B01D1012304E04FF036
S3150000E63002227B681A60002318460C37BD465DF837
S3150000E640047B704780B596B000AF786039607B6810
S3150000E6503B653B68002B01D10123A6E03B6D002BF7
S3150000E66001D10123A1E0012387F84F30386800F07B
S3150000E67082FB034687F84F3097F84F30002B01D1C5
S3150000E680012392E03B6D93F83430012B01D10E2328
S3150000E6908BE00023BB6407F10C03282200211846F7
S3150000E6A02DF05DFB1C237B653B681A683B6D1A6089
S3150000E6B03B68596807F10C03282218462DF0C3FB66
S3150000E6C03C4BBB623B6DFB623B681B681B783B7334
S3150000E6D036E000237B64EFF31083FB63FB6B7B6404
S3150000E6E001233B643B6C83F3108800BF3B6D1B68C2
S3150000E6F09B68314A934214D03B6D1B6803F10800B6
S3150000E700342301222D492AF0D7FB78657B6D002B37
S3150000E71007D07B6CBB63BB6B83F3108800BF64239D
S3150000E72043E07B6C7B637B6B83F3108800BF3B6DA0
S3150000E7301B6808334FF0FF3118462AF027FC78652E
S3150000E7407B6D002BC5D107F10C031A463968386D6D
S3150000E75000F087FBB864BB6C002B01D0BB6C24E0D7
S3150000E7603B6D1B6893F84C200132D2B283F84C20E3
S3150000E7703B6D1B68083318462AF032FC78657B6DC2
S3150000E780002B01D0642310E03B6D083307F10C0128
S3150000E790282218462DF057FB3B6D012283F83420C2
S3150000E7A03B6D002283F83520BB6C18465837BD46B2
S3150000E7B080BD00BF45ED00004554554DCCD4030047
S3150000E7C090B589B000AFF860B9607A60FB70FB68FD
S3150000E7D0FB610123FB767968F86900F001FB0346CB
S3150000E7E0FB76FB7E002B01D1012346E0BB68002BA4
S3150000E7F001D1012341E000237B61FB6993F83430AA
S3150000E800012B01D0072338E0396BF86900F0F5F9E0
S3150000E81078617B69002B01D07B692EE0FB691B6860
S3150000E8201B6D1B683B61FB691B689B6C9C683B69A5
S3150000E830186BFB787A68B968A04778617B69002B0A
S3150000E84011D1FB69FA7883F835203A6B0221F86911
S3150000E85000F011FA78617B69002B09D0F86900F0A5
S3150000E8605AFA7B6909E0F86900F055FA7B6904E019
S3150000E870F86900F050FA78617B6918462437BD467E
S3150000E88090BD90B589B000AFF860B9607A60FB7052
S3150000E890FB68FB610123FB767968F86900F0A0FA52
S3150000E8A00346FB76FB7E002B01D1012346E0BB68C5
S3150000E8B0002B01D1012341E000237B61FB6993F822
S3150000E8C03430012B01D0072338E0396BF86900F0AA
S3150000E8D094F978617B69002B01D07B692EE0FB6996
S3150000E8E01B681B6D1B683B61FB691B689B6CDC68C6
S3150000E8F03B69186BFB787A68B968A04778617B69D1
S3150000E900002B11D1FB69FA7883F835203A6B032185
S3150000E910F86900F0B0F978617B69002B09D0F869D5
S3150000E92000F0F9F97B6909E0F86900F0F4F97B6910
S3150000E93004E0F86900F0EFF978617B69184624373E
S3150000E940BD4690BD80B586B000AF786039607B6803
S3150000E9507B617B69002B01D101233BE000233B61F6
S3150000E9600023FB607B6993F83430012B01D0072329
S3150000E97030E07B691B681B6D1B68BB607B691B688D
S3150000E9805B68396818462AF001FBF860FB68002BC3
S3150000E99001D008231EE07B691B689B6C1B69BA6863
S3150000E9A0126B1046984738617B6993F83530002B17
S3150000E9B009D07B691B685B6818462AF011FB7B69E6
S3150000E9C0002283F835207B691B685B6818462AF0AD
S3150000E9D007FB3B6918461837BD4680BD80B586B033
S3150000E9E000AF78607B687B617B69002B01D10123D6
S3150000E9F055E000233B617B6993F83430012B01D04D
S3150000EA0007234CE07B691B6808334FF0FF3118463B
S3150000EA102AF0BCFA7B691B6893F84C30012B27D18E
S3150000EA207B691B681B6D1B68FB607B691B689B6CA5
S3150000EA305B68FA68126B104698477B691B685B68CF
S3150000EA4018462AF08DFA7B691B68DB6B18462AF09C
S3150000EA50E1F97B691B6893F84C20013AD2B283F83E
S3150000EA604C207B691B68083318462AF079FA0DE0BA
S3150000EA707B691B6893F84C20013AD2B283F84C208C
S3150000EA807B691B68083318462AF0AAFA7B690022BC
S3150000EA9083F834207B69002283F835203B691846C9
S3150000EAA01837BD4680BD80B586B000AF78607B68FC
S3150000EAB07B617B69002B01D1012327E000233B61A9
S3150000EAC00023FB607B6993F83430012B01D00723C8
S3150000EAD01CE07B691B685B68002118462AF056FA21
S3150000EAE0F860FB68002B01D008230FE0786900F07E
S3150000EAF08DF938613B69002B07D07B691B685B6821
S3150000EB0018462AF06DFA3B6900E03B69184618374B
S3150000EB10BD4680BD80B586B000AF78607B687B61FE
S3150000EB207B69002B01D1012317E000233B61002301
S3150000EB30FB607B6993F83430012B01D007230CE08E
S3150000EB407B691B685B6818462AF04AFAF860FB681E
S3150000EB50002B01D0082300E03B6918461837BD4654
S3150000EB6080BD80B483B000AF78607B68002B01D194
S3150000EB70012304E04FF002227B681A600023184646
S3150000EB800C37BD465DF8047B704780B586B000AF94
S3150000EB90786039607B687B617B69002B01D101233A
S3150000EBA027E000233B610023FB607B6993F8343048
S3150000EBB0012B01D007231CE07B691B685B68396861
S3150000EBC018462AF0E3F9F860FB68002B01D01423FD
S3150000EBD00FE0786900F01AF938613B69002B07D01D
S3150000EBE07B691B685B6818462AF0FAF93B6900E006
S3150000EBF03B6918461837BD4680BD80B584B000AF66
S3150000EC00786039600023FB600023BB607B681B686B
S3150000EC10DB6B0222002118462AF034F97B681B6858
S3150000EC205B68396818462AF0B1F9B860BB68002BF2
S3150000EC301AD1786800F0EAF8F860FB68002B07D074
S3150000EC407B681B685B6818462AF0CAF9FB680EE009
S3150000EC507B6893F83530002B08D07B681B685B68AF
S3150000EC6018462AF0BDF901E06423FB60FB681846EC
S3150000EC701037BD4680BD80B58AB002AFF8600B463E
S3150000EC807A60FB720023FB610023BB6100233B61BA
S3150000EC90FB681B681B6D1B687B61FB681B68D86B78
S3150000ECA0FB7A012202FA03F343F0020107F1100294
S3150000ECB07B680093134601222AF0C2F8B861BB694B
S3150000ECC0002B08D13B6903F00203002B1ED04FF442
S3150000ECD09673FB611AE0BB69072B15D1FB6800220E
S3150000ECE083F83520FB681B689B6C1B697A69126B7D
S3150000ECF010469847F861FB69002B02D0FB69122B7E
S3150000ED0004D11423FB6101E06423FB61FB6918460F
S3150000ED102037BD4680BD80B582B000AF78607B6885
S3150000ED2093F8353083F00103DBB2002B05D07B6806
S3150000ED301B685B6818462AF053F900231846083703
S3150000ED40BD4680BD80B584B000AF78607B681B6827
S3150000ED50FB60FB681B68DB6BBB607B681B7A1A4633
S3150000ED600123934000221946B8682AF08BF800BFA9
S3150000ED701037BD4680BD80B485B000AF78600123F2
S3150000ED80FB737B681B689B6C1B68002B1FD07B6822
S3150000ED901B689B6C5B68002B19D07B681B689B6C9F
S3150000EDA09B68002B13D07B681B689B6CDB68002B71
S3150000EDB00DD07B681B689B6C1B69002B07D07B689A
S3150000EDC01B68002B03D07B685B68002B01D10023F6
S3150000EDD0FB73FB7B18461437BD465DF8047B704712
S3150000EDE080B485B000AF786039600123FB737B681F
S3150000EDF0002B02D03B68002B01D10023FB73FB7B69
S3150000EE0018461437BD465DF8047B704780B584B05C
S3150000EE1000AF78600023FB607B681B681B6C1B6877
S3150000EE207A689A4218D07B681B681B6D1B68BB60AA
S3150000EE307B681B689B6C5B69BA68106B7A68118A81
S3150000EE407A68927C9847F860FB68002B04D17B684F
S3150000EE501B681B6C7A681A60FB6818461037BD463B
S3150000EE6080BD80B586B000AFF860B9607A600023D7
S3150000EE707B61FB681B6893F84C30002B5ED1002346
S3150000EE803B61FB681B685868FB681B68596C342338
S3150000EE9001222AF011F838613B69002B07D0FB6884
S3150000EEA01B68083318462AF05BF8642347E0FB68C2
S3150000EEB01B68D86BFB681B685B6C2422194629F01B
S3150000EEC05DFF38613B69002B0DD0FB681B685B68F2
S3150000EED018462AF045F8FB681B68083318462AF0DE
S3150000EEE03FF864232BE0BB681B689B6C1B68FA68C1
S3150000EEF0126B79681046984778617B69002B13D0AE
S3150000EF00FB681B685B6818462AF02AF8FB681B68D2
S3150000EF10083318462AF024F8FB681B68DB6B184692
S3150000EF2029F078FF7B690AE0FB681B681B6DFA68AD
S3150000EF301A60FB681B681B6CFA681A607B691846C6
S3150000EF401837BD4680BDFFFF80B58AB000AF786038
S3150000EF50396000237B6200233B627B68FB61396872
S3150000EF60F86900F0D7F838623B6A002B01D03B6A9B
S3150000EF7048E03B681A68FB691A62FB69181D1C2386
S3150000EF80002200212AF060F878627B6A002B01D00B
S3150000EF90642337E03B681B68596807F108031422AD
S3150000EFA018462CF050FF3B681B79002B08D1002334
S3150000EFB03B6100237B61FB69002283F8242007E084
S3150000EFC0124B3B61FB697B61FB69012283F82420BC
S3150000EFD03B681B689B681B68FA69126A126807F12E
S3150000EFE008011046984738623B6A002B06D0FB6939
S3150000EFF0043318462AF078F83B6A03E0FB69044AB2
S3150000F0001A60002318462837BD4680BD81F10000EE
S3150000F0104E45504F80B584B000AF786039607B684C
S3150000F020FB60FB68002B01D1012318E0FB681B681D
S3150000F0300D4A934201D0072311E0FB680433396877
S3150000F04018462AF067F8B860BB680D2B01D1142367
S3150000F05005E0BB68002B01D0652300E000231846BD
S3150000F0601037BD4680BD00BF4E45504F80B483B0BB
S3150000F07000AF78607B68002B01D1012304E04FF0DC
S3150000F08002227B681A60002318460C37BD465DF8DD
S3150000F090047B704780B584B000AF78607B68FB6006
S3150000F0A0FB68002B01D101232DE0FB681B6A002BB6
S3150000F0B001D1012327E0FB681B6A9B68002B01D165
S3150000F0C0012320E0FB681B68114A934201D0072305
S3150000F0D019E0FB681B6A9B689B69002B01D106231C
S3150000F0E011E0FB681B6A9B689B69FA68126A1268E2
S3150000F0F010469847FB6800221A60FB6804331846DE
S3150000F10029F0F2FF002318461037BD4680BD00BF28
S3150000F1104E45504F80B483B000AF786039607B684D
S3150000F120002B01D1012322E03B68002B01D10123F2
S3150000F1301DE03B681B689B68002B01D1012316E08C
S3150000F1403B681B689B681B68002B01D101230EE0FE
S3150000F1503B681B685B68002B01D1012307E07B68D5
S3150000F1601B68064A934201D1082300E00023184693
S3150000F1700C37BD465DF8047B704700BF4E45504FC7
S3150000F18080B584B000AF78607B68002B13D07B68B5
S3150000F1901B68002B0FD07B681B68FB60FB681B6835
S3150000F1A0064A934206D1FB6804330121184629F02A
S3150000F1B033FF00E000BF1037BD4680BD4E45504FBF
S3150000F1C080B582B000AF786039600C4B9B693A68B5
S3150000F1D09A420ED03B681B019B0A1BB219467868FF
S3150000F1E0F5F7B9FE0346184602F0E0F9034A3B6814
S3150000F1F0936100BF0837BD4680BD00BFD405FE1F22
S3150000F20080B582B000AF786039600A4B5B6B3A68B4
S3150000F2109A420AD039687868F3F7C7FD034618465C
S3150000F22002F0C4F9034A3B68536300BF0837BD4682
S3150000F23080BD00BFD405FE1F80B582B000AF7860E8
S3150000F24039600A4B9B6B3A689A420AD039687868EB
S3150000F250F3F789FD0346184602F0A8F9034A3B680E
S3150000F260936300BF0837BD4680BD00BFD405FE1FAF
S3150000F27080B582B000AF786039600D4B1B693A6883
S3150000F2809A4210D00B4B1B683868984703461A46BB
S3150000F29000217868F3F78EFB0346184602F086F9DC
S3150000F2A0034A3B68136100BF0837BD4680BD00BFF7
S3150000F2B0D405FE1FD005FE1F80B582B000AF786072
S3150000F2C00B46FB700A4B9B78FA789A420BD0FB7878
S3150000F2D019467868F3F791FB0346184602F066F97B
S3150000F2E0034AFB78937000BF0837BD4680BD00BF58
S3150000F2F0D405FE1F80B582B000AF786039600A4B36
S3150000F3001B6B3A689A420AD039687868F3F7F2FAC2
S3150000F3100346184602F04AF9034A3B68136300BFE6
S3150000F3200837BD4680BD00BFD405FE1F80B582B03C
S3150000F33000AF786039600A4BDB6A3A689A420AD0B5
S3150000F34039687868F5F7A5FD0346184602F02EF9E8
S3150000F350034A3B68D36200BF0837BD4680BD00BF85
S3150000F360D405FE1F80B584B000AFF860B9607A603E
S3150000F3700E4B5B6ABA689A4204D10C4B9B6A7A6858
S3150000F3809A420ED07A68B968F868F3F76DFB0346BF
S3150000F390184602F00BF9054ABB685362034A7B68BC
S3150000F3A0936200BF1037BD4680BD00BFD405FE1F67
S3150000F3B080B582B000AF786039600A4BDB6B3A6883
S3150000F3C09A420AD039687868F3F78CFC03461846E7
S3150000F3D002F0ECF8034A3B68D36300BF0837BD462A
S3150000F3E080BD00BFD405FE1F80B582B000AF786037
S3150000F3F039603B68002B03D03B68022B12D026E015
S3150000F400154BDB69012B1FD00223002213497868B4
S3150000F410FBF7ECFE0346184602F0C8F80E4B012235
S3150000F420DA6111E00C4BDB69042B0FD010230022AC
S3150000F4300B497868FBF7DAFE0346184602F0B6F881
S3150000F440054B0422DA6101E000BF00E000BF00BF07
S3150000F4500837BD4680BD00BFD405FE1FF8D40300A3
S3150000F46000D5030080B485B000AF78607B68DB7898
S3150000F4700E3B0C2B28D801A252F823F0B1F4000061
S3150000F480B7F40000C9F40000C9F40000C9F4000094
S3150000F490C9F40000BDF40000C9F40000BDF400008A
S3150000F4A0C9F40000C9F40000C9F40000C3F4000068
S3150000F4B00123FB600BE00323FB6008E00223FB60F3
S3150000F4C005E00023FB6002E02923FB6000BFFB6828
S3150000F4D018461437BD465DF8047B7047B0B588B052
S3150000F4E002AF7860396001237B617C4B1B68012B7E
S3150000F4F040F09C807B681B6DFB60402200217848B1
S3150000F5002CF02DFC764B4FF6FF721A81744B4FF69A
S3150000F510FF725A81724B4FF6FF729A81704B4FF60B
S3150000F520FF72DA816E4B02225A626D4B03229A6297
S3150000F5306B4B00225A606A4B002283F8202003227C
S3150000F5400121F868F3F716FB0346184602F02EF879
S3150000F550634B5B6A624A926A1946F868F3F784FA63
S3150000F5600346184602F022F85D4B9B691B019B0A75
S3150000F5701BB21946F868F5F7EEFC0346184602F08A
S3150000F58015F8574B5B6B1946F868F3F70EFC034604
S3150000F590184602F00BF8524B9B6B1946F868F3F7C6
S3150000F5A0E2FB0346184602F001F84D4B1B691A466A
S3150000F5B00021F868F3F7FEF90346184601F0F6FF56
S3150000F5C0474B5B691A460121F868F3F7F3F90346DE
S3150000F5D0184601F0EBFF424B9B781946F868F3F7A3
S3150000F5E00CFA0346184601F0E1FF3D4B1B6B19462A
S3150000F5F0F868F3F77FF90346184601F0D7FF384B52
S3150000F600DB6A1946F868F5F744FC0346184601F02C
S3150000F610CDFF334BDB6B1946F868F3F763FB034604
S3150000F620184601F0C3FF2D4B00221A607B6893F841
S3150000F6304030162B0CD0162B10DC0E2B02D0142BC0
S3150000F64006D00BE001237B61264B274A1A600BE0AC
S3150000F65002237B61234B254A1A6005E000237B6168
S3150000F660204B224A1A6000BF786801F0D7FF7868FD
S3150000F67002F034F87B68B3F84430002B04D07B6882
S3150000F680B3F84430B42B08D13B68B3F830337B82EF
S3150000F6903B68B3F832333B8207E03B68B3F832335A
S3150000F6A07B823B68B3F830333B827B68186D3B68DE
S3150000F6B01969B7F91240B7F91250B7F910307A69DB
S3150000F6C0019200932B462246FCF74EFF034618464E
S3150000F6D001F06CFF00BF1837BD46B0BDC001FE1F6C
S3150000F6E0D405FE1FD005FE1F6B1901009D190100F0
S3150000F6F080B483B000AF7860396000BF0C37BD4678
S3150000F7005DF8047B7047FFFFF0B58DB006AF7860FB
S3150000F71039607B689B693B613B691B6DFB603B689D
S3150000F7201C331946F86802F0BCF83B6993F8403080
S3150000F7300A3B0C2B76D801A252F823F07DF7000085
S3150000F74025F8000025F8000025F8000071F70000F4
S3150000F75025F8000025F8000025F8000025F800002F
S3150000F76025F8000077F7000025F8000077F700007D
S3150000F77001237B6105E002237B6102E000237B61BC
S3150000F78000BFFF21F868FFF797FD7B6819697B6862
S3150000F790B3F9303318467B68B3F930331C467B68BF
S3150000F7A0B3F932331A467B69019300922346024627
S3150000F7B0F868F1F7C6FA0346184601F0F7FE7B68CB
S3150000F7C0B3F930331D467B68B3F932331E467B6886
S3150000F7D0B3F930331B011BB27A68B2F93223120136
S3150000F7E012B27968B1F93413090109B27868B0F92F
S3150000F7F03603000100B24FF480740594049003911F
S3150000F8000292019300230093002332462946F868AA
S3150000F810F1F7FEFA0346184601F0C8FE386901F012
S3150000F82071FF00E000BF1C37BD46F0BDF0B58DB0DE
S3150000F83006AF786039607B689B693B613B691B6DED
S3150000F840FB603B681C331946F86802F02AF83B69EE
S3150000F85093F840300A3B0C2B79D801A252F823F0DA
S3150000F860A1F800004FF900004FF900004FF9000021
S3150000F87095F800004FF900004FF900004FF900001D
S3150000F8804FF900004FF900009BF800004FF9000007
S3150000F8909BF8000001237B6105E002237B6102E007
S3150000F8A000237B6100BF7B6819697B68B3F930333D
S3150000F8B018467B68B3F930331C467B68B3F932339C
S3150000F8C01A467B690193009223460246F868F1F7CF
S3150000F8D038FA0346184601F069FE7B6893F8383318
S3150000F8E01946F868FFF7E8FC7B68B3F930331D4624
S3150000F8F07B68B3F932331E467B68B3F930331B019C
S3150000F9001BB27A68B2F93223120112B27968B1F9E0
S3150000F9103413090109B27868B0F93603000100B260
S3150000F9204FF480740594049003910292019300238E
S3150000F9300093002332462946F868F1F769FA034630
S3150000F940184601F033FE386901F0DCFE00E000BF26
S3150000F9501C37BD46F0BD00BF80B588B002AFF86069
S3150000F960B9607A603B60F86801F0B9FF7861FB68BE
S3150000F9709B7FFB74FB7C002B37D0FB7C1946786998
S3150000F980FFF79AFC00217869FFF7B4FC796A786979
S3150000F990FFF76EFC01217869FFF7C8FCBB681BB254
S3150000F9A01B0119B23B681BB21B0118B27B689AB2E5
S3150000F9B0BB689BB2D31A9BB201339BB21BB21B012D
S3150000F9C01AB23B6A1BB21B011BB2009313460246D6
S3150000F9D07869FAF781FC0346184601F0E7FDFB68F3
S3150000F9E05B6A184601F08EFE00E000BF1837BD4680
S3150000F9F080BD90B589B002AFF860B9607A603B60AF
S3150000FA00F86801F06CFF7861FB689B7FFB74FB7CF8
S3150000FA10002B37D0FB7C19467869FFF74DFC002197
S3150000FA207869FFF767FCF96A7869FFF721FC01211D
S3150000FA307869FFF77BFC3B681BB21B0119B2BB68F8
S3150000FA401BB21B0118B2BB6A1BB21B011CB27B683E
S3150000FA509AB2BB689BB2D31A9BB201339BB21BB25C
S3150000FA601B011BB20093234602467869FAF734FC61
S3150000FA700346184601F09AFDFB685B6A184601F0DA
S3150000FA8041FE00E000BF1C37BD4690BDB0B58AB050
S3150000FA9004AFF860B9607A603B60F86801F01FFF58
S3150000FAA07861FB689B7FFB74FB7C002B3AD0FB7C68
S3150000FAB019467869FFF700FC01217869FFF736FCE3
S3150000FAC000217869FFF774FCFB685B691946786961
S3150000FAD0FFF7CEFBBB681BB21B0119B27B681BB2DA
S3150000FAE01B0118B23B681BB21B011CB2BB6A1BB2DE
S3150000FAF01B011BB2FA68B2F91C20120112B20025D2
S3150000FB00029501920093234602467869FAF770FC43
S3150000FB100346184601F04AFDFB685B6A184601F089
S3150000FB20F1FD00E000BF1837BD46B0BDB0B58CB0E2
S3150000FB3004AFF860B9607A603B60F86801F0CFFE08
S3150000FB40F861FB68BB61BB699B7FFB75FB7D002B86
S3150000FB5049D0FB7D1946F869FFF7AEFB0121F8692C
S3150000FB60FFF7E4FB0021F869FFF722FCFB685B69FD
S3150000FB701946F869FFF77CFBBB699B6903F0100324
S3150000FB80002B04D00221F869FFF756FB03E00021A1
S3150000FB90F869FFF751FBBB681BB21B0119B27B6802
S3150000FBA01BB21B0118B23B681BB21B011CB23B6B9C
S3150000FBB01BB21B011BB2BA69B2F91C20120112B2A8
S3150000FBC0002502950192009323460246F869FAF74A
S3150000FBD00FFC0346184601F0E9FCFB685B6A184611
S3150000FBE001F090FD00E000BF2037BD46B0BDB0B5C6
S3150000FBF08AB004AFF860B9607A603B60F86801F0DB
S3150000FC006EFE7861FB689B7FFB74FB7C002B3AD011
S3150000FC10FB7C19467869FFF74FFB01217869FFF7EE
S3150000FC2085FB01217869FFF7C3FBFB685B69194611
S3150000FC307869FFF71DFBBB681BB21B0119B27B6815
S3150000FC401BB21B0118B23B681BB21B011CB2BB6A7C
S3150000FC501BB21B011BB2FA68B2F91C20120112B2C8
S3150000FC600025029501920093234602467869FAF729
S3150000FC70BFFB0346184601F099FCFB685B6A184611
S3150000FC8001F040FD00E000BF1837BD46B0BD80B5AD
S3150000FC9084B000AFF860B9607A603B60FB685B6A6D
S3150000FCA0184601F0BBFC3B687A68B968F86814F03E
S3150000FCB031F9FB685B6A184601F010FD00BF10378A
S3150000FCC0BD4680BD80B584B000AFF860B9607A608B
S3150000FCD03B60FB685B6A184601F0A0FC3B687A68EB
S3150000FCE0B968F86815F0AEF9FB685B6A184601F06A
S3150000FCF0F5FC00BF1037BD4680BDB0B58CB004AF73
S3150000FD00F860B9607A603B60F86801F0E8FDF86178
S3150000FD10FB68BB61BB699B7FFB75FB7D002B49D0F4
S3150000FD20FB7D1946F869FFF7C7FA0121F869FFF765
S3150000FD30FDFA0121F869FFF73BFBFB685B69194691
S3150000FD40F869FFF795FABB699B6903F01003002B6E
S3150000FD5004D00221F869FFF76FFA03E00021F86981
S3150000FD60FFF76AFABB681BB21B0119B27B681BB2AC
S3150000FD701B0118B23B681BB21B011CB23B6B1BB2CA
S3150000FD801B011BB2BA69B2F91C20120112B200257E
S3150000FD9002950192009323460246F869FAF728FB7A
S3150000FDA00346184601F002FCFB685B6A184601F040
S3150000FDB0A9FC00E000BF2037BD46B0BD90B58BB0B2
S3150000FDC004AFF860B9607A603B603B689B7803F0EB
S3150000FDD00203002B68D1FB685B6A7B61BB6A354A0C
S3150000FDE082FB03121A441112DA178A1A4FF4B471FD
S3150000FDF001FB02F29B1ABB62BB6A002B03DABB6AE9
S3150000FE0003F5B473BB62BB6A002B0DD17B69D3F8D3
S3150000FE109030002B08D07B69D3F890403B687A6815
S3150000FE20B968F868A04742E03B68DB780E3B012BD7
S3150000FE300CD83B6B0293FB6A0193BB6A00933B6849
S3150000FE407A68B968F86814F065FA30E03B689B7820
S3150000FE5003F00403002B29D0BB6A164A82FB031267
S3150000FE601A449111DA178A1A5A2101FB02F29A1AD8
S3150000FE70002A0CD13B6B0293FB6A0193BB6A009389
S3150000FE803B687A68B968F86802F0AAF80FE03B6B3D
S3150000FE900293FB6A0193BB6A00933B687A68B96870
S3150000FEA0F86802F0F3FB01E000BF00E000BF1C377A
S3150000FEB0BD4690BDB7600BB6F0B58FB006AFF86023
S3150000FEC0B9607A603B60FB689B7FFB76FB7E002B0C
S3150000FED000F0AA80FB7EFF2B08D0FB7E00933B68D8
S3150000FEE07A68B968F86800F0A3F89EE0F86801F04F
S3150000FEF0F6FC7861FF217869FFF7DEF93868FFF7CD
S3150000FF00B1FAF8613B689B7803F00203002B03D03B
S3150000FF10FB6943F01003FB61FB6903F02003002B30
S3150000FF2009D03B68DB6819467869FBF7E7F80346B2
S3150000FF30184601F03BFB3B6859683B68B3F918303B
S3150000FF4018463B68B3F918301C463B68B3F91A30BB
S3150000FF501A46FB6901930092234602467869F0F738
S3150000FF60F0FE0346184601F021FB4FF48073FB6157
S3150000FF703B689B7803F00403002B08D00322022180
S3150000FF807869FFF7EFF9FB6943F02003FB613B68F3
S3150000FF909B7803F00103002B03D0FB6943F0200399
S3150000FFA0FB613B68B3F918301D463B68B3F91A305C
S3150000FFB01E463B68B3F918301B011BB23A68B2F90A
S3150000FFC01A20120112B2B96809B2090109B2786899
S3150000FFD000B2000100B2FC690594049003910292FC
S3150000FFE00193002300930023324629467869F0F7EF
S3150000FFF00FFF0346184601F0D9FA3B689B7803F0D9
S315000100002003002B0AD0FB685B6A184601F006FB49
S31500010010FB685B6A184601F061FB06E0FB685B6AF8
S31500010020184601F06FFB00E000BF2437BD46F0BD66
S31500010030F0B58DB006AFF860B9607A603B6097F8AD
S315000100403030002B7FD03868FFF70CFA78613B68B7
S315000100509B7803F00203002B03D07B6943F0100366
S315000100607B61F86801F03BFC38617B6903F0200392
S31500010070002B05D03B68DB6819463869FBF73EF86B
S315000100803B6859683B68B3F9183018463B68B3F9C1
S3150001009018301C463B68B3F91A301A467B6901933E
S315000100A00092234602463869F0F74BFE034618468E
S315000100B001F07CFA4FF480737B613B689B7803F017
S315000100C00403002B03D07B6943F020037B6197F87F
S315000100D0303019463869FFF7EFF83B68B3F9183045
S315000100E01D463B68B3F91A301E463B68B3F9183012
S315000100F01B011BB23A68B2F91A20120112B2B96891
S3150001010009B2090109B2786800B2000100B27C693E
S315000101100594049003910292019300230093002316
S31500010120324629463869F0F773FE0346184601F050
S315000101303DFAFF213869FFF7BFF8FB685B6A18468D
S3150001014001F0E0FA00E000BF1C37BD46F0BD80B506
S315000101508AB000AFF860B9607A603B603B6B1B68A0
S315000101603B623B6B5B68002B3FD0BA687B689A4267
S315000101703BDCFB685B6CFB61FB6807F110025A64B0
S315000101803B6B5B693A6AB2F9182093FBF2F101FB0A
S3150001019002F29B1ABA68D31A7B623B6B9B693A6877
S315000101A0D31ABB617B681BB2BB823B681BB27B82E5
S315000101B03B681BB2FB8211E0BB681BB23B823B6A08
S315000101C0BA69796AF868FFF777FE3B6AB3F91830BE
S315000101D01A467B6A13447B627B6ABB60BA687B689A
S315000101E09A42E9DDFB68FA695A643B6B9B695A1CC2
S315000101F03B6B9A613B6B9B693A6AB2F91A2093424F
S3150001020002DB3B6B00229A6100BF2837BD4680BDE9
S3150001021080B594B000AFF860B9607A600023FB64E2
S3150001022007F110032822002118462BF098FDFB68E0
S315000102307B647B6C9B7F87F843307B6CB3F91C3006
S31500010240002B7FDD0023BB6424E0BB6C9B00BA68F6
S3150001025013441B887B87FB6C5A1CFA647A8F120144
S3150001026012B25B0050333B4423F8402CBB6C9B001D
S31500010270BA6813445B887B87FB6C5A1CFA647A8FD5
S31500010280120112B25B0050333B4423F8402CBB6C85
S315000102900133BB64BA6C7B689A42D6DBF86801F01D
S315000102A01EFBF86397F84330002B4DD097F8433087
S315000102B01946F86BFFF700F80221F86BFFF736F8DD
S315000102C07B6CB3F91C309BB29B021946F86BFEF7A7
S315000102D077FF0021F86BFFF70DF87B6C9B6903F044
S315000102E00403002B04D00121F86BFFF761F803E04A
S315000102F00021F86BFFF75CF87B6C9B6903F0100338
S31500010300002B04D00221F86BFEF77AFF03E00121EE
S31500010310F86BFEF775FF7B6C5B691946F86BFEF7A8
S31500010320A7FF7A6807F110010023F86BFAF7B4FA10
S315000103300346184601F03AF9FB685B6A184601F074
S31500010340E1F902E000BF00E000BF5037BD4680BDC5
S3150001035080B596B002AFF860B9607A607968B8681E
S3150001036001F0EEF90346002B0FD1FB685B6A1846D4
S3150001037001F054F9FB685B6A184601F0AFF97A6837
S31500010380B968F86819F044F981E00023FB6407F1C4
S3150001039014032822002118462BF0E1FCFB687B643C
S315000103A0F86801F09CFA38647B6C9B7F87F83F30D4
S315000103B097F83F30002B69D097F83F301946386CD3
S315000103C0FEF77AFF0023BB6424E0BB6C9B00BA688E
S315000103D013441B88BB87FB6C5A1CFA64BA8F120143
S315000103E012B25B0050333B4423F83C2CBB6C9B00A0
S315000103F0BA6813445B88BB87FB6C5A1CFA64BA8FD4
S31500010400120112B25B0050333B4423F83C2CBB6C07
S315000104100133BB64BA6C7B689A42D6DB0121386C26
S31500010420FEF784FF7B6C9B6903F00203002B16D059
S315000104300321386CFEF75EFFFB685B6CB3F9003095
S315000104401A46FB685B6CB3F9023019467B6C1B6874
S3150001045000930B46396CF86801F0ADFA09E000210A
S31500010460386CFEF747FF7B6C1B691946386CFEF743
S31500010470FFFE7A6807F114010023386CFAF70CFACB
S31500010480FB685B6A184601F03DF900E000BF503792
S31500010490BD4680BD80B584B000AFF860B9607A60B2
S315000104A03B60FB685B6A184601F0B8F83B687A68FE
S315000104B0B968F86814F0BAFDFB685B6A184601F082
S315000104C00DF900BF1037BD4680BD80B586B002AFBD
S315000104D0F860B9607A603B60FB685B6A184601F0B8
S315000104E09DF83B7E00933B687A68B968F86814F01A
S315000104F0D1FDFB685B6A184601F0F0F800BF1037C2
S31500010500BD4680BDF0B58DB004AFF860B9607A60C4
S315000105103B60F86801F0E3F9F861BB68B3F90430B0
S315000105201A46BB68B3F90030D31A0133BB61BB6805
S31500010530B3F906301A46BB68B3F90230D31A013350
S315000105407B61BB699CB27B699DB2BB68B3F9003024
S315000105509EB2BB68B3F902309BB2BA68B2F9002009
S3150001056091B27A6892B20A4492B2B968B1F90210AC
S3150001057088B2396889B2014489B24FF48070039018
S3150001058002910192009333462A462146F869FBF708
S31500010590D0FD0346184601F009F800BF2437BD46D1
S315000105A0F0BDF0B58FB006AFF860B9607A603B6018
S315000105B00023FB613B689B7803F00203002B03D009
S315000105C0FB6943F01003FB61F86801F088F9B86133
S315000105D0FB689B7FFB75FB7D002B6AD0FB7D194673
S315000105E0B869FEF769FE3B6859683B68B3F918308C
S315000105F018463B68B3F918301C463B68B3F91A3004
S315000106001A46FB690193009223460246B869F0F740
S3150001061098FB0346184600F0C9FF4FF48073FB614F
S31500010620FB681B691946B869FEF722FE3B68B3F9F8
S3150001063018301D463B68B3F91A301E463B68B3F9BC
S3150001064018301B011BB23A68B2F91A20120112B214
S31500010650B96809B2090109B2786800B2000100B2AD
S315000106603024059404900391029201930023009390
S31500010670002332462946B869F0F7CAFB03461846F5
S3150001068000F094FF3B689B7803F02003002B0AD00F
S31500010690FB685B6A184600F0C1FFFB685B6A184697
S315000106A001F01CF806E0FB685B6A184601F02AF8BF
S315000106B000E000BF2437BD46F0BD80B588B002AF6B
S315000106C0F860B9607A603B6000237B613B683B61FF
S315000106D03B699B891BB2002B03DA7B6943F010034C
S315000106E07B617B6900933B687A68B968F86801F0B9
S315000106F0DDF900BF1837BD4680BD80B586B002AFB3
S31500010700F860B9607A603B60002300933B687A68C1
S31500010710B968F86801F0CAF900BF1037BD4680BD57
S3150001072080B588B002AFF860B9607A603B6000239B
S315000107307B613B683B613B699B891BB2002B03DAFA
S315000107407B6943F010037B617B6900933B687A68A0
S31500010750B968F86801F034FA00BF1837BD4680BDA4
S3150001076080B586B002AFF860B9607A603B6000235D
S3150001077000933B687A68B968F86801F021FA00BF0E
S315000107801037BD4680BD80B588B002AFF860B9604C
S315000107907A603B6000237B613B683B613B699B89D7
S315000107A01BB2002B03DA7B6943F010037B617B6983
S315000107B000933B687A68B968F86801F093FA00BF5C
S315000107C01837BD4680BD80B586B002AFF860B96006
S315000107D07A603B60002300933B687A68B968F868E1
S315000107E001F080FA00BF1037BD4680BD80B58AB0E2
S315000107F002AFF860B9607A603B60FB68FB61FB6938
S31500010800B3F91C30002B5DDDFB69B3F91C300133F4
S31500010810DA0F13445B101A463B68934202D2002357
S315000108203B600AE0FB69B3F91C300133DA0F13446C
S315000108305B101A463B689B1A3B60F86801F04FF85B
S31500010840B861FB699B7FFB75FB7D002B3CD0FB7D73
S315000108501946B869FEF730FD0121B869FEF7A8FD12
S315000108600221B869FEF762FDFB69B3F91C309BB240
S315000108709B021946B869FEF7A3FCFB695B69194639
S31500010880B869FEF7F5FC0021B869FEF733FDBB68D0
S315000108901BB21B0119B27B681BB21B011AB23B6862
S315000108A01BB21B011BB200200090B869F9F74AFE82
S315000108B00346184600F07AFEFB685B6A184600F0AC
S315000108C021FF02E000BF00E000BF2037BD4680BD2A
S315000108D080B58AB002AFF860B9607A603B60FB68A8
S315000108E0FB61FB69B3F91C30002B5DDDFB69B3F9D4
S315000108F01C300133DA0F13445B101A463B689342EE
S3150001090002D200233B600AE0FB69B3F91C300133D4
S31500010910DA0F13445B101A463B689B1A3B60F86872
S3150001092000F0DDFFB861FB699B7FFB75FB7D002B4A
S315000109303CD0FB7D1946B869FEF7BEFC0021B869BB
S31500010940FEF736FD0221B869FEF7F0FCFB69B3F943
S315000109501C309BB29B021946B869FEF731FCFB6954
S315000109605B691946B869FEF783FC0021B869FEF791
S31500010970C1FCBB681BB21B0119B27B681BB21B0110
S315000109801AB23B681BB21B011BB200200090B8696A
S31500010990F9F7D8FD0346184600F008FEFB685B6AC6
S315000109A0184600F0AFFE02E000BF00E000BF2037AE
S315000109B0BD4680BD80B58AB002AFF860B9607A6085
S315000109C03B60FB68FB61FB691B69BB61F86800F072
S315000109D086FF7861FB699B7FFB74FB7C002B54D0FF
S315000109E0FB7C19467869FEF767FCFB699B6903F096
S315000109F00403002B04D001217869FEF7D9FC03E03A
S31500010A0000217869FEF7D4FC01217869FEF78EFC96
S31500010A10FB699B6903F00203002B13D0032178695C
S31500010A20FEF768FC3B68BA68D11A3B687A68D21A45
S31500010A30FB691B68009313460A467969F86800F05A
S31500010A40BAFF07E000217869FEF754FCB9697869B5
S31500010A50FEF70EFCBB681BB21B0119B27B681BB209
S31500010A601B011AB23B681BB21B011BB2002000908E
S31500010A707869F9F767FD0346184600F097FDFB68AC
S31500010A805B6A184600F03EFE00E000BF2037BD4617
S31500010A9080BDF0B595B006AFF860B9607A603B608D
S31500010AA0FB683B63F86800F01AFFF8623B6B9B7FBB
S31500010AB087F82B3097F82B30002B00F09E8097F8A3
S31500010AC02B301946F86AFEF7F7FB3B6D5B427B62FA
S31500010AD07B6D5B423B627B6A5A3B9B0218461CF06C
S31500010AE003F9F8617B6A5A3B9B0218461CF0F8F839
S31500010AF0B8613B6A5A339B0218461CF0F5F87861D7
S31500010B003B6A5A339B0218461CF0EAF838617A6A46
S31500010B103B6AD31AB42B04DC7A6A3B6AD31A002BDC
S31500010B2002DA40237B6301E000237B633B6B9B6915
S31500010B3003F00403002B04D00121F86AFEF738FC08
S31500010B4003E00021F86AFEF733FC0121F86AFEF79B
S31500010B50EDFB3B6B9B6903F00203002B13D00321D2
S31500010B60F86AFEF7C7FB3B68BA68D11A3B687A6830
S31500010B70D21A3B6B1B68009313460A46F96AF8685A
S31500010B8000F019FF09E00021F86AFEF7B3FB3B6BA1
S31500010B901B691946F86AFEF76BFBBB681BB21B01A2
S31500010BA01DB27B681BB21B011EB23B689BB20133AF
S31500010BB09BB21BB21B010FFA83FCBB699B01FA694D
S31500010BC0920139698901786980017C6B05940490E9
S31500010BD0039102920193002300936346324629460C
S31500010BE0F86AF9F73BFD0346184600F0DFFCFB689F
S31500010BF05B6A184600F086FD00E000BF3C37BD4643
S31500010C00F0BDF0B599B006AFF860B9607A603B60A7
S31500010C10FB683B643B6CB3F91C30002B40F320812D
S31500010C20F86800F05CFEF863002387F83B303B6C04
S31500010C309B7F87F83B3097F83B30002B00F0128101
S31500010C4097F83B301946F86BFEF736FB3B6E5B4275
S31500010C507B637B6E5B423B637B6B5A3B9B02184615
S31500010C601CF042F8F8627B6B5A3B9B0218461CF05B
S31500010C7037F8B8623B6B5A339B0218461CF034F8BE
S31500010C8078623B6B5A339B0218461CF029F838628E
S31500010C907A6B3B6BD31AB42B04DC7A6B3B6BD31A9E
S31500010CA0002B02DA40237B6401E000237B640121EF
S31500010CB0F86BFEF77DFB0221F86BFEF737FB3B6C09
S31500010CC0B3F91C309BB29B025B081946F86BFEF721
S31500010CD077FA3B6C5B691946F86BFEF7C9FA002196
S31500010CE0F86BFEF707FBBB681BB21B011DB27B68E5
S31500010CF01BB21B011EB23B681BB21B010FFA83FC20
S31500010D00BB6A9B01FA6A9201396A8901786A800194
S31500010D107C6C059404900391029201930023009345
S31500010D20634632462946F86BF9F798FC034618469E
S31500010D3000F03CFCFB685B6A184600F0E3FC3B6C88
S31500010D409B6903F01003002B00F08D803B6CB3F917
S31500010D501C30FB610023BB6100237B610121F86B21
S31500010D60FEF7E4FAFB695B083A68D31A3B6007F1C0
S31500010D70180300933B6E3A687968B86812F06EFE04
S31500010D803A68FB691A4407F1140300933B6E7968CC
S31500010D90B86812F063FEB7F918309AB2B7F9143091
S31500010DA09BB213449BB21B015B1019B2B7F91A30FF
S31500010DB09AB2B7F916309BB213449BB21B015B1072
S31500010DC01AB2FB691B015B081BB200200090F86B8D
S31500010DD0F9F7B8FB0346184600F0E8FBFB685B6AC7
S31500010DE0184600F08FFC07F1180300937B6E3A68F2
S31500010DF07968B86812F032FE3A68FB691A4407F15D
S31500010E00140300937B6E7968B86812F027FEB7F970
S31500010E1018309AB2B7F914309BB213449BB21B0136
S31500010E205B1019B2B7F91A309AB2B7F916309BB2FC
S31500010E3013449BB21B015B101AB2FB691B015B08D1
S31500010E401BB200200090F86BF9F77CFB03461846AD
S31500010E5000F0ACFBFB685B6A184600F053FC02E04D
S31500010E6000BF00E000BF4C37BD46F0BDF0B599B0FC
S31500010E7006AFF860B9607A603B60FB683B643B6C27
S31500010E80B3F91C30002B40F32081F86800F027FDF0
S31500010E90F863002387F83B303B6C9B7F87F83B3038
S31500010EA097F83B30002B00F0128197F83B3019463A
S31500010EB0F86BFEF701FA3B6E5B427B637B6E5B422E
S31500010EC03B637B6B5A3B9B0218461BF00DFFF86296
S31500010ED07B6B5A3B9B0218461BF002FFB8623B6BC9
S31500010EE05A339B0218461BF0FFFE78623B6B5A335E
S31500010EF09B0218461BF0F4FE38627A6B3B6BD31AE1
S31500010F00B42B04DC7A6B3B6BD31A002B02DA402339
S31500010F107B6401E000237B640021F86BFEF748FA4D
S31500010F200221F86BFEF702FA3B6CB3F91C309BB257
S31500010F309B025B081946F86BFEF742F93B6C5B694D
S31500010F401946F86BFEF794F90021F86BFEF7D2F912
S31500010F50BB681BB21B011DB27B681BB21B011EB213
S31500010F603B681BB21B010FFA83FCBB6A9B01FA6A41
S31500010F709201396A8901786A80017C6C0594049032
S31500010F800391029201930023009363463246294658
S31500010F90F86BF9F763FB0346184600F007FBFB689D
S31500010FA05B6A184600F0AEFB3B6C9B6903F01003CD
S31500010FB0002B00F08D803B6CB3F91C30FB610023E4
S31500010FC0BB6100237B610121F86BFEF7AFF9FB6979
S31500010FD05B083A68D31A3B6007F1180300933B6E2E
S31500010FE03A687968B86812F039FD3A68FB691A44BB
S31500010FF007F1140300933B6E7968B86812F02EFD71
S31500011000B7F918309AB2B7F914309BB213449BB2B0
S315000110101B015B1019B2B7F91A309AB2B7F916303B
S315000110209BB213449BB21B015B101AB2FB691B01F5
S315000110305B081BB200200090F86BF9F783FA0346B0
S31500011040184600F0B3FAFB685B6A184600F05AFBD3
S3150001105007F1180300937B6E3A687968B86812F055
S31500011060FDFC3A68FB691A4407F1140300937B6E91
S315000110707968B86812F0F2FCB7F918309AB2B7F984
S3150001108014309BB213449BB21B015B1019B2B7F922
S315000110901A309AB2B7F916309BB213449BB21B01B0
S315000110A05B101AB2FB691B015B081BB200200090A2
S315000110B0F86BF9F747FA0346184600F077FAFB682A
S315000110C05B6A184600F01EFB02E000BF00E000BFAD
S315000110D04C37BD46F0BD80B586B002AFF860B96049
S315000110E07A603B60FB685B6A184600F097FAFB681A
S315000110F05B6A184600F0F2FAFB690193BB6900933B
S315000111003B687A68B968F86816F0C4FE00BF103704
S31500011110BD4680BD80B586B002AFF860B9607A6021
S315000111203B60FB685B6A184600F078FAFB68B3F926
S315000111301C30012B08DDBB6900933B687A68B968EE
S31500011140F86815F0BFFF07E0BB6900933B687A6852
S31500011150B968F86814F066FBFB685B6A184600F02C
S31500011160BDFA00BF1037BD4680BD80B586B002AF5F
S31500011170F860B9607A603B60FB685B6A184600F00C
S315000111804DFAFB68B3F91C30012B08DDBB690093EE
S315000111903B687A68B968F86819F092FF07E0BB699D
S315000111A000933B687A68B968F86817F0A9FBFB6891
S315000111B05B6A184600F092FA00BF1037BD4680BD43
S315000111C080B586B002AFF860B9607A603B60FB68B3
S315000111D05B6A184600F022FAFB685B6A184600F063
S315000111E07DFABB6900933B687A68B968F86817F0BD
S315000111F099FD00BF1037BD4680BDFFFF80B590B099
S3150001120002AF7860396007F1240300221A605A6040
S3150001121007F11C0300221A605A600023BB610023F8
S315000112207B8300237B7644233B7607F10803002268
S315000112301A605A609A60DA60544BDB6807F108015C
S3150001124007F1180210469847BB687B637B689B6968
S315000112503B633B6BB3F84430FB623B6B5B684C4AC8
S315000112604C49184602F002FB7B68B3F930339BB256
S31500011270013B9BB21AB27B68B3F932339BB2013B95
S315000112809BB21BB207F124000093134600220021F2
S315000112901BF002FE386B00F0C1F9386B00F01EFA44
S315000112A000BF7B6B1B68C3F34003DBB2012BF8D095
S315000112B07B6B1B68C3F38003DBB2012BF1D0FB6AA6
S315000112C0B42B1ED17B6803F11C0107F11C0207F147
S315000112D0240318461BF0EAFD0346002B11D03B6B95
S315000112E093F840300E2B06D107F11C031946786896
S315000112F001F040FF05E007F11C031946786802F08A
S315000113000DF83B6B5B682349184602F0C9FA3B6B43
S315000113105B681F4A1F49184602F0A8FA7B681A69DA
S315000113201C4B1B689A4203D1194B1A687B681A61D8
S315000113307B6803F11C0107F11C0207F1240318461F
S315000113401BF0B4FD0346002B1BD0FB6A002B06D114
S3150001135007F11C031946786800F054FD11E03B6B58
S3150001136093F840300E2B06D107F11C031946786815
S3150001137001F000FF05E007F11C031946786801F04A
S31500011380CDFF00BF3837BD4680BD00BFD4860400FF
S31500011390CC05FE1FC805FE1F90B597B000AFF860DB
S315000113A0B9607A603B60012387F83B30002387F8F8
S315000113B03A3007F114032422002118462AF0CFFC03
S315000113C000237B6500233B65FB685B6A5B68184607
S315000113D002F0F2FCF86407F11403203307F13C0232
S315000113E0F96CF86801F03EFCB864FB6C9B685B69BC
S315000113F0FA6C106800220021984703461A46BB6C16
S315000114001344BB64FB6C9B685B68FA6C10683A68B2
S3150001141051683A689268984703461A46BB6C13446A
S31500011420BB64FB6C9B689B69FA6C106807F13A0117
S315000114304FF47A72984703461A46BB6C1344BB6451
S31500011440BB6C002B06D197F83A3003F02003DBB2D0
S31500011450002B07D1FB6C9B689B6AFA6C12681046DD
S315000114609847A0E0FB6C9B681B6AFA6C106807F151
S31500011470140202F11E0407F1140202F11C012246B4
S31500011480984703461A46BB6C1344BB64FB6C9B68C6
S315000114905B6AFA6C126807F13B01104698470346EE
S315000114A01A46BB6C1344BB64BB6C002B07D0FB6CA8
S315000114B09B689B6AFA6C12681046984773E097F826
S315000114C03B30B7F93010B7F93220184601F092FCDB
S315000114D078657B6D002B07D1FB6C9B689B6AFA6C68
S315000114E01268104698475EE0B7F930301A467B6BB2
S315000114F003FB02F27B6D02FB03F33B65FB685B6A50
S315000115005A6807F1140310331946104602F03DFCE0
S3150001151003463B627B6A1A463B6D934207D9FB6CD5
S315000115209B689B6AFA6C1268104698473BE03B6AD7
S31500011530002B07D1FB6C9B689B6AFA6C12681046FC
S31500011540984730E03B6A03F00703002B07D0FB6C9A
S315000115509B689B6AFA6C12681046984723E0FB6CFD
S315000115609B681B69FA6C1268B7F9301010469847E8
S3150001157003461A46BB6C1344BB64FB68BB613B68FC
S31500011580FB61FB6C7B61BB68BB627B68FB6207F13D
S315000115901403184601F0A7FCFB6C9B689B6AFA6C66
S315000115A01268104698475C37BD4690BD80B483B03B
S315000115B000AF78607B68002B26D0164B93F900307C
S315000115C01946154A7B6842F82130124B93F90130CE
S315000115D0032B08DC0F4B93F90130DBB20133DBB28D
S315000115E05AB20C4B5A700B4B93F90030DBB20133F4
S315000115F0DBB25AB2074B1A70064B93F90030032B34
S3150001160002DD044B00221A7000BF0C37BD465DF89F
S31500011610047B7047D405FE1F1406FE1F80B588B0F3
S3150001162000AF78600023BB6100237B8300237B76B8
S3150001163044233B7607F1080300221A605A609A6038
S31500011640DA60244BDB6807F1080107F1180210463E
S315000116509847BB68FB61204B5B68002B36D17B68E2
S315000116601B6D1846F3F79FFC0346012B2ED17B68B1
S315000116701B6D1846F8F7E6F803461846FFF796FF7E
S315000116807B681B6D1846F8F7B8F803461846FFF74E
S315000116908DFF00BFFB691B68C3F34003DBB2012B5F
S315000116A0F8D0FB691B68C3F38003DBB2012BF1D0D1
S315000116B0FB691B68C3F3C003DBB2012BEAD0064BFF
S315000116C001225A60044B002283F8202000BF2037F4
S315000116D0BD4680BDD4860400D405FE1F80B483B008
S315000116E000AF7860064B5B68002B02D0044B0022EA
S315000116F05A6000BF0C37BD465DF8047B704700BFDA
S31500011700D405FE1F80B582B000AF78600B4B93F80D
S3150001171020300133DAB2094B83F82020074B93F8C6
S315000117202030552B05D97868FFF778FF7868FFF7E1
S31500011730D5FF00BF0837BD4680BD00BFD405FE1FDB
S3150001174080B48BB000AF786039603B68032B01DC55
S315000117500123A0E07A6807F11C03106818607A6813
S3150001176007F118030432106818607A6807F1140348
S31500011770083210681860B7F918309AB2B7F91C30F8
S315000117809BB2D31A9BB21BB23B82B7F91A309AB2FB
S31500011790B7F91E309BB2D31A9BB21BB27B82B7F943
S315000117A014309AB2B7F918309BB2D31A9BB21BB256
S315000117B0BB81B7F916309AB2B7F91A309BB2D31A70
S315000117C09BB21BB2FB81B7F91030B7F90E2003FBB0
S315000117D002F2B7F91230B7F90C1001FB03F39A4282
S315000117E0B4BF01230023DBB23B6203237B624DE0DE
S315000117F0BB69FB617B69BB617B6A9B007A681A44A2
S3150001180007F1140310681860B7F918309AB2B7F9DE
S315000118101C309BB2D31A9BB21BB23B82B7F91A306A
S315000118209AB2B7F91E309BB2D31A9BB21BB27B8216
S31500011830B7F914309AB2B7F918309BB2D31A9BB2E2
S315000118401BB2BB81B7F916309AB2B7F91A309BB2FF
S31500011850D31A9BB21BB2FB81B7F91030B7F90E2030
S3150001186003FB02F2B7F91230B7F90C1001FB03F3CF
S315000118709A42B4BF01230023DBB21A463B6A934264
S3150001188001D0002307E07B6A01337B627A6A3B68F9
S315000118909A42ADDB012318462C37BD465DF8047B21
S315000118A0704780B584B002AF786039603B68B3F9A0
S315000118B000103B68B3F902203B68B3F904003B68AA
S315000118C0B3F90630009303467868FAF79AFD0346A2
S315000118D01846FFF76BFE00BF0837BD4680BD80B5D1
S315000118E086B002AF78607B685B6A1B6DFB607B68C4
S315000118F05B6C002B19D07B685B6CB3F900107B68BD
S315000119005B6CB3F902207B685B6CB3F904007B68FE
S315000119105B6CB3F9063000930346F868FAF771FD7C
S3150001192003461846FFF742FE1AE07B681B6AB3F9C5
S3150001193030339BB2013B9BB21AB27B681B6AB3F987
S3150001194032339BB2013B9BB21BB20093134600227A
S315000119500021F868FAF755FD03461846FFF726FEFB
S31500011960FB6818461037BD4680BD80B485B000AF10
S3150001197078607B681B0203F478027B685B0103F4E1
S315000119807C431A437B68DB00DBB21343FB60FB68D5
S3150001199018461437BD465DF8047B704780B485B0A0
S315000119A000AF78607B68FB60FB6818461437BD465C
S315000119B05DF8047B704790B58DB006AFF860B960ED
S315000119C07A603B60B86AFDF74DFD78617B6903F08B
S315000119D02003002B09D0BB6ADB681946B868F9F702
S315000119E08DFB03461846FFF7E1FDBB6A9B7803F0C2
S315000119F00203002B03D07B6943F010037B61BB6AB2
S31500011A005968BB6AB3F918301846BB6AB3F918307E
S31500011A101C46BB6AB3F91A301A467B6901930092D8
S31500011A2023460246B868F8F7B3FF03461846FFF7A0
S31500011A30BDFD0321B868F9F759FA03461846FFF7C1
S31500011A40B5FD03230093032303220121B868F9F7A7
S31500011A50AAFA03461846FFF7A9FD00220021B86835
S31500011A60F9F723FB03461846FFF7A0FD7B681BB277
S31500011A701B0119B23B681BB21B011AB24FF480332A
S31500011A80049300230393002302934FF480330193BD
S31500011A90002300930023B868F9F7C0FA03461846F5
S31500011AA0FFF784FD00BF1C37BD4690BDF0B58FB072
S31500011AB006AFF860B9607A603B60FB685B6A1B6DD4
S31500011AC0FB61FB685B69BB610023FB75FB689B7F60
S31500011AD0FB75FB7D002B6FD0FB7D1946F869FDF781
S31500011AE0EBFBB968F869FFF7DCFEB969F869FDF740
S31500011AF0BFFBFB7DFF2B05D003220221F869FDF711
S31500011B0031FC04E003220121F869FDF72BFC3B6857
S31500011B1019683B689B7A18463B689B7A1C463B686A
S31500011B20DB7A1A46BB6B0193009223460246F8699B
S31500011B30EFF707F903461846FFF738FD3B689B7A2E
S31500011B409C463B68DB7A9E467B68B3F900309DB2C2
S31500011B507B68B3F902309BB23A68927A12B21201EB
S31500011B6012B23968C97A09B2090109B2B868B0F97D
S31500011B700000000100B2BC68B4F90240240124B29D
S31500011B8030260596049403900291019200932B4608
S31500011B9072466146F869EFF73BF903461846FFF7C7
S31500011BA005FDFB685B6A1846FFF7ACFD03220221BF
S31500011BB0F869FDF7D7FB00E000BF2437BD46F0BD4D
S31500011BC0F0B58FB006AFF860B9607A603B60FB682C
S31500011BD05B69FB61FB685B6A1B6DBB610023FB757F
S31500011BE0FB689B7FFB75FB7D002B77D0FB7D194640
S31500011BF0B869FDF761FBB968B869FFF752FEF96983
S31500011C00B869FDF735FB03220221B869FDF7AAFB86
S31500011C100221B869FDF7E8FB3B6819683B689B7AC6
S31500011C2001334FF6FE721A403B689B7A1C463B68AD
S31500011C30DB7A1846BB6B43F02A03019300902346D7
S31500011C40B869EFF77EF803461846FFF7AFFC3B6825
S31500011C509B7A1D463B68DB7A1E463B689B7A1BB224
S31500011C601B011BB23A68D27A12B2120112B2B968DA
S31500011C70B1F9001089B208467968B1F9001089B244
S31500011C80411A09B2090109B2B868B0F9020080B275
S31500011C9004467868B0F9020080B2201A00B2000149
S31500011CA000B230240594049003910292019300231B
S31500011CB00093002332462946B869EFF7A9F803468F
S31500011CC01846FFF773FCFB685B6A1846FFF71AFDB7
S31500011CD003220221B869FDF745FB00E000BF243766
S31500011CE0BD46F0BDF0B58FB006AFF860B9607A6059
S31500011CF03B60FB685B6A1B6DFB61FB685B69BB61F3
S31500011D00FB689B7FFB75FB7D002B77D0FB7D19461E
S31500011D10F869FDF7D1FAB968F869FFF7C2FD002144
S31500011D20F869FDF761FBB969F869FDF7A1FA0322C4
S31500011D300221F869FDF716FB3B6819683B689B7A37
S31500011D4007334FF6F8721A403B689B7A1C463B688C
S31500011D50DB7A1846BB6B43F02C03019300902346B4
S31500011D60F869EEF7EEFF03461846FFF71FFC3B68DE
S31500011D709B7A1D463B68DB7A1E463B689B7A1BB203
S31500011D801B011BB23A68D27A12B2120112B2B968B9
S31500011D90B1F9001089B208467968B1F9001089B223
S31500011DA0411A09B2090109B2B868B0F9020080B254
S31500011DB004467868B0F9020080B2201A00B2000128
S31500011DC000B23024059404900391029201930023FA
S31500011DD00093002332462946F869EFF719F80346BE
S31500011DE01846FFF7E3FBFB685B6A1846FFF78AFCB8
S31500011DF003220221F869FDF7B5FA00E000BF243796
S31500011E00BD46F0BDF0B595B006AF786039607B6828
S31500011E109B693B633B6B1B6DFB623B6BB3F94630C6
S31500011E209BB2013B9BB21AB23B6BB3F948309BB2F2
S31500011E30013B9BB21BB207F114000093134600222B
S31500011E4000211BF029F83A6807F10C031068516864
S31500011E5003C33B6B93F840300E2B10D1B7F90C300E
S31500011E6023F001031BB2BB81B7F910309BB243F0DB
S31500011E7001039BB21BB23B8201237B6301E0022378
S31500011E807B637B68B3F934137B68B3F9362307F1B7
S31500011E900C0318461BF054F807F10C0207F1140164
S31500011EA007F10C0318461BF001F8B7F910301A4672
S31500011EB0B7F90C30D31A0133BB62B7F912301A469F
S31500011EC0B7F90E30D31A01337B62BB6A002B7FDD73
S31500011ED07B6A002B7CDD404B1B683B623F4B1B68DA
S31500011EE0FB617B68B3F9303319467B68B3F930334C
S31500011EF018467B68B3F932331A467B6B019300921D
S31500011F0003460A46F969F86AFAF72EFB03461846AC
S31500011F10FFF74CFB07F10C031946F86AFFF7C1FC02
S31500011F20FF21F86AFDF7C8F97B68B3F93033194622
S31500011F307B68B3F9303318467B68B3F932331A46F6
S31500011F407B6B0193009203460A46396AF86AEEF7FB
S31500011F50F8FE03461846FFF729FBB7F90C309DB288
S31500011F60B7F90E309BB2BA6A12B2120112B2796A8D
S31500011F7009B2090109B2B7F90C00000100B2B7F9BB
S31500011F800E40240124B24FF4807605960494039002
S31500011F900291019200932B467A6AB96AF86AEEF7C2
S31500011FA037FF03461846FFF701FB3B6B1B6D1846CF
S31500011FB0F7F748FC03461846FFF7F8FA3B6B1B6D2B
S31500011FC01846F7F71AFC03461846FFF7EFFA00E042
S31500011FD000BF3C37BD46F0BDC805FE1FCC05FE1F40
S31500011FE090B593B002AFF860B9607A603B60FB6868
S31500011FF05B6A7B637B6BD3F8B0303B63FB685B6CDE
S31500012000FB623B6D5A2B40F084803B68B3F91A3072
S31500012010BB623B68B3F918307B62BA687B6D1A44C0
S31500012020BB6A591EBB6DCB1AD31A3B627A68BB6D6C
S315000120301A447B6DD31AFB61FB6AB3F902301A4667
S31500012040FB69D31ABB635AE0FB6AB3F900301A463F
S315000120503B6AD31AFB6346E03B685B687B61BB6AFC
S315000120605A1EFB6BD31A7A6A02FB03F39B007A6949
S3150001207013447B61BB6B9B007A6913447B617B696B
S315000120801B681B0A9BB223F4FF6323F007039AB272
S315000120907B691B685B099BB203F4FC639BB2134328
S315000120A09AB27B691B68DB089BB203F01F039BB2E4
S315000120B013437B82FB6AB3F900301A46FB6BD118D6
S315000120C0FB6AB3F902301A46BB6B1A44788A7B69FC
S315000120D01B681B0EDBB200933C6B0346F868A047F6
S315000120E0FB6B0133FB63FB6AB3F904301A463B6AA7
S315000120F0D31AFA6B9A42AFDDBB6B0133BB63FB6A42
S31500012100B3F906301A46FB69D31ABA6B9A429BDDBC
S3150001211043E13B6DB42B40F0A1803B68B3F9183025
S31500012120BB623B68B3F91A307B62BA687B6D1A44AD
S31500012130BB6A591E7B6DCB1AD31A3B627A68BB6D9B
S315000121401A447B6A591EBB6DCB1AD31AFB61FB6815
S315000121509B6BBB61FB6AB3F902301A46FB68B3F9A4
S31500012160483002FB03F39B00BA691344BB61FB6A67
S31500012170B3F900309B00BA691344BB61FB6AB3F93A
S3150001218002301A46FB69D31ABB635DE0FB6AB3F9F9
S3150001219000301A463B6AD31AFB6349E03B685B6829
S315000121A07B617B6A5A1EBB6BD31ABA6A02FB03F3C5
S315000121B09B007A6913447B61BB6A5A1EFB6BD31A77
S315000121C09B007A6913447B617B691B681B0A9BB27E
S315000121D023F4FF6323F007039AB27B691B685B094B
S315000121E09BB203F4FC639BB213439AB27B691B68EF
S315000121F0DB089BB203F01F039BB213437B82FB6A8E
S31500012200B3F900301A46FB6BD118FB6AB3F90230F9
S315000122101A46BB6B1A44788A7B691B681B0EDBB2B4
S3150001222000933C6B0346F868A047FB6B0133FB63E5
S31500012230FB6AB3F904301A463B6AD31AFA6B9A421F
S31500012240ACDDBB6B0133BB63FB6AB3F906301A46DF
S31500012250FB69D31ABA6B9A4298DD9EE03B6DB3F5E2
S31500012260877F40F09A803B68B3F91A30BB623B68BE
S31500012270B3F918307B62BA687B6D1A44BB6DD31A09
S315000122803B627A687B6D1A447B6A591EBB6DCB1A19
S31500012290D31AFB61FB689B6BBB61FB6AB3F9023026
S315000122A01A46FB68B3F9483002FB03F39B00BA698F
S315000122B01344BB61FB6AB3F900309B00BA6913444E
S315000122C0BB61FB6AB3F902301A46FB69D31ABB63D9
S315000122D05AE0FB6AB3F900301A463B6AD31AFB632C
S315000122E046E03B685B687B61FB6B7A6A02FB03F342
S315000122F09B007A6913447B617B6A5A1EBB6BD31AB6
S315000123009B007A6913447B617B691B681B0A9BB23C
S3150001231023F4FF6323F007039AB27B691B685B0909
S315000123209BB203F4FC639BB213439AB27B691B68AD
S31500012330DB089BB203F01F039BB213437B82FB6A4C
S31500012340B3F900301A46FB6BD118FB6AB3F90230B8
S315000123501A46BB6B1A44788A7B691B681B0EDBB273
S3150001236000933C6B0346F868A047FB6B0133FB63A4
S31500012370FB6AB3F904301A463B6AD31AFA6B9A42DE
S31500012380AFDDBB6B0133BB63FB6AB3F906301A469B
S31500012390FB69D31ABA6B9A429BDD00BF4437BD462F
S315000123A090BD80B487B000AFF860B9607A60002351
S315000123B07B61BB685B687B617B68002B0CDBBB6860
S315000123C0B3F918301A467B6802FB03F39B007A695E
S315000123D013441A68FB685A60BB68B3F91A30013BAB
S315000123E07A689A420CDA7B680133BA68B2F9182026
S315000123F002FB03F39B007A6913441A68FB68DA60EF
S3150001240000BF1C37BD465DF8047B704780B487B0BA
S3150001241000AFF860B9607A6000237B61BB685B68D6
S315000124207B617B68002B06DB7B689B007A69134422
S315000124301A68FB689A60BB68B3F91830013B7A6881
S315000124409A4207DA7B6801339B007A6913441A685A
S31500012450FB68DA6000BF1C37BD465DF8047B704738
S3150001246080B487B000AFF860B9607A603B60002342
S315000124707B61BB685B687B613B68002B0FDBBB68DC
S31500012480B3F918301A463B6802FB03F31A467B6818
S3150001249013449B007A6913441A68FB681A60BB6887
S315000124A0B3F91A30013B3A689A420FDA3B680133B5
S315000124B0BA68B2F9182002FB03F31A467B68134483
S315000124C09B007A6913441A68FB689A6000BF1C373F
S315000124D0BD465DF8047B704780B487B000AFF860F5
S315000124E0B9607A603B6000237B61BB685B687B6196
S315000124F07B68002B0FDBBB68B3F918301A463B68C3
S3150001250002FB03F31A467B6813449B007A69134462
S315000125101A68FB681A60BB68B3F91830013B7A6820
S315000125209A420FDABB68B3F918301A463B6803FBC7
S3150001253002F27B68134401339B007A6913441A68DB
S31500012540FB685A6000BF1C37BD465DF8047B7047C7
S3150001255080B586B000AFF860B9607A603B607B6891
S31500012560002B3FDBBB68B3F91830013B7A689A420E
S3150001257038DA3B68002B35DBBB68B3F91A30013B0F
S315000125803A689A422EDABB685B687B61BB68B3F92D
S3150001259018301A463B6802FB03F39B007A69134421
S315000125A07B617B689B007A6913447B617B691A684E
S315000125B0FB681A607B695A68FB685A60BB68B3F9A5
S315000125C018309B007A6913441A68FB689A60BB68E5
S315000125D0B3F9183001339B007A6913441A68FB6812
S315000125E0DA603DE0FB6800221A60FB681A68FB6846
S315000125F05A60FB681A68FB689A60FB681A68FB6890
S31500012600DA607B68B3F1FF3F05D13A68B968F868CB
S31500012610FFF7C7FE24E03B68B3F1FF3F05D17A68B7
S31500012620B968F868FFF7F2FE1AE0BB68B3F918302B
S31500012630013B7A689A4206D13B687A68B968F868BC
S31500012640FFF70EFF0CE0BB68B3F91A30013B3A689D
S315000126509A4205D13B687A68B968F868FFF73CFF8A
S3150001266000BF1837BD4680BD80B485B000AF786025
S315000126707B68FB607B68FF2B01DDFF23FB60FB684A
S3150001268018461437BD465DF8047B704790B5A9B06E
S3150001269002AFF860B9607A603B60FB685B6AD3F8A9
S315000126A0B030002B00F0DA824FF0FF333B63012399
S315000126B07B630123BB634FF0FF33FB6301233B6263
S315000126C001237B624FF0FF33BB624FF0FF33FB62A6
S315000126D0D7F8A8305C4A82FB03121A449211DB1721
S315000126E0D31A03F00303C7F88030D7F880300233DA
S315000126F003F00303FB67D7F88030013303F00303CC
S31500012700BB673B68B3F918305B087B673B68B3F975
S315000127101A305B083B67D7F8A8309B0218461AF0B7
S31500012720DFFAF866D7F8A8309B0218461AF0DCFAE9
S31500012730B866FB6F9B0098333B4453F8683C7A6F4D
S3150001274002FB03F3FA6E03FB02F2FB6F9B00983365
S315000127503B4453F8783C396F01FB03F3B96E01FB37
S3150001276003F3D31A9B127B66BB6F9B0098333B44E2
S3150001277053F8783C3A6F02FB03F3FA6E03FB02F25D
S31500012780BB6F9B0098333B4453F8683C796F01FB60
S3150001279003F3B96E01FB03F313449B123B66D7F8AF
S315000127A0AC207B6FD31AFA6E03FB02F2D7F8B01096
S315000127B03B6FCB1AB96E01FB03F3D31A9B12C7F811
S315000127C08830D7F8B0203B6FD31AFA6E03FB02F2BA
S315000127D0D7F8AC107B6FCB1AB96E01FB03F3134428
S315000127E09B12C7F88430D7F888207B6E1344C7F84C
S315000127F08830D7F884203B6E1344C7F88430BA6812
S31500012800D7F8AC301A44D7F88830D31AFB657A6802
S31500012810D7F8B0301A44D7F88430D31ABB65FB68B1
S315000128205B6C7B657B6DB3F902301A46BB6DD31ABF
S31500012830C7F8843006E27B6DB3F900301A46FB6DAA
S31500012840D31AC7F88830EDE1B7600BB6D7F8882000
S315000128507B6ED31AFA6E03FB02F2D7F884103B6E35
S31500012860CB1AB96E01FB03F313443B65D7F88420F9
S315000128703B6ED31AFA6E03FB02F2D7F888107B6E11
S31500012880CB1AB96E01FB03F3D31AFB643B6D1B0232
S315000128909B12DBB2BB64FB6C1B029B12DBB27B643B
S315000128A03B6D9B127A6F13443B65FB6C9B123A6F2F
S315000128B01344FB643B6DB3F1FF3FC0F2AE813B684D
S315000128C0B3F918301A463B6D934280F2A681FB6C30
S315000128D0B3F1FF3FC0F2A1813B68B3F91A301A4642
S315000128E0FB6C934280F2998107F11000FB6C3A6D03
S315000128F03968FFF72DFE3B691B0CDBB21A463B69B3
S315000129001B0E02FB03F3BA6CC2F5807202FB03F3E2
S315000129107A6CC2F5807202FB03F3C7F894307B69C7
S315000129201B0CDBB21A467B691B0E02FB03F3BA6C66
S3150001293002FB03F37A6CC2F5807202FB03F3D7F84C
S3150001294094201344C7F89430BB691B0CDBB21A46BA
S31500012950BB691B0E02FB03F37A6C02FB03F3BA6C31
S31500012960C2F5807202FB03F3D7F894201344C7F82B
S315000129709430FB691B0CDBB21A46FB691B0E02FB8A
S3150001298003F3BA6C02FB03F37A6C02FB03F3D7F889
S3150001299094201344C7F89430D7F894301B0CC7F829
S315000129A094303B691B0ADBB21A463B691B0E02FBDC
S315000129B003F3BA6CC2F5807202FB03F37A6CC2F5BB
S315000129C0807202FB03F3C7F890307B691B0ADBB206
S315000129D01A467B691B0E02FB03F3BA6C02FB03F377
S315000129E07A6CC2F5807202FB03F3D7F89020134488
S315000129F0C7F89030BB691B0ADBB21A46BB691B0ECE
S31500012A0002FB03F37A6C02FB03F3BA6CC2F5807224
S31500012A1002FB03F3D7F890201344C7F89030FB6903
S31500012A201B0ADBB21A46FB691B0E02FB03F3BA6CE7
S31500012A3002FB03F37A6C02FB03F3D7F890201344ED
S31500012A40C7F89030D7F890301B0CC7F890303B6927
S31500012A50DBB21A463B691B0E02FB03F3BA6CC2F5E5
S31500012A60807202FB03F37A6CC2F5807202FB03F3F8
S31500012A70C7F88C307B69DBB21A467B691B0E02FBF9
S31500012A8003F3BA6C02FB03F37A6CC2F5807202FBA4
S31500012A9003F3D7F88C201344C7F88C30BB69DBB23B
S31500012AA01A46BB691B0E02FB03F37A6C02FB03F3A6
S31500012AB0BA6CC2F5807202FB03F3D7F88C2013447B
S31500012AC0C7F88C30FB69DBB21A46FB691B0E02FBA9
S31500012AD003F3BA6C02FB03F37A6C02FB03F3D7F838
S31500012AE08C201344C7F88C30D7F88C301B0CC7F8F0
S31500012AF08C303B691B0E3B64BB6CC3F580723B6C2F
S31500012B0002FB03F33B647B6CC3F580723B6C02FBF7
S31500012B1003F33B647B691B0E1A46BB6C02FB03F392
S31500012B207A6CC2F5807202FB03F33A6C13443B6480
S31500012B30BB691B0E1A467B6C02FB03F3BA6CC2F52A
S31500012B40807202FB03F33A6C13443B64FB691B0E70
S31500012B501A46BB6C02FB03F37A6C02FB03F33A6C75
S31500012B6013443B643B6C1B0C3B64386CFFF77CFDE8
S31500012B7038643B6C002B14D03B6CD7F89420B2FB25
S31500012B80F3F3C7F894303B6CD7F89020B2FBF3F31C
S31500012B90C7F890303B6CD7F88C20B2FBF3F3C7F83B
S31500012BA08C30D7F894301846FFF75EFD0346C7F818
S31500012BB09430D7F890301846FFF756FD0346C7F80C
S31500012BC09030D7F88C301846FFF74EFD0346C7F80C
S31500012BD08C30FB685B6AD3F8B040D7F88820FB6D70
S31500012BE0D118D7F88420BB6DD018D7F894301B02C2
S31500012BF003F47842D7F89030DB0003F4FC631A4300
S31500012C00D7F88C30DB0803F01F031A433B6CDBB2A9
S31500012C10009313460246F868A047D7F88830013377
S31500012C20C7F888307B6DB3F904301A46FB6DD31AA9
S31500012C30D7F888209A42FFF609AED7F884300133D7
S31500012C40C7F884307B6DB3F906301A46BB6DD31ACB
S31500012C50D7F884209A42FFF6EEAD00E000BF9C371C
S31500012C60BD4690BD90B58DB000AFF860B9607A6091
S31500012C703B60FB685B6A93F84030FB85BB685B6829
S31500012C801B68BB62BB6A5B6807F118040FCB84E85B
S31500012C900F00FF233B7700237B760023BB76B7F932
S31500012CA02E30162B05D10123FB763B6804221A60D0
S31500012CB00CE0B7F92E300E2B05D10223FB763B68CB
S31500012CC002221A6002E040F24C4317E0BB6A9A689E
S31500012CD07B689A60BB6A1A687B681A607B6807F131
S31500012CE018025A607B687B61BB689B681B68BA687F
S31500012CF0126807F1140110469847034618463437FF
S31500012D00BD4690BD80B485B000AF03460A46FB8040
S31500012D101346BB80FB8803F00703002B04D1BB8855
S31500012D2003F00703002B02D00023FB6001E0082318
S31500012D30FB60FB6818461437BD465DF8047B704797
S31500012D4080B485B000AF03460A46FB801346BB80BC
S31500012D50FB8803F00F03002B04D1BB8803F00703A4
S31500012D60002B02D00023FB6001E00823FB60FB6817
S31500012D7018461437BD465DF8047B704780B485B0AC
S31500012D8000AF03460A46FB801346BB80FB8803F06F
S31500012D901F03002B04D1BB8803F00703002B02D0CD
S31500012DA00023FB6001E00823FB60FB68184614372B
S31500012DB0BD465DF8047B704780B485B000AF03461D
S31500012DC00A46FB801346BB80FB8803F00F03002BEA
S31500012DD004D1BB8803F00F03002B02D00023FB6054
S31500012DE001E01023FB60FB6818461437BD465DF809
S31500012DF0047B704780B584B000AF0346FB710B4678
S31500012E00BB8013467B80FB79062B39D801A252F889
S31500012E1023F000BF312E0100452E01006D2E010069
S31500012E20812E0100812E0100812E0100592E010003
S31500012E30B7F90220B7F9043011461846FFF762FFC9
S31500012E40F8601FE0B7F90220B7F9043011461846B9
S31500012E50FFF776FFF86015E0B7F90220B7F90430FD
S31500012E6011461846FFF78AFFF8600BE0B7F9022012
S31500012E70B7F9043011461846FFF79EFFF86001E0E6
S31500012E800023FB60FB6818461037BD4680BD00BFB6
S31500012E9080B584B000AF78600023FB7216E07B68D2
S31500012EA09B689B697A68106807F10B014FF47A7287
S31500012EB098470346FB60FB68002B01D0FB680EE0D8
S31500012EC0FB7A03F00403DBB2002B06D1FB7A03F095
S31500012ED01003DBB2002BE2D000E000BF002318464E
S31500012EE01037BD4680BDB0B598B002AF78607B683B
S31500012EF01B68BB640023BB6300237B6500233B6522
S31500012F007B685B687B647B6C5B6A93F84030A7F8EF
S31500012F1042307B68B3F91E307B657B6C9B6AFB6430
S31500012F207B68DB68BB617B681B69FB61B7F8423074
S31500012F30DBB2FB757B68B3F91E30FB857B68B3F9A1
S31500012F401C30BB857B689B681B783B757B689B68DF
S31500012F505B787B750023BB757B685B6919B27B68FF
S31500012F609B691CB27B685B699AB27B68B3F91C30BA
S31500012F709BB213449BB2013B9BB21DB27B689B691A
S31500012F809AB27B68B3F91E309BB213449BB2013BE4
S31500012F909BB21BB207F10C0000932B46224610F0A0
S31500012FA06BFD7B6C03F13C0107F10C0207F10C038D
S31500012FB0184610F06FFD0346002B00F096808FE057
S31500012FC07B6C5B6A1B6D1846F6F73CFC034618469C
S31500012FD0FEF7ECFA7B6C5B6A1B6D1846F6F70DFC87
S31500012FE003461846FEF7E2FABB6C9B689B68BA6C0F
S31500012FF01068B9697A68126998470346FB63FB6BE7
S31500013000002B74D1B86CFFF743FFF863FB6B002B01
S315000130106FD1BB6C9B68DB68BA6C126807F138012B
S31500013020104698470346FB63FB6B002B63D1BB6BD2
S31500013030002B60D0BB6B7A6DD31A7B65BB6B1BB261
S31500013040FB857B68B3F91C301A467B681B6A02FB59
S3150001305003F3BA6B02FB03F3FB617B6C9B6AFB64B4
S3150001306023E0FB6C07F1300207F10C01184610F062
S3150001307011FD0346002B03D1FB6C9B68FB6414E036
S315000130807B6C07F130025A647B6C5B6AD3F8904023
S315000130907B6859697B689A693B6D1A4407F1140389
S315000130A0786CA047FB6C9B68FB64FB6C002BD8D14A
S315000130B0BB6B3A6D13443B657B6C5B6A1B6D1846B3
S315000130C0F6F7C0FB03461846FEF770FA7B6C5B6A9F
S315000130D01B6D1846F6F791FB03461846FEF766FA8E
S315000130E07B6D002B7FF46CAF06E000BF04E000BFF0
S315000130F002E000BF00E000BF5837BD46B0BD80B456
S3150001310089B000AFF860B9607A603B6000237B61EB
S3150001311025E0FB68FB61BB68BB6100233B610CE0FA
S31500013120FB691A88BB691A80BB69023BBB61FB69F3
S315000131300233FB613B6901333B613A697B689A4221
S31500013140EEDBBB6A5B00FA681344FB60BB6A5B009B
S315000131505B42BA681344BB607B6901337B617A6960
S315000131603B689A42D5DB00BF00BF2437BD465DF8F8
S31500013170047B704780B58EB002AF786039607B689A
S315000131809B69FB62FB6AB3F946309BB2013B9BB27A
S315000131901AB2FB6AB3F948309BB2013B9BB21BB230
S315000131A007F11000009313460022002110F064FC81
S315000131B03A6807F108031068516803C37B68B3F9DD
S315000131C034137B68B3F9362307F10803184610F068
S315000131D085FC07F1080207F1100107F108031846FB
S315000131E010F058FCB7F90C301A46B7F90830D31A63
S315000131F00133BB62B7F90E301A46B7F90A30D31A52
S3150001320001337B62BB6A002B46DD7B6A002B43DD03
S315000132107B681B693B62224B1B68FB617B68B3F9C8
S315000132203033BB61FB6AB3F948301A46B7F90A3045
S31500013230D31ABA6902FB03F35B00FA691344FB6113
S31500013240B7F908301A466FF000439B1A5B00FA691A
S315000132501344FB617B68B3F936331A46B7F90A3072
S315000132601344BA6902FB03F35B003A6A13443B62F7
S315000132707B68B3F934331A46B7F9083013445B0057
S315000132803A6A13443B62BB6900937B6ABA6AF9697D
S31500013290386AFFF734FF00E000BF3037BD4680BD16
S315000132A0CC05FE1F80B489B000AFF860B9607A60C2
S315000132B03B6000237B6125E0FB68FB61BB68BB616A
S315000132C000233B610CE0FB691A68BB691A60BB69A4
S315000132D0043BBB61FB690433FB613B6901333B6121
S315000132E03A697B689A42EEDBBB6A9B00FA68134433
S315000132F0FB60BB6A9B005B42BA681344BB607B6997
S3150001330001337B617A693B689A42D5DB00BF00BF16
S315000133102437BD465DF8047B7047FFFF80B58EB04C
S3150001332002AF786039607B689B69FB62FB6AB3F91F
S3150001333046309BB2013B9BB21AB2FB6AB3F94830E5
S315000133409BB2013B9BB21BB207F1100000931346DF
S315000133500022002110F090FB3A6807F1080310687B
S31500013360516803C37B68B3F934137B68B3F9362319
S3150001337007F10803184610F0B1FB07F1080207F13F
S31500013380100107F10803184610F084FBB7F90C3059
S315000133901A46B7F90830D31A0133BB62B7F90E30B2
S315000133A01A46B7F90A30D31A01337B62BB6A002B7E
S315000133B046DD7B6A002B43DD7B681B693B62224B42
S315000133C01B68FB617B68B3F93033BB61FB6AB3F9F8
S315000133D048301A46B7F90A30D31ABA6902FB03F321
S315000133E09B00FA691344FB61B7F908301A466FF07E
S315000133F040439B1A9B00FA691344FB617B68B3F94E
S3150001340036331A46B7F90A301344BA6902FB03F395
S315000134109B003A6A13443B627B68B3F934331A461C
S31500013420B7F9083013449B003A6A13443B62BB69FF
S3150001343000937B6ABA6AF969386AFFF733FF00E0DD
S3150001344000BF3037BD4680BDCC05FE1F80B586B0B6
S3150001345000AF786039607B687B613968786900F014
S3150001346085F938613B69002B01D03B6974E07B69C2
S3150001347093F84230002B01D008236DE0342301225A
S315000134803749384825F018FDF860FB68002B01D054
S31500013490642361E04FF49671324825F077FDF860B8
S315000134A0FB68002B04D02F4825F05AFD642353E016
S315000134B07B6903F124001C2300222B4925F0C4FD5E
S315000134C0F860FB68002B04D0264825F049FD6423EB
S315000134D042E03B681A687B695A603B689A697B6976
S315000134E0DA613B685A687B699A603B681A7A7B693C
S315000134F01A733B68DA687B691A613B681A697B69EA
S315000135005A613B6893F82C207B6983F850203B680D
S315000135105B69002B04D03B685A697B699A6103E0B9
S315000135203B681A697B699A613B681A6A7B695A64C6
S315000135303B685A6A7B699A647B69002283F840205A
S315000135403B689A6A7B69DA64084A7B6913607B691E
S31500013550012283F84220002318461837BD4680BD54
S3150001356054D503002806FE1F64D503002406FE1F5A
S3150001357080B584B000AF78607B68FB60FB68002B88
S3150001358001D1012321E0FB6893F84230002B01D1E0
S3150001359007231AE0FB6893F84230022B05D1F8683D
S315000135A000F0DDFBF86800F049FAFB68002283F8B9
S315000135B04220FB682433184625F096FD054825F080
S315000135C0CFFC054B00221A60002318461037BD4672
S315000135D080BD00BF2806FE1F2406FE1F80B483B0EF
S315000135E000AF78607B68002B01D101230CE07B687A
S315000135F000221A707B6802225A707B6800229A7038
S315000136007B680222DA70002318460C37BD465DF846
S31500013610047B704780B588B000AF7860334B1B6878
S31500013620FB61FB69002B01D110235BE07B68002B5A
S3150001363001D1102356E0FB695B685B681B7B18466A
S3150001364000F0E2F80346DAB27B6883F840207B6833
S3150001365093F84030002B13D100233B7301237B7376
S3150001366003233B61214B1B68DB69002B06D01F4BF3
S315000136701B68DB6907F10C0210469847102331E0FD
S315000136807B6800225A60194B1B687A681A60F969CF
S31500013690786800F01AFAB861BB69002B12D00023D2
S315000136A03B7301237B73BB693B61104B1B68DB6971
S315000136B0002B05D0FB69DB6907F10C021046984720
S315000136C010230FE0FB69022283F842200023FB61ED
S315000136D0074825F085FC78617B69002B01D0102312
S315000136E000E0002318462037BD4680BD2406FE1F94
S315000136F02806FE1F80B584B000AF786039607B680C
S31500013700FB60FB68002B01D1012329E03B68002BFC
S3150001371001D1012324E0FB6893F84230022B01D04A
S315000137201A231DE04FF496710F4825F02FFCB8605F
S31500013730BB68002B01D0642312E0FB681B69002BD8
S3150001374005D13B681B6FFA6892691A6104E03B6810
S315000137501B6FFA6812691A61034825F041FC0023C0
S3150001376018461037BD4680BD2806FE1F80B584B0B9
S3150001377000AF786039607B68002B01D101231BE023
S315000137803B68002B01D1012316E03B681B68002B27
S3150001379001D1012310E03B685B68002B01D10123B5
S315000137A00AE03B681B69002B01D1012304E038685C
S315000137B000F006F8F860FB6818461037BD4680BD74
S315000137C080B483B000AF78607B68DB68002B13D0D0
S315000137D07B68DA687B681B699A4201D103230CE096
S315000137E07B685B69002B07D07B68DA687B685B695D
S315000137F09A4201D1032300E0002318460C37BD4647
S315000138005DF8047B7047FFFF80B485B000AF0346C7
S31500013810FB71FB79052B1ED801A252F823F000BFDC
S31500013820453801003F380100393801005738010099
S315000138304B380100513801000E23FB810DE01423A2
S31500013840FB810AE01623FB8107E00F23FB8104E0DD
S315000138500A23FB8101E00023FB81B7F90E301846EC
S315000138601437BD465DF8047B704700BF80B487B04E
S3150001387000AFF860B9607A60FB687B617B69002BF9
S3150001388008D07B695A69BB681A607B699A697B684B
S315000138901A6000E000BF1C37BD465DF8047B704727
S315000138A080B586B000AF786039607B687B610023A4
S315000138B03B610023FB607B69002B52D03B68002BE8
S315000138C051D07B695B693B617B699B685B7B002BA4
S315000138D019D07B699B69FB607B6993F851301A4665
S315000138E07B699B689B6802FB03F37A699268D288BD
S315000138F0013A02FB03F3FA681344FB607B699B6898
S31500013900FA681A6004E07B699B687A6992691A60B1
S315000139107B699A697B695A617B693A699A613B68F5
S315000139203A691A6002E0012026F098FF7B695B681C
S315000139309B681B697A69526810687A6991687A6925
S31500013940127B98470346002BEDD17B69012283F850
S3150001395040207B6924334FF0FF31184625F0DAFB0E
S3150001396002E000BF00E000BF1837BD4680BDFFFF83
S3150001397080B5A6B000AF78607B685B685A6807F1CE
S31500013980080311468422184628F05DFA2A4BC7F827
S3150001399080307B68C7F884307B685B689B681B68EE
S315000139A07A685268126807F1080110469847C7F805
S315000139B09400D7F89430002B14D07B68DB69002B78
S315000139C033D0012387F88C30012387F88D30D7F85F
S315000139D09430C7F890307B68DB6907F18C0210469A
S315000139E0984722E07B685B689B689B687A685268A7
S315000139F0126810469847C7F89400D7F89430002B00
S31500013A0013D07B68DB69002B0FD0012387F88C303C
S31500013A10012387F88D30D7F89430C7F890307B684A
S31500013A20DB6907F18C0210469847D7F8943018469F
S31500013A309837BD4680BD00BFD53D010080B584B035
S31500013A4000AF78600023FB607B685B689B68DB687E
S31500013A507A685268126810469847B860BB6840F2A7
S31500013A60EE3293420CD1012026F0F8FEFB680133B9
S31500013A70FB60FB6841F288329342E5D9142320E0CA
S31500013A8000BF0023FB607B685B689B685B687A68A4
S31500013A905268126810469847B860BB6840F2EE3229
S31500013AA093420CD1012026F0D9FEFB680133FB605D
S31500013AB0FB6841F288329342E5D9142301E000BF45
S31500013AC0002318461037BD4680BD80B584B000AFCF
S31500013AD07860396078680FF0FBF83968786800F02B
S31500013AE0BDF8F860FB68002B01D0FB6810E039686F
S31500013AF0786800F011F83868FFF73AFFF860FB685C
S31500013B00002B01D0FB6803E03A687B685A6000230A
S31500013B1018461037BD4680BD80B487B000AF7860C7
S31500013B2039607B6893F84030162B10D0162B15DCC4
S31500013B300F2B02DC0E2B03DA10E0142B07D00DE05D
S31500013B4002237B613B68022283F851200DE00123A9
S31500013B507B613B68042283F8512006E004237B61E4
S31500013B603B68012283F8512000BF3B685B693B61DA
S31500013B700023FB6008E03B6900221A603B690433BD
S31500013B803B61FB680133FB607B68B3F946301A463B
S31500013B907B68B3F9483003FB02F27B6992FBF3F3CE
S31500013BA0FA689A42E7DB3B689B693B610023BB608D
S31500013BB008E03B6900221A603B6904333B61BB683C
S31500013BC00133BB607B68B3F946301A467B68B3F9AB
S31500013BD0483003FB02F27B6992FBF3F3BA689A421F
S31500013BE0E7DB00BF00BF1C37BD465DF8047B7047AD
S31500013BF080B485B000AF78600123FB607B6893F8E1
S31500013C0040300E3B082B1ED801A252F823F000BF0C
S31500013C104D3C0100353C0100473C0100473C010099
S31500013C20473C0100473C01003B3C0100473C010089
S31500013C30413C01000323FB6009E04023FB6006E0F1
S31500013C400223FB6003E02023FB6000E000BFFB686A
S31500013C5018461437BD465DF8047B7047B0B586B08B
S31500013C6002AF786039603B6893F8503083F0010306
S31500013C70DBB2002B06D00420F0F7A6FE02467B68D5
S31500013C801A6505E00020F0F79FFE02467B681A657B
S31500013C907B681B6D00211846F0F7C4FFF860F968D0
S31500013CA0386800F040F8FB68002B02D040F6B833C4
S31500013CB035E07B681B6D1846F5F79FFDF860F968DE
S31500013CC0386800F030F8FB68002B02D040F6BA33B2
S31500013CD025E07868FFF78CFFB8607B68186D3B6854
S31500013CE099697B68B3F946301C467B68B3F946305F
S31500013CF01D467B68B3F948301A46BB6801930092AA
S31500013D002B462246F8F730FCF860F968386800F06F
S31500013D100AF8FB68002B01D0032300E000231846B4
S31500013D201037BD46B0BD80B584B000AF786039604C
S31500013D307B68DB69002B0ED03B68002B0BD002237E
S31500013D403B7201237B723B68FB607B68DB6907F191
S31500013D5008021046984700BF1037BD4680BD80B5A2
S31500013D6084B000AF78607B681B681B6D1846F0F75E
S31500013D7005FFF860FB68002B02D040F6B93300E07E
S31500013D80002318461037BD4680BD80B485B000AF0C
S31500013D90786039607B68FB603B68002B04D0FB6868
S31500013DA09B6C1A463B681A60FB685B6C18461437B5
S31500013DB0BD465DF8047B704780B485B000AF78607E
S31500013DC07B68FB60FB68DB6C18461437BD465DF803
S31500013DD0047B704780B586B000AF78607B685B680E
S31500013DE07B617B681B78032B11D17B6993F840308B
S31500013DF0002B09D07B6924330121184625F00CF9E3
S31500013E007B69002283F8402002237B7305E07B68EF
S31500013E101B78012B01D103237B737B69DB69002BA3
S31500013E2009D001233B7300233B617B69DB6907F101
S31500013E300C021046984700BF1837BD4680BDFFFFEC
S31500013E4080B483B000AF0346FB7197F90730002BAE
S31500013E500BDBFB7903F01F02074997F907305B0972
S31500013E60012000FA02F241F8232000BF0C37BD46BB
S31500013E705DF8047B704700BF00E100E080B483B0C9
S31500013E8000AF0346FB7197F90730002B12DBFB7974
S31500013E9003F01F020A4997F907305B09012000FA6E
S31500013EA002F2203341F82320BFF34F8F00BFBFF347
S31500013EB06F8F00BF00BF0C37BD465DF8047B7047AE
S31500013EC000E100E080B483B000AF0346FB7197F9CF
S31500013ED00730002B0CDBFB7903F01F02074997F92A
S31500013EE007305B09012000FA02F2603341F8232012
S31500013EF000BF0C37BD465DF8047B704700E100E06A
S31500013F0080B483B000AF03463960FB7197F907307F
S31500013F10002B0ADB3B68DAB20C4997F9073012012C
S31500013F20D2B20B4483F800230AE03B68DAB20849AF
S31500013F30FB7903F00F03043B1201D2B20B441A764C
S31500013F4000BF0C37BD465DF8047B704700E100E019
S31500013F5000ED00E080B485B000AFEFF30383BB60F2
S31500013F60BB687B603B1DFB60FB681B88C3F30803D2
S31500013F709BB2DBB2103BDBB25BB218461437BD46CF
S31500013F805DF8047B7047FFFF80B483B000AF034642
S31500013F903960FB71064B1A6897F90730DB001A4442
S31500013FA03B681A6000BF0C37BD465DF8047B70475D
S31500013FB0DCD7030080B483B000AF78607A68937968
S31500013FC023F0010393717A68537A23F00103537244
S31500013FD07A68137843F0800313707A68537B23F071
S31500013FE00103537300BF0C37BD465DF8047B704770
S31500013FF080B483B000AF78600B46FB707B68FA78BB
S315000140005A7300BF0C37BD465DF8047B704780B418
S3150001401083B000AF78607A68537B23F01003537343
S3150001402000BF0C37BD465DF8047B704780B483B092
S3150001403000AF78607B685B7BC3F38003DBB283F000
S315000140400103DBB218460C37BD465DF8047B7047A9
S3150001405080B483B000AF78607B68033318460C37B1
S31500014060BD465DF8047B704780B483B000AF7860CD
S315000140707B68053318460C37BD465DF8047B7047EF
S3150001408080B483B000AF78607A68937843F0800398
S31500014090937000BF0C37BD465DF8047B704780B452
S315000140A083B000AF78607A68937843F040039370E9
S315000140B000BF0C37BD465DF8047B704780B483B002
S315000140C000AF78607A68937843F00403937000BF79
S315000140D00C37BD465DF8047B704780B483B000AFF2
S315000140E078607A68937823F08003937000BF0C3769
S315000140F0BD465DF8047B704780B483B000AF78603D
S315000141007A68937823F04003937000BF0C37BD465D
S315000141105DF8047B704780B483B000AF78607A683D
S31500014120937823F00403937000BF0C37BD465DF806
S31500014130047B704780B483B000AF78607B689B785E
S31500014140DBB243F02003DAB27B689A7000BF0C370A
S31500014150BD465DF8047B704780B483B000AF7860DC
S315000141607B689B78DBB243F03003DAB27B689A70E6
S3150001417000BF0C37BD465DF8047B704780B483B041
S3150001418000AF78607B689B78DBB223F03003DAB24C
S315000141907B689A7000BF0C37BD465DF8047B70479B
S315000141A080B483B000AF78607A68938A23F0010304
S315000141B0938200BF0C37BD465DF8047B704780B41F
S315000141C083B000AF78600B46FB7000BF7B681B793C
S315000141D0C3F3C013DBB2002BF8D07B68FA78DA7030
S315000141E000BF0C37BD465DF8047B704780B483B0D1
S315000141F000AF78607B685B79DBB218460C37BD4649
S315000142005DF8047B704780B483B000AF78607B684B
S3150001421000221A707B6800229A707B6800221A714C
S315000142207B68F2229A717B68FF225A707B68FF22B3
S315000142309A747B680022DA717B6800221A727B68A5
S3150001424000225A727B6800229A727B680022DA7217
S315000142507B6800221A737B6800225A737B680022EE
S315000142601A737B684FF478429A827B6800225A83DC
S315000142707B684022DA747B6803221A7700BF0C3709
S31500014280BD465DF8047B704780B483B000AF7860AB
S315000142907A68937823F00303937000BF0C37BD4609
S315000142A05DF8047B704780B483B000AF78607A68AC
S315000142B09378022161F30103937000BF0C37BD4669
S315000142C05DF8047B704780B483B000AF78600B461D
S315000142D0FB701346BB707B68FA785A70BB7803F0A3
S315000142E00303D9B27A68137861F30103137000BF2F
S315000142F00C37BD465DF8047B704780B483B000AFD0
S3150001430078607B681B79C3F34013DBB218460C3720
S31500014310BD465DF8047B704780B483B000AF78601A
S315000143207B681B79DBB223F03803DAB27B681A713A
S3150001433000BF0C37BD465DF8047B704780B483B07F
S3150001434000AF78600B46FB70FB78002B05D07A68CE
S31500014350937943F00803937104E07A68937923F023
S315000143600803937100BF0C37BD465DF8047B7047A7
S3150001437080B483B000AF78600B46FB70F9787A6839
S31500014380D37961F38203D37100BF0C37BD465DF863
S31500014390047B704780B483B000AF78607B68DB79BB
S315000143A0C3F38003DBB218460C37BD465DF8047BC8
S315000143B0704780B483B000AF78600B46FB707B68B2
S315000143C0FA789A7400BF0C37BD465DF8047B7047D6
S315000143D080B58CB000AF786039607B68FB620023E2
S315000143E0BB6200237B623B68002B01D1012304E100
S315000143F0FB6A002B01D10123FFE00023BB613B686F
S315000144001B787B8300237B7614233B7607F1080315
S3150001441000221A605A609A60DA607A4BDB6807F10B
S31500014420080107F1180210469847B862BB6A002BCB
S3150001443001D0BB6AE1E007F1180318460DF0ECF96B
S31500014440B862BB6A002B01D00A23D6E03C220021C8
S31500014450F86A27F084FCBA68FB6A9A61FB6A9B6971
S315000144603B623968F86A00F058FDB862BB6A002BF6
S3150001447006D007F1180318460DF0FCF9BB6ABCE03B
S315000144803B681B787B6207F1180318460CF08EFF18
S31500014490386AFFF7B8FE386AFFF72EFE386AFFF76B
S315000144A01CFE386AFFF737FEFB6A93F91D30184682
S315000144B00DF010F9FB6A93F91C3018460DF00AF954
S315000144C0FB6A93F91F3018460DF004F9FB6A93F95C
S315000144D01E3018460DF0FEF8FB6A93F91D3018469A
S315000144E0FFF7F0FCFB6A93F91C301846FFF7EAFC6C
S315000144F0FB6A93F91F301846FFF7E4FCFB6A93F950
S315000145001E301846FFF7DEFCFB6A93F91D3018468C
S31500014510FFF796FCFB6A93F91C301846FFF790FCEF
S31500014520FB6A93F91F301846FFF78AFCFB6A93F979
S315000145301E301846FFF784FC386AFFF731FE386AE9
S31500014540FFF738FD3968386A00F03EFD3B68DB68E5
S315000145501946386A00F006FCB862BB6A002B06D021
S3150001456007F1180318460DF085F9012345E007F117
S3150001457018031946386800F08BFCB862BB6A002B39
S3150001458006D007F1180318460DF074F9BB6A34E03A
S315000145903B685B79012B03D1386AFFF784FE02E0A1
S315000145A0386AFFF771FE386800F02BFD0346FB778A
S315000145B0FB7F1946386AFFF71BFD3968386A00F038
S315000145C052FD3B689A69FB6A1A613B68DA69FB6AC4
S315000145D05A617B6ADAB2FB6A1A703B685A69FB6AEE
S315000145E0DA603B681A69FB6A9A60FB6A022283F801
S315000145F03420FB6A044A5A60BB6A18463037BD4606
S3150001460080BD00BFD48604005349435380B588B0AA
S3150001461002AFF860B9607A60FB70FB687B617B6909
S31500014620002B01D101231AE0FB78012B01D00123D4
S3150001463015E07B68002B01D1012310E0BB68002B3C
S3150001464001D101230BE002230193FB7800937B68E0
S31500014650BA680021786900F067F838613B69184645
S315000146601837BD4680BD80B588B002AFF860B96025
S315000146707A60FB70FB687B617B69002B01D10123AA
S315000146801AE0FB78012B01D0012315E07B68002B92
S3150001469001D1012310E0BB68002B01D101230BE0FE
S315000146A001230193FB7800937B680022B96878693E
S315000146B000F03AF838613B6918461837BD4680BDA7
S315000146C080B588B002AFF860B9607A603B60FB687C
S315000146D07B617B69002B01D1012321E097F8203012
S315000146E0012B01D001231BE03B68002B01D10123E3
S315000146F016E0BB68002B01D1012311E07B68002B7A
S3150001470001D101230CE00323019397F82030009394
S315000147103B687A68B968786900F006F838613B69E0
S3150001472018461837BD4680BD80B586B000AFF86023
S31500014730B9607A603B60FB685B683D4A934201D091
S31500014740072371E0FB68383318460DF011F803466C
S31500014750002B01D00A2367E0FB689B697B617869BE
S31500014760FFF7CAFC7869FFF7B8FC7869FFF7D3FC55
S31500014770FB683A681A63FB6800229A62FB680022AA
S31500014780DA62FB6897F8202083F83520FB68BA685F
S315000147901A62FB687A685A62FB6897F8242083F8E4
S315000147A0372000233B6197F8243003F00103002BE7
S315000147B014BF01230023DAB2FB6883F83620786937
S315000147C0FFF725FCFB6893F91E3018460CF082FFB3
S315000147D0FB6893F91D3018460CF07CFFFB6893F9D2
S315000147E01C3018460CF076FFFB6893F91F3018460B
S315000147F00CF070FF97F824303A681946F86800F013
S31500014800DBFC38613B69002B06D0FB683833184660
S315000148100CF0F5FF3B6907E097F824301A46F96872
S31500014820786900F031FC3B6918461837BD4680BDF2
S315000148305349435380B586B000AF78607B687B618E
S315000148407B69002B01D1012360E07B695B68314AFA
S31500014850934201D0072359E07B6900225A607B69A4
S315000148609B693B613869FFF747FC3869FFF735FCFF
S315000148703869FFF750FC7B6993F91D301846FFF73D
S31500014880FDFA7B6993F91C301846FFF7F7FA7B6945
S3150001489093F91F301846FFF7F1FA7B6993F91E3039
S315000148A01846FFF7EBFA0023FB607B691B78FB8157
S315000148B000237B7314233B7307F10C0318460CF09A
S315000148C067FD7B69DB68002B08D07B69DB689B6829
S315000148D0DB697A69D2681268104698477B699B68DA
S315000148E0002B08D07B699B689B68DB697A699268B3
S315000148F01268104698477B69383318460CF07FFFDB
S3150001490007F10C0318460CF0B5FF002318461837BB
S31500014910BD4680BD5349435380B483B000AF786030
S315000149207B68002B01D1012304E04FF002227B6852
S315000149301A60002318460C37BD465DF8047B7047A4
S3150001494080B588B000AFF8607B600B46FB721346FA
S31500014950BB720023BB61144B1B6907F11802F97A7C
S31500014960F8689847F86197F91820BB6A1A70FB69CD
S31500014970002B14D1BB6A93F90030BA7A1146184656
S31500014980FFF7BEFABB6A93F9003007F1140211462C
S315000149901846FFF7F9FA7B691B687A681A60FB69A2
S315000149A018462037BD4680BDD486040080B586B042
S315000149B000AFEFF30583FB60FB68184625F0B4F8FA
S315000149C000237B60FFF7C6FA0346FB7597F917309C
S315000149D018460CF07FFE3A1D97F917301146184616
S315000149E0FFF7D2FA7B681B681B683B613B69DB6892
S315000149F0002B3CD13B699B68002B38D13B699B69F5
S31500014A001846FFF713FB0346002B03D13B699B6A4C
S31500014A10002B09D03B6993F83730012B04D03B6951
S31500014A209B691846FFF759FB3B699A6A3B691B6B01
S31500014A309A4220D23B6993F83630002B0BD03B6962
S31500014A4098693B691A6A3B699B6A13441B78194644
S31500014A50FFF7B5FB05E03B699B69FF211846FFF7A8
S31500014A60AEFB3B699B6A5A1C3B699A6203E03B6950
S31500014A701A6B3B699A623B699A6A3B691B6B9A425C
S31500014A801AD13B699B691846FFF727FB3B6993F9E6
S31500014A901D3018460CF01EFE3B6993F91D30184671
S31500014AA0FFF710FA3B6993F83730012B04D13B69C4
S31500014AB09B691846FFF702FBEFF30583BB60BB68F2
S31500014AC0184625F02FF800BF1837BD4680BD90B5B2
S31500014AD089B000AFEFF305837B617B69184625F04A
S31500014AE023F80023FB60FFF735FA0346FB7797F9B6
S31500014AF01F3018460CF0EEFD07F10C0297F91F3036
S31500014B0011461846FFF740FAFB681B681B68BB6134
S31500014B10BB69DB68002B37D1BB699B68002B33D19E
S31500014B20BB699969BB695A6ABB69DB6AD4180846CD
S31500014B30FFF75CFB03462370BB69DB6A5A1CBB6942
S31500014B40DA62BB699A6ABB691B6B9A4220D2BB695E
S31500014B5093F83630002B0BD0BB699869BB691A6A8A
S31500014B60BB699B6A13441B781946FFF728FB05E0CE
S31500014B70BB699B69FF211846FFF721FBBB699B6A4D
S31500014B805A1CBB699A6203E0BB691A6BBB69DA629C
S31500014B90BB69DA6ABB691B6B9A4224D1BB699B6903
S31500014BA01846FFF7A9FABB699B691846FFF795FAFC
S31500014BB0BB699B691846FFF7E1FABB691B69002BC4
S31500014BC00CD0BB691B783B6001233B71BB695B69F8
S31500014BD0BB60BB691B693A4610469847BB693833C7
S31500014BE018460CF00CFEEFF305833B613B69184652
S31500014BF024F098FF00BF2437BD4690BD80B588B02C
S31500014C0000AFEFF305837B617B69184624F08CFFC7
S31500014C100023FB60FFF79EF90346FB7707F10C02C1
S31500014C2097F91F3011461846FFF7AEF9FB681B6866
S31500014C301B68BB61BB699B691846FFF75DFABB69D7
S31500014C409B691846FFF749FABB699B691846FFF746
S31500014C5062FABB699B691846FFF790FABB691B6943
S31500014C60002B0CD0BB691B783B6001233B71BB69F0
S31500014C705B69BB60BB691B693A4610469847BB69CD
S31500014C80383318460CF0BBFD97F91F3018460CF067
S31500014C9021FDEFF305833B613B69184624F042FF92
S31500014CA000BF2037BD4680BD90B58BB000AFEFF396
S31500014CB00583BB61BB69184624F036FF00233B61BF
S31500014CC0FFF748F903461A4607F11003194610463D
S31500014CD0FFF75AF93B691B681B687B627B6A9B6914
S31500014CE03B627B6A1B78FB777B6A1B69002B14D0BE
S31500014CF0FB7F7B60386AFFF700FB0346002B02D07F
S31500014D0006233B7201E002233B727B6A5B69FB600F
S31500014D107B6A1B693A1D104698477B6A38331846E9
S31500014D200CF06DFD386AFFF7F7FAFFF713F9034642
S31500014D3018460CF0CFFC0A4CFFF70CF90346C033BA
S31500014D4054F823303B603B68EFF305837B617B6955
S31500014D50184624F0E7FE00BF2C37BD4690BD00BFC4
S31500014D600060004080B58CB000AF786039600023E8
S31500014D70FB62FF23BB6200233B620023FB7500231A
S31500014D803B6100233B7307F10C0318460CF088F9CD
S31500014D903D4B9B693A7B07F11001104698477862B3
S31500014DA07B6A002B01D001236AE03B68002B01D10D
S31500014DB0012365E0354BFB6101237B620023FB6226
S31500014DC02AE03969FA6A13465B0013445B001A4606
S31500014DD0FB6913441B881A463B6802FB03F3B1FBCC
S31500014DE0F3F33B623B6A002B13D03B6AFF2B10D8CF
S31500014DF03B6A013BBB62FB6ADBB2FB75BB6ADBB29A
S31500014E00FA7DD2B219467868FFF75DFA00237B6214
S31500014E1005E0FB6A0133FB62FB6A032BD1D9786893
S31500014E20FFF7B8FA0346002B29D00023BB61002304
S31500014E30BB60FB7DDBB21A4613465B0013445B0085
S31500014E401A46FB6913441B881A463B6802FB03F3A7
S31500014E501B02BB61BB6A0133BA6903FB02F23B6900
S31500014E60B2FBF3F3BB60BB687F2B08D9BB68FF2B92
S31500014E7005D8BB68DBB219467868FFF79AFA7B6AF0
S31500014E8018463037BD4680BDECD603008CD50300ED
S31500014E9080B584B000AF786039607B685B69002BB0
S31500014EA014BF01230023DAB27B681B69002B0CBFF8
S31500014EB001230023DBB25340DBB2002B01D10323D4
S31500014EC027E00023FB607B685B69002B09D039680A
S31500014ED0786800F0B7F9F860FB68002B01D0FB6831
S31500014EE017E07B681B69002B12D03968786800F0DF
S31500014EF01FFAF860FB68002B0AD07B685B699B6828
S31500014F00DB697A685269126810469847FB6800E0C7
S31500014F10002318461037BD4680BD80B586B002AF66
S31500014F20786039600023BB603B681B787B81002376
S31500014F307B7214233B723B685A787B681C3307F1FA
S31500014F40080000937B680221FFF7FAFCF860FB6812
S31500014F50002B01D0FB6833E03B689A787B681D33F0
S31500014F6007F1080000937B680521FFF7E9FCF8606B
S31500014F70FB68002B01D0FB6822E03B68DA787B688E
S31500014F801E3307F1080000937B680421FFF7D8FC64
S31500014F90F860FB68002B01D0FB6811E03B681A79C9
S31500014FA07B681F3307F1080000937B680121FFF737
S31500014FB0C7FCF860FB68002B01D0FB6800E0FB68CA
S31500014FC018461037BD4680BD80B584B000AF786005
S31500014FD039603B681B6AFB60FB68002B08D0FB68E5
S31500014FE01B78002B04D001217868FFF7C1F904E092
S31500014FF000217868FFF7BCF900BF00BF1037BD4636
S3150001500080BD80B485B000AF78600023FB737B68F8
S315000150105B79012B07D1FB7B43F00403FB73FB7B1D
S3150001502043F00103FB737B689B79012B08D17B68F5
S31500015030DB79002B10D1FB7B43F04003FB730BE0C4
S31500015040FB7B63F07F03FB737B68DB79012B03D169
S31500015050FB7B43F04003FB73FB7B18461437BD46CD
S315000150605DF8047B704780B582B000AF7860396027
S315000150703B685B7A002B03D101217868FFF75EF963
S3150001508000BF0837BD4680BD80B584B000AFF8606B
S31500015090B9601346FB71FB79012B06D1F868FEF75F
S315000150A0EFFFF868FFF746F808E0F868FEF7F7FF44
S315000150B0F868FEF7E5FFF868FFF74EF8BB689B68EE
S315000150C0002B03D1BB68DB68002B02D0F868FFF721
S315000150D08DF800BF1037BD4680BDFFFF90B587B084
S315000150E000AFF8607A603B600B46FB7200237B6180
S315000150F00223FB74FB7A022B04D1FB682D4A1A6248
S315000151000023FB74FB6893F83430FA7C9A423DD055
S31500015110FB689B689B68DB68FA68926812681046B0
S31500015120984778617B69002B01D07B693DE0FB687C
S315000151309B685B681A68FB7C03F00303D9B2D378DA
S3150001514061F38303D370FB689B685B681B68FA682D
S31500015150126A5A60FB689B685B681B683A6892B280
S31500015160DA81FB689B685B681B687A689A60FB68F2
S315000151709B689B689B68FA68926812681046984714
S315000151807861FB68FA7C83F834200DE0FB689B6844
S315000151909B685C68FB689B681868FB68196A3B68D2
S315000151A09BB27A68A04778617B6918461C37BD4671
S315000151B090BD00BFA4D5030090B587B000AFF860DD
S315000151C00B467A60FB727B68B3F5803F01D30123FE
S315000151D033E000237B61FB689B68002B11D0FB68E1
S315000151E09B691846FEF734FF3861F97A7B683A699C
S315000151F0F868FFF773FF78617B69002B01D07B6943
S315000152001BE0FB68DB68002B16D0FB7A012B13D061
S31500015210FB689B691846FEF727FF3861FB68DB6868
S315000152209B685C68FB68DB681868FB685A6A7B6880
S315000152309BB23969A04778617B6918461C37BD4620
S3150001524090BDFFFFB0B58AB000AF7860396000232A
S315000152507B627B685B699B68002B01D1012361E05E
S315000152607B685B691B68002B01D101235AE07B68CF
S315000152705B695B68002B01D1012353E07B685B69A5
S315000152805B681B68002B01D101234BE07B685B69DE
S315000152905B681B683B623A6AD37823F0C003D3701C
S315000152A03A6A9378022161F3830393703A6AD37859
S315000152B023F00C03D3703A6A937823F0200393709A
S315000152C03A6AD37823F03003D3707B685B695B68F5
S315000152D007F10C041D460FCD0FC42B682360002374
S315000152E0BB60124B1B6907F1080202213868984717
S315000152F097F9083013F1210F01D1012312E07B89BF
S315000153003B820023BB7400237B617B685B699B68DE
S315000153101B687A685269126807F10C0110469847B2
S3150001532078627B6A18462837BD46B0BDD48604002C
S31500015330B0B58AB000AF7860396000237B627B68C4
S315000153401B699B68002B01D1012361E07B681B6906
S315000153501B68002B01D101235AE07B681B695B683E
S31500015360002B01D1012353E07B681B695B681B6835
S31500015370002B01D101234BE07B681B695B681B682D
S315000153803B623A6AD37823F0C003D3703A6A9378C2
S3150001539023F00C0393703A6AD378022161F38303F5
S315000153A0D3703A6A937823F0200393703A6AD378DC
S315000153B023F03003D3707B681B695B6807F10C042B
S315000153C01D460FCD0FC42B6823600023BB60124B13
S315000153D01B6907F1080205213868984797F90830D3
S315000153E013F1210F01D1012312E07B893B820023B6
S315000153F0BB7400237B617B681B699B681B687A68A9
S315000154001269126807F10C011046984778627B6AA7
S3150001541018462837BD46B0BDD486040080B483B093
S3150001542000AF0346FB7197F90730002B0BDBFB79C5
S3150001543003F01F02074997F907305B09012000FABB
S3150001544002F241F8232000BF0C37BD465DF8047B0C
S31500015450704700BF00E100E080B483B000AF0346AF
S31500015460FB7197F90730002B12DBFB7903F01F0262
S315000154700A4997F907305B09012000FA02F2203345
S3150001548041F82320BFF34F8F00BFBFF36F8F00BFDB
S3150001549000BF0C37BD465DF8047B704700E100E0B4
S315000154A080B483B000AF0346FB7197F90730002B38
S315000154B00CDBFB7903F01F02074997F907305B09FB
S315000154C0012000FA02F2603341F8232000BF0C37B5
S315000154D0BD465DF8047B704700E100E080B483B00F
S315000154E000AF03463960FB7197F90730002B0ADBE1
S315000154F03B68DAB20C4997F907301201D2B20B4474
S3150001550083F800230AE03B68DAB20849FB7903F025
S315000155100F03043B1201D2B20B441A7600BF0C37BB
S31500015520BD465DF8047B704700E100E000ED00E058
S3150001553080B485B000AFEFF30383BB60BB687B60CB
S315000155403B1DFB60FB681B88C3F308039BB2DBB200
S31500015550103BDBB25BB218461437BD465DF8047BDF
S315000155607047FFFF80B483B000AF03463960FB711B
S31500015570064B1A6897F90730DB001A443B681A6034
S3150001558000BF0C37BD465DF8047B7047DCD70300CE
S3150001559080B485B000AF78600B46FB707A681378EB
S315000155A0F97861F3C71313707B681B78C3F3C013D3
S315000155B0DBB2FB737B681B78C3F3C013DBB2FB73EF
S315000155C07B681B78C3F3C013DBB2FB73FB7B00BFA5
S315000155D01437BD465DF8047B704780B485B000AFD3
S315000155E078600B46FB707A681378F97861F3861355
S315000155F013707B681B78C3F38013DBB2FB737B6884
S315000156001B78C3F38013DBB2FB737B681B78C3F390
S315000156108013DBB2FB73FB7B00BF1437BD465DF81D
S31500015620047B704780B483B000AF78600B46FB7093
S315000156301346BB70FB78002B2CD0FB78012B05D1D0
S315000156407A68D37843F00403D37012E0FB78022B17
S3150001565005D17A68D37843F00203D37009E07A68FA
S31500015660D37843F00403D3707A68D37843F0020306
S31500015670D370BB78012B0CBF01230023D9B27A6802
S31500015680D37861F30003D3707A68537943F0010349
S31500015690537104E07A68537923F00103537100BF13
S315000156A00C37BD465DF8047B704780B483B000AF0C
S315000156B078607A68537843F00203537000BF0C3761
S315000156C0BD465DF8047B704780B483B000AF786057
S315000156D000BF7B685B7AC3F34013DBB2002BF8D0C3
S315000156E07B68DB7CDBB218460C37BD465DF8047B74
S315000156F0704780B483B000AF78600B46FB707B685F
S31500015700FA789A7400BF0C37BD465DF8047B704782
S3150001571080B485B000AF78607A68537843F00803A7
S3150001572053707B685B78DBB2FB737B685B78DBB2BB
S31500015730FB737B685B78DBB2FB73FB7B00BF1437C3
S31500015740BD465DF8047B704780B483B000AF7860D6
S315000157507A68537843F00403537000BF0C37BD4693
S315000157605DF8047B704780B582B000AF78600B4668
S31500015770FB701346BB70BB78002B0DD07B68DB79C1
S31500015780DBB243F01F03DAB27B68DA7197F90330B3
S315000157901846FFF743FE0CE07B68DB79DBB223F0AA
S315000157A01F03DAB27B68DA7197F903301846FFF7FF
S315000157B053FE00BF0837BD4680BD80B582B000AF3D
S315000157C078600B46FB701346BB70BB78002B0DD07F
S315000157D07B68DB79DBB243F02003DAB27B68DA71EE
S315000157E097F903301846FFF719FE0CE07B68DB7961
S315000157F0DBB223F02003DAB27B68DA7197F9033062
S315000158001846FFF729FE00BF0837BD4680BD80B5A3
S3150001581082B000AF78600B46FB701346BB70BB7855
S31500015820002B0DD07B68DB79DBB243F04003DAB2A3
S315000158307B68DA7197F903301846FFF7EFFD0CE044
S315000158407B68DB79DBB223F04003DAB27B68DA717D
S3150001585097F903301846FFF7FFFD00BF0837BD462D
S3150001586080BD80B582B000AF78600B46FB701346F1
S31500015870BB70BB78002B0DD07B68DB79DBB263F0A4
S315000158807F03DAB27B68DA7197F903301846FFF7BE
S31500015890C5FD0CE07B68DB79DBB203F07F03DAB28E
S315000158A07B68DA7197F903301846FFF7D5FD00BF1B
S315000158B00837BD4680BD80B483B000AF78607B6891
S315000158C00022DA7100BF0C37BD465DF8047B7047D4
S315000158D080B485B000AF78607A68537A23F04003CC
S315000158E053727B685B7AC3F38013DBB2FB737B680D
S315000158F05B7AC3F38013DBB2FB737B685B7AC3F31A
S315000159008013DBB2FB73FB7B00BF1437BD465DF82A
S31500015910047B704780B485B000AF78607B685B7AA2
S31500015920DBB2FB737B6800225A72FB7B00BF143724
S31500015930BD465DF8047B704780B483B000AF7860E4
S315000159407B685B78C3F38013DBB218460C37BD4620
S315000159505DF8047B704780B483B000AF78607B68E4
S315000159601B78C3F30003DBB283F00103DBB21846F5
S315000159700C37BD465DF8047B704780B485B000AF37
S3150001598078607A68137843F0200313707B681B787C
S31500015990C3F34013DBB2FB737B681B78C3F340137D
S315000159A0DBB2FB737B681B78C3F34013DBB2FB737B
S315000159B0FB7B00BF1437BD465DF8047B704780B49E
S315000159C083B000AF78607B681B78C3F34013DBB20A
S315000159D083F00103DBB218460C37BD465DF8047B44
S315000159E0704780B485B000AF78600023FB737B6895
S315000159F05B7AC3F30003DBB2002B08D0FB7B43F0D9
S31500015A000103FB737A68537A23F0010353727B68AF
S31500015A105B7AC3F34003DBB2002B08D0FB7B43F078
S31500015A200203FB737A68537A23F0020353727B688D
S31500015A305B7AC3F30013DBB2002B08D0FB7B43F088
S31500015A401003FB737A68537A23F0100353727B6851
S31500015A505B7AC3F38003DBB2002B08D0FB7B43F0F8
S31500015A600403FB737A68537A23F0040353727B6849
S31500015A705B7AC3F3C003DBB2002B08D0FB7B43F098
S31500015A800803FB737A68537A23F008035372FB7B8E
S31500015A9018461437BD465DF8047B704780B483B061
S31500015AA000AF78607B685B78C3F3C003DBB218464E
S31500015AB00C37BD465DF8047B704780B483B000AFF8
S31500015AC078607B685B7AC3F30003DBB218460C3758
S31500015AD0BD465DF8047B704780B485B000AF786041
S31500015AE07B689B78C3F30203DBB2FB73FB7B002B62
S31500015AF001D10823FB73FB7B0133FB73FB7B184648
S31500015B001437BD465DF8047B704780B483B000AF9F
S31500015B1078607A68137823F0100313707A68137823
S31500015B2043F00403137000BF0C37BD465DF8047BD8
S31500015B30704780B483B000AF78607A68137943F018
S31500015B404003137100BF0C37BD465DF8047B7047F7
S31500015B5080B483B000AF78607A68137923F040038C
S31500015B60137100BF0C37BD465DF8047B704780B4E6
S31500015B7083B000AF78607A68537A23F008035372D2
S31500015B8000BF0C37BD465DF8047B704780B483B017
S31500015B9000AF78607A68537A23F0100353727A68FB
S31500015BA0537A23F00803537200BF0C37BD465DF8E4
S31500015BB0047B704780B485B000AF78607A6813794A
S31500015BC043F0100313717B681B79C3F30013DBB237
S31500015BD0FB737B681B79C3F30013DBB2FB737B6832
S31500015BE01B79C3F30013DBB2FB73FB7B7A68137972
S31500015BF043F00803137100BF1437BD465DF8047BFB
S31500015C00704780B485B000AF78607A68137943F045
S31500015C10100313717B681B79C3F30013DBB2FB73AB
S31500015C207B681B79C3F30013DBB2FB737B681B79BB
S31500015C30C3F30013DBB2FB73FB7B7A68137923F0A2
S31500015C400803137100BF1437BD465DF8047B704726
S31500015C5080B483B000AF78607B68123318460C3786
S31500015C60BD465DF8047B704780B483B000AF7860B1
S31500015C707B68133318460C37BD465DF8047B7047C5
S31500015C8080B582B000AF78600B46FB7097F90330A0
S31500015C9018460BF01FFD97F903301846FFF700FC75
S31500015CA097F90330012219467868FFF7B0FD00BF66
S31500015CB00837BD4680BD80B483B000AF78607B688D
S31500015CC05B78C3F3C013DBB218460C37BD465DF8EB
S31500015CD0047B704780B483B000AF78600B46FB70DD
S31500015CE0FB7863F01F03DAB27B681A7400BF0C37C6
S31500015CF0BD465DF8047B704780B483B000AF786021
S31500015D000B46FB70FB7863F01F03DAB27B685A74AB
S31500015D1000BF0C37BD465DF8047B704780B483B085
S31500015D2000AF78600B46FB70FB7803F00703D9B22E
S31500015D307A68937861F30613937000BF0C37BD46FA
S31500015D405DF8047B704780B483B000AF78600B4682
S31500015D50FB707A685379F97861F34103537100BF97
S31500015D600C37BD465DF8047B704780B483B000AF45
S31500015D7078600B46FB707A685379F97861F3820390
S31500015D80537100BF0C37BD465DF8047B704780B484
S31500015D9083B000AF78600B46FB707A685379F97867
S31500015DA061F3C303537100BF0C37BD465DF8047B35
S31500015DB0704780B483B000AF78600B46FB707A6899
S31500015DC05379F97861F30413537100BF0C37BD465B
S31500015DD05DF8047B704780B483B000AF78600B46F2
S31500015DE0FB70FB78002B10D0FB78013BDBB203F094
S31500015DF00303D9B27A68137961F3010313717A68DF
S31500015E00537943F02003537109E07A68137923F03B
S31500015E10030313717A68537923F02003537100BF8A
S31500015E200C37BD465DF8047B704780B483B000AF84
S31500015E3078600B46FB707A685379F97861F3C7137A
S31500015E40537100BF0C37BD465DF8047B704780B4C3
S31500015E5083B000AF786039603B6803F00703D9B2BD
S31500015E607A68D37861F30613D37000BF0C37BD4649
S31500015E705DF8047B704780B483B000AF78607B68BF
S31500015E80002B01D1012304E04FF002227B681A6046
S31500015E90002318460C37BD465DF8047B7047FFFFAB
S31500015EA0B0B58AB000AF786039607B687B623968CB
S31500015EB0786A01F08FFD38623B6A002B01D03B6A9C
S31500015EC0A6E00023FB613B681B78FB8300237B77FD
S31500015ED015233B7707F10C0300221A605A609A607A
S31500015EE0DA604D4BDB6807F10C0107F11C02104625
S31500015EF0984738623B6A002B01D03B6A88E03B68D1
S31500015F005B68464A934206D17B8A03F00403002B61
S31500015F1001D103237CE007F11C0318460BF07CFC3E
S31500015F2038623B6A002B01D03B6A71E03B685B6AD1
S31500015F301A787B6A83F85220FA687B6ADA623968D2
S31500015F40786A01F049FB38623B6A002B06D007F1FB
S31500015F501C0318460BF08EFC3B6A59E07A6A3B68D3
S31500015F6014461D460FCD0FC40FCD0FC495E803008F
S31500015F7084E8030007F11C031946786A00F0CEFC99
S31500015F8038623B6A002B0BD007F11C0318460BF055
S31500015F90FFF907F11C0318460BF06CFC3B6A37E06E
S31500015FA03968786A00F082FC38623B6A002B0BD0B4
S31500015FB007F11C0318460BF0EBF907F11C03184611
S31500015FC00BF058FC3B6A23E07B6A002283F85120E0
S31500015FD07B6A00225A637B6A00229A637B6A0022EB
S31500015FE0DA637B6A00221A647B6A002283F84920FD
S31500015FF07B6A002283F84A207B6A002283F84B20C1
S315000160007B6A002283F84C207B6A054A9A62002348
S3150001601018462837BD46B0BDD486040040420F005D
S315000160204349495280B584B000AF78607B68FB6014
S31500016030FB68002B01D1012337E00023BB60FB681D
S315000160409B6A1C4A934201D007232EE0F86800F0B0
S31500016050AFFBB860FB6800229A62FB689B69002B64
S3150001606008D0FB689B699B68DB69FA6892691268CC
S3150001607010469847FB685B69002B08D0FB685B6993
S315000160809B68DB69FA685269126810469847F86896
S3150001609000F0D8FCFB68513318460BF0B0FBBB6827
S315000160A0002B01D0BB6800E0002318461037BD461F
S315000160B080BD00BF4349495280B58AB000AFF86040
S315000160C0B9607A60FB70FB687B627B6A002B01D149
S315000160D0012387E0BB68002B01D1012382E07B68A5
S315000160E0002B01D101237DE000233B627B6A9B6A81
S315000160F03E4A934201D0072374E07B6A5133184626
S315000161000BF036FB38623B6A002B01D00A2369E0AB
S315000161107B6A9B69002B1CD07B68FB6107F114032A
S3150001612000221A605A607B6A9B699B689B697A6A3E
S315000161309269126807F11401104698477B69FA695A
S315000161409A4206D37B6A513318460BF058FB172344
S3150001615048E07B6ABA685A637B6A7A689A637B6AA3
S31500016160FA7883F84A207B6A012283F849207B6A00
S315000161709B7A012B14D17B6A002283F845207B6A26
S315000161801B895BB25B005BB243F001035BB2DAB21F
S315000161907B6A83F844207B6A012283F8462017E054
S315000161A07B6A1B89DB099BB2DBB203F00E03DBB210
S315000161B063F00F03DAB27B6A83F845207B6A1B8999
S315000161C0DAB27B6A83F844207B6A032283F846208D
S315000161D0786A00F031FE38623B6A002B01D03B6AD7
S315000161E000E0002318462837BD4680BD4349495281
S315000161F080B58AB000AFF860B9607A60FB70FB6861
S315000162007B627B6A002B01D1012381E0BB68002BF5
S3150001621001D101237CE000233B627B6A9B6A3E4AF3
S31500016220934201D0072373E07B6A513318460BF082
S315000162309FFA38623B6A002B01D00A2368E07B6A29
S315000162405B69002B1CD07B68FB6107F114030022FC
S315000162501A605A607B6A5B699B689B697A6A5269B4
S31500016260126807F11401104698477B69FA699A4248
S3150001627006D37B6A513318460BF0C1FA172347E060
S315000162807B6ABA685A637B6A7A689A637B6A7A68B8
S31500016290DA637B6AFA7883F84A207B6A002283F8FC
S315000162A049207B6A9B7A012B10D17B6A002283F8F5
S315000162B045207B6A1B89DBB25B00DAB27B6A83F815
S315000162C044207B6A012283F8462017E07B6A1B89FA
S315000162D0DB099BB2DBB263F00F03DBB223F00103F0
S315000162E0DAB27B6A83F845207B6A1B89DAB27B6A5C
S315000162F083F844207B6A022283F84620786A00F0FC
S315000163009BFD38623B6A002B01D03B6A00E000230B
S3150001631018462837BD4680BD4349495280B584B0E9
S3150001632000AF78607B68FB60FB68002B01D101231D
S315000163300BE0FB689B6A074A934201D0072304E0FE
S31500016340F86800F035FAB860BB6818461037BD46E4
S3150001635080BD00BF4349495280B584B000AF786023
S315000163600B467B8013467B707B68FB600023BB601A
S31500016370FB68002B01D101231DE0FB689B6A104AD3
S31500016380934201D0072316E0FB68513318460BF000
S31500016390EFF9B860BB68002B01D00A230BE0FB685C
S315000163A07A881A81FB687A789A72FB6851331846A3
S315000163B00BF025FABB6818461037BD4680BD00BFF5
S315000163C04349495280B586B000AF78600B46FB70F1
S315000163D07B68DB69002B1AD07B689B6B7B617B68D2
S315000163E01B6ABB607B68DB6B7A69D31AFB60FB783F
S315000163F03B747B6893F853307B747B68DB6907F1E8
S315000164000802104698477B68002283F84B207B6878
S31500016410DB6A1846FFF74FFA7B6893F93330184663
S31500016420FFF71AF87B6893F930301846FFF714F82E
S315000164307B6893F932301846FFF70EF87B6893F9BB
S3150001644031301846FFF708F87B68513318460BF0D0
S31500016450D6F900BF1837BD4680BDFFFFFFFFFFFF1E
S315000164602DE9B04FB6B000AF78671123C7F8D43025
S315000164706423C7F8BC300123C7F8D0300023C7F81E
S31500016480CC304FF000024FF00003C7E92C234FF048
S3150001649000024FF00003C7E92A230023C7F888301A
S315000164A0002387F8CB30002387F8A730002387F82D
S315000164B0A6300023C7F884304FF000024FF00003E6
S315000164C0C7E926234FF000024FF00003C7E9242352
S315000164D04FF000024FF00003C7E93023012387F88C
S315000164E08F3007F17C0200231360536007F17C03B0
S315000164F018460AF007FEAC4B9A6907F1880319465C
S3150001650001209047C7F8D400D7F8D430002B02D029
S31500016510D7F8D4303DE1D7F8883000229A46934621
S31500016520D7F8BC3000229846914608FB0BF20AFBCD
S3150001653009F31344AAFB08452B441D46C7E92A451E
S31500016540C7E92A457B6F5B680022BB65FA65D7E917
S315000165501623D7E92A0125F0E7F802460B46C7E9D3
S3150001656026237B6F5A68914B9A422DD1D7F88030FA
S3150001657000223B657A65D7F8A830D7E914452A4643
S3150001658002FB03F2D7F8AC30214601FB03F31A44B0
S31500016590D7F8A8302146A3FB0131F966BB66FB6E2D
S315000165A0D318FB667EA3D3E90023D7E91A0125F0A8
S315000165B0BBF802460B469118B9615B41FB61D7E90D
S315000165C00634C7E9303496E0FB6F0022BB64FA64F7
S315000165D0D7F8A830D7E912452A4602FB03F2D7F8C5
S315000165E0AC30214601FB03F31A44D7F8A830214603
S315000165F0A3FB013179663B667B6ED3187B6668A384
S31500016600D3E90023D7E9180125F08EF802460B4697
S31500016610911839615B417B61D7E90434C7E93034AC
S3150001662069E097F88F2097F8CB30002B0CBF012338
S315000166300023DBB213449A1CD7F8BC30DBB202FB51
S3150001664003F35B000022BB60FA60D7E90234C7E9B5
S315000166502434D7E92601D7E93023841A3C6461EB57
S3150001666003037B64D7F8D0300022BB63FA63D7E912
S315000166700E23D7E9100125F057F802460B461046BE
S315000166801946D7E92423841A3C6061EB03037B6036
S31500016690D7E90034C7E92C34D7F8BC30013B0022D6
S315000166A03B637A63D7E92C23D7E90C452146891840
S315000166B0B962294641EB0303FB62D7F8BC300022DD
S315000166C03B627A62D7E90823D7E90A0125F02CF85B
S315000166D002460B461346C7F8CC30D7F8CC30402BD0
S315000166E00ED9D7F8D0305B00C7F8D03097F8CB3049
S315000166F0013387F8CB30D7F8D030802B91D900E021
S3150001670000BFD7F8D030802B41D8D7F8CC305B0802
S3150001671087F8A630D7F8CC30DAB297F8A630D31A74
S3150001672087F8A7307B6F9B8907F184021946D7F852
S31500016730D00001F01FF97B6FDB6A97F8A62011469E
S315000167401846FFF7C7FA7B6FDB6A97F8A720114651
S315000167501846FFF7D1FA7B6FDB6A97F8CB20114613
S315000167601846FFF7DBFA7B6FDB6A97F88F20114635
S315000167701846FFF730FB7B6FDB6AD7F88420D2B26D
S3150001678011461846FFF763FB0023C7F8D430D7F844
S31500016790D4301846D837BD46BDE8B08FAFF3008078
S315000167A000CA9A3B00000000ECD6030040420F00ED
S315000167B080B588B000AF78607B685B69FB61FB6977
S315000167C0002B20D07B6893F84930DBB283F00103BC
S315000167D0DBB2002B17D00023BB75FB699B689B6955
S315000167E0FA69126807F1100110469847BB7D002B24
S315000167F009D0FB699B685B69FA691268104698477C
S315000168007B680122DA637B689B69BB61BB69002BEC
S315000168101DD07B6893F84930DBB2002B17D00023DB
S31500016820BB73BB699B689B69BA69126807F108016A
S3150001683010469847BB7B002B09D0BB699B685B69F7
S31500016840BA691268104698477B680122DA637B6849
S31500016850DB6B002B0BD17B6893F84C30DBB2002B42
S3150001686005D17B6893F84B30DBB2002B19D07868E1
S3150001687000F094F901217868FFF7A4FD7B680022F6
S31500016880DA637B6893F846207B6883F848207B6847
S315000168909A6B7B681A647B68002283F84C2012236A
S315000168A000E0002318462037BD4680BD80B584B080
S315000168B000AF786039600023FB600023BB603B6852
S315000168C09B69002B09D03968786800F0F3FEF860FF
S315000168D0FB68002B01D0FB681BE03B685B69002B62
S315000168E016D03968786800F095FFB860BB68002B50
S315000168F00ED03B689B69002B08D03B689B699B685F
S31500016900DB693A689269126810469847BB6800E0ED
S31500016910002318461037BD4680BDFFFF80B584B001
S3150001692000AF786039600023FB6038680AF03EFDED
S315000169307B68DB6A00211846FEF72AFE7B68DB6A64
S3150001694001211846FEF749FE7B68DB6A1846FEF709
S31500016950E1FF7B6893F9333018460AF0BBFE7B688A
S3150001696093F933301846FEF79BFD7B6893F9303077
S3150001697018460AF0AFFE7B6893F930301846FEF7E9
S315000169808FFD7B6893F9323018460AF0A3FE7B68C7
S3150001699093F932301846FEF783FD7B6893F931305F
S315000169A018460AF097FE7B6893F931301846FEF7D0
S315000169B077FD7B68DB6A01211846FEF7E9FD7868F9
S315000169C0FFF74EFDF860FB68002B01D0FB6832E053
S315000169D07B685B681A4A934205D17B68DB6A0121B1
S315000169E01846FFF722FA7B68D86A7B6893F852301B
S315000169F01A460221FEF716FE7B68DB6A012118465C
S31500016A00FFF7A1F97B68DB6A01211846FFF7ADF9AB
S31500016A107B68DB6A00211846FFF7B9F97B68DB6AF8
S31500016A2001211846FFF7C5F97B68DB6A0021184684
S31500016A30FEF7D3FDFB6818461037BD4680BD00BF83
S31500016A4040420F0080B584B000AF78607B68DB6A96
S31500016A501846FEF730FF7B6893F933301846FEF788
S31500016A60FBFC7B6893F930301846FEF7F5FC7B6832
S31500016A7093F932301846FEF7EFFC7B6893F9313013
S31500016A801846FEF7E9FC0023FB6015233B737B6880
S31500016A901B78FB8100237B7307F10C0318460AF070
S31500016AA077FC07F10C0318460AF0E4FE00BF103725
S31500016AB0BD4680BD80B582B000AF78607B68D86A7C
S31500016AC07B6893F9333001221946FEF74CFE7B6849
S31500016AD0D86A7B6893F9303001221946FEF76DFEBC
S31500016AE07B68D86A7B6893F9323000221946FEF733
S31500016AF08EFE7B68D86A7B6893F93130012219468C
S31500016B00FEF7AFFE00BF0837BD4680BD80B584B035
S31500016B1000AF78600B46FB700023FB737B68D86A75
S31500016B207B6893F852301A460221FEF77BFD21E07D
S31500016B307B68DB6A1846FEF720FF06E07B68DB6AA6
S31500016B401846FEF7BAFF0346FB737B68DB6A1846F5
S31500016B50FEF735FF034683F00103DBB2002B06D0B7
S31500016B60FB7BDBB283F00103DBB2002BE6D1FB78C2
S31500016B70013BFB70FB78002BDAD17B68DB6A184698
S31500016B80FEF7E9FE0346002B04D07B68DB6A184654
S31500016B90FEF7BBFF00BF1037BD4680BD80B584B090
S31500016BA000AF78607B68DB6A1846FEF784FE7B6877
S31500016BB093F933301846FEF74FFC7B6893F9303072
S31500016BC01846FEF749FC7B6893F932301846FEF702
S31500016BD043FC7B6893F931301846FEF73DFC7B6830
S31500016BE0DB6A1846FEF7A8FE0346002B3DD07B68FC
S31500016BF0DB6A1846FEF770FF0346FB73FB7B092B26
S31500016C0004D0FB7B19467868FFF780FF7B68DB6A57
S31500016C101846FEF77DFD7B68D86A7B6893F852308B
S31500016C201A460221FEF7FEFC0023BB7306E07B68D1
S31500016C30DB6A1846FEF741FF0346BB737B68DB6AD6
S31500016C401846FEF72BFF0346002B06D0BB7BDBB2B3
S31500016C5083F00103DBB2002BE9D1BB7BDBB2002B56
S31500016C6003D009217868FFF751FF7B68DB6A0021B1
S31500016C701846FEF78DFC7B68DB6A01211846FEF794
S31500016C80ACFC7B68DB6A1846FEF744FE7B6893F929
S31500016C90333018460AF01EFD7B6893F933301846E7
S31500016CA0FEF7FEFB7B6893F9303018460AF012FDB9
S31500016CB07B6893F930301846FEF7F2FB7B6893F94F
S31500016CC0323018460AF006FD7B6893F932301846D1
S31500016CD0FEF7E6FB7B6893F9313018460AF0FAFCB9
S31500016CE07B6893F931301846FEF7DAFB7B68DB6A7D
S31500016CF001211846FEF74CFC7868FFF7B1FB7B686B
S31500016D005B681A4A934205D17B68DB6A0121184602
S31500016D10FFF78BF87B68D86A7B6893F852301A467E
S31500016D200221FEF77FFC7B68DB6A01211846FFF72B
S31500016D300AF87B68DB6A01211846FFF716F87B68BB
S31500016D40DB6A00211846FFF722F87B68DB6A01211E
S31500016D501846FFF72EF87B68DB6A00211846FEF716
S31500016D603CFC00BF1037BD4680BD00BF40420F004E
S31500016D7090B585B000AF78607B685B69FB60FB68A6
S31500016D80002B23D07B6893F84930DBB283F00103F3
S31500016D90DBB2002B1AD07B689B6B002B16D0FB68ED
S31500016DA09B685C68FB6818687B68596B7B68DB6B62
S31500016DB09BB20022A0477B680022DA637B689A6B4C
S31500016DC07B681A647B68012283F84F2000BF143761
S31500016DD0BD4690BD90B585B000AF78607B689B6974
S31500016DE0FB60FB68002B23D07B6893F84930DBB24C
S31500016DF0002B1DD07B689B6B032B19D9FB689B6805
S31500016E005C68FB6818687B685A6B7B689B6B9BB2F6
S31500016E10033B9BB20021A0477B680322DA637B68B0
S31500016E209B6BDA1E7B681A647B68012283F84E200D
S31500016E3000BF1437BD4690BD80B584B000AF786001
S31500016E407C23FB600123FB727B68002283F84820C8
S31500016E507B6800221A647B689A6B7B68DA637B68BD
S31500016E6093F846207B6883F847207B68002283F8E5
S31500016E704B207B68002283F84D207B68002283F833
S31500016E804E207B68002283F84F207B68002283F81E
S31500016E9050207B6893F84C30DBB283F00103DBB200
S31500016EA0002B52D00DE07B68DB6A1846FEF703FF24
S31500016EB0034683F00103DBB2002B06D1FB68013BDD
S31500016EC0FB60FB68002BEED100E000BFFB68002BE6
S31500016ED006D17B68513318460AF091FC082371E00C
S31500016EE07B68DB6A1846FEF715FD7B6893F933303C
S31500016EF018460AF0EFFB7B6893F933301846FEF724
S31500016F00CFFA7B6893F9303018460AF0E3FB7B68C9
S31500016F1093F930301846FEF7C3FA7B6893F932309D
S31500016F2018460AF0D7FB7B6893F932301846FEF70C
S31500016F30B7FA7B6893F9313018460AF0CBFB7B68C8
S31500016F4093F931301846FEF7ABFA7B68D86A7B684D
S31500016F5093F852301A460221FEF764FB7868FFF770
S31500016F60A9FD7B6893F84C30DBB283F00103DBB2F9
S31500016F70002B05D07B68DB6A1846FEF796FB03E01B
S31500016F807B68002283F84C207B68DB69002B18D1D3
S31500016F9007E07B6893F85130DBB2002B01D1002367
S31500016FA0FB72FB7ADBB2002BF3D17B6893F84B3093
S31500016FB0DBB2002B05D07B68002283F84B2012231D
S31500016FC000E0002318461037BD4680BD80B588B065
S31500016FD000AFF8607B600B46FB721346BB72002361
S31500016FE0BB61144B1B6907F11802F97AF8689847D7
S31500016FF0F86197F91820BB6A1A70FB69002B14D146
S31500017000BB6A93F90030BA7A11461846FEF766FA5A
S31500017010BB6A93F9003007F1140211461846FEF7D0
S31500017020A1FA7B691B687A681A60FB6918462037E2
S31500017030BD4680BDD486040080B584B000AF7860BB
S315000170407B6893F84D30DBB283F00103DBB2002B92
S3150001705027D07B689B6B022B04D87B68DB6A1846BA
S31500017060FEF767FD7B68DB6B012B05D17B68DB6A6D
S315000170701846FEF79FFD04E07B68DB6A1846FEF7BB
S31500017080C0FD7868FFF7A6FE7B68DB6A1846FEF747
S315000170901BFB0346FB73FB7B7B68012283F84D20B8
S315000170A011E07B6893F84E30DBB2002B04D07B688D
S315000170B0002283F84E2006E07B68DB6B002B02D0B2
S315000170C0786800F0C3F900BF1037BD4680BD80B5B2
S315000170D082B000AF78607B6893F84730002B03D00D
S315000170E0786800F00CFA3FE07B6893F84930DBB230
S315000170F083F00103DBB2002B36D07B6893F84F3067
S31500017100DBB2002B04D07B68002283F84F2018E005
S315000171107B68DB6B002B14D07B68D86A7B685A6B63
S315000171207B681B6C13441B781946FEF7E2FA7B68F1
S315000171301B6C5A1C7B681A647B68DB6B5A1E7B6866
S31500017140DA637B68DB6B002B0ED17B6893F93130F8
S315000171501846FEF781F97B68DA6A7B6893F9323063
S3150001716019461046FEF78CFD00BF0837BD4680BDA7
S3150001717080B582B000AF78607B6893F84930DBB2A6
S31500017180002B17D07B6893F84730012B12D17B680F
S3150001719093F85030DBB283F00103DBB2002B09D048
S315000171A07B68DB6A1846FEF7CFFA7B68012283F813
S315000171B050202DE07B68DB6B002B29D17B6893F88F
S315000171C04A30DBB2002B1ED07B6893F9313018466A
S315000171D00AF080FA7B6893F931301846FEF760F9B8
S315000171E07B68DB6A1846FEF7AFFA7B68D86A7B686C
S315000171F093F852301A460021FEF714FA7B680122F1
S3150001720083F84C2004E07B68DB6A1846FEF780FAB7
S315000172107B68DB6A1846FEF75BFB7B68D86A7B688E
S3150001722093F9323000221946FEF7F1FA00BF08370A
S31500017230BD4680BD80B584B000AF78607B68DB6AEF
S315000172401846FEF7CEFB0346FB73FB7B03F01303E5
S31500017250002B1FD07B68012283F84B20FB7B03F0B8
S315000172600103002B04D07B68012283F853200DE033
S31500017270FB7B03F01003002B04D07B68102283F8FC
S31500017280532003E07B68022283F853207868FFF7D6
S315000172908FFA23E0FB7B03F00803002B0AD17B68FE
S315000172A093F84C30DBB2002B18D0FB7B03F00403C0
S315000172B0002B13D07B68DB6A1846FEF767FC7B68F8
S315000172C093F84930DBB2002B01D0022300E00323FF
S315000172D0BB73BB7B19467868FFF774F800BF10379C
S315000172E0BD4680BD80B584B000AFEFF305837B60FA
S315000172F07B68184622F018FCFEF71AF90346184671
S315000173000AF0E8F900233B60FEF712F903461A4634
S315000173103B4619461046FEF725F93B681B681B6874
S31500017320FB60F868FFF788FEEFF30583BB60BB6877
S31500017330184622F0F7FB00BF1037BD4680BD80B569
S3150001734084B000AFEFF305837B607B68184622F0BB
S31500017350EBFBFEF7EDF8034618460AF0BBF90023EE
S315000173603B60FEF7E5F803461A463B4619461046CA
S31500017370FEF7F8F83B681B681B68FB60F868FFF7C7
S31500017380A6FEEFF30583BB60BB68184622F0CAFB75
S3150001739000BF1037BD4680BD80B584B000AFEFF3A6
S315000173A005837B607B68184622F0BEFB00233B60A9
S315000173B0FEF7BEF803461A463B4619461046FEF747
S315000173C0D1F83B681B681B68FB60F868FFF7D0FEC5
S315000173D0FEF7AEF8034618460AF07CF9EFF305838B
S315000173E0BB60BB68184622F09DFB00BF1037BD4647
S315000173F080BD80B584B000AFEFF305837B607B6809
S31500017400184622F091FB00233B60FEF791F80346F4
S315000174101A463B4619461046FEF7A4F83B681B6818
S315000174201B68FB60F868FFF705FFFEF781F8034666
S3150001743018460AF04FF9EFF30583BB60BB6818469F
S3150001744022F070FB00BF1037BD4680BD90B583B0FA
S3150001745000AF78607B68DB6B032B05D17B68DB6A49
S315000174601846FEF766FB27E07B68DB6B022B05D12E
S315000174707B68DB6A1846FEF79DFB1DE07B68DB6BCC
S31500017480012B19D17B6893F84A30DBB2002B09D066
S315000174907B68DB6A1846FEF757F97B68012283F899
S315000174A04C2009E07B68DB6A1846FEF760FB7B68C7
S315000174B0DB6A1846FEF72CF97B68D96A7B685A6B3A
S315000174C07B681B6CD4180846FEF7FEF8034623704A
S315000174D07B68DB6B012B04D17B68DB6A1846FEF700
S315000174E037FB7B681B6C5A1C7B681A647B68DB6BF9
S315000174F05A1E7B68DA6300BF0C37BD4690BD80B566
S3150001750084B000AF78607B6893F84630032B17D1BF
S315000175107B6893F84830022B12D17B6893F8503080
S31500017520DBB283F00103DBB2002B09D07B68DA6A98
S315000175307B6893F9323019461046FEF7A1FB47E006
S315000175407B6893F84430FB737B6893F84630012BD4
S315000175501ED97B6893F84830002B04D17B6893F8D9
S315000175604530FB7314E07B6893F84830022B0BD14E
S315000175707B6893F84630032B06D17B6893F8453038
S3150001758043F00103FB7303E07B6893F84430FB731C
S315000175907B6893F84730012B02D17868FFF7E8FB47
S315000175A07B68DB6AFA7B11461846FEF7A2F87B6810
S315000175B093F848300133DAB27B6883F848207B6858
S315000175C093F84730013BDAB27B6883F8472000BF66
S315000175D000BF1037BD4680BD80B58AB002AF786066
S315000175E039600023BB613B681B787B8300237B7674
S315000175F015233B7607F1080300221A605A609A6048
S31500017600DA602B4BDB6807F1080107F11802104617
S315000176109847F861FB69002B01D0FB6944E03B68A0
S315000176209A7B7B68303307F1180000937B68012150
S31500017630FFF7CCFCF861FB69002B01D0FB6933E055
S315000176403B68DA7B7B68313307F1180000937B686E
S315000176500321FFF7BBFCF861FB69002B01D0FB6935
S3150001766022E03B681A7C7B68323307F118000093ED
S315000176707B680221FFF7AAFCF861FB69002B01D0A8
S31500017680FB6911E03B685A7C7B68333307F11800CC
S3150001769000937B680021FFF799FCF861FB69002BD9
S315000176A001D0FB6900E0FB6918462037BD4680BD65
S315000176B0D4860400B0B592B000AF7860396000237B
S315000176C07B6400237B6300233B633B681B787B86DB
S315000176D0002387F83130152387F8303007F120036E
S315000176E000221A605A609A60DA60494BDB6807F13A
S315000176F0200107F130021046984738643B6C002B95
S3150001770001D03B6C80E03B689B699B68002B01D1F3
S31500017710012379E03B689B691B68002B01D101239A
S3150001772072E03B689B695B68002B01D101236BE02A
S315000177303B689B695B681B68002B01D1012363E0F1
S315000177407B6893F8303087F83F3097F93F3013F173
S31500017750210F01D1012357E03B689B695B681B68D8
S31500017760BB632B4B1B6907F1340207F13000012182
S31500017770984738643B6C002B01D03B6C44E07B6836
S31500017780DB6A1846FEF770FA7864BA6BD37823F091
S31500017790C003D370BA6B9378022161F383039370AC
S315000177A0BA6BD37823F00C03D370BB6B7A6C5A6037
S315000177B0BA6B937823F020039370BA6BD37823F0D6
S315000177C03003D3703B689B695B6807F10C041D4667
S315000177D00FCD0FC42B682360FB8E3B820023BB7445
S315000177E000237B613B689B699B681B683A689269C9
S315000177F0126807F10C011046984738643B6C002B60
S3150001780001D03B6C00E0002318464837BD46B0BDA9
S31500017810D4860400B0B592B000AF78603960002319
S315000178207B6400237B6300233B633B681B787B8679
S31500017830002387F83130152387F8303007F120030C
S3150001784000221A605A609A60DA60494BDB6807F1D8
S31500017850200107F130021046984738643B6C002B33
S3150001786001D03B6C80E03B685B699B68002B01D1D2
S31500017870012379E03B685B691B68002B01D1012379
S3150001788072E03B685B695B68002B01D101236BE009
S315000178903B685B695B681B68002B01D1012363E0D0
S315000178A07B6893F8313087F83F3097F93F3013F111
S315000178B0210F01D1012357E03B685B695B681B68B7
S315000178C0BB632B4B1B6907F1340207F1300003211F
S315000178D0984738643B6C002B01D03B6C44E07B68D5
S315000178E0DB6A1846FEF7B4F97864BA6BD37823F0ED
S315000178F0C003D370BA6B937823F00C039370BB6B00
S315000179007A6C9A60BA6BD378022161F38303D370E0
S31500017910BA6B937823F020039370BA6BD37823F074
S315000179203003D3703B685B695B6807F10C041D4645
S315000179300FCD0FC42B682360FB8E3B820023BB74E3
S3150001794000237B613B685B699B681B683A685269E7
S31500017950126807F10C011046984738643B6C002BFE
S3150001796001D03B6C00E03B6C18464837BD46B0BDC4
S31500017970D486040080B588B000AFF8600B467A6003
S315000179807B8100233B61114B9B6907F11002114674
S31500017990012098473A69FB68B2FBF3F3BB610C4AD5
S315000179A0BB69B2FBF3F37B617A897B69B2FBF3F3C3
S315000179B0FB617B89002B02D0FB690133FB617B688C
S315000179C0FA691A6000BF2037BD4680BDECD60300B8
S315000179D000CA9A3B80B483B000AF786039607B6897
S315000179E0002B01D1012312E03B68002B01D10123B9
S315000179F00DE03B685B68094A934201D9012306E021
S31500017A003B685B6A002B01D1012300E00023184685
S31500017A100C37BD465DF8047B704700BF40420F003E
S31500017A2080B483B000AF0346FB7197F90730002B92
S31500017A300BDBFB7903F01F02074997F907305B0956
S31500017A40012000FA02F241F8232000BF0C37BD469F
S31500017A505DF8047B704700BF00E100E080B483B0AD
S31500017A6000AF0346FB7197F90730002B12DBFB7958
S31500017A7003F01F020A4997F907305B09012000FA52
S31500017A8002F2203341F82320BFF34F8F00BFBFF32B
S31500017A906F8F00BF00BF0C37BD465DF8047B704792
S31500017AA000E100E080B483B000AF03463960FB71AA
S31500017AB097F90730002B0ADB3B68DAB20C4997F9D4
S31500017AC007301201D2B20B4483F800230AE03B6867
S31500017AD0DAB20849FB7903F00F03043B1201D2B273
S31500017AE00B441A7600BF0C37BD465DF8047B704720
S31500017AF000E100E000ED00E080B485B000AFEFF3F7
S31500017B000383BB60BB687B603B1DFB60FB681B8816
S31500017B10C3F308039BB2DBB2103BDBB25BB2184680
S31500017B201437BD465DF8047B7047FFFF80B483B010
S31500017B3000AF03463960FB71064B1A6897F90730A7
S31500017B40DB001A443B681A6000BF0C37BD465DF87E
S31500017B50047B7047DCD7030080B483B000AF786044
S31500017B600B46FB70FB7803F00103D9B27A681378F0
S31500017B7061F3C303137000BF0C37BD465DF8047B88
S31500017B80704780B483B000AF78607A68537843F069
S31500017B908003537000BF0C37BD465DF8047B704708
S31500017BA080B483B000AF78607A68537843F00103FC
S31500017BB0537000BF0C37BD465DF8047B704780B437
S31500017BC083B000AF78607A68537843F0020353704C
S31500017BD000BF0C37BD465DF8047B704780B483B0A7
S31500017BE000AF78607A68537843F00403537000BF9E
S31500017BF00C37BD465DF8047B704780B483B000AF97
S31500017C0078607B681B78C3F30203DBB218460C3736
S31500017C10BD465DF8047B704780B483B000AF7860E1
S31500017C207A68936D43F48053936500BF0C37BD4664
S31500017C305DF8047B704780B483B000AF78607A68E2
S31500017C40936D23F48053936500BF0C37BD465DF8F1
S31500017C50047B704780B483B000AF78600B46FB703D
S31500017C6013463B80FB7803F00103D9B27A68936D22
S31500017C7061F38E3393657B683A88A3F8682000BF69
S31500017C800C37BD465DF8047B704780B483B000AF06
S31500017C9078607A68936D43F01003936500BF0C37E3
S31500017CA0BD465DF8047B704780B483B000AF786051
S31500017CB00B46FB7013463B80FB7803F00103D9B2F8
S31500017CC07A68936D61F3861393657B683A88A3F8A6
S31500017CD06C2000BF0C37BD465DF8047B704780B44D
S31500017CE083B000AF78600B46FB70FB7803F00103AD
S31500017CF0D9B27A68936D61F34D33936500BF0C3742
S31500017D00BD465DF8047B704780B483B000AF7860F0
S31500017D100B46FB70FB7803F00103D9B27A68936DC9
S31500017D2061F34513936500BF0C37BD465DF8047BCF
S31500017D30704780B483B000AF786039603A687B6879
S31500017D40DA6500BF0C37BD465DF8047B704780B429
S31500017D5083B000AF786039607B683A685A6600BFC5
S31500017D600C37BD465DF8047B704780B483B000AF25
S31500017D7078607B68DB6D18460C37BD465DF8047B81
S31500017D80704780B483B000AF78607B685B6E18463D
S31500017D900C37BD465DF8047B704780B483B000AFF5
S31500017DA078600B46FB701346BB70FB7803F0070344
S31500017DB0D9B27A68936D61F30A239365BB7803F0B0
S31500017DC00703D9B27A68936D61F30203936500BF25
S31500017DD00C37BD465DF8047B704780B483B000AFB5
S31500017DE078607B68DB6E9BB218460C37BD465DF842
S31500017DF0047B704780B483B000AF78607B681B7CDE
S31500017E00C3F30303DBB218460C37BD465DF8047BAA
S31500017E10704780B483B000AF78600B46FB70FB7887
S31500017E2003F00303D9B27A68936D61F3196393651D
S31500017E3000BF0C37BD465DF8047B704780B483B044
S31500017E4000AF78607B689B6DC3F30163DBB21846B4
S31500017E500C37BD465DF8047B704780B483B000AF34
S31500017E6078600B46FB701346BB70FB7803F0030387
S31500017E70D9B27A68936D61F31D739365BB7803F08C
S31500017E800303D9B27A68936D61F39B63936500BF6F
S31500017E900C37BD465DF8047B704780B483B000AFF4
S31500017EA0786039607B683A681A6600BF0C37BD4650
S31500017EB05DF8047B704780B483B000AF78600B46F1
S31500017EC0FB70FA787B681A6700BF0C37BD465DF810
S31500017ED0047B704780B483B000AF78600B46FB70BB
S31500017EE07B68FA789A7300BF0C37BD465DF8047B50
S31500017EF0704780B483B000AF786039607B683A68B8
S31500017F00C3F88C2000BF0C37BD465DF8047B704773
S31500017F1080B483B000AF78607B68D3F88C301846A4
S31500017F200C37BD465DF8047B704780B483B000AF63
S31500017F3078607B68DB7BDBB218460C37BD465DF8A3
S31500017F40047B704780B483B000AF78607B68D3F858
S31500017F50903018460C37BD465DF8047B704780B4F7
S31500017F6083B000AF78600B46FB707B68FA78DA73F2
S31500017F7000BF0C37BD465DF8047B704780B483B003
S31500017F8000AF78600B46FB70FA787B68C3F89020E7
S31500017F9000BF0C37BD465DF8047B704780B487B0DF
S31500017FA000AFF860B9607A60FB685B7ADBB21B02EE
S31500017FB0FB82FB689B7ADBB2BB82FA8ABB8A1343DC
S31500017FC09AB2BB681A80FB68DB79DBB21B02FB82C3
S31500017FD0FB681B7ADBB2BB82FA8ABB8A13439AB26D
S31500017FE07B681A8000BF1C37BD465DF8047B70476D
S31500017FF080B483B000AF78600B467B8013463B802C
S315000180003B881B0A9BB2DAB27B68DA713B88DAB22B
S315000180107B681A727B881B0A9BB2DAB27B685A723A
S315000180207B88DAB27B689A7200BF0C37BD465DF871
S31500018030047B704780B58EB000AF786039607B688D
S315000180407B63002387F833300023FB623968786B42
S3150001805000F0FCFBB862BB6A002B01D0BB6A2AE1C7
S315000180607B6B1B78002B01D0082324E100233B62A4
S3150001807000237B84002387F82130452387F82030AD
S3150001808007F1100300221A605A609A60DA608C4B7D
S31500018090DB6807F1100107F1200210469847B86224
S315000180A0BB6A002B01D0BB6A05E13A697B6B5A6159
S315000180B007F12003184609F0AFFBB862BB6A002B33
S315000180C001D00A23F7E07F4A7B6B93607D4B7E4AA2
S315000180D05A607C4B7D4A1A600023BB60784B1B6952
S315000180E007F1080207F12000002198473B7A87F83B
S315000180F0273097F9273013F1210F04D107F1200317
S31500018100184609F0B7FB97F9273013F1210F01D172
S315000181100B23D0E007F10C0297F9273011461846D8
S31500018120FFF704FD3B685B791A4697F9273011463C
S315000181301846FFF7B7FCFB681B68624A1A60604B7A
S315000181401B6907F1080207F12000012198473B7AD4
S3150001815087F8263097F9263013F1210F04D107F15C
S315000181602003184609F086FB97F9263013F1210FF3
S3150001817001D10B239FE007F10C0297F92630114636
S315000181801846FFF7D3FC3B689B791A4697F92630C8
S3150001819011461846FFF786FCFB681B68494A1A60B8
S315000181A03B68DA787B6B1A767B6B0022DA617B6B34
S315000181B000221A627B6B00229A847B6B002283F871
S315000181C0262007F12003184609F0F0F87B6B5B695E
S315000181D0002200211846FFF70BFF7B6B5B691846EF
S315000181E0FFF7CFFC7B6B5B6900211846FFF7AFFDFC
S315000181F07B6B5B6900211846FFF79BFD7B6B5B6917
S3150001820000211846FFF749FE7B6B5B690121184681
S31500018210FFF7A2FC7B6B5A693B68DB78194610466F
S31500018220FFF7F7FD3B68DB78012B07D17B6B5A69BA
S315000182303B681B7919461046FFF73DFE7B6B586973
S315000182403B6859783B689B781A46FFF7A6FD97F875
S31500018250333063F01F0387F8333097F8333043F038
S31500018260080387F8333097F926301846FFF7D8FB0D
S315000182707B6B5B6997F8332011461846FFF72AFE98
S31500018280FB6A43F00403FB6297F927301846FFF7B0
S31500018290C7FB7B6B5B69F96A1846FFF72AFE3B68E9
S315000182A09A687B6B9A607B6B01221A703B68DA686D
S315000182B07B6B1A61002318463837BD4680BD00BF67
S315000182C0D48604005C06FE1FFD8D01006F8C010043
S315000182D080B588B000AFF860B9607A60FB68BB61B1
S315000182E00023FB610023FB827A68B968B86900F054
S315000182F0DBFAF861FB69002B01D0FB6947E0BB693A
S315000183001B7803F04003DBB2002B02D0BB695B682C
S315000183103DE0BB695B69BA6811461846FFF717FD70
S31500018320BB697A681A62BB691B7803F02003DBB26A
S31500018330002B2BD0BB69DB69002B27D007F1160375
S315000183401946B86900F000FBF861FB69002B1DD1E5
S31500018350BB691B78202B0DD1BB695B691846FFF7FA
S3150001836004FD0346002B11D0FB8A1946B86900F0BB
S3150001837091FB0BE0BB691B7803F01003DBB2002B0A
S3150001838004D0FB8A1946B86900F0DBFBFB69184685
S315000183902037BD4680BD80B584B000AF78603960B6
S315000183A07B68FB603B68002B01D101232FE0FB6852
S315000183B0002B01D101232AE0FB681B78002B01D198
S315000183C0072324E0FB681B7803F04003DBB2002B94
S315000183D002D0FB685B681AE0FB685B691846FFF729
S315000183E00CFC0346022B09D1FB685B691846FFF7B3
S315000183F0F4FC03465A003B681A6007E0FB685B69B8
S315000184001846FFF7EAFC02463B681A600023184645
S315000184101037BD4680BD80B586B000AFF860B96043
S315000184207A60FB687B61BB68002B01D101233FE0C9
S315000184307B69002B01D101233AE07B691B78002B74
S3150001844001D1072334E07B6803F00703002B02D038
S3150001845040F2EB332CE0BB6803F00703002B02D09C
S3150001846040F2EB3324E07B691B7803F04003DBB277
S31500018470002B02D07B695B681AE07B695B69B9688E
S315000184801846FFF756FC7B691B78012B04D17968E6
S31500018490786900F0C3FA0AE07B691B7803F00803E8
S315000184A0DBB2002B03D07968786900F025FB002345
S315000184B018461837BD4680BD80B584B000AF7860D8
S315000184C00B46FB701346BB707B68FB60FB68002B99
S315000184D001D1012325E0FB681B78002B01D107237D
S315000184E01FE0FB78032B01D903231AE0BB78032B8A
S315000184F001D9032315E0FB681B7803F04003DBB2C7
S31500018500002B02D0FB685B680BE0FB68FA7883F806
S315000185102620FB685B69FA78B9781846FFF79DFC57
S31500018520002318461037BD4680BD80B586B000AF22
S315000185307860396000237B610023FB817B683B61A6
S315000185403968386900F0E3F978617B69002B01D05D
S315000185507B694DE03B691B7803F04003DBB2002BDE
S3150001856002D03B695B6843E03B695B691846FFF7EC
S3150001857065FC0346012B03D13B689B003B6002E08F
S315000185803B685B003B603B6803F00703002B02D0AE
S3150001859040F2EB332CE03B693A68DA613B695B698F
S315000185A039681846FFF779FC3B695B691846FFF79E
S315000185B0E8FB0346002B1AD03B695B691846FFF7B7
S315000185C0D4FB0346002B12D03B691B6A002B0ED04D
S315000185D007F10E031946386900F0B6F978617B692F
S315000185E0002B04D1FB891946386900F053FA7B69DF
S315000185F018461837BD4680BD80B588B000AF786093
S315000186007B68FB61FB69002B01D1012381E0FB69DA
S315000186101B78002B01D107237BE000237B6100231C
S31500018620FB8200237B7545233B75FB695B69002152
S315000186301846FFF74FFCFB695B6900211846FFF7F7
S3150001864058FCFB695B6900211846FFF788FCFB694A
S315000186505B6900211846FFF791FC0023FB602F4B55
S315000186601B6907F10C0207F11400002198473B7BB7
S31500018670FB7697F91B3013F1210F10D007F1100289
S3150001868097F91B3011461846FFF750FA97F91B3038
S315000186901846FFF7E3F93B691B6800221A601F4B76
S315000186A01B6907F10C0207F11400012198473B7B76
S315000186B0BB7697F91A3013F1210F10D007F110028A
S315000186C097F91A3011461846FFF730FA97F91A301A
S315000186D01846FFF7C3F93B691B6800221A60FB695C
S315000186E05B6901211846FFF7FAFAFB695B6901210B
S315000186F01846FFF709FB07F11403184608F048FE70
S31500018700FB6900221A7007F11403184609F0B2F842
S31500018710002318462037BD4680BD00BFD48604001D
S3150001872080B586B000AFF860B9607A60FB687B619E
S315000187307B69002B01D1012317E0BB68002B01D116
S31500018740012312E07B68002B01D101230DE07B6937
S315000187501B78002B01D1072307E07B695B697A68E7
S31500018760B9681846FFF71AFC002318461837BD46A4
S3150001877080BD80B485B000AF786039607B68FB60EE
S31500018780FB68002B01D1012319E03B68002B01D1C5
S31500018790012314E0FB681B78002B01D107230EE0AF
S315000187A0FB681A783B681A70FB681B7803F0400374
S315000187B0DBB2002B02D0FB685B6800E000231846A1
S315000187C01437BD465DF8047B704780B584B000AFB1
S315000187D0786039607B68FB60FB68002B01D101235F
S315000187E014E03B68002B01D101230FE0FB681B78E5
S315000187F0002B01D1072309E0FB685B691846FFF7E7
S31500018800FCF903461A463B681A70002318461037CE
S31500018810BD4680BD80B483B000AF78607B68002B15
S3150001882001D101230CE07B6800221A707B680222C9
S315000188305A707B6800229A707B680222DA700023E4
S3150001884018460C37BD465DF8047B704780B485B089
S3150001885000AF786039603B68002B01D101231DE030
S315000188607B68002B01D1012318E00023FB603B68E4
S31500018870DB78012B05D03B68DB78022B01D0032383
S31500018880FB603B685B78072B01D9032306E03B6855
S315000188909B78072B01D9032300E0FB6818461437A0
S315000188A0BD465DF8047B704780B485B000AFF860C3
S315000188B0B9607A60BB68002B01D1012321E0FB6816
S315000188C0002B01D101231CE0FB681B78002B01D191
S315000188D0072316E07B68002B02D140F25B4310E0D0
S315000188E07B6803F00703002B02D040F2EB3308E06C
S315000188F0BB6803F00703002B02D040F2EB3300E024
S31500018900002318461437BD465DF8047B704780B4D2
S3150001891083B000AF786039607B68002B01D10123F9
S315000189200CE03B68002B02D140F2EB3306E07B689A
S315000189301B78002B01D1072300E0002318460C37D2
S31500018940BD465DF8047B704780B586B000AF7860A0
S31500018950396000237B617B681A6A7B68DB69B2FB3D
S31500018960F3F33B827B685B6907F10C0207F10E01A9
S315000189701846FFF713FBBA897B689B8CD31A9BB207
S315000189803A8A9A4204D9BA897B689B8CD31A3B826C
S315000189907B685B691846FFF730F90346022B07D15E
S315000189A03B8A23F00F033B823B8A5B083B8203E051
S315000189B03B8A23F007033B823B683A8A1A803B8A4B
S315000189C0002B23D07B681B7E012B03D1FB899B00E7
S315000189D07B8202E0FB895B007B827B8A7A6892F864
S315000189E0262013411A467B68DB699A4211D97B68B6
S315000189F01B7843F04003DAB27B681A707B6840F259
S31500018A005C425A6040F25C437B6102E040F25B43A8
S31500018A107B617B6918461837BD4680BD80B584B039
S31500018A2000AF786039603B68002B22D03B684FF677
S31500018A30F87293421DD87B685B691846FFF768FA9E
S31500018A40F860FB6843F00203FB607B685B69F968C9
S31500018A501846FFF74EFA7B685B691846FFF7DCF8A4
S31500018A607B685B693A6892B201211846FFF7F2F812
S31500018A7004E07B685B691846FFF7DDF87B688022B6
S31500018A801A707B685B691846FFF78AF800BF1037D2
S31500018A90BD4680BD80B584B000AF78600B467B8053
S31500018AA07B685B691846FFF733FAF860FB6843F0A9
S31500018AB00103FB607B685B69F9681846FFF719FAE1
S31500018AC07B685B691846FFF7E0F87B685B697A8823
S31500018AD001211846FFF7E8F87B681B7843F002038B
S31500018AE0DAB27B681A707B685B691846FFF767F82C
S31500018AF000BF1037BD4680BD80B582B000AF78603B
S31500018B0039607B681B7823F00803DAB27B681A7038
S31500018B107B681B7843F00203DAB27B681A707B68C4
S31500018B205B693A6892B201211846FFF793F87B68B0
S31500018B305B6901211846FFF7D2F800BF0837BD4629
S31500018B4080BD80B582B000AF78600B467B807B68C4
S31500018B501B7823F01003DAB27B681A707B681B78E6
S31500018B6043F00203DAB27B681A707B685B697A8824
S31500018B7001211846FFF798F87B685B6901211846C1
S31500018B80FFF7C2F800BF0837BD4680BD80B584B087
S31500018B9000AF78600B467B8013463B807B685B6940
S31500018BA01846FFF72AF80346FB737B8803F0070391
S31500018BB0002B04D13B8803F00703002B0AD07B6806
S31500018BC01B7843F04003DAB27B681A707B6840F287
S31500018BD05C425A60FB7B062B17D0062B3CDC012B33
S31500018BE002D0022B22D037E07B8803F00F03002B43
S31500018BF034D07B681B7843F04003DAB27B681A7085
S31500018C007B6840F25C425A6028E07B8803F01F03D0
S31500018C10002B25D07B681B7843F04003DAB27B68D2
S31500018C201A707B6840F25C425A6019E07B8803F057
S31500018C300F03002B04D13B8803F00F03002B11D047
S31500018C407B681B7843F04003DAB27B681A707B6855
S31500018C5040F25C425A6005E000BF04E000BF02E05A
S31500018C6000BF00E000BF00BF1037BD4680BD80B524
S31500018C7088B000AF78607B68FB61FB695B69184669
S31500018C80FFF760F9B861FB695B6900211846FFF7D8
S31500018C9075F9FEF731FF0346184608F01BFDFB691F
S31500018CA01B7803F04003DBB2002B40F0A180BB69C7
S31500018CB003F00203002B23D0FB691B7823F0020388
S31500018CC0DAB2FB691A70FB691B7843F00803DAB262
S31500018CD0FB691A70FB695B6900211846FFF729F8E1
S31500018CE0FB699B68002B0BD0FB691B783B74FB6906
S31500018CF01B697B61FB699B6807F110021046984767
S31500018D00BB6903F00103002B47D00023FB60FB691D
S31500018D101B7823F00203DAB2FB691A70FB691B7830
S31500018D2043F01003DAB2FB691A70FB695B69002133
S31500018D301846FFF70CF807F10C031946F869FFF717
S31500018D402AFB0346002B55D1FB699A8CFB689BB223
S31500018D5013449AB2FB699A84FB695B6907F10802BD
S31500018D6007F10A011846FFF719F9FB699A8C3B8945
S31500018D709A4202D93A89FB699A84FB699B68002B5E
S31500018D800BD0FB691B783B74FB691B697B61FB6933
S31500018D909B6807F1100210469847BB6903F004036C
S31500018DA0002B28D0FB691B7823F00203DAB2FB699A
S31500018DB01A70FB691B7823F01003DAB2FB691A708B
S31500018DC0FB691B7843F00403DAB2FB691A70FB698D
S31500018DD09B68002B0FD0FB691B783B74FB691B69F1
S31500018DE07B61FB699B6807F110021046984702E018
S31500018DF000BF00E000BF2037BD4680BD80B588B00A
S31500018E0000AF786000233B830023FB827B68FB6114
S31500018E10FB695B691846FFF788F80346FB76FB6931
S31500018E205B6900211846FFF79AF8FB695B691846EA
S31500018E30FEF7D4FEFEF760FE0346184608F04AFC2C
S31500018E40FB7E03F02003002B1DD0FB6940221A7024
S31500018E50FB695B691846FEF7CDFF034603F24C42F8
S31500018E60FB695A60FB699B68002B72D0FB691B7812
S31500018E703B73FB691B693B61FB699B6807F10C024C
S31500018E801046984765E0FB7E03F00803002B53D09C
S31500018E90FB691B7803F07F03DAB2FB691A70FB6981
S31500018EA01B7843F02003DAB2FB691A70FB695B6930
S31500018EB007F1160207F118011846FFF76FF83B8B09
S31500018EC0FA8A1946F869FFF761FEFB699B68002B70
S31500018ED00BD0FB691B783B73FB691B693B61FB6923
S31500018EE09B6807F10C0210469847FB695B691846B7
S31500018EF0FEF73BFF0346002B1ED0FB691B6A002BC6
S31500018F001AD0FB69DB69002B16D000237B8107F1A0
S31500018F100A031946F869FFF717FD0346002B1AD114
S31500018F20FB691B7843F00203DAB2FB691A707B898D
S31500018F301946F869FFF7AEFDFB7E03F04003002BEF
S31500018F400AD0FB691B7823F00203DAB2FB691A70B7
S31500018F5002E000BF00E000BF2037BD4680BD80B4FF
S31500018F6085B000AFEFF30383BB60BB687B603B1D3D
S31500018F70FB60FB681B88C3F308039BB2DBB2103BA3
S31500018F80DBB25BB218461437BD465DF8047B704709
S31500018F9080B483B000AF03463960FB71064B1A6893
S31500018FA097F90730DB001A443B681A6000BF0C379B
S31500018FB0BD465DF8047B7047DCD7030080B584B0FD
S31500018FC000AFEFF305837B607B68184620F0ACFDAC
S31500018FD000233B60FFF7C3FF03461A463B4619468B
S31500018FE01046FFF7D5FF3B681B681B68FB60FB68F3
S31500018FF01B68FA68926810469847EFF30583BB60D1
S31500019000BB68184620F08EFD00BF1037BD4680BDF7
S3150001901080B584B000AFEFF305837B607B681846AB
S3150001902020F082FD00233B60FFF799FF03461A46B5
S315000190303B4619461046FFF7ABFF3B681B681B68AA
S31500019040FB60FB685B68FA68926810469847EFF325
S315000190500583BB60BB68184620F064FD00BF10376E
S31500019060BD4680BD80B483B000AF78600B467B807F
S315000190707B881B0A9BB2DBB25A017B6813441846F4
S315000190800C37BD465DF8047B704780B483B000AFF2
S3150001909078600B467B807B881B0A9BB2DBB21A0188
S315000190A07B88DBB213449A007B68134418460C375D
S315000190B0BD465DF8047B704780B485B000AF78602B
S315000190C00B46FB701346BB70BB78012B10D17B6836
S315000190D01B78FB73FB78DB43DAB2FB7B1340FB7334
S315000190E0FB7B03F03003FB737B68FA7B1A7010E09D
S315000190F0BB78002B0DD17B681B78FB73FA7BFB7861
S315000191001343FB73FB7B03F03003FB737B68FA7B32
S315000191101A7000BF1437BD465DF8047B704780B5F1
S3150001912086B000AFF860084611461A4603467B81B1
S315000191300B463B811346FB80FB6808337A8911464F
S315000191401846FFF78FFF7861FB881A043B891A439B
S315000191507B691A6000BF1837BD4680BD80B586B0F1
S3150001916000AF78600B467B807B6804337A881146B2
S315000191701846FFF777FF78617B691B683B613B699E
S315000191801B0C3B613B699BB23B613B69FB81FB89E4
S3150001919018461837BD4680BD80B586B000AFF86069
S315000191A0084611461A4603467B810B463B81134608
S315000191B0FB80FB6808337A8911461846FFF752FF90
S315000191C078617B6904337B61FB881A043B891A4306
S315000191D07B691A6000BF1837BD4680BD80B586B071
S315000191E000AFF860084611461A4603467B810B46D6
S315000191F03B811346FB8000237B61FB6808337A8938
S3150001920011461846FFF72EFF38613B6904333B616F
S315000192103B691B687B6197F82030012B0ED13B8996
S315000192207A6913437B61FB881B046FEA13436FEA78
S3150001923003431A467B6913407B610CE0FB881B04E0
S315000192407A6913437B613B896FEA03436FEA1343F0
S315000192507A6913407B613B697A691A6000BF1837E6
S31500019260BD4680BD80B584B000AF78600B467B807B
S315000192707B881946786800F0F9F8F860FB6803F016
S315000192800203002B01D0012300E00023184610370A
S31500019290BD4680BD80B586B000AF78600B467B8049
S315000192A07B6804337A8811461846FFF7DBFE78613E
S315000192B07B691B683B613B699BB23B613B69FB81F7
S315000192C0FB8918461837BD4680BD80B584B000AF0E
S315000192D078600B467B807B687A8811461846FFF7D3
S315000192E0C1FEF860FB681B68BB60BB689BB2BB60D4
S315000192F0BB689BB218461037BD4680BD80B586B0A7
S3150001930000AFF860B96011461A460B46FB8013465A
S315000193107B71FB881946F86800F0A8F878617B79BB
S31500019320002B04D17B6923F004037B6103E07B6995
S3150001933043F004037B617A69064B13407B61FA882B
S315000193407B69B968F86800F0A3F800BF1837BD4615
S3150001935080BD00BFD5FC011F80B584B000AF786029
S315000193600B467B8013463B807B687A8811461846FC
S31500019370FFF778FEF860FB681B68BB60BB681B0CD7
S315000193801B04BB603B88BA681343BB60FB68BA68C1
S315000193901A6000BF1037BD4680BDFFFF80B487B09D
S315000193A000AF786000237B61EFF31083FB60FB68FD
S315000193B07B6101233B613B6983F3108800BF0F4B3F
S315000193C01B889BB2002B05D17B680022DA707B6873
S315000193D04022DA70094B1B889BB201339AB2074BC4
S315000193E01A807B69BB60BB6883F3108800BF00BF2E
S315000193F01C37BD465DF8047B704700BF6806FE1F3B
S3150001940080B487B000AF786000237B61EFF31083EF
S31500019410FB60FB687B6101233B613B6983F3108839
S3150001942000BF114B1B889BB2002B06D00E4B1B882D
S315000194309BB2013B9AB20C4B1A800B4B1B889BB219
S31500019440002B05D17B680022DA707B688022DA70F6
S315000194507B69BB60BB6883F3108800BF00BF1C3704
S31500019460BD465DF8047B70476806FE1F80B584B073
S3150001947000AF78600B467B807B8819467868FFF7DA
S3150001948004FEF860FB681B6818461037BD4680BDB0
S3150001949080B588B000AFF860B9603B601346FB80C9
S315000194A0FB881946F868FFF7F0FDF861B868FFF721
S315000194B075FFFB691B68BB613B6803F48033002BB6
S315000194C00FD0BB697B617B6923F480337B61FB69C8
S315000194D07A691A603B6823F480337B61FB697A6998
S315000194E01A60FB693A681A60B868FFF789FF00BF1E
S315000194F02037BD4680BDFFFF80B588B000AF7860DC
S315000195007B68002B01D1012344E07B685B68002B5B
S3150001951001D101233EE00023FB6107F10C03002288
S315000195201A605A609A60DA600023FB8300237B7716
S3150001953009233B77194BDB6807F10C0107F11C0284
S3150001954010469847FB68164A1360BB69154A1360B3
S315000195503B8A1A46144B1A600A233B770F4BDB688A
S3150001956007F10C0107F11C0210469847FB680F4AE8
S31500019570136001237B77094BDB6807F10C0107F1C7
S315000195801C0210469847FB68094A1360786800F088
S3150001959011F8034618462037BD4680BDD48604001F
S315000195A0C004FE1FCC04FE1FD004FE1FC404FE1F10
S315000195B0C804FE1F90B585B000AF78607B68002BAC
S315000195C001D1012329E07B685B68002B01D10123CE
S315000195D023E0786800F020FB7B68BB600023FB81F9
S315000195E015E0104B1868104B1968BB685A68FB895F
S315000195F0DB0013449C88BB685A68FB89DB00134473
S315000196001B682246FFF744FFFB890133FB81BB68D8
S315000196101B88FA899A42E4D3002318461437BD46BB
S3150001962090BD00BFC404FE1FC804FE1F80B588B0EC
S3150001963000AF03463960FB800023FB61FB881846B7
S3150001964000F0A2FAF861FB69002B01D0FB6916E074
S31500019650FB883B823B68FB600123BB8207F10C035D
S31500019660BB6107F11403184600F0D6FA064B1868D9
S31500019670064B1968FA883B68FFF70AFF002318466C
S315000196802037BD4680BD00BFC404FE1FC804FE1FAF
S3150001969080B584B000AF03463960FB800023FB60D0
S315000196A0FB88184600F070FAF860FB68002B01D0C1
S315000196B0FB6810E03B68002B01D101230BE0084B4E
S315000196C01B68FA8811461846FFF7CCFD03461A4671
S315000196D03B681A70002318461037BD4680BD00BF8F
S315000196E0C404FE1F80B584B000AF03463960FB8019
S315000196F00023FB60FB88184600F074FAF860FB68EB
S31500019700002B01D0FB6810E03B68002B01D101233F
S315000197100BE0084B1B68FA8811461846FFF7BAFD9D
S3150001972003461A463B681A80002318461037BD4681
S3150001973080BD00BFC004FE1F80B584B000AF0346E4
S31500019740FB800B46BB8013467B807B88002B01D1B7
S31500019750032320E00023FB60FB88184600F042FA51
S31500019760F860FB68002B01D0FB6814E0BA887B889F
S3150001977013407B81B7F90430DB431AB2B7F90230E3
S3150001978013401BB23B81064B18683B897A89F988DD
S31500019790FFF7C5FC002318461037BD4680BD00BF44
S315000197A0C004FE1F80B586B000AF03460A46FB80A3
S315000197B013467B717B79012B01D903232BE000230F
S315000197C03B61FB88184600F0DFF938613B69002BE5
S315000197D001D03B691FE00023FB820023BB82FB888B
S315000197E023F0FF03FB81FB88DBB2BB81BB8901222E
S315000197F002FA03F37B817B79002B02D17B89BB8241
S3150001980001E07B89FB82064B1868BB8AFA8AF989D3
S31500019810FFF785FC002318461837BD4680BD00BFFB
S31500019820C004FE1F80B586B000AF0346FB800B4621
S31500019830BB8013467B807B88002B01D1032335E057
S3150001984000237B61FB88184600F0CCF978617B69BF
S31500019850002B01D07B6929E0164B1B68FA8811465B
S315000198601846FFF732FD03467B82BA887B88134090
S315000198703B82B7F90430DB431AB2B7F90230134021
S315000198801BB2FB817B8ABB81BA893B8A1343BB81AD
S31500019890FB89DB439AB2BB891340BB81054B1B682D
S315000198A0BA89F9881846FFF757FD00231846183775
S315000198B0BD4680BDC004FE1F80B584B000AF03461F
S315000198C00A46FB8013467B717B79002B04D07B799A
S315000198D0012B01D0032314E00023FB60FB8818460B
S315000198E000F052F9F860FB68002B01D0FB6808E034
S315000198F0064B1868064B19687B79FA88FFF7FEFC58
S31500019900002318461037BD4680BD00BFC404FE1FA4
S31500019910C804FE1F80B584B000AF03463960FB80E2
S315000199200023FB60FB88184600F05CF9F860FB68D1
S31500019930002B01D0FB6810E03B68002B01D101230D
S315000199400BE0084B1B68FA8811461846FFF706FC20
S3150001995003461A463B681A80002318461037BD464F
S3150001996080BD00BFC004FE1F80B586B000AF0346B0
S315000199703960FB8000237B61FB88184600F004F9FF
S3150001998078617B69002B01D07B692AE03B68002B5B
S3150001999001D1012325E0FB887B827B8A23F0FF032B
S315000199A07B827B8A3B82114B1B683A8A1146184699
S315000199B0FFF7D4FB0346FB81FB88DBB2012202FAE7
S315000199C003F3BB81FA89BB8913409BB2BA899A42D8
S315000199D003D13B6801221A7002E03B6800221A702B
S315000199E0002318461837BD4680BD00BFC004FE1FC0
S315000199F080B584B000AF0346FB800B46BB8013469F
S31500019A007B800023FB60FB88184600F0EBF8F860CA
S31500019A10FB68002B01D0FB6819E07B88002B01D184
S31500019A20032314E0BA887B8813407B81B7F904309D
S31500019A30DB431AB2B7F9023013401BB23B81064B26
S31500019A4018683B897A89F988FFF7A6FB002318462F
S31500019A501037BD4680BD00BFC004FE1F90B589B05A
S31500019A6002AF03460A46FB8013467B7100233B6126
S31500019A70FB88184600F088F838613B69002B01D055
S31500019A803B692EE07B79012B04D07B79002B01D039
S31500019A90032326E0FB88FB81FB8923F0FF03FB817F
S31500019AA0FB89BB810023FB820023BB827B79012BCF
S31500019AB006D1FB88DBB2012202FA03F3FB8205E041
S31500019AC0FB88DBB2012202FA03F3BB82074B18685B
S31500019AD0BC8AFA8AB9897B7900932346FFF77EFB14
S31500019AE0002318461C37BD4690BD00BFC004FE1FAB
S31500019AF080B483B000AF78607B68002B01D101236D
S31500019B000CE07B6800221A707B6802225A707B681F
S31500019B1000229A707B680222DA70002318460C37FD
S31500019B20BD465DF8047B704780B584B000AF03463F
S31500019B300A46FB711346BB7100233B7307F10C0305
S31500019B40184607F0BAFA3B7B03F00103DBB2002BA0
S31500019B5001D1062311E0FB79202B01D903230CE067
S31500019B60BB79012B01D9032307E0064B1B68BA79A0
S31500019B70F9791846FFF7A0FA002318461037BD46B3
S31500019B8080BD00BFC804FE1F80B487B000AF034686
S31500019B90FB80FB881B0A9BB27B61FB88DBB23B61C6
S31500019BA00E4B1B687A699A4211D23B691033012226
S31500019BB002FA03F3FB600A4B1A687B699B001344A4
S31500019BC01A68FB681340002B01D0002300E0032331
S31500019BD018461C37BD465DF8047B7047D004FE1F4E
S31500019BE0CC04FE1F80B485B000AF0346FB80FB8822
S31500019BF01B0A9BB2FB60074B1B68FA689A4201D2AB
S31500019C00002300E0032318461437BD465DF8047BA4
S31500019C10704700BFD004FE1F80B586B000AF7860E4
S31500019C200023FB730023BB7300237B6139E0002310
S31500019C303B6130E07B685A687B69DB0013449A8894
S31500019C4029493B6931F813309A4221D17B685A6818
S31500019C507B69DB0013441B6803F0F853BB60BB68E8
S31500019C60B3F1807F03D0BB68B3F1106F08D1012235
S31500019C703B6902FA03F3DAB2FB7B1343FB7307E09A
S31500019C8001223B6902FA03F3DAB2BB7B1343BB73CE
S31500019C903B6901333B613B69022BCBD97B690133BC
S31500019CA07B617B681B881A467B699342BFD301207F
S31500019CB007F08EFE0D4B93F8BB347B737A7BFB7BEF
S31500019CC013437B73BB7BDB43DAB27B7B13407B7332
S31500019CD0064A7B7B82F8BB34012007F029FE00BFD0
S31500019CE01837BD4680BD00BF2CD6030000E00140F9
S31500019CF080B483B000AF0346FB7197F90730002BA0
S31500019D000BDBFB7903F01F02074997F907305B0963
S31500019D10012000FA02F241F8232000BF0C37BD46AC
S31500019D205DF8047B704700BF00E100E080B483B0BA
S31500019D3000AF0346FB7197F90730002B12DBFB7965
S31500019D4003F01F020A4997F907305B09012000FA5F
S31500019D5002F2203341F82320BFF34F8F00BFBFF338
S31500019D606F8F00BF00BF0C37BD465DF8047B70479F
S31500019D7000E100E080B483B000AF0346FB7197F9C0
S31500019D800730002B0CDBFB7903F01F02074997F91B
S31500019D9007305B09012000FA02F2603341F8232003
S31500019DA000BF0C37BD465DF8047B704700E100E05B
S31500019DB080B483B000AF03463960FB7197F9073071
S31500019DC0002B0ADB3B68DAB20C4997F9073012011E
S31500019DD0D2B20B4483F800230AE03B68DAB20849A1
S31500019DE0FB7903F00F03043B1201D2B20B441A763E
S31500019DF000BF0C37BD465DF8047B704700E100E00B
S31500019E0000ED00E080B485B000AFEFF30383BB60E3
S31500019E10BB687B603B1DFB60FB681B88C3F30803C3
S31500019E209BB2DBB2103BDBB25BB218461437BD46C0
S31500019E305DF8047B7047FFFF80B483B000AF034633
S31500019E403960FB71064B1A6897F90730DB001A4433
S31500019E503B681A6000BF0C37BD465DF8047B70474E
S31500019E60DCD7030080B483B000AF78600B46FB708B
S31500019E701346BB70FA78BB7803F00303D8B279684E
S31500019E808B5C60F305138B5400BF0C37BD465DF840
S31500019E90047B704780B483B000AF78600B46FB70DB
S31500019EA0FA7879688B5C23F080038B5400BF0C37FA
S31500019EB0BD465DF8047B704780B483B000AF78601F
S31500019EC00B46FB70FA7879688B5C43F080038B5400
S31500019ED000BF0C37BD465DF8047B704780B483B084
S31500019EE000AF78600B46FB701346BB70FA78796851
S31500019EF08B5CB87860F3C7138B5400BF0C37BD4633
S31500019F005DF8047B704780B483B000AF78600B4680
S31500019F10FB701346BB70FA78BB7803F00303D8B223
S31500019F2079688B5C60F301038B5400BF0C37BD4627
S31500019F305DF8047B7047FFFF80B58AB000AF78609B
S31500019F4039607B687B6200233B623B68002B01D151
S31500019F5001237FE07B6A002B01D101237AE00023F4
S31500019F60BB6100237B8300237B7606233B7607F1C7
S31500019F70080300221A605A609A60DA60374BDB6880
S31500019F8007F1080107F118021046984738623B6A43
S31500019F90002B01D03B6A5DE0BA687B6A5A60FB8997
S31500019FA09B089BB203F001030133DBB2DB00FB77B5
S31500019FB03B681B78FA7F9A4202D840F27A5349E00D
S31500019FC03B689B68002B05D03B685B78FF2B01D172
S31500019FD003233FE03B681B787B8307F11803184690
S31500019FE007F01AFC38623B6A002B01D0082331E0E6
S31500019FF03B689A687B6A9A603B68DA687B6ADA60D2
S3150001A0003B681A787B6A5A7407F118033A68796AC9
S3150001A010184600F095F97B6A58687B6A597C3B685B
S3150001A020DB781A46FFF71EFF7B6A58687B6A597C04
S3150001A0303B689B781A46FFF766FF7B6A58687B6A1E
S3150001A040597C3B685B791A46FFF748FF7B6A044AED
S3150001A0501A60002318462837BD4680BDD486040001
S3150001A0605543490080B584B000AF78607B68FB60DA
S3150001A070FB68002B01D1012321E0FB681B68124A12
S3150001A080934201D007231AE0FB6893F9103013F1CC
S3150001A090210F01D1642312E0FB6893F910301846B1
S3150001A0A007F018FBFB6893F910301846FFF762FEBC
S3150001A0B0FB6893F910301846FFF71AFE002318467D
S3150001A0C01037BD4680BD00BF5543490080B584B0F9
S3150001A0D000AF78607B68FB60FB68002B01D1012330
S3150001A0E021E0FB681B68124A934201D007231AE05C
S3150001A0F0FB6893F9103013F1210F01D1642312E0AB
S3150001A100FB6893F910301846FFF710FEFB6893F9C8
S3150001A11010301846FFF72EFEFB6893F910301846EB
S3150001A12007F0D8FA002318461037BD4680BD00BF98
S3150001A1305543490080B584B000AF78600B46FB708B
S3150001A1407B68FB60FB68002B01D101230FE0FB68F4
S3150001A1501B68094A934201D0072308E0FB68586847
S3150001A160FB685B7CFA781946FFF7CDFE002318469B
S3150001A1701037BD4680BD00BF5543490080B584B048
S3150001A18000AF78607B68FB60FB68002B01D101237F
S3150001A1900FE0FB681B68094A934201D0072308E0D8
S3150001A1A0FB685A68FB685B7C19461046FFF784FE1C
S3150001A1B0002318461037BD4680BD00BF55434900F0
S3150001A1C080B584B000AF78607B68FB60FB68002BCC
S3150001A1D001D101230FE0FB681B68094A934201D0B4
S3150001A1E0072308E0FB685A68FB685B7C1946104642
S3150001A1F0FFF750FE002318461037BD4680BD00BF4D
S3150001A2005543490080B483B000AF78607B68002B6A
S3150001A21001D1012304E04FF002227B681A6000237A
S3150001A22018460C37BD465DF8047B704780B586B08D
S3150001A23000AF78607B687B617B69002B01D10123CC
S3150001A2403DE07B691B68204A934201D0072336E033
S3150001A25000233B617B695B7C7B8200237B74062345
S3150001A2603B747B6993F9103013F1210F1ED07B6982
S3150001A27093F910301846FFF759FD7B6993F91030B1
S3150001A2801846FFF777FD7B6993F91030184607F0FA
S3150001A29021FA7B6993F9103007F10C021146184631
S3150001A2A0FFF7CAFDFB681B6800221A6007F110035D
S3150001A2B0184607F0DFFA7B6900221A600023184668
S3150001A2C01837BD4680BD00BF5543490080B586B0ED
S3150001A2D000AFEFF305833B613B6918461FF024FC91
S3150001A2E00023BB60FFF78EFD03461A4607F10803FC
S3150001A2F019461046FFF7A0FDBB681B681B687B610A
S3150001A3007B699B68002B0AD07B695B7C7B607B69E0
S3150001A310DB683B607B699B683A4610469847FFF7C6
S3150001A32071FD0346184607F0D5F9EFF30583FB6087
S3150001A330FB6818461FF0F6FB00BF1837BD4680BD07
S3150001A34080B588B000AFF860B9607A60FB6800221A
S3150001A3505A8000237B61234B1B697A68117807F1C8
S3150001A3601402F8689847F86197F91420BB681A74C3
S3150001A370FB69002B31D1BB6893F9103013F1210F22
S3150001A3802BD0BB6893F9103007F118021146184615
S3150001A390FFF752FDBB6893F910207B685B7819467D
S3150001A3A01046FFF705FDBB691B68BA681A607B6832
S3150001A3B01B79002B11D0BB6893F91030184607F0B2
S3150001A3C089F9BB6893F910301846FFF7D3FCBB68CF
S3150001A3D093F910301846FFF78BFC00BF2037BD46B6
S3150001A3E080BD00BFD486040080B483B000AF0346AD
S3150001A3F0FB7197F90730002B0BDBFB7903F01F028A
S3150001A400074997F907305B09012000FA02F241F882
S3150001A410232000BF0C37BD465DF8047B704700BFA3
S3150001A42000E100E080B483B000AF0346FB7197F909
S3150001A4300730002B12DBFB7903F01F020A4997F95B
S3150001A44007305B09012000FA02F2203341F823208C
S3150001A450BFF34F8F00BFBFF36F8F00BF00BF0C3735
S3150001A460BD465DF8047B704700E100E080B483B02F
S3150001A47000AF03463960FB7197F90730002B0ADB01
S3150001A4803B68DAB20C4997F907301201D2B20B4494
S3150001A49083F800230AE03B68DAB20849FB7903F046
S3150001A4A00F03043B1201D2B20B441A7600BF0C37DC
S3150001A4B0BD465DF8047B704700E100E000ED00E079
S3150001A4C080B485B000AFEFF30383BB60BB687B60EC
S3150001A4D03B1DFB60FB681B88C3F308039BB2DBB221
S3150001A4E0103BDBB25BB218461437BD465DF8047B00
S3150001A4F07047FFFF80B483B000AF03463960FB713C
S3150001A500064B1A6897F90730DB001A443B681A6054
S3150001A51000BF0C37BD465DF8047B7047DCD70300EE
S3150001A52080B483B000AF78607B6803F580531A4628
S3150001A530136843F48033136000BF0C37BD465DF8E2
S3150001A540047B704780B483B000AF78607B6803F505
S3150001A55080531A46136823F48033136000BF0C3707
S3150001A560BD465DF8047B704780B485B000AFF860E6
S3150001A5707A603B600B46FB72FB7A002B05D1FB68C8
S3150001A5807A68396843F8221006E0FB687A6802F5B2
S3150001A5900072396843F8221000BF1437BD465DF8D2
S3150001A5A0047B704780B485B000AFF8607A603B6089
S3150001A5B00B46FB72FB7A002B07D1FB687A6802F522
S3150001A5C08072396843F8221006E0FB687A6802F562
S3150001A5D04072396843F8221000BF1437BD465DF852
S3150001A5E0047B704780B483B000AF78607B6803F565
S3150001A5F080531A46136843F4807313607B6803F52E
S3150001A60080531A46136843F00103136000BF0C37E9
S3150001A610BD465DF8047B704780B483B000AF7860B7
S3150001A6207B6803F580531A46136823F00103136010
S3150001A63000BF0C37BD465DF8047B704780B483B01C
S3150001A64000AF78607B6803F580531B68C3F3002372
S3150001A650DBB218460C37BD465DF8047B704780B403
S3150001A66083B000AF78607B6803F580539B69C3F3C1
S3150001A6700003DBB218460C37BD465DF8047B704714
S3150001A68080B483B000AF78607B6803F580531A46C7
S3150001A690B2F8E43323F48073A2F8E43300BF0C3735
S3150001A6A0BD465DF8047B704780B483B000AF786027
S3150001A6B07B6803F580531A46B2F8E43343F480739A
S3150001A6C0A2F8E43300BF0C37BD465DF8047B704742
S3150001A6D080B483B000AF78607B6803F580531A4677
S3150001A6E0B2F8E43323F04003A2F8E4337B6803F5C0
S3150001A6F080531A46B2F8E43323F02003A2F8E43378
S3150001A7007B6803F580531A46B2F8E43323F010034D
S3150001A710A2F8E4337B6803F580531A46B2F8E433B2
S3150001A72023F00803A2F8E43300BF0C37BD465DF8F9
S3150001A730047B704780B483B000AF78607B6803F513
S3150001A74080531A46B2F8E43343F04003A2F8E433E7
S3150001A7507B6803F580531A46B2F8E43343F02003CD
S3150001A760A2F8E4337B6803F580531A46B2F8E43362
S3150001A77043F01003A2F8E4337B6803F580531A46CD
S3150001A780B2F8E43343F00803A2F8E43300BF0C3710
S3150001A790BD465DF8047B704780B483B000AF786036
S3150001A7A07B6803F580531A46B2F8E43323F48053E9
S3150001A7B0A2F8E43300BF0C37BD465DF8047B704751
S3150001A7C080B483B000AF78607B6803F580531A4686
S3150001A7D0B2F8E43343F48053A2F8E43300BF0C37F4
S3150001A7E0BD465DF8047B704780B483B000AF7860E6
S3150001A7F07B6803F580531A46D2F8C43343F080537D
S3150001A800C2F8C43300BF0C37BD465DF8047B704700
S3150001A81080B483B000AF78607B6803F580531A4635
S3150001A820D2F8C43323F08053C2F8C43300BF0C37C7
S3150001A830BD465DF8047B704780B483B000AF786095
S3150001A8407B6803F580531A46D2F8C43343F080730C
S3150001A850C2F8C43300BF0C37BD465DF8047B7047B0
S3150001A86080B483B000AF78607B6803F580531A46E5
S3150001A870D2F8C43323F08073C2F8C43300BF0C3757
S3150001A880BD465DF8047B704780B483B000AF786045
S3150001A8900B46FB70FB7803F00303D9B27B6803F523
S3150001A8A080531A46D2F8C43361F30D33C2F8C43368
S3150001A8B000BF0C37BD465DF8047B704780B483B09A
S3150001A8C000AF78607B6803F580531A46D2F8C4332B
S3150001A8D023F44073C2F8C43300BF0C37BD465DF89C
S3150001A8E0047B704780B483B000AF78607B6803F562
S3150001A8F080531A46D2F8C433022161F30923C2F800
S3150001A900C43300BF0C37BD465DF8047B704780B485
S3150001A91083B000AF78600B467B807B88C3F3090365
S3150001A92099B27B6803F580531A46B2F8C83361F3CE
S3150001A9300903A2F8C83300BF0C37BD465DF8047B96
S3150001A940704780B483B000AF78600B467B807B880C
S3150001A950C3F3090399B27B6803F580531A46D2F80B
S3150001A960CC3361F31943C2F8CC3300BF0C37BD4673
S3150001A9705DF8047B704780B483B000AF78600B4606
S3150001A9807B807B88C3F3090399B27B6803F5805307
S3150001A9901A46D2F8CC3361F30903C2F8CC3300BFAF
S3150001A9A00C37BD465DF8047B704780B483B000AFB9
S3150001A9B078600B467B807B88D9B27B6803F5805330
S3150001A9C01A46D2F8D03361F31743C2F8D03300BF29
S3150001A9D00C37BD465DF8047B704780B483B000AF89
S3150001A9E078600B467B807B88D9B27B6803F5805300
S3150001A9F01A46D2F8D03361F30F23C2F8D03300BF21
S3150001AA000C37BD465DF8047B704780B483B000AF58
S3150001AA1078600B467B807B88D9B27B6803F58053CF
S3150001AA201A46D2F8D03361F30703C2F8D03300BF18
S3150001AA300C37BD465DF8047B704780B483B000AF28
S3150001AA4078600B46FB70FB7803F00303D9B27B6891
S3150001AA5003F580531A46D2F8D43361F31553C2F87D
S3150001AA60D43300BF0C37BD465DF8047B704780B414
S3150001AA7083B000AF78600B46FB70FB7803F00303ED
S3150001AA80D9B27B6803F580531A46D2F8D43361F301
S3150001AA901143C2F8D43300BF0C37BD465DF8047BC1
S3150001AAA0704780B483B000AF78600B46FB70FB78CB
S3150001AAB003F00303D9B27B6803F580531A46D2F833
S3150001AAC0D43361F30D33C2F8D43300BF0C37BD461E
S3150001AAD05DF8047B704780B483B000AF78600B46A5
S3150001AAE0FB70FB7803F00303D9B27B6803F580534F
S3150001AAF01A46D2F8D43361F30923C2F8D43300BF1E
S3150001AB000C37BD465DF8047B704780B483B000AF57
S3150001AB1078600B46FB70FB7803F00303D9B27B68C0
S3150001AB2003F580531A46D2F8D43361F30513C2F8FC
S3150001AB30D43300BF0C37BD465DF8047B704780B443
S3150001AB4083B000AF78600B46FB70FB7803F003031C
S3150001AB50D9B27B6803F580531A46D2F8D43361F330
S3150001AB600103C2F8D43300BF0C37BD465DF8047B40
S3150001AB70704780B483B000AF78607B6803F580537B
S3150001AB801A4692F8C03343F0010382F8C03300BF7E
S3150001AB900C37BD465DF8047B704780B483B000AFC7
S3150001ABA078607B6803F58053D3F8C033C3F30003A1
S3150001ABB0DBB218460C37BD465DF8047B704780B49E
S3150001ABC083B000AF786039603B68C3F30A0399B27A
S3150001ABD07B6803F580531A46D2F8043461F30A03FD
S3150001ABE0C2F8043400BF0C37BD465DF8047B7047DC
S3150001ABF080B483B000AF78600B467B807B88C3F35B
S3150001AC000A0399B27B6803F580531A46D2F81834C1
S3150001AC1061F31A43C2F8183400BF0C37BD465DF81C
S3150001AC20047B704780B483B000AF78600B467B80AD
S3150001AC307B88C3F30A0399B27B6803F580531A46EE
S3150001AC40D2F8183461F30A03C2F8183400BF0C377E
S3150001AC50BD465DF8047B704780B483B000AF786071
S3150001AC600B467B807B88C3F30A0399B27B6803F5A5
S3150001AC7080531A46D2F8203461F31A43C2F82034BD
S3150001AC8000BF0C37BD465DF8047B704780B483B0C6
S3150001AC9000AF78600B467B807B88C3F30A0399B2C9
S3150001ACA07B6803F580531A46D2F8203461F30A0310
S3150001ACB0C2F8203400BF0C37BD465DF8047B7047EF
S3150001ACC080B483B000AF78600B467B807B88C3F38A
S3150001ACD00A0399B27B6803F580531A46D2F8083401
S3150001ACE061F31A43C2F8083400BF0C37BD465DF85C
S3150001ACF0047B704780B483B000AF78600B467B80DD
S3150001AD007B88C3F30A0399B27B6803F580531A461D
S3150001AD10D2F8083461F30A03C2F8083400BF0C37CD
S3150001AD20BD465DF8047B704780B483B000AF7860A0
S3150001AD300B467B807B88C3F30A0399B27B6803F5D4
S3150001AD4080531A46D2F8103461F31A43C2F810340C
S3150001AD5000BF0C37BD465DF8047B704780B483B0F5
S3150001AD6000AF78600B467B807B88C3F30A0399B2F8
S3150001AD707B6803F580531A46D2F8103461F30A034F
S3150001AD80C2F8103400BF0C37BD465DF8047B70472E
S3150001AD9080B483B000AF78607B6803F580531A46B0
S3150001ADA092F80C3423F0100382F80C3400BF0C37F0
S3150001ADB0BD465DF8047B704780B483B000AF786010
S3150001ADC07B6803F580531A4692F80C3443F010035E
S3150001ADD082F80C3400BF0C37BD465DF8047B704722
S3150001ADE080B483B000AF78600B46FB70FB7803F04C
S3150001ADF00703D9B27B6803F580531A4692F80C34DF
S3150001AE0061F3020382F80C3400BF0C37BD465DF8CE
S3150001AE10047B704780B483B000AF78600B46FB704B
S3150001AE20FB7803F00703D9B27B6803F580531A4612
S3150001AE3092F8143461F3020382F8143400BF0C371C
S3150001AE40BD465DF8047B704780B483B000AF78607F
S3150001AE507B6803F580531A46B2F81C3423F01003BD
S3150001AE60A2F81C3400BF0C37BD465DF8047B704761
S3150001AE7080B483B000AF78607B6803F580531A46CF
S3150001AE80B2F81C3443F01003A2F81C3400BF0C378F
S3150001AE90BD465DF8047B704780B483B000AF78602F
S3150001AEA00B46FB70FB7803F00703D9B27B6803F509
S3150001AEB080531A46B2F81C3461F30203A2F81C341B
S3150001AEC000BF0C37BD465DF8047B704780B483B084
S3150001AED000AF78600B46FB70FB7803F00703D9B22D
S3150001AEE07B6803F580531A46B2F8243461F30203F2
S3150001AEF0A2F8243400BF0C37BD465DF8047B7047C9
S3150001AF0080B483B000AF78607B6803F580531A463E
S3150001AF1092F8283423F0010382F8283400BF0C3755
S3150001AF20BD465DF8047B704780B483B000AF78609E
S3150001AF307B6803F580531A4692F8283443F00103DF
S3150001AF4082F8283400BF0C37BD465DF8047B704794
S3150001AF5080B483B000AF78600B467B807B88C3F3F7
S3150001AF600A0399B27B6803F580531A46536861F365
S3150001AF700A03536000BF0C37BD465DF8047B70477A
S3150001AF8080B483B000AF78600B467B807B88C3F3C7
S3150001AF900A0399B27B6803F580531A46536861F335
S3150001AFA01A43536000BF0C37BD465DF8047B7047FA
S3150001AFB080B483B000AF78600B467B807B8803F05A
S3150001AFC00F03D9B27B6803F580531A46936861F380
S3150001AFD00303936000BF0C37BD465DF8047B7047E1
S3150001AFE080B483B000AF78600B467B807B8803F02A
S3150001AFF00F03D9B27B6803F580531A46936861F350
S3150001B0001343936000BF0C37BD465DF8047B704760
S3150001B01080B483B000AF78600B467B807B88C3F336
S3150001B0200A0399B27B6803F580531A46136961F3E3
S3150001B0301A43136100BF0C37BD465DF8047B7047A8
S3150001B04080B483B000AF78600B467B807B88C3F306
S3150001B0500A0399B27B6803F580531A46136961F3B3
S3150001B0600A03136100BF0C37BD465DF8047B7047C8
S3150001B07080B483B000AF78600B467B807B88C3F3D6
S3150001B0800A0399B27B6803F580531A46D36861F3C4
S3150001B0901A43D36000BF0C37BD465DF8047B704789
S3150001B0A080B483B000AF78600B467B807B88C3F3A6
S3150001B0B00A0399B27B6803F580531A46D36861F394
S3150001B0C00A03D36000BF0C37BD465DF8047B7047A9
S3150001B0D080B483B000AF7860396039787B6803F556
S3150001B0E080531A46536961F30703536179787B6884
S3150001B0F003F580531A46536961F30F235361B978F7
S3150001B1007B6803F580531A46536961F3174353610C
S3150001B11000BF0C37BD465DF8047B704780B485B02F
S3150001B12000AFF8600B467A60FB72FB7AFA681B0285
S3150001B130134403F588530C337A681A6000BF143739
S3150001B140BD465DF8047B704780B485B000AFF860FA
S3150001B1500B467A60FB72FB7A7A6891B2FA681B0237
S3150001B160134403F5885310331A6861F31F421A60BA
S3150001B17000BF1437BD465DF8047B704780B485B0C7
S3150001B18000AFF8600B467A60FB72FB7A7A68C2F30D
S3150001B190090291B2FA681B02134403F5885310336E
S3150001B1A01A6861F309021A6000BF1437BD465DF8DB
S3150001B1B0047B704780B485B000AFF8600B467A60B7
S3150001B1C0FB727B6823F07F42FB7AC2F30901FA68BE
S3150001B1D01B02134403F5885310335A6861F31702AF
S3150001B1E05A6000BF1437BD465DF8047B704780B4D2
S3150001B1F085B000AFF8600B467A60FB72FB7A7A681D
S3150001B200C2F30A0291B2FA681B02134403F588538A
S3150001B21018331A6861F31A421A6000BF1437BD4623
S3150001B2205DF8047B704780B485B000AFF8600B46CB
S3150001B2307A60FB72FB7A7A6891B2FA681B02134450
S3150001B24003F5885318331A6861F30F021A6000BFB9
S3150001B2501437BD465DF8047B704780B483B000AFF8
S3150001B26078600B46FB701346BB70FB78BA7802F028
S3150001B2700702D1B27A681B02134403F588531833C7
S3150001B2805A6861F31E725A6000BF0C37BD465DF8FD
S3150001B290047B704780B483B000AF78600B46FB70C7
S3150001B2A0FB787A6811331B021A44137943F00103C0
S3150001B2B0137100BF0C37BD465DF8047B704780B43F
S3150001B2C083B000AF78600B46FB70FB787A68113368
S3150001B2D01B021A44137923F00103137100BF0C37C3
S3150001B2E0BD465DF8047B704780B485B000AFF86059
S3150001B2F00B467A60FB72FB7A7979FA681B02134472
S3150001B30003F58A5308335A6861F30F225A60FB7AB0
S3150001B3103979FA681B02134403F58A5308335A68CC
S3150001B32061F317425A60FB7AB979FA681B02134432
S3150001B33003F58A5308335A6861F307025A6000BF5E
S3150001B3401437BD465DF8047B704780B483B000AF07
S3150001B350786039603B68C3F30A0399B27B6803F5E9
S3150001B36080531A46D2F8503261F30A03C2F85032BA
S3150001B37000BF0C37BD465DF8047B704780B483B0CF
S3150001B38000AF78600B46FB70FB787A681B021344AA
S3150001B39003F58A5310335B68C3F30003DBB2184627
S3150001B3A00C37BD465DF8047B704780B485B000AFAD
S3150001B3B0F8600B467A60FB72FB7A7A6802F0030248
S3150001B3C0D1B2FA681B02134403F58952138861F35B
S3150001B3D00103138000BF1437BD465DF8047B704737
S3150001B3E080B483B000AF78600B46FB70FB787A6857
S3150001B3F01B02134403F58952138843F480531380C7
S3150001B40000BF0C37BD465DF8047B704780B485B03C
S3150001B41000AFF8600B467A60FB72FB7A7A68C2F37A
S3150001B4200A0291B2FA681B02134403F58952536862
S3150001B43061F31A43536000BF1437BD465DF8047BC0
S3150001B440704780B485B000AFF8600B467A60FB7236
S3150001B450FB7A7A68C2F30A0291B2FA681B021344B4
S3150001B46003F58952536861F30A03536000BF143729
S3150001B470BD465DF8047B704780B485B000AFF860C7
S3150001B4800B467A60FB72FB7A7A68C2F30A0291B2C2
S3150001B490FA681B02134403F5895308331A6861F3EA
S3150001B4A01A421A6000BF1437BD465DF8047B704727
S3150001B4B080B485B000AFF8600B467A60FB72FB7A08
S3150001B4C07A68C2F30A0291B2FA681B02134403F5C1
S3150001B4D0895308331A6861F30A021A6000BF1437E8
S3150001B4E0BD465DF8047B704780B485B000AFF86057
S3150001B4F00B467A60FB72FB7A7A68C2F30A0291B252
S3150001B500FA681B02134403F5895308335A6861F339
S3150001B5101A425A6000BF1437BD465DF8047B704776
S3150001B52080B485B000AFF8600B467A60FB72FB7A97
S3150001B5307A68C2F30A0291B2FA681B02134403F550
S3150001B540895308335A6861F30A025A6000BF1437F7
S3150001B550BD465DF8047B704780B485B000AFF860E6
S3150001B5600B467A60FB72FB7A7A68C2F30A0291B2E1
S3150001B570FA681B02134403F5895310331A6861F301
S3150001B5801A421A6000BF1437BD465DF8047B704746
S3150001B59080B485B000AFF8600B467A60FB72FB7A27
S3150001B5A07A68C2F30A0291B2FA681B02134403F5E0
S3150001B5B0895310331A6861F30A021A6000BF1437FF
S3150001B5C0BD465DF8047B704780B485B000AFF86076
S3150001B5D00B467A60FB72FB7A7A68C2F3080291B273
S3150001B5E0FA681B02134403F5895310335A6861F351
S3150001B5F018425A6000BF1437BD465DF8047B704798
S3150001B60080B485B000AFF8600B467A60FB72FB7AB6
S3150001B6107A68D1B2FA681B02134403F589531033D1
S3150001B6205A6861F307025A6000BF1437BD465DF8D8
S3150001B630047B704780B485B000AFF8600B467A6032
S3150001B640FB72FB7A7A68D1B2FA681B02134403F5DE
S3150001B650895318331A6861F317421A6000BF143709
S3150001B660BD465DF8047B704780B483B000AF786057
S3150001B6700B46FB70FB787A681B02134403F58A5369
S3150001B68010331B68C3F30043DBB218460C37BD46C3
S3150001B6905DF8047B704780B483B000AF78600B46D9
S3150001B6A0FB70FB787A681B02134403F58A53103347
S3150001B6B01A6822F480321A6000BF0C37BD465DF865
S3150001B6C0047B704780B483B000AF78600B46FB7093
S3150001B6D0FB787A681B02134403F58A5310331A6800
S3150001B6E042F480321A6000BF0C37BD465DF8047B18
S3150001B6F0704780B483B000AF78600B46FB70FB786F
S3150001B7007A6811331B021A44137843F0010313704C
S3150001B71000BF0C37BD465DF8047B704780B483B02B
S3150001B72000AF78600B46FB70FB787A6811331B0219
S3150001B73013441B68C3F30003DBB218460C37BD463E
S3150001B7405DF8047B704780B483B000AF78600B4628
S3150001B750FB70FB7803F03F03D9B27B6803F5805396
S3150001B7601A46D2F8503461F30503C2F8503400BFCB
S3150001B7700C37BD465DF8047B704780B483B000AFDB
S3150001B78078607B6803F580531A46D2F8503443F04B
S3150001B7904003C2F8503400BF0C37BD465DF8047B48
S3150001B7A0704780B483B000AF78607B6803F580533F
S3150001B7B01A46D2F8503443F48073C2F8503400BFAD
S3150001B7C00C37BD465DF8047B704780B483B000AF8B
S3150001B7D078607B6803F580531A46D2F8503423F417
S3150001B7E08073C2F8503400BF0C37BD465DF8047B48
S3150001B7F0704780B483B000AF78607B6803F58053EF
S3150001B8001A46D2F8503423F48053C2F8503400BF9C
S3150001B8100C37BD465DF8047B704780B483B000AF3A
S3150001B82078607B6803F580531A46D2F8503443F4A6
S3150001B8308053C2F8503400BF0C37BD465DF8047B17
S3150001B840704780B483B000AF78607B6803F580539E
S3150001B8501A4692F8403443F0010382F8403400BF9F
S3150001B8600C37BD465DF8047B704780B483B000AFEA
S3150001B87078607B6803F580531A4692F8403423F0CA
S3150001B880010382F8403400BF0C37BD465DF8047BE6
S3150001B890704780B483B000AF78607B6803F580534E
S3150001B8A01A4692F8403443F0020382F8403400BF4E
S3150001B8B00C37BD465DF8047B704780B483B000AF9A
S3150001B8C078607B6803F580531A4692F8403423F07A
S3150001B8D0020382F8403400BF0C37BD465DF8047B95
S3150001B8E0704780B483B000AF78607B6803F58053FE
S3150001B8F01A4692F8403443F0040382F8403400BFFC
S3150001B9000C37BD465DF8047B704780B483B000AF49
S3150001B91078607B6803F580531A4692F8403423F029
S3150001B920040382F8403400BF0C37BD465DF8047B42
S3150001B930704780B483B000AF78607B6803F58053AD
S3150001B9401A4692F8443443F0010382F8443400BFA6
S3150001B9500C37BD465DF8047B704780B483B000AFF9
S3150001B96078607B6803F580531A4692F8443443F0B5
S3150001B970020382F8443400BF0C37BD465DF8047BF0
S3150001B980704780B483B000AF78607B6803F580535D
S3150001B9901A4692F8443443F0040382F8443400BF53
S3150001B9A00C37BD465DF8047B704780B483B000AFA9
S3150001B9B078607B6803F580531A4692F8443423F085
S3150001B9C0010382F8443400BF0C37BD465DF8047BA1
S3150001B9D0704780B483B000AF78607B6803F580530D
S3150001B9E01A4692F8443423F0020382F8443400BF25
S3150001B9F00C37BD465DF8047B704780B483B000AF59
S3150001BA0078607B6803F580531A4692F8443423F034
S3150001BA10040382F8443400BF0C37BD465DF8047B4D
S3150001BA20704780B483B000AF78607B6803F58053BC
S3150001BA301A4692F8483443F0010382F8483400BFAD
S3150001BA400C37BD465DF8047B704780B483B000AF08
S3150001BA5078607B6803F580531A4692F8483443F0C0
S3150001BA60020382F8483400BF0C37BD465DF8047BFB
S3150001BA70704780B483B000AF78607B6803F580536C
S3150001BA801A4692F8483443F0040382F8483400BF5A
S3150001BA900C37BD465DF8047B704780B483B000AFB8
S3150001BAA078607B6803F580531A4692F8003343F0B9
S3150001BAB0010382F8003300BF0C37BD465DF8047BF5
S3150001BAC0704780B483B000AF78607B6803F580531C
S3150001BAD01A4692F8403343F0010382F8403300BF1F
S3150001BAE00C37BD465DF8047B704780B483B000AF68
S3150001BAF078607B6803F580531A4692F8803343F0E9
S3150001BB00010382F8803300BF0C37BD465DF8047B24
S3150001BB10704780B483B000AF78607B6803F58053CB
S3150001BB201A4692F8043343F0010382F8043300BF46
S3150001BB300C37BD465DF8047B704780B483B000AF17
S3150001BB4078607B6803F580531A4692F8443343F0D4
S3150001BB50010382F8443300BF0C37BD465DF8047B10
S3150001BB60704780B483B000AF78607B6803F580537B
S3150001BB701A4692F8843343F0010382F8843300BFF6
S3150001BB800C37BD465DF8047B704780B483B000AFC7
S3150001BB9078607B6803F580531A4692F8043323F0E4
S3150001BBA0010382F8043300BF0C37BD465DF8047B00
S3150001BBB0704780B483B000AF78607B6803F580532B
S3150001BBC01A4692F8443323F0010382F8443300BF46
S3150001BBD00C37BD465DF8047B704780B483B000AF77
S3150001BBE078607B6803F580531A4692F8843323F014
S3150001BBF0010382F8843300BF0C37BD465DF8047B30
S3150001BC00704780B485B000AFF8600B467A60FB726E
S3150001BC10FB7A7A68C2F30A0290B2FA6803F2C24169
S3150001BC2052F8213060F31A4342F8213000BF14372D
S3150001BC30BD465DF8047B704780B485B000AFF860FF
S3150001BC400B467A60FB72FB7A7A68C2F30A0290B2FB
S3150001BC50FA6803F2C24152F8213060F30A0342F84E
S3150001BC60213000BF1437BD465DF8047B704780B4B0
S3150001BC7085B000AFF8600B467A60FB72FB7A7A6892
S3150001BC80C2F30A0290B2FA6803F2D24152F82130A5
S3150001BC9060F31A4342F8213000BF1437BD465DF800
S3150001BCA0047B704780B485B000AFF8600B467A60BC
S3150001BCB0FB72FB7A7A68C2F30A0290B2FA6803F25F
S3150001BCC0D24152F8213060F30A0342F8213000BF15
S3150001BCD01437BD465DF8047B704780B485B000AF6C
S3150001BCE0F8600B467A60FB72FB7A7A68C2F30A0245
S3150001BCF090B2FA6803F2E24152F8213060F31A4336
S3150001BD0042F8213000BF1437BD465DF8047B704709
S3150001BD1080B485B000AFF8600B467A60FB72FB7A9F
S3150001BD207A68C2F30A0290B2FA6803F2E24152F863
S3150001BD30213060F30A0342F8213000BF1437BD46B3
S3150001BD405DF8047B704780B485B000AFF8600B46A0
S3150001BD507A60FB72FB7A7A68C2F3090290B2FA68DA
S3150001BD6003F2CA4152F8213060F31D5342F82130E3
S3150001BD7000BF1437BD465DF8047B704780B485B0BB
S3150001BD8000AFF8600B467A60FB72FB7A7A68C2F301
S3150001BD90090290B2FA6803F2CA4152F8213060F3FF
S3150001BDA0932342F8213000BF1437BD465DF8047B6A
S3150001BDB0704780B485B000AFF8600B467A60FB72BD
S3150001BDC0FB7A7A68C2F3090290B2FA6803F2CA41B1
S3150001BDD052F8213060F3090342F8213000BF1437CD
S3150001BDE0BD465DF8047B704780B485B000AFF8604E
S3150001BDF00B467A60FB72FB7A7A68C2F3090290B24B
S3150001BE00FA6803F2DA4152F8213060F31D5342F821
S3150001BE10213000BF1437BD465DF8047B704780B4FE
S3150001BE2085B000AFF8600B467A60FB72FB7A7A68E0
S3150001BE30C2F3090290B2FA6803F2DA4152F82130EC
S3150001BE4060F3932342F8213000BF1437BD465DF8F5
S3150001BE50047B704780B485B000AFF8600B467A600A
S3150001BE60FB72FB7A7A68C2F3090290B2FA6803F2AE
S3150001BE70DA4152F8213060F3090342F8213000BF5C
S3150001BE801437BD465DF8047B704780B485B000AFBA
S3150001BE90F8600B467A60FB72FB7A7A68C2F3090294
S3150001BEA090B2FA6803F2EA4152F8213060F31D5369
S3150001BEB042F8213000BF1437BD465DF8047B704758
S3150001BEC080B485B000AFF8600B467A60FB72FB7AEE
S3150001BED07A68C2F3090290B2FA6803F2EA4152F8AB
S3150001BEE0213060F3932342F8213000BF1437BD4659
S3150001BEF05DF8047B704780B485B000AFF8600B46EF
S3150001BF007A60FB72FB7A7A68C2F3090290B2FA6828
S3150001BF1003F2EA4152F8213060F3090342F8213075
S3150001BF2000BF1437BD465DF8047B704780B58EB0FF
S3150001BF3000AF786039607B683B630023FB623B6B33
S3150001BF40002B01D101232BE1386800F091FEF86244
S3150001BF50FB6A002B01D0FB6A22E100237B620023EE
S3150001BF60FB84002387F82530432387F8243007F123
S3150001BF70140300221A605A609A60DA608A4BDB6801
S3150001BF8007F1140107F1240210469847F862FB6A8B
S3150001BF90002B01D0FB6A03E17A693B6BDA603B6BEC
S3150001BFA0DB68BB62804B1B6907F10C0207F12400B9
S3150001BFB00021984797F90C3013F1210F14D097F906
S3150001BFC00C3007F1100211461846FEF793FA97F95D
S3150001BFD00C203B6893F8743019461046FEF746FA72
S3150001BFE03B691B683A6B1A6097F90C30FB726E4B12
S3150001BFF01B6907F10C0207F124000121984797F903
S3150001C0000C3013F1210F14D097F90C3007F11002FF
S3150001C01011461846FEF76EFA97F90C203B6893F81D
S3150001C020753019461046FEF721FA3B691B683A6BD3
S3150001C0301A6097F90C30BB725B4B1B6907F10C0256
S3150001C04007F124000221984797F90C3013F1210FCB
S3150001C05014D097F90C3007F1100211461846FEF775
S3150001C06049FA97F90C203B6893F876301946104641
S3150001C070FEF7FCF93B691B683A6B1A6097F90C30BD
S3150001C0807B7207F12403184605F0C6FB0346082B0D
S3150001C09001D10A2384E03B6B00221A7007F12403C5
S3150001C0A0184605F083F9B86AFEF73AFA3968B86AAC
S3150001C0B000F024FE3968B86A00F058FE3968B86A9B
S3150001C0C000F09AFF3B689B8D1AB2384B1A803B6889
S3150001C0D0DB8E1AB2354B5A803B685A8D334B9A80A8
S3150001C0E03B689A8E314BDA8000237B6317E07A6BCB
S3150001C0F013469B0013449B003A68D1187A6B13468A
S3150001C1005B0013449B0058333A6813441A1D7B6B3A
S3150001C110DBB2B86A01F094F87B6B01337B637B6B0E
S3150001C120012BE4D93968B86A01F07EF93B684833D6
S3150001C1301A46396BB86A01F015FA3B6850331A464C
S3150001C140396BB86A01F048FA3B685B6D002B03D086
S3150001C1503968B86A01F077FA3B6B01221A703B68BD
S3150001C1609A6F3B6B5A603B68DA6F3B6B9A600F4A7A
S3150001C1703B6BD3603B68DA8E3B689B8E13449BB264
S3150001C18001339BB21946B86AFFF7DFF807F10903D5
S3150001C19007F10A0207F10B01B86A01F0E7FCFB6A35
S3150001C1A018463837BD4680BDD48604006C06FE1F8E
S3150001C1B080B588B000AF78607B68FB610023BB6106
S3150001C1C0FB69002B01D101239AE0FB691B78002B47
S3150001C1D001D1072394E0FB69DB687B617869FEF78F
S3150001C1E03EFA034683F00103DBB2002B02D140F293
S3150001C1F0EE3385E000237B8200237B7443233B746B
S3150001C200414B1B6907F1080207F11000002198470D
S3150001C21097F9083013F1210F10D097F90830184615
S3150001C220FEF700F997F9083007F10C021146184696
S3150001C230FEF760F9FB681B6800221A60324B1B6926
S3150001C24007F1080207F110000121984797F9083014
S3150001C25013F1210F10D097F908301846FEF7E2F8CE
S3150001C26097F9083007F10C0211461846FEF742F914
S3150001C270FB681B6800221A60234B1B6907F1080241
S3150001C28007F110000221984797F9083013F1210FA1
S3150001C29010D097F908301846FEF7C4F897F9083018
S3150001C2A007F10C0211461846FEF724F9FB681B68D4
S3150001C2B000221A607869FFF7D8FA7869FFF7FDFA64
S3150001C2C07869FFF722FB7869FFF76FFB7869FFF75B
S3150001C2D080FB7869FFF791FB7869FEF79DF978692C
S3150001C2E0FEF730F907F11003184605F051F8FB691E
S3150001C2F000221A7007F11003184605F0BBFABB6954
S3150001C30018462037BD4680BDD486040080B586B068
S3150001C31000AF78607B687B6100233B617B69002B02
S3150001C32001D1012312E07B691B78012B01D0052382
S3150001C3300CE07B69DB68FB60F868FEF753F9F86887
S3150001C340FFF77FFA7B6902221A703B691846183794
S3150001C350BD4680BD80B586B000AF78607B687B61E5
S3150001C36000233B617B69002B01D1012341E07B69FD
S3150001C3701B78022B01D005233BE07B69DB68FB6060
S3150001C3800021F868FFF7CAF9034683F00103DBB21F
S3150001C390002B02D140F2EE332BE00121F868FFF7C2
S3150001C3A0BDF9034683F00103DBB2002B02D140F253
S3150001C3B0EE331EE0F868FEF7F0FB034683F0010357
S3150001C3C0DBB2002B02D140F2EE3312E0F868FEF741
S3150001C3D035F9034683F00103DBB2002B02D140F2AB
S3150001C3E0EE3306E0F868FEF717F97B6901221A7049
S3150001C3F03B6918461837BD4680BD80B586B000AF8B
S3150001C400F860B9601346FB71FB687B617B69002BA1
S3150001C41001D101233DE0BB68002B01D1012338E0A6
S3150001C4207B691B78022B01D0052332E0FB79002BB7
S3150001C43004D0FB79012B01D003232AE07B69DB6859
S3150001C4403B61FB7919463869FFF768F9034683F0C2
S3150001C4500103DBB2002B02D140F2EE3319E0386959
S3150001C460FEF7ECF8034683F00103DBB2002B02D1A1
S3150001C47040F2EE330DE0B968BB6803F11402FB79B3
S3150001C480386900F0DDFEFB7919463869FFF731F9A5
S3150001C490002318461837BD4680BD80B584B000AF6D
S3150001C4A0786039607B68FB60FB68002B01D1012352
S3150001C4B036E03B68002B01D1012331E0FB681B7894
S3150001C4C0022B01D005232BE0FB68DB68BB60B86853
S3150001C4D0FEF763FB034683F00103DBB2002B02D1B7
S3150001C4E040F2EE331CE0B868FEF7A8F8034683F085
S3150001C4F00103DBB2002B02D140F2EE3310E03B68C0
S3150001C5001A46F968B86801F02DF83B6808331A46EF
S3150001C510F968B86801F060F8B868FEF72AFB0023ED
S3150001C52018461037BD4680BD80B58AB000AFF860A9
S3150001C530B9601346FB71FB68BB61BB69002B01D176
S3150001C540012364E0BB68002B01D101235FE0BB68D6
S3150001C5509B88FF2B02D940F2EF3358E0BB68DB889A
S3150001C560B3F5807F02D940F2EF3350E0FB79012B1E
S3150001C57002D940F2EF334AE0BB681B683B62BB69F4
S3150001C580DB687B61FB7919467869FFF76DF803462D
S3150001C590002B03D0012387F8273002E0002387F818
S3150001C5A02730BB689B88FB611BE097F82730002B7F
S3150001C5B00AD13B6A1B68F979FA697869FDF7F2FFD6
S3150001C5C03B6A04333B6209E03B6A1B68F979FA6905
S3150001C5D07869FDF7C9FF3B6A04333B62FB690133A6
S3150001C5E0FB61BB68DB881A46FB699342DDD397F88A
S3150001C5F02730002B05D1FB7919467869FFF762F8D8
S3150001C60004E0FB7919467869FFF745F800231846D7
S3150001C6102837BD4680BD80B586B000AF78603960E9
S3150001C6207B683B613B69002B01D1012336E03B6806
S3150001C630002B01D1012331E03B691A783B681A705E
S3150001C6403B69DB68FB600023FB7523E0FB7D194634
S3150001C650F868FFF763F80346002B05D0FB7D3A68BF
S3150001C660134402225A7012E0FB7D1946F868FEF760
S3150001C67085FE0346002B05D0FB7D3A681344012253
S3150001C6805A7004E0FB7D3A68134400225A70FB7D20
S3150001C6900133FB75FB7D012BD8D9002318461837CA
S3150001C6A0BD4680BD80B483B000AF78607B68002B47
S3150001C6B001D101230CE07B6800221A707B680222FB
S3150001C6C05A707B6800229A707B680222DA70002316
S3150001C6D018460C37BD465DF8047B704780B485B0BB
S3150001C6E000AF78600023FB810023BB602CE07A68F1
S3150001C6F0BB6810335B0013445B88B3F5806F02D3CC
S3150001C7004FF47B7324E07A68BB6810335B001344F3
S3150001C7105B88FA899A4202D94FF47B7318E07A68EA
S3150001C720BB6810335B0013445B88FB817A68BB6886
S3150001C7305B0013445B88B3F5006F02D34FF47B7340
S3150001C74006E0BB680133BB60BB680F2BCFDD00235E
S3150001C75018461437BD465DF8047B704790B583B023
S3150001C76000AF7860396079683A6813469B001344D4
S3150001C7709B000B441B6803F03F03002B02D040F2E1
S3150001C780EB3320E079683A6813469B0013449B001B
S3150001C7900B4408331C6879683A6813469B001344B6
S3150001C7A09B000B440C331B78184601F0B1F8034685
S3150001C7B004FB03F3DB0803F03F03002B02D040F236
S3150001C7C0EB3300E0002318460C37BD4690BD80B41C
S3150001C7D083B000AF7860396079683A6813465B00C8
S3150001C7E013449B000B445C33B3F90030002B11DB7F
S3150001C7F07B685B8D19B278683A6813465B0013440F
S3150001C8009B0003445C33B3F90030994216DA40F2D7
S3150001C810EA3346E07B685B8D1BB2184679683A6855
S3150001C82013465B0013449B000B445C33B3F90030A1
S3150001C8305B42984202DA40F2EA3332E079683A68BA
S3150001C84013465B0013449B000B445E33B3F900307F
S3150001C850002B11DB7B689B8E19B278683A68134608
S3150001C8605B0013449B0003445E33B3F900309942E5
S3150001C87016DA40F2EA3314E07B689B8E1BB2184647
S3150001C88079683A6813465B0013449B000B445E3398
S3150001C890B3F900305B42984202DA40F2EA3300E033
S3150001C8A0002318460C37BD465DF8047B704780B4FB
S3150001C8B083B000AF78607B681B8D172B04D97B682A
S3150001C8C01B8DB3F5806F02D940F2E93324E07B6812
S3150001C8D05B8E132B04D97B685B8EB3F5806F02D90F
S3150001C8E040F2E93318E07B685B8D0F2B04D97B6836
S3150001C8F05B8DB3F57E7F02D940F2E9330CE07B68AC
S3150001C9009B8E0F2B04D97B689B8EB3F57F7F02D953
S3150001C91040F2E93300E0002318460C37BD465DF8C6
S3150001C920047B704780B483B000AF78607B689B8DD1
S3150001C930042B05D97B689B8D40F2ED32934202D9D7
S3150001C94040F2E9332BE07B68DB8E012B05D97B684E
S3150001C950DB8E40F2EE32934202D940F2E9331EE019
S3150001C9607B68DB8DB3F5806F02D340F2E93316E0C5
S3150001C9707B681B8FB3F5806F02D340F2E9330EE07B
S3150001C9807B689B8D1A467B685B8D134402337A68FC
S3150001C990128D934202DB40F2E93300E00023184690
S3150001C9A00C37BD465DF8047B704780B584B000AF97
S3150001C9B078607868FFF77BFFF860FB68002B01D091
S3150001C9C0FB683BE07868FFF7ADFFF860FB68002B7A
S3150001C9D001D0FB6832E07B68DB8E1A467B689B8E52
S3150001C9E0134401337A68528E934202DB40F2E933F3
S3150001C9F024E07B6893F83030002B06D07B6893F8EF
S3150001CA003030012B01D0032318E07B6893F83A30CC
S3150001CA10002B06D07B6893F83A30012B01D0032313
S3150001CA200CE07B6893F83F30002B06D07B6893F8C7
S3150001CA303F30012B01D0032300E0002318461037B5
S3150001CA40BD4680BD90B587B000AF786000237B619D
S3150001CA5086E079687A6913469B0013449B000B4470
S3150001CA601B68002B79D079697868FFF777FEF86043
S3150001CA70FB68002B01D0FB6877E079687A69134679
S3150001CA809B0013449B000B440C331B78072B02D9E4
S3150001CA9040F2ED3369E079687A6913469B001344E5
S3150001CAA09B000B4406331B887B8279687A6913469F
S3150001CAB09B0013449B000B440E331B78002B0CD0B8
S3150001CAC079687A6913469B0013449B000B44103323
S3150001CAD01B887A8A12FB03F37B827B8AB3F57F7FFD
S3150001CAE002D940F2EA3340E079687A6913469B003D
S3150001CAF013449B000B4404331B8803F001039BB2D0
S3150001CB00002B02D040F2EA332FE079687A691346A6
S3150001CB109B0013449B000B4408331C6879687A69AF
S3150001CB2013469B0013449B000B440C331B78184699
S3150001CB3000F0EEFE034604FB03F3B3F1022F02D32A
S3150001CB4040F2EA3311E079697868FFF740FEF86050
S3150001CB50FB68002B01D0FB6807E07B6901337B6131
S3150001CB607B69012B7FF675AF002318461C37BD463E
S3150001CB7090BD80B584B000AF78607B685B6D002B9B
S3150001CB8033D07B685B6D93F88430002B0BD07B68C8
S3150001CB905B6D84331846FFF7A1FDF860FB68002B37
S3150001CBA001D0FB6822E07B685B6D93F84230002B75
S3150001CBB00BD07B685B6D42331846FFF78FFDF8603B
S3150001CBC0FB68002B01D0FB6810E07B685B6D1B786E
S3150001CBD0002B0AD07B685B6D1846FFF77FFDF86076
S3150001CBE0FB68002B01D0FB6800E0002318461037D4
S3150001CBF0BD4680BD80B485B000AF78607B685B7947
S3150001CC00002B02D14FF47A7329E07B681B79002B44
S3150001CC1005D07B681B79012B01D003231FE000237C
S3150001CC20FB600AE0114AFB6852F823307A685279B0
S3150001CC30934206D0FB680133FB60FB680C2BF1D9EC
S3150001CC4000E000BFFB680D2B02D14FF47A7306E0BA
S3150001CC507B685B79202B01D9032300E0002318466A
S3150001CC601437BD465DF8047B704700BFC401FE1F43
S3150001CC7080B584B000AF78607B68002B01D10123B9
S3150001CC8038E07868FFF791FEF860FB68002B01D069
S3150001CC90FB682FE07868FFF7D5FEF860FB68002B8C
S3150001CCA001D0FB6826E07B6893F83D30002B06D067
S3150001CCB07B6893F83D30012B01D003231AE0786895
S3150001CCC0FFF757FFF860FB68002B01D0FB6811E006
S3150001CCD07B68D3F88030002B0BD07B68D3F880308B
S3150001CCE01846FFF787FFF860FB68002B01D0FB6849
S3150001CCF000E0002318461037BD4680BD80B584B0DC
S3150001CD0000AF786039603B68D3F88030002B04D0DF
S3150001CD103B68D3F88030FB6001E0134BFB60FB6896
S3150001CD201B79002B03D17868FEF73BFD02E078689A
S3150001CD30FEF74BFDFB685B7919467868FEF703FD44
S3150001CD403B6893F83C30032B03D07868FEF751FD1E
S3150001CD5002E07868FEF761FD7868FEF70EFD00BF18
S3150001CD601037BD4680BD00BF78D6030080B586B0BA
S3150001CD7002AF786039603B68D3F88030FB60FB68AE
S3150001CD80002B01D1274BFB603B6893F84030002B09
S3150001CD9006D17868FDF774FC7868FDF799FC05E023
S3150001CDA07868FDF781FC7868FDF7C4FC0021786896
S3150001CDB0FDF705FF00217868FDF701FFFB681B7889
S3150001CDC0FB72FB685B78BB72FB689B787B723B6886
S3150001CDD003F1280297F90B301946786800F024F818
S3150001CDE03B6803F1320297F90A301946786800F078
S3150001CDF063F897F90930B3F1FF3F0FD03B6803F1B0
S3150001CE0032023B6803F128003B6893F83F3097F9FB
S3150001CE10091000930346786800F096F800BF1037B2
S3150001CE20BD4680BD78D6030080B586B000AFF860F8
S3150001CE300B467A60FB7297F90B30032B0CD0032B50
S3150001CE400DDC012B02D0022B03D008E0144B3B6111
S3150001CE5008E0144B3B6105E0134B3B6102E0134BC9
S3150001CE603B6100BF7B681B7A002B02D1104B7B61B3
S3150001CE7001E0104B7B613B690221F86898477B69A9
S3150001CE80F86898470021F868FDF7B2FE7B68DB88F1
S3150001CE901946F868FDF7C6FE00BF1837BD4680BDC6
S3150001CEA015AE010099AE0100CDAE0100E1AD010064
S3150001CEB071AE010049AE010080B586B000AFF860E1
S3150001CEC00B467A60FB7297F90B30032B0CD0032BC0
S3150001CED00DDC002B02D0022B03D008E0144B3B6182
S3150001CEE008E0144B3B6105E0134B3B6102E0134B39
S3150001CEF03B6100BF7B681B7A002B02D1104B7B6123
S3150001CF0001E0104B7B613B690021F86898477B691A
S3150001CF10F86898470021F868FDF7D2FE7B68DB8840
S3150001CF201946F868FDF7E6FE00BF1837BD4680BD15
S3150001CF30E1AD010099AE0100CDAE010015AE0100D3
S3150001CF40B9AD010091AD010080B586B000AFF860C2
S3150001CF507A603B600B46FB7297F90B30032B0CD0C2
S3150001CF60032B0DDC002B02D0012B03D008E01C4B58
S3150001CF703B6108E01B4B3B6105E01B4B3B6102E05B
S3150001CF801A4B3B6100BF97F82030002B02D1184B9A
S3150001CF907B6101E0174B7B613B690721F868984784
S3150001CFA07B69F86898473B689B881946F868FDF7DE
S3150001CFB053FE3B685B881946F868FDF767FE7B6898
S3150001CFC09B881946F868FDF7AFFE7B685B881946B2
S3150001CFD0F868FDF7C3FE00BF1837BD4680BD00BF28
S3150001CFE0E1AD010015AE0100CDAE010099AE010023
S3150001CFF029AF010001AF010080B582B000AF7860B2
S3150001D00039603B681B8D19467868FDF7A1FF3B68BF
S3150001D0105B8E19467868FDF7B3FF01217868FDF745
S3150001D020C7FF01217868FDF7DBFF3B689B8D013364
S3150001D0309BB219467868FDF7EBFF3B68DB8E01333F
S3150001D0409BB219467868FEF713F83B685B8D194663
S3150001D0507868FDF7F5FF3B689B8E19467868FEF701
S3150001D0601FF83B68596C7868FEF732F800BF08373D
S3150001D070BD4680BD80B584B000AFF860B960134687
S3150001D080FB71BB681B7A002B2CD0FB791946F8681B
S3150001D090FEF7A6F9FB7900221946F868FEF7B0FA01
S3150001D0A0BB681B7A012B0ED1FB7900221946F86861
S3150001D0B0FEF7C0FABB685B7A1A46FB791946F8682F
S3150001D0C0FEF782FA0EE0FB79FF221946F868FEF7B1
S3150001D0D0B1FABB685B7A43F48072FB791946F8684A
S3150001D0E0FEF772FAFB7903221946F868FEF75DF935
S3150001D0F0FB791946F868FEF7CDF800BF1037BD4633
S3150001D10080BDFFFF80B586B000AFF860B9607A6078
S3150001D110FB681B7B184600F0FBFB03467B82FB6822
S3150001D1209B687A8A02FB03F3DB087B617B6800223A
S3150001D1301A807B6800225A807B6800229A807B686D
S3150001D1400022DA8007F112037A68B968F86800F0FC
S3150001D1506DFD7B681B887A8A02FB03F3DA087B681C
S3150001D1609A60FB689B7B002B07D07B689B68FA68FB
S3150001D170D28803FB02F27B689A607B689B6803F0A6
S3150001D1803F03002B07D07B689B6823F03F0303F125
S3150001D19040027B689A60294BDB881AB2BB68B3F9F7
S3150001D1A002309A4226DBBB68B3F90230002B21DB41
S3150001D1B0224BDB881BB21A46BB68B3F90230D31A7D
S3150001D1C0FA68D28812B293420ADA1C4BDA88BB6833
S3150001D1D0B3F902309BB2D31A9AB27B685A8003E044
S3150001D1E0FB68DA887B685A80BB68B3F902207B68E2
S3150001D1F0DA801EE0BB68B3F90230002B16DAFB6851
S3150001D200DA88BB68B3F902309BB213449AB27B68E1
S3150001D2105A807B68DB68BA68B2F9022052427969A2
S3150001D22001FB02F21A447B68DA6002E07B680022A5
S3150001D2305A8000BF1837BD4680BD00BF6C06FE1F71
S3150001D24080B58AB000AFF860B9607A60FB70BB68E0
S3150001D2501B7B184600F05CFB03463B62BB689B6880
S3150001D2603A6A02FB03F3DB087B62BB681B68002B8F
S3150001D2700BD1FB7801221946F868FEF796F8FB7880
S3150001D2801946F868FEF71BF8C9E0BB681B7BFA78FC
S3150001D2901946F86800F072FB07F110031A4679681F
S3150001D2A0B868FFF72FFFFA69FB781946F868FDF7AA
S3150001D2B035FF7B68F9785A68F868FEF715F8BB6997
S3150001D2C09B095A1EFB781946F868FDF7ACFFBB6847
S3150001D2D05B7B002B02D07B6A5B427B62BB689B7BDC
S3150001D2E0002B0FD0BB681B8A013B1A46FB781946F7
S3150001D2F0F868FDF77CFFFB7800221946F868FDF710
S3150001D30023FF0DE07B8A013B1A46FB781946F86834
S3150001D310FDF76DFF7A6AFB781946F868FDF714FF89
S3150001D320FB7800221946F868FDF728FFFB780022F2
S3150001D3301946F868FDF73EFF3A4BB3F900301A4635
S3150001D340B7F9143013441A46FB781946F868FEF704
S3150001D35093F8344BB3F902301A46B7F91630134431
S3150001D3601A46FB781946F868FEF750F82D4BB3F9C3
S3150001D37000301A46B7F9143013441A46FB78194699
S3150001D380F868FEF7E9F8274BB3F902301A46B7F900
S3150001D390163013441A46FB781946F868FEF7A4F8C6
S3150001D3A03B8A1A46FB781946F868FEF781F83B8AEC
S3150001D3B01A46FB781946F868FEF7EAF8BB689B7BC4
S3150001D3C0002B18D07B8A1A46BB681B8A02FB03F323
S3150001D3D01A46FB781946F868FEF733F87B8A1A462F
S3150001D3E0BB681B8A02FB03F31A46FB781946F868E9
S3150001D3F0FEF796F80DE07B8A1A46FB781946F8681F
S3150001D400FEF71FF87B8A1A46FB781946F868FEF77D
S3150001D41087F8FB781A467968F868FFF72BFE2837F4
S3150001D420BD4680BD6C06FE1F80B584B000AF786036
S3150001D43039603B68D3F88030FB603B68D3F88030B5
S3150001D440002B01D1464BFB603968786800F0CCFBB4
S3150001D4503B6893F83C30032B2ED801A252F823F0F7
S3150001D46071D4010083D4010095D40100A7D4010031
S3150001D47000217868FDF708FA00217868FDF7F7FAC8
S3150001D48023E001217868FDF7FFF901217868FDF7AE
S3150001D490EEFA1AE002217868FDF7F6F902217868BA
S3150001D4A0FDF7E5FA11E003217868FDF7EDF90021B2
S3150001D4B07868FDF7DCFA08E000217868FDF7E4F901
S3150001D4C000217868FDF7D3FA00BF3B6893F83C303A
S3150001D4D0032B03D07868FDF7F1F902E07868FDF7D0
S3150001D4E001FAFB68DB78002B03D17868FDF754F964
S3150001D4F002E07868FDF764F93B6893F85830002B31
S3150001D50025D0FB689B79022B1CD102217868FDF797
S3150001D51094FAFB68DB7919467868FDF7C2FAFB686D
S3150001D5201B7A19467868FDF7D6FAFB685B7A1946C5
S3150001D5307868FDF7EAFAFB689B7A19467868FDF781
S3150001D540FEFA08E001217868FDF777FA03E0002189
S3150001D5507868FDF772FA00BF1037BD4680BD00BF7F
S3150001D56078D6030080B586B000AFF860B9607A60FE
S3150001D5707B681B78002B18D07B689B88FB827B68B5
S3150001D580DB88BB827B685B887B82FB8A1946F868ED
S3150001D590FDF7BDF9BB8A1946F868FDF7D2F97B8A12
S3150001D5A01946F868FDF7E7F912E0BB681B78002B0E
S3150001D5B00ED14FF40071F868FDF7A9F94FF4007127
S3150001D5C0F868FDF7BEF94FF40071F868FDF7D3F975
S3150001D5D000BF1837BD4680BD80B586B000AFF86084
S3150001D5E0B9607A607B681B78002B18D07B689B78C2
S3150001D5F0FB827B68DB78BB827B685B787B82FB8AFC
S3150001D6001946F868FDF7D1F9BB8A1946F868FDF79E
S3150001D610E4F97B8A1946F868FDF7F7F90FE0BB686C
S3150001D6201B78002B0BD18021F868FDF7BEF980210C
S3150001D630F868FDF7D2F98021F868FDF7E6F900BF31
S3150001D6401837BD4680BD80B584B000AF78603960BB
S3150001D6503B685B6D93F84230002B68D00023FB7367
S3150001D6601FE03B685A6DFB7B5B0020335B00134474
S3150001D6709B881A46FB7B19467868FEF7C2FA3B6817
S3150001D6805A6DFB7B5B00013320335B0013449B889F
S3150001D6901A46FB7B19467868FEF7CEFAFB7B013307
S3150001D6A0FB73FB7B072BDCD90023FB7335E03B685F
S3150001D6B0596DFA7B13465B001344013330335B002B
S3150001D6C00B449B881A46FB7B19467868FEF73BFBA1
S3150001D6D03B68596DFA7B13465B00134402333033C2
S3150001D6E05B000B449B881A46FB7B19467868FEF75C
S3150001D6F045FB3B68596DFB7B5A1C13465B00134483
S3150001D70030335B000B449B881A46FB7B19467868CD
S3150001D710FEF74FFBFB7B0133FB73FB7B042BC6D967
S3150001D7207868FEF7F6F97868FEF7B7F905E07868E4
S3150001D730FEF72BFA7868FEF7B0F93B685B6D93F854
S3150001D7408430002B68D00023FB731FE03B685A6DC1
S3150001D750FB7B5B0040335B001344DB881A46FB7B93
S3150001D76019467868FEF783FA3B685A6DFB7B5B00C6
S3150001D770013340335B001344DB881A46FB7B1946B1
S3150001D7807868FEF78FFAFB7B0133FB73FB7B072B74
S3150001D790DCD90023FB7335E03B68596DFA7B1346F0
S3150001D7A05B001344013350335B000B44DB881A469C
S3150001D7B0FB7B19467868FEF717FB3B68596DFA7BC8
S3150001D7C013465B001344023350335B000B44DB8882
S3150001D7D01A46FB7B19467868FEF721FB3B68596DB3
S3150001D7E0FB7B5A1C13465B00134450335B000B440E
S3150001D7F0DB881A46FB7B19467868FEF72BFBFB7B19
S3150001D8000133FB73FB7B042BC6D97868FEF795F9C8
S3150001D8107868FEF756F905E07868FEF7CAF9786880
S3150001D820FEF74FF93B685B6D1B78002B66D0002332
S3150001D830FB731DE03B685A6DFB7B5B005B00134489
S3150001D8405B881A46FB7B19467868FEF746FA3B6801
S3150001D8505A6DFB7B5B0001335B0013445B881A4600
S3150001D860FB7B19467868FEF753FAFB7B0133FB73A2
S3150001D870FB7B072BDED90023FB7335E03B68596D33
S3150001D880FA7B13465B001344013310335B000B44F0
S3150001D8905B881A46FB7B19467868FEF7F6FA3B6801
S3150001D8A0596DFA7B13465B001344023310335B0058
S3150001D8B00B445B881A46FB7B19467868FEF700FB2A
S3150001D8C03B68596DFB7B5A1C13465B0013441033AE
S3150001D8D05B000B445B881A46FB7B19467868FEF7AA
S3150001D8E00AFBFB7B0133FB73FB7B042BC6D97868F0
S3150001D8F0FEF737F97868FEF7F8F805E07868FEF77D
S3150001D9006CF97868FEF7F1F800BF1037BD4680BDA7
S3150001D91080B485B000AF0346FB710023FB81FB7920
S3150001D920072B22D801A252F823F000BF4DD90100DE
S3150001D9304DD9010053D9010053D9010053D9010032
S3150001D94059D901005FD9010065D901002023FB8166
S3150001D9500CE01023FB8109E00823FB8106E0042388
S3150001D960FB8103E00123FB8100E000BFFB89184630
S3150001D9701437BD465DF8047B704700BF80B582B0A1
S3150001D98000AF78600B46FB701346BB70FB78072B24
S3150001D9904AD801A252F823F0B9D90100C7D901002A
S3150001D9A0D5D90100E3D90100F1D90100FFD9010060
S3150001D9B00DDA01001BDA0100BB78042219467868EA
S3150001D9C0FDF74BFC31E0BB78012219467868FDF77B
S3150001D9D044FC2AE0BB78002219467868FDF73DFC35
S3150001D9E023E0BB78022219467868FDF736FC1CE075
S3150001D9F0BB78032219467868FDF72FFC15E0BB7842
S3150001DA00052219467868FDF728FC0EE0BB78062248
S3150001DA1019467868FDF721FC07E0BB78072219460D
S3150001DA207868FDF71AFC00E000BF00BF0837BD4665
S3150001DA3080BD00BF80B586B000AFEFF30583FB6004
S3150001DA40FB6818461CF070F8134BDB687B617B6939
S3150001DA505B68002B09D003233B707B699B687B6065
S3150001DA607B695B683A46104698477B69DB683B6190
S3150001DA703869FDF7D6FFFCF723FD0346184603F088
S3150001DA8029FEEFF30583BB60BB6818461CF04AF814
S3150001DA9000BF1837BD4680BD6C06FE1F80B586B037
S3150001DAA000AFEFF30583FB60FB6818461CF03CF8FA
S3150001DAB0134BDB687B617B695B68002B09D0012313
S3150001DAC03B707B699B687B607B695B683A46104665
S3150001DAD098477B69DB683B613869FDF7B6FFFCF760
S3150001DAE0EFFC0346184603F0F5FDEFF30583BB6033
S3150001DAF0BB6818461CF016F800BF1837BD4680BD36
S3150001DB006C06FE1F80B586B000AFEFF30583FB60A0
S3150001DB10FB6818461CF008F8134BDB687B617B69D0
S3150001DB205B68002B09D002233B707B699B687B6095
S3150001DB307B695B683A46104698477B69DB683B61BF
S3150001DB403869FDF796FFFCF7BBFC0346184603F060
S3150001DB50C1FDEFF30583BB60BB6818461BF0E2FF0E
S3150001DB6000BF1837BD4680BD6C06FE1F80B584B068
S3150001DB7000AFF860B9607A603B60F868FDF789FE2E
S3150001DB80F868FDF7AEFEF868FDF7D3FEF868FDF715
S3150001DB90E4FEF868FDF7F5FEBB6893F9003013F172
S3150001DBA0210F05D0BB6893F900301846FCF71CFC21
S3150001DBB07B6893F9003013F1210F05D07B6893F947
S3150001DBC000301846FCF710FC3B6893F9003013F15E
S3150001DBD0210F05D03B6893F900301846FCF704FC89
S3150001DBE000BF1037BD4680BD80B582B000AF7860FA
S3150001DBF039603B6893F83D30002B03D17868FCF718
S3150001DC0007FE02E07868FCF7EFFD3B6893F83E30CB
S3150001DC10002B03D17868FCF723FE02E07868FCF755
S3150001DC200BFE00BF0837BD4680BDFFFF80B487B03D
S3150001DC3000AFF860B9607A603B60564B9B881AB2B8
S3150001DC40BB68B3F900309A422ADBBB68B3F90030EE
S3150001DC50002B25DB4F4B9B881A46BB68B3F9003076
S3150001DC609BB2D31AFA68928893420ADA494B9A8888
S3150001DC70BB68B3F900309BB2D31A9AB27B681A809B
S3150001DC8003E0FB689A887B681A80BB68B3F90020B9
S3150001DC907B689A80FB681B681A467B68DA6073E0CA
S3150001DCA0BB68B3F90030002B66DA3B681B88DB08DA
S3150001DCB09BB24022B2FBF3F39BB2FB82354BB3F925
S3150001DCC00030B7F916209A4216DD7B6800229A8049
S3150001DCD0FB689A88BB68B3F900305942B7F9163028
S3150001DCE091FBF3F399B2FB8A11FB03F39BB2D31AAF
S3150001DCF09AB27B681A8028E0BB68B3F900305B42B0
S3150001DD00B7F9162093FBF2F101FB02F29B1A9BB2C3
S3150001DD105B429BB21AB27B689A80FB689A88BB68A1
S3150001DD20B3F900309BB2134499B2BB68B3F9003022
S3150001DD305B42B7F9162093FBF2F000FB02F29B1A45
S3150001DD409BB20B449AB27B681A80BB68B3F9003068
S3150001DD505B423A68128802FB03F3002B00DA0733B1
S3150001DD60DB103B61FB681B681A463B69134423F0D1
S3150001DD703F027B68DA6007E07B6800221A80FB6855
S3150001DD801B681A467B68DA6000BF1C37BD465DF822
S3150001DD90047B70476C06FE1F80B483B000AF7860C9
S3150001DDA07B6800229A707B6840229A707B684122C8
S3150001DDB09A7000BF0C37BD465DF8047B704780B48E
S3150001DDC083B000AF78607B6800221A717B684022BD
S3150001DDD01A717B6841221A7100BF0C37BD465DF886
S3150001DDE0047B704780B483B000AF78607A6813789B
S3150001DDF043F08003137000BF0C37BD465DF8047B0A
S3150001DE00704780B483B000AF78607A68137823F0E6
S3150001DE108003137000BF0C37BD465DF8047B704765
S3150001DE2080B485B000AFF860B9601346FB80FB682B
S3150001DE30BA680432F98823F8221000BF1437BD46A8
S3150001DE405DF8047B704780B483B000AF78603960B9
S3150001DE507B683A680432002123F8221000BF0C3790
S3150001DE60BD465DF8047B704780B58AB000AF786027
S3150001DE707B68002B01D1012345E00023FB610023D0
S3150001DE80FB8300237B770B233B7707F10C030022EF
S3150001DE901A605A609A60DA601D4BDB6807F10C0163
S3150001DEA007F11C021046984738623B6A002B01D0E5
S3150001DEB03B6A28E0FB68174A136007F11C03184602
S3150001DEC003F074FA00237B6211E07B689A687B6A2F
S3150001DED09B00134418787B689A687B6A9B001344FD
S3150001DEE05B88194600F038F87B6A01337B627B68F0
S3150001DEF05B687A6A9A42E8D37B681B78002B01D06B
S3150001DF0000F054F8002318462837BD4680BD00BFEF
S3150001DF10D48604007C06FE1F80B582B000AF03469E
S3150001DF20FB71FB79002B02D0012B06D00BE0094BCC
S3150001DF301B681846FFF730FF07E0064B1B681846BB
S3150001DF40FFF73DFF01E0012300E0002318460837F3
S3150001DF50BD4680BD7C06FE1F80B582B000AF03467C
S3150001DF600A46FB711346BB80054B1B68F979BA88D3
S3150001DF701846FFF755FF002318460837BD4680BDF2
S3150001DF807C06FE1F80B582B000AF0346FB71064BCF
S3150001DF901B68FA7911461846FFF755FF0023184604
S3150001DFA00837BD4680BD00BF7C06FE1F80B500AFA9
S3150001DFB0034B1B681846FFF715FF0023184680BD63
S3150001DFC07C06FE1F80B500AF034B1B681846FFF7A2
S3150001DFD018FF0023184680BD7C06FE1F80B483B05F
S3150001DFE000AF78607B68002B01D1012304E04FF07C
S3150001DFF002227B681A60002318460C37BD465DF87D
S3150001E000047B704780B483B000AF786039603A68AA
S3150001E0107B685A6000BF0C37BD465DF8047B7047CC
S3150001E02080B483B000AF78600B46FB70FB7803F0D9
S3150001E0300103D9B27A68137861F30413137000BF30
S3150001E0400C37BD465DF8047B704780B483B000AFE2
S3150001E05078600B46FB70FB7803F00103D9B27A684E
S3150001E060137B61F30003137300BF0C37BD465DF8E4
S3150001E070047B704780B483B000AF78600B46FB70B9
S3150001E08097F903307A6803F1C00152F8213023F47D
S3150001E090803342F8213097F903307A6803F1C001E1
S3150001E0A052F8213043F0807342F8213000BF0C371B
S3150001E0B0BD465DF8047B704780B483B000AF7860DD
S3150001E0C00B46FB7097F903307A6803F1C00152F8E9
S3150001E0D0213023F0807342F8213000BF0C37BD4652
S3150001E0E05DF8047B704780B483B000AF78607B68CD
S3150001E0F0DB899BB218460C37BD465DF8047B704739
S3150001E10080B483B000AF78600B46FB7097F90320AB
S3150001E1107B68C03253F82230C3F308039BB218461A
S3150001E1200C37BD465DF8047B7047FFFF80B586B0AE
S3150001E13000AF7860396000237B617B683B61396899
S3150001E140386900F021FB78617B69002B01D07B697E
S3150001E1504CE03B689B88184600F0BEFA0346FB7309
S3150001E160244B1B6897F90F2011461846FFF7C8FF85
S3150001E17003461A463B699A8097F90F3013F1210F2E
S3150001E18001D10B2332E097F90F301B4A52F82330A5
S3150001E190002B01D0082329E0386800F0C7FA174B95
S3150001E1A01B6800211846FFF73BFF97F90F303A68C5
S3150001E1B01268114941F823203B69FA7B9A713B6940
S3150001E1C00F4A1A603B689B79002B03D0386900F02F
S3150001E1D0B7F87861094B1B6801211846FFF720FF44
S3150001E1E07B69002B01D0132300E000231846183762
S3150001E1F0BD4680BD8806FE1F0000FE1F8406FE1F69
S3150001E2000043544480B586B000AFF860B9607A60C7
S3150001E2107B8000237B61FB683B617B8819463869FB
S3150001E22000F062FB78617B69002B01D07B6963E0BA
S3150001E230334B1A683B6993F9063019461046FFF7C6
S3150001E2403BFF304B1B6800211846FFF7E9FEBB6810
S3150001E250002B08D03B6993F906301A462A4B53F82E
S3150001E2602230BA685A607B68002B08D03B6993F963
S3150001E27006301A46244B53F822307A689A603B6975
S3150001E28093F906301A46204B53F82230DB7823F0F7
S3150001E2903F03DBB2802B09D13B6993F906301A465D
S3150001E2A0194B53F822307A889A8115E03B6993F924
S3150001E2B006301A46144B53F82230DB7823F03F031D
S3150001E2C0DBB2002B08D13B6993F906301A460E4B97
S3150001E2D053F822307A88DA81386900F031F87861AA
S3150001E2E0084B1B6801211846FFF79AFE7B69002B34
S3150001E2F001D0132300E0002318461837BD4680BD20
S3150001E3008806FE1F8406FE1F0000FE1F80B485B02E
S3150001E31000AF78600B46FB707B68FB6006231846EE
S3150001E3201437BD465DF8047B704780B483B000AFF7
S3150001E3307860062318460C37BD465DF8047B7047A6
S3150001E34080B586B000AF78607B687B617B69002B06
S3150001E35001D1012335E07B691B681C4A934201D038
S3150001E36007232EE07B6993F9063013F1210F01D1C2
S3150001E3700B2326E07B6993F906301A46144B53F8B2
S3150001E38022303B613B699B68002B01D1012318E0D8
S3150001E3903B695B68002B01D1012312E0386900F06B
S3150001E3A025FBF860FB68002B01D0FB6809E0094BEF
S3150001E3B01A687B6993F9063019461046FFF75AFE2B
S3150001E3C0002318461837BD4680BD00BF004354449C
S3150001E3D00000FE1F8806FE1F80B584B000AF78607E
S3150001E3E07B68FB60FB68002B01D1012310E0FB6811
S3150001E3F01B68094A934201D0072309E0074B1A68B3
S3150001E400FB6893F9063019461046FFF755FE0023BF
S3150001E41018461037BD4680BD004354448806FE1F8A
S3150001E42080B586B000AF786039607B687B617B69B7
S3150001E430002B01D1012363E07B691B68324A9342B9
S3150001E44001D007235CE03B68002B01D1012357E093
S3150001E4502E4B1B681846FFF746FE03467B823B6838
S3150001E46000229A71B7F91230002B0BDA7B8A7B7482
S3150001E4707B6993F9063097F911209A4202D13B68DC
S3150001E48001229A717B6993F906301A46204B53F89B
S3150001E4902230FB60FB68DB7823F03F03DBB2802B85
S3150001E4A005D1FB689B899AB23B689A8011E0FB68AB
S3150001E4B0DB899AB23B689A80FB68DB7823F03F03DD
S3150001E4C0DBB2402B05D13B689B88DBB29AB23B6835
S3150001E4D09A807B6993F906301A460D4B53F8223020
S3150001E4E0DB7823F03F03DBB2002B04D13B684FF40A
S3150001E4F080321A6003E03B684FF480721A60002391
S3150001E50018461837BD4680BD004354448406FE1F95
S3150001E5100000FE1F80B584B000AF78607B68FB60A9
S3150001E5200023BB60FB68002B01D1012323E0FB68BC
S3150001E5301B68134A934201D007231CE0FB6893F939
S3150001E540063013F1210F01D10B2314E00D4B1A688C
S3150001E550FB6893F9063019461046FFF7ADFDFB68D7
S3150001E56093F906301946084B002243F82120FB682F
S3150001E57000221A60BB6818461037BD4680BD00BF31
S3150001E580004354448806FE1F0000FE1F80B483B07A
S3150001E59000AF78607B68002B01D1012304E04FF0C6
S3150001E5A002227B681A60002318460C37BD465DF8C7
S3150001E5B0047B704780B588B000AFF860B9607A60B7
S3150001E5C07B800023FB61FB68BB61BA8D7B881946A2
S3150001E5D0B86900F0D3F9F861FB69002B01D0FB693A
S3150001E5E064E0344B1A68BB6993F906301946104644
S3150001E5F0FFF762FD304B1B6800211846FFF710FD3F
S3150001E600BB68002B08D0BB6993F906301A462B4B21
S3150001E61053F82230BA685A607B68002B08D0BB6970
S3150001E62093F906301A46254B53F822307A689A60D8
S3150001E630BB6993F906301A46204B53F82230BA8D3E
S3150001E6409A81BB6993F906301A461C4B53F822305E
S3150001E6507A88DA81BB6993F906301A46174B53F863
S3150001E660222097F8283003F00303D9B2D37861F357
S3150001E6700513D370BB6993F906301A460F4B53F84D
S3150001E68022307B617B699A7B7B69DA73B869FFF714
S3150001E69057FEF861084B1B6801211846FFF7C0FCBD
S3150001E6A0FB69002B01D0132300E000231846203715
S3150001E6B0BD4680BD8806FE1F8406FE1F0000FE1FA4
S3150001E6C080B483B000AF7860062318460C37BD4688
S3150001E6D05DF8047B7047FFFF80B584B000AF034649
S3150001E6E0FB800023FB7315E00F4B1B6897F90F2086
S3150001E6F011461846FFF704FD03461A46FB88934266
S3150001E70002D197F90F300BE097F90F30DBB20133E5
S3150001E710DBB2FB7397F90F306F2BE5DD6FF020034A
S3150001E72018461037BD4680BD8806FE1F80B487B0E7
S3150001E73000AF78607B681B687B610123FB747B6992
S3150001E740DB7823F03F03DBB2002B05D07B69FB604E
S3150001E750FB689A7BFB68DA737B699B7823F03F033E
S3150001E760DBB2002B03D07B6910337B6101E0002310
S3150001E770FB74FB7C002BE2D100BF00BF1C37BD46FA
S3150001E7805DF8047B7047FFFF80B58AB000AF786003
S3150001E790396000237B627B68002B01D101236EE087
S3150001E7A03B68002B01D1012369E03B681B68002B04
S3150001E7B001D1012363E03968786800F06FF8786267
S3150001E7C07B6A002B01D07B6A59E02F4B1B7883F0C3
S3150001E7D00103DBB2002B51D00023FB610023FB8335
S3150001E7E000237B7708233B7707F10C0300221A608D
S3150001E7F05A609A60DA60254BDB6807F10C0107F174
S3150001E8001C021046984778627B6A002B01D07B6A0E
S3150001E81035E0FB681E4A136007F11C03184602F037
S3150001E820FBFF38623B6A002B01D00A2327E007F180
S3150001E8301C03184602F0BAFD4FF4E0720021154898
S3150001E8401DF08DFA124B1B6812491846FFF7DAFBC9
S3150001E8500F4B1B6801211846FFF7F7FB06233B7791
S3150001E8600A4BDB6807F10C0107F11C0210469847B9
S3150001E870FB68094A1360044B01221A707B6A184629
S3150001E8802837BD4680BD00BF8006FE1FD486040022
S3150001E8908406FE1F0000FE1F8806FE1F80B483B09B
S3150001E8A000AF786039603B681B68DB7823F03F0373
S3150001E8B0DBB2002B08D03B681B68DB899BB2B3F542
S3150001E8C0807F01D9012307E07B681B68054A9342D3
S3150001E8D001D1082300E0002318460C37BD465DF838
S3150001E8E0047B70470043544480B483B000AF786022
S3150001E8F00B467B807B68002B01D1012333E07B68CB
S3150001E90093F906301A461B4B53F82230DB7823F075
S3150001E9103F03DBB2002B04D07B88002B01D11323EC
S3150001E92021E07B681B68144A934201D007231AE051
S3150001E9307B6893F906301A460E4B53F82230DB7882
S3150001E94023F03F03DBB2802B0CD17B6893F90630B1
S3150001E9501A46084B53F82230DB899BB2002B01D1B2
S3150001E960012300E0002318460C37BD465DF8047B01
S3150001E970704700BF0000FE1F0043544480B483B0BB
S3150001E98000AF78600B467B8013463B807B68002B8B
S3150001E99001D1012320E07B6893F906301A46114B19
S3150001E9A053F82230DB7823F03F03DBB2802B01D012
S3150001E9B0062311E03B88002B01D101230CE07B8863
S3150001E9C0002B01D1012307E07B681B68064A9342AD
S3150001E9D001D0072300E0002318460C37BD465DF839
S3150001E9E0047B70470000FE1F0043544480B483B08B
S3150001E9F000AF78607B68DB7803F03003DBB2102B65
S3150001EA000FD17B689B6803F00103002B01D0012322
S3150001EA101FE07B685B6803F00103002B01D0012333
S3150001EA2017E07B68DB7803F03003DBB2202B0FD1D4
S3150001EA307B689B6803F00303002B01D0012308E0E8
S3150001EA407B685B6803F00303002B01D0012300E020
S3150001EA50002318460C37BD465DF8047B7047FFFF5F
S3150001EA6080B483B000AF03463960FB7197F9073074
S3150001EA70002B0ADB3B68DAB20C4997F90730120121
S3150001EA80D2B20B4483F800230AE03B68DAB20849A4
S3150001EA90FB7903F00F03043B1201D2B20B441A7641
S3150001EAA000BF0C37BD465DF8047B704700E100E00E
S3150001EAB000ED00E080B483B000AF0346FB7197F927
S3150001EAC00730002B09DB0D4A97F90730134493F8F9
S3150001EAD00033DBB21B09DBB209E0094AFB7903F01B
S3150001EAE00F03043B13441B7EDBB21B09DBB2184642
S3150001EAF00C37BD465DF8047B704700BF00E100E0BE
S3150001EB0000ED00E080B582B000AF78607B68013B24
S3150001EB10B3F1807F01D301230FE00A4A7B68013BF1
S3150001EB2053600F214FF0FF30FFF79AFF054B00228C
S3150001EB309A60044B07221A60002318460837BD461F
S3150001EB4080BD00BF10E000E080B582B000AF786004
S3150001EB500021786801F0EFFF00BF0837BD4680BD90
S3150001EB6080B582B000AF78600321786801F0E3FFD9
S3150001EB7000BF0837BD4680BD80B582B000AF786062
S3150001EB800421786801F0D7FF00BF0837BD4680BD74
S3150001EB9080B500AF002002F0CBFE00BF80BD80B57E
S3150001EBA000AF002002F014FF00BF80BD80B500AFAA
S3150001EBB0012002F0BDFE00BF80BD80B500AF01207F
S3150001EBC002F006FF00BF80BD80B483B000AF0346EC
S3150001EBD0FB71FB79052B94BF01230023DBB2184699
S3150001EBE00C37BD465DF8047B704780B483B000AF37
S3150001EBF078607B6893F82630C3F30203DBB21846CC
S3150001EC000C37BD465DF8047B704780B483B000AF16
S3150001EC1078607B6893F84030C3F3C013DBB2012BF5
S3150001EC2001D1012300E0002318460C37BD465DF8EB
S3150001EC30047B704780B483B000AF78607B6893F83B
S3150001EC404130C3F30003DBB2012B01D1012300E004
S3150001EC50002318460C37BD465DF8047B704780B526
S3150001EC6082B000AF78600B46FB70FFF798FFFB7828
S3150001EC7003F00103D9B27A6892F8303061F30003E8
S3150001EC8082F83030FFF784FF00BF0837BD4680BDEC
S3150001EC9080B582B000AF7860FFF781FF7A6892F89D
S3150001ECA0523043F0010382F85230FFF771FF00BF83
S3150001ECB00837BD4680BD80B582B000AF7860FFF7EA
S3150001ECC06EFF7A6892F8523023F0010382F85230CF
S3150001ECD0FFF75EFF00BF0837BD4680BD80B582B035
S3150001ECE000AF7860FFF75BFF7A6892F8533043F024
S3150001ECF0010382F85330FFF74BFF00BF0837BD46CB
S3150001ED0080BD80B582B000AF7860FFF748FF7A68B2
S3150001ED1092F8533023F0010382F85330FFF738FF9E
S3150001ED2000BF0837BD4680BD80B582B000AF7860B0
S3150001ED300B46FB70FFF733FFFB7803F00703D9B2ED
S3150001ED407A6892F8243061F3061382F82430FFF7CB
S3150001ED501FFF00BF0837BD4680BDFFFF80B586B0E7
S3150001ED6000AF364802F0BEF900237B613B1D00224D
S3150001ED701A605A609A60DA600023FB8200237B7571
S3150001ED8003233B752E4BDB68391D07F11402104630
S3150001ED9098477B682B4A13604FF6FF733B60294BFC
S3150001EDA01B680021184601F03FFE0346002B18D0D0
S3150001EDB002E03B68013B3B60224B1B680021184681
S3150001EDC001F0DCF9034683F00103DBB2002B02D02C
S3150001EDD03B68002BEDD13B68002B02D14FF4CD737C
S3150001EDE028E0184B1B680621184601F056FF4FF61E
S3150001EDF0FF733B6001F034F8124B1B68042118467F
S3150001EE0001F06AF90121042000F01EFF0346002BE0
S3150001EE1002D04FF4CD730DE00A4B1B680522042185
S3150001EE20184601F0E7F9074B1B680021184601F067
S3150001EE30C5F8002318461837BD4680BDD404FE1F09
S3150001EE40D4860400D804FE1F80B58AB000AF78606E
S3150001EE507B68002B01D10123B6E000237B627B682E
S3150001EE601B7887F823307B680433FB6107F11403B1
S3150001EE7000221A60C3F803200023FB760023FB74EB
S3150001EE8007F1140207F113031146184600F092FA2E
S3150001EE907B685B7D3B737B68DB7CBB737B681B7D1F
S3150001EEA07B737B68DB7DFB737B689B7D3B747B6837
S3150001EEB01B7E7B7497F823301846FFF785FE0346C1
S3150001EEC0002B01D103237FE07B681B7828333B4469
S3150001EED013F81C3C012B01D1032375E07B7C022B2B
S3150001EEE013D1FB691B781846FFF76EFE0346002B0C
S3150001EEF001D1032368E0FB691B7828333B4413F8EF
S3150001EF001C3C012B01D103235EE007F10C031946DA
S3150001EF10786800F011FF78627B6A002B01D07B6A6A
S3150001EF2052E097F82330184600F0E0FC78627B6ADD
S3150001EF30002B01D07B6A47E097F82330042B09D1D7
S3150001EF4000F078FD034683F00103DBB2002B01D00C
S3150001EF50012300E00023FB76FB7E03F00103FB7631
S3150001EF607B6803F10C0297F823301146184600F02E
S3150001EF704BF978627B6A002B01D07B6A24E0FB7C2B
S3150001EF8097F823209A4212D0FB7C28333B4413F88E
S3150001EF901C3C012B0BD1FB7C7A681946012000F041
S3150001EFA0D7FC78627B6A002B01D07B6A0CE0FB7E82
S3150001EFB0002B08D001F064FF024697F82330114672
S3150001EFC0184600F089FD002318462837BD4680BD46
S3150001EFD080B584B000AF03463960FB71FB791846F2
S3150001EFE0FFF7F2FD0346002B01D1032386E0454BD3
S3150001EFF01B68FA791146184601F016FD0346002BE7
S3150001F00007D0404B1B68184600F050FF40F29113A1
S3150001F01074E0FB79042B06D13A4B1B680021184694
S3150001F02000F0CCFF57E0FB79012B02D100F070FE16
S3150001F03051E0FB79002B11D1324B1B680021184698
S3150001F04001F09CF8034683F00103DBB2002B02D1E9
S3150001F05040F2931352E000F05BFE3CE0FB79032B98
S3150001F06028D1284B1B680321184601F087F803466F
S3150001F07083F00103DBB2002B02D140F293133DE092
S3150001F08000F046FE1F4B1A681F4B1B6893F827308A
S3150001F0901946104600F05EFF1A4B1B680021184600
S3150001F0A001F0D2F8174B1B6805220321184601F01F
S3150001F0B0E4F810E0FB79052B0DD1386800F07AFEF3
S3150001F0C0F860FB68002B01D0FB6817E00D4B1B684D
S3150001F0D01846FFF739FD0B4B1B68FA79114618469E
S3150001F0E000F0A8FFFB790221184600F0ADFD0346AA
S3150001F0F0002B02D04FF4CD7300E0002318461037E1
S3150001F100BD4680BDD804FE1FD404FE1F80B584B061
S3150001F11000AF0346FB71FB791846FFF755FD034621
S3150001F120002B01D1032369E0364B1B681846FFF714
S3150001F1305CFD0346FB73FA79FB7B9A4202D140F2EE
S3150001F14091135BE0FB7B052B0BD02E4B1B68052136
S3150001F150184601F069FC034683F00103DBB2002B7C
S3150001F1600CD1284B1B68184601F0BCF803461A4619
S3150001F170FB79934202D140F291133FE0FB79012BD7
S3150001F1800DD1204B1B681846FFF73FFD034683F060
S3150001F1900103DBB2002B02D140F295132EE0194B8D
S3150001F1A01B68FA791146184601F03EFC034683F0C6
S3150001F1B00103DBB2002B01D000231FE0114B1B68BA
S3150001F1C0FA791146184600F0D9FF0346002B02D101
S3150001F1D040F2931312E00B4B1B68FA79114618465D
S3150001F1E000F07AFFFB790121184600F02DFD034658
S3150001F1F0002B02D04FF4CD7300E0002318461037E0
S3150001F200BD4680BDD804FE1F80B58AB000AF034657
S3150001F2103960FB71FB791846FFF7D6FC0346002BD4
S3150001F22001D10323BBE03B68002B01D10123B6E0EA
S3150001F230386800F0C5FC78627B6A002B01D07B6AD6
S3150001F240ADE0FB79042B18D13B689B79002B01D0EB
S3150001F2500523A4E03B685B79002B01D005239EE0E2
S3150001F260514B1B681846FFF7D0FC034683F0010398
S3150001F270DBB2002B01D1052391E04B4B1B681846ED
S3150001F280FFF7B3FC034687F82330FA7997F8233062
S3150001F2909A4209D0FB79184600F00AFD78627B6A2A
S3150001F2A0002B01D07B6A7AE03F4B1B6807F108020D
S3150001F2B01146184601F066F93B4B1B681846FFF7E5
S3150001F2C043FC00233B7400233B773B689A79FB7927
S3150001F2D01146184601F052FA03467B61324B1B6810
S3150001F2E00621184601F02CFA0346BB6107F110030B
S3150001F2F0184601F051FE78627B6A002B01D07B6AC9
S3150001F3004DE0BA7B3B689B799A420DD2264B1B682E
S3150001F3103968184601F022FB234B1B68FA7911461E
S3150001F320184600F0C5FF0CE01F4B1B68FA79114621
S3150001F330184600F0BDFF1C4B1B683968184601F0E2
S3150001F3400DFB194B1B680621184601F0F9F9034616
S3150001F350BB6101233B7407F11003184601F01CFE43
S3150001F36078627B6A002B01D07B6A18E001F088FD88
S3150001F37003460E4A13600D4B1B68002B02D14FF456
S3150001F380C8730CE0094B1A68FB791146184600F060
S3150001F390A3FB074942F2107000F04CFA002318460D
S3150001F3A02837BD4680BD00BFD804FE1FD806FE1F04
S3150001F3B040420F0080B582B000AF786039607B684B
S3150001F3C0002B01D1012314E03B68002B01D101235D
S3150001F3D00FE00A4B1B681846FFF707FC03461A465F
S3150001F3E07B681A70054B1B683968184601F0CAF824
S3150001F3F0002318460837BD4680BD00BFD804FE1F4E
S3150001F40080B584B000AF03463960FB713B68002BC1
S3150001F41001D1012320E0FB79062B0FD0FB79052BC7
S3150001F4200CD0FB79042B09D0FB79184600F0E1FAE0
S3150001F430F860FB68002B01D003230DE03B68002236
S3150001F4401A60074B1B68FA791146184601F078F9DC
S3150001F45002463B681A60002318461037BD4680BD38
S3150001F460D804FE1F80B582B000AF0346FB71FB795D
S3150001F4701846FFF7A9FB0346002B01D103233FE002
S3150001F480FB79022B05D0FB79012B02D0FB79042BEA
S3150001F4900FD11D4B1B68FA791146184601F0C4FAC3
S3150001F4A00346002B02D040F2911329E04FF4C873B2
S3150001F4B026E0FB79002B05D0FB79032B02D0FB79E3
S3150001F4C0052B1CD1104B1B68FA791146184601F021
S3150001F4D0ABFA0346002B02D14FF4C87310E00A4B76
S3150001F4E01B68FA791146184600F048FE0346002BC0
S3150001F4F002D140F2931303E04FF4C97300E00023F5
S3150001F50018460837BD4680BDD804FE1F80B586B0B3
S3150001F51000AF78600B46FB70FB78002B51D07B68FF
S3150001F520002B01D1012360E0324B1B68184601F024
S3150001F530E3FA0346FB75FB7D042B01D1012354E05D
S3150001F5402C4B1B6807F108021146184601F01AF800
S3150001F550294B1B689B68002B10D0FB7D032B0DD11B
S3150001F560254B1B681A6907F108031146184600F076
S3150001F570E3FA0346002B17D0052336E01E4B1B6822
S3150001F580DB68002B10D0FB7D022B0DD11A4B1B68BB
S3150001F5905A6907F108031146184600F0CDFA0346E9
S3150001F5A0002B01D0052320E07B683B613B691946AE
S3150001F5B0012001F0EFFD0F4B1B68184601F0F6F82C
S3150001F5C012E00C4B1B681846FFF734FB034683F029
S3150001F5D00103DBB2002B02D14FF4CB7305E0054BDF
S3150001F5E01B68184601F0FCF8002318461837BD467B
S3150001F5F080BD00BFD804FE1FD404FE1F80B582B0B3
S3150001F60000AF1F4B1B681846FFF714FB0346002B80
S3150001F6102BD01B4B1B681846FFF7E7FA0346FB7115
S3150001F620184B1B6893F8283003F04003DBB2002B1C
S3150001F6300FD0134B1B68184600F054FE0346BB71EE
S3150001F640FB79052B0BD1BB79032B08D140F297131C
S3150001F65011E0FB79052B02D140F297130BE0FB7900
S3150001F660032B02D140F2971305E0054B1B681846A0
S3150001F67001F0D0F8002318460837BD4680BD00BF0B
S3150001F680D804FE1FD404FE1F80B582B000AF034626
S3150001F690FB71064B1B68FA7911461846FFF7DFFA2C
S3150001F6A0002318460837BD4680BD00BFD804FE1F9B
S3150001F6B080B500AF034B1B681846FFF7E9FA002334
S3150001F6C0184680BDD804FE1F80B500AF034B1B68EA
S3150001F6D01846FFF7F0FA0023184680BDD804FE1F2E
S3150001F6E080B582B000AF03460A46FB711346BB7173
S3150001F6F0FB79052B01D1032319E0FB79042B0ED1EC
S3150001F700FB79042B08D10C4B1B680421184601F028
S3150001F7108BF90346002B02D14FF4C87307E0064B61
S3150001F7201B68BA79F979184601F092F80023184650
S3150001F7300837BD4680BD00BFD804FE1F80B500AFA7
S3150001F740034B1B68184601F0B0F80023184680BD2C
S3150001F750D804FE1F80B500AF034B1B68184601F0A5
S3150001F760B7F80023184680BDD804FE1F80B483B0C5
S3150001F77000AF0346FB71062318460C37BD465DF8FC
S3150001F780047B704780B400AF06231846BD465DF87A
S3150001F790047B704780B400AF06231846BD465DF86A
S3150001F7A0047B704780B483B000AF0346FB71062328
S3150001F7B018460C37BD465DF8047B704780B400AF30
S3150001F7C006231846BD465DF8047B704780B400AF3A
S3150001F7D006231846BD465DF8047B704780B500AF29
S3150001F7E0034B1B681846FFF779FA0023184680BDBC
S3150001F7F0D804FE1F80B500AF034B1B681846FFF700
S3150001F80080FA0023184680BDD804FE1F80B582B059
S3150001F81000AF0346FB71064B1B68FA791146184681
S3150001F820FFF782FA002318460837BD4680BD00BFA0
S3150001F830D804FE1F80B588B000AF786039607B6858
S3150001F840FB613B68BB614FF000037B617B68002B6A
S3150001F85001D1032330E001F013FB3861184BBB6182
S3150001F86042F21073FB613B6907EE903AF8EE677A54
S3150001F870F7EE006A86EEA77ABB6907EE903AF8EED4
S3150001F880677A67EE277AC7ED057AFB6907EE903A44
S3150001F890F8EE676A97ED057AC6EE877AFCEEE77AA7
S3150001F8A017EE903AFB60F86801F026F80346002B44
S3150001F8B001D1122300E0002318462037BD4680BD42
S3150001F8C040420F0080B483B000AF78607B68002BA4
S3150001F8D001D1012304E04FF002227B681A60002364
S3150001F8E018460C37BD465DF8047B704780B584B079
S3150001F8F000AF0346FB7140F29313FB604FF6FF73B3
S3150001F900BB600DE0BB68013BBB60BB68002B02DC42
S3150001F91040F2931318E0FB791846FFF7A3FDF86050
S3150001F920FB6840F293129342ECD0FB68002B0AD09D
S3150001F930FB68B3F5C97F06D0FB6840F2911293428A
S3150001F94001D0FB6800E0002318461037BD4680BD94
S3150001F95080B584B000AF03463A60FB710B46BB71BC
S3150001F9603B680433FB600023BB60FB79012B09D1A3
S3150001F970BB791846FFF7CAFBB860BB68002B33D0CA
S3150001F980BB6832E0FB79022B2ED1BB79052B1BD14B
S3150001F990FB681B7839681846FFF71AFBB860BB6825
S3150001F9A0002B06D0BB6840F29112934201D0BB688E
S3150001F9B01BE0FB681B781846FFF798FFB860BB6829
S3150001F9C0002B01D0BB6810E0BB79F9681846FFF738
S3150001F9D0FFFAB860BB68002B06D0BB6840F29112F3
S3150001F9E0934201D0BB6800E0002318461037BD469C
S3150001F9F080BD80B483B000AF0346FB71FB79002B59
S3150001FA0001D100230FE0FB79012B01D100230AE08C
S3150001FA10FB79022B01D1002305E0FB79032B01D1F0
S3150001FA20002300E0032318460C37BD465DF8047B2E
S3150001FA307047FFFF80B500AF1A4B1B6805211846BA
S3150001FA4000F0F2FF034683F00103DBB2002B25D061
S3150001FA50144B1B680321184600F0E6FF034683F0AA
S3150001FA600103DBB2002B19D00E4B1B68002118468F
S3150001FA7000F0DAFF034683F00103DBB2002B0DD061
S3150001FA80084B1B680121184600F0CEFF034683F0A0
S3150001FA900103DBB2002B01D0012300E0002318464D
S3150001FAA080BD00BFD804FE1F80B500AF094B1B689F
S3150001FAB00521184600F0B8FF0346002B14BF0123A9
S3150001FAC00023DBB283F00103DBB203F00103DBB2F7
S3150001FAD0184680BDD804FE1F80B582B000AF03462C
S3150001FAE03960FB71FB79042B02D0FB79022B0AD119
S3150001FAF0FFF7A0FF0346002B05D00D4B1B681846E8
S3150001FB00FFF73AF810E00B4B1B689B683A689A427C
S3150001FB100AD8FFF7C9FF0346002B05D0044B1B6823
S3150001FB201846FFF71DF800BF0837BD4680BD00BF68
S3150001FB30D804FE1FD404FE1F80B483B000AF7860E2
S3150001FB4039607B681B781A463B68934201D90523C5
S3150001FB5030E07B685B781A463B68934201D90523FE
S3150001FB6028E07B689B781A463B68934201D90523B6
S3150001FB7020E07B68DB781A463B68934201D905236E
S3150001FB8018E07B685B791A463B68934201D90523E5
S3150001FB9010E07B681B791A463B68934201D905231D
S3150001FBA008E07B689B791A463B68934201D9052395
S3150001FBB000E0002318460C37BD465DF8047B70470C
S3150001FBC080B483B000AF78607B681A787B689B79D4
S3150001FBD09A4201D2032330E07B685A787B681B780E
S3150001FBE09A4201D2032328E07B681A787B68DB7886
S3150001FBF09A4201D2032320E07B685A787B68DB783E
S3150001FC009A4201D2032318E07B685A787B689B7974
S3150001FC109A4201D2032310E07B685A797B689B796B
S3150001FC209A4201D2032308E07B681A797B689B79A3
S3150001FC309A4201D2032300E0002318460C37BD4641
S3150001FC405DF8047B7047FFFF80B584B000AF0346C3
S3150001FC500A46FB711346BB714FF6FF73BB60BB7956
S3150001FC60002B1ED0BB79022B0CBF01230023FB7393
S3150001FC7002E0BB68013BBB600C4B1B68FA7911467D
S3150001FC80184600F0D1FE03461A46FB7B934202D08A
S3150001FC90BB68002BEDD1BB68002B02D14FF4CD73AD
S3150001FCA000E0002318461037BD4680BDD804FE1F6C
S3150001FCB080B582B000AF0346FB71FB79002B05D0FE
S3150001FCC0FB79032B02D0FB79052B0CD10F4B1B685B
S3150001FCD0FA791146184600F051FA0346002B0FD166
S3150001FCE040F293130DE0094B1B68FA791146184649
S3150001FCF000F09AFE0346002B02D14FF4C87300E0D0
S3150001FD00002318460837BD4680BD00BFD804FE1F34
S3150001FD1080B500AF074B1B68184600F0EDFE0346A1
S3150001FD20042B04D1034B1B681846FEF719FF00BFCD
S3150001FD3080BD00BFD804FE1F80B584B000AF7860D7
S3150001FD4039600023BB603B6805331B787A6805215F
S3150001FD501846FFF7FDFDB860BB68002B06D0BB68EF
S3150001FD6040F29112934201D0BB681EE00023FB6072
S3150001FD7017E03A68FB6813441B78FA68D1B27A68CF
S3150001FD801846FFF7E5FDB860BB68002B06D0BB68D7
S3150001FD9040F29112934201D0BB6806E0FB68013341
S3150001FDA0FB60FB68042BE4D9002318461037BD46D7
S3150001FDB080BDFFFF80B582B000AF78607B68002B05
S3150001FDC001D1012346E0786800F020FC0346002BB0
S3150001FDD001D103233EE0214B1A687B681B78194643
S3150001FDE0104600F021FE0346002B02D14FF4CA73E0
S3150001FDF030E01A4B1B680521184600F0BFF903468F
S3150001FE0083F00103DBB2002B02D140F2931321E010
S3150001FE10FFF77EFF114B1A687B681B78194610465F
S3150001FE2000F080FA0D4B1A687B685B78194610461C
S3150001FE3000F026FB094B1A687B68D3ED017AB0EE18
S3150001FE40670A104600F08AFA044B1B68184600F050
S3150001FE502DF8002318460837BD4680BDD804FE1F7D
S3150001FE6080B400AF0E4B1B689B690E4A13600D4BA5
S3150001FE700D4A5A600B4B4FF400429A60084B1B68BF
S3150001FE80DB69084AD360074B4FF400421A61054B00
S3150001FE9000225A6100BFBD465DF8047B704700BF72
S3150001FEA0D404FE1FDC04FE1F00127A0080B52DED7E
S3150001FEB0028B84B000AF78600023BB60786800F0E5
S3150001FEC027FB0346BB60BB68002B38D00023FB60D1
S3150001FED01E4B1B6893F8283003F03003DBB2102B5E
S3150001FEE008D1786800F0FEF903461A46184B53F814
S3150001FEF02230FB60154B1B6893F8283003F0300362
S3150001FF00DBB2202B02D1124BDB68FB60FB6807EEEC
S3150001FF10903AB8EE677ABB6807EE903AF8EE677AE0
S3150001FF2087EE278A786800F065FAF0EE407A68EE87
S3150001FF30277AFCEEE77A17EE902A054B5A6100BF45
S3150001FF401037BD46BDEC028B80BD00BFD404FE1F39
S3150001FF50DC04FE1F80B584B000AF78600B46FB70F1
S3150001FF60154B1B6893F82030FB73134B1B6893F8F2
S3150001FF702130BB73FEF713FE7B6893F81334DBB2B3
S3150001FF805AB297F90F30DB435BB213405AB2F97894
S3150001FF90BB7B01FA03F359B297F90F300B405BB201
S3150001FFA013435BB2DAB27B6883F81324FEF7F0FDE4
S3150001FFB000BF1037BD4680BDD404FE1F80B584B096
S3150001FFC000AF78600B46FB70194B1B6893F8223023
S3150001FFD0FB73174B1B6893F82330BB73FEF7DFFDEA
S3150001FFE07B6893F88034C3F30003DBB2002B19D08E
S3150001FFF07B6893F88134DBB25AB297F90F30DB4351
S315000200005BB213405AB2F978BB7B01FA03F359B2D9
S3150002001097F90F300B405BB213435BB2DAB27B68DF
S3150002002083F88124FEF7B4FD00BF1037BD4680BDBC
S31500020030D404FE1F80B582B000AF78600B46FB7019
S31500020040FEF7ADFDFB78052B3ED801A252F823F050
S31500020050690002007900020089000200990002008C
S31500020060A9000200B90002007A6892F8363023F03D
S31500020070010382F8363028E07A6892F8383023F0A5
S31500020080010382F8383020E07A6892F8903423F03F
S31500020090010382F8903418E07A6892F8323023F03D
S315000200A0010382F8323010E07A6892F8803423F045
S315000200B0010382F8803408E07A6892F82A3023F045
S315000200C0010382F82A3000E000BFFEF761FD00BF9F
S315000200D00837BD4680BD00BF80B582B000AF7860EC
S315000200E00B46FB70FEF75BFDFB78052B3ED801A2A3
S315000200F052F823F00D0102001D0102002D0102003B
S315000201003D0102004D0102005D0102007A6892F88B
S31500020110363043F0010382F8363028E07A6892F8E6
S31500020120383043F0010382F8383020E07A6892F8DA
S31500020130903443F0010382F8903418E07A6892F81A
S31500020140323043F0010382F8323010E07A6892F8D6
S31500020150803443F0010382F8803408E07A6892F82A
S315000201602A3043F0010382F82A3000E000BFFEF78E
S315000201700FFD00BF0837BD4680BD00BF80B483B007
S3150002018000AF78600B46FB70FB78052B1AD0052B67
S3150002019022DC002B02D0032B0AD01DE07B6893F8E9
S315000201A03C30C3F30003DBB2002B17D001231BE064
S315000201B07B6893F83C30C3F3C003DBB2002B0FD04D
S315000201C0012311E07B6893F83C30C3F34013DBB2A2
S315000201D0002B07D0012307E0012305E000BF02E060
S315000201E000BF00E000BF002318460C37BD465DF88D
S315000201F0047B704780B586B000AF78600B46FB7013
S3150002020013463B800621786800F09AFA3861FB783B
S315000202100C4A52F82330FB60FB68002B0ED03A6979
S31500020220FB68B2FBF3F33A8802FB03F37B6102E05D
S315000202307B69013B7B617B69002BF9D100BF1837D3
S31500020240BD4680BDDC04FE1F80B582B000AF78607B
S315000202500B46FB70FEF7A3FCFB7803F00103D9B251
S315000202607A6892F8133461F3861382F81334FEF730
S315000202708FFC00BF0837BD4680BD80B582B000AF97
S3150002028078600B46FB701346BB70FEF788FCBB78A2
S3150002029003F00F03D9B27A6892F8A23061F303032E
S315000202A082F8A230FEF774FC00BF0837BD4680BD57
S315000202B080B582B000AF78600B46FB70FEF76FFC2C
S315000202C0FB7803F00703D9B27A6892F8263061F315
S315000202D0020382F82630FEF75BFC00BF0837BD46F4
S315000202E080BDFFFF80B483B000AF78600C4B1B6803
S315000202F093F8283003F04003DBB2002B08D07B686A
S315000203001B8DC3F30013DBB2012B01D1002300E0E6
S31500020310032318460C37BD465DF8047B704700BFC1
S31500020320D404FE1F80B582B000AF78600B46FB7026
S31500020330FEF735FCFB78032B05D17A68138D23F083
S315000203401003138504E07A68138D43F010031385B6
S31500020350FEF71EFC00BF0837BD4680BD80B584B0DF
S3150002036000AF786087ED000A214B1B6893F82830AE
S3150002037003F03003DBB2102B16D1D7ED007A77EEFD
S31500020380A77AFCEEE77A17EE903A013BFB60FEF79E
S3150002039006FCFB6803F03F03D9B27A68138D61F35A
S315000203A00D231385FEF7F4FB114B1B6893F82830D7
S315000203B003F03003DBB2202B16D1D7ED007AFCEE28
S315000203C0E77A17EE903A013BBB60FEF7E8FBBB68A3
S315000203D003F01F03D9B27A6892F82B3061F3040353
S315000203E082F82B30FEF7D4FB00BF1037BD4680BD26
S315000203F0D404FE1F80B485B000AF78604FF00003CE
S31500020400FB601E4B1B6893F8283003F03003DBB207
S31500020410102B0FD17B681B8DC3F30523DBB201338F
S3150002042007EE903AB8EE677AF0EE006AC7EE267AE1
S31500020430C7ED037A114B1B6893F8283003F030039B
S31500020440DBB2202B0FD17B6893F82B30C3F3040366
S31500020450DBB207EE903AF8EE677AB7EE007A77EEFD
S31500020460877AC7ED037AFB6807EE903AB0EE670A21
S315000204701437BD465DF8047B704700BFD404FE1FE7
S3150002048080B584B000AF78600B46FB701D4B1B68CD
S3150002049093F8283003F03003DBB2102B11D1FB782E
S315000204A0194A32F81330FB81FEF779FBFB8903F018
S315000204B00303D9B27A68138D61F301031385FEF73C
S315000204C067FB104B1B6893F8283003F03003DBB24E
S315000204D0202B13D1FB780D4A32F81330BB81FEF77D
S315000204E05EFBBB8903F00303D9B27A6892F82B301C
S315000204F061F3871382F82B30FEF74AFB00BF1037F1
S31500020500BD4680BDD404FE1FD4D60300E4D6030044
S3150002051080B485B000AF78600123FB81164B1B685F
S3150002052093F8283003F03003DBB2102B09D17B6835
S315000205301B8DC3F30103DBB21A46104B33F812309C
S31500020540FB810D4B1B6893F8283003F03003DBB2B6
S31500020550202B0AD17B6893F82B30C3F38113DBB2CD
S315000205601A46074B33F81230FB81FB8918461437BB
S31500020570BD465DF8047B7047D404FE1FCCD603004B
S31500020580DCD6030080B483B000AF786039607B6844
S315000205901B6AC3F30233DBB21A463B681A707B68E6
S315000205A01B6AC3F30223DBB21A463B685A707B68A6
S315000205B01B6AC3F30213DBB21A463B689A707B6866
S315000205C01B6AC3F30203DBB21A463B68DA707B6826
S315000205D01B6AC3F30243DBB21A463B681A717B6895
S315000205E01B6AC3F30273DBB21A463B685A717B6815
S315000205F01B6AC3F30263DBB21A463B689A7100BFF9
S315000206000C37BD465DF8047B7047FFFF80B483B0AC
S3150002061000AF78601E4B1B6893F824207B685B78DA
S315000206209A4201D200232CE0194B1B6893F826301C
S3150002063007EE903AB8EE677A7B68D3ED017AB4EEAC
S31500020640E77AF1EE10FA0FD4114B1B6893F82530B6
S3150002065007EE903AB8EE677A7B68D3ED017AB4EE8C
S31500020660E77AF1EE10FA01DD00230AE07B681B78D7
S31500020670032B05D07B681B78002B01D0002300E0FA
S31500020680012318460C37BD465DF8047B704700BF50
S31500020690D404FE1F80B485B000AF78600B46FB70B1
S315000206A00023FB60FB78062B41D801A252F823F007
S315000206B0CD060200DB060200E9060200F70602008A
S315000206C00507020013070200210702007B681B6A66
S315000206D0C3F30233DBB2FB602AE07B681B6AC3F317
S315000206E00223DBB2FB6023E07B681B6AC3F30213BF
S315000206F0DBB2FB601CE07B681B6AC3F30203DBB25E
S31500020700FB6015E07B681B6AC3F30243DBB2FB6046
S315000207100EE07B681B6AC3F30273DBB2FB6007E081
S315000207207B681B6AC3F30263DBB2FB6000E000BFB7
S31500020730FB6818461437BD465DF8047B704700BF58
S3150002074080B584B000AF78600B46FB70FB78194623
S315000207507868FFF79FFFF8607868FEF746FA034667
S315000207601A46054B53F82220FB6822FA03F3184671
S315000207701037BD4680BD00BFDC04FE1F80B483B0C7
S3150002078000AF03460A46FB711346BB71FB79064A64
S3150002079052F82320BB7922FA03F318460C37BD46DA
S315000207A05DF8047B704700BFDC04FE1F80B582B093
S315000207B000AF7860FEF7F3F97A6892F8403043F0BA
S315000207C0800382F840307A6892F8403043F00103A1
S315000207D082F84030FEF7DCF900BF0837BD4680BD1F
S315000207E080B582B000AF7860FEF7D9F97A6892F8E0
S315000207F0403023F0010382F840307A6892F84030A4
S3150002080023F0800382F84030FEF7C2F900BF0837B2
S31500020810BD4680BD80B582B000AF78607B6893F834
S315000208204130C3F30003DBB2012B0CD1FEF7B7F95B
S315000208307A6892F8413023F0010382F84130FEF7DC
S31500020840A7F9012300E0002318460837BD4680BDFC
S3150002085080B582B000AF78600B46FB701346BB7062
S31500020860FEF79DF97A6892F83E3023F0800382F80B
S315000208703E30BB7803F00703D9B27A6892F83E306D
S3150002088061F3061382F83E30FB7803F00703D9B210
S315000208907A6892F83E3061F3020382F83E30FEF740
S315000208A077F900BF0837BD4680BD80B582B000AF7C
S315000208B07860FEF774F97A6892F83E3043F0800366
S315000208C082F83E30FEF764F900BF0837BD4680BDA8
S315000208D080B582B000AF7860FEF761F97A6892F867
S315000208E03E3023F0800382F83E30FEF751F900BF16
S315000208F00837BD4680BDFFFF80B586B000AF786081
S315000209000023FB75144B1B683B61134B1B6803F0FA
S315000209100203002B01D1012319E00F4B00221A60BA
S315000209204FF0FF30FEF7C6F8F8607868FEF7EAF88F
S315000209300346002B07D10123FB75F9684FF0FF3000
S31500020940FEF78EF802E0044A3B691360FB7D184607
S315000209501837BD4680BD00BF10E000E080B584B008
S3150002096000AF786039600023FB603B681B7803F0B8
S315000209700703DAB2FB6862F30E33FB603B685B780F
S3150002098003F00703DAB2FB6862F30A23FB603B68F3
S315000209909B7803F00703DAB2FB6862F30613FB6087
S315000209A03B68DB7803F00703DAB2FB6862F3020303
S315000209B0FB603B681B7903F00703DAB2FB6862F35C
S315000209C01243FB603B685B7903F00703DAB2FB680C
S315000209D062F31E73FB603B689B7903F00703DAB28E
S315000209E0FB6862F31A63FB600E4B1B6893F82A30AE
S315000209F003F00403DBB2002B08D03B685B7803F0FC
S31500020A000703DAB2FB6862F31243FB60FEF7C7F82C
S31500020A10FA687B681A62FEF7BBF800BF1037BD465C
S31500020A2080BD00BFD404FE1F80B483B000AF7860DF
S31500020A300B46FB70FB78052B4AD801A252F823F02D
S31500020A40590A02006D0A0200810A0200950A020092
S31500020A50A90A0200BD0A02007B6893F83630C3F386
S31500020A600003DBB2002B35D101233FE07B6893F80C
S31500020A703830C3F30003DBB2002B2DD1012335E05E
S31500020A807B6893F89034C3F30003DBB2002B25D1C5
S31500020A9001232BE07B6893F83230C3F30003DBB209
S31500020AA0002B1DD1012321E07B6893F88034C3F328
S31500020AB00003DBB2002B15D1012317E07B6893F804
S31500020AC02A30C3F30003DBB2002B0DD101230DE064
S31500020AD000BF0AE000BF08E000BF06E000BF04E076
S31500020AE000BF02E000BF00E000BF002318460C373B
S31500020AF0BD465DF8047B704780B485B000AF786070
S31500020B000023FB737B6893F8AA30C3F30003DBB2BE
S31500020B10012B02D10423FB7306E07B6893F8A03015
S31500020B20C3F30103DBB2FB73FB7B18461437BD46E6
S31500020B305DF8047B704780B584B000AF78600B46E1
S31500020B40FB704FF6FF73BB60FEF737F80023FB73AB
S31500020B5007F10F03184600F0B9F808E0BB68013B3D
S31500020B60BB60BB68002B02D1FEF720F892E07B68DF
S31500020B7093F8AA30C3F30013DBB2002BEED17B68E5
S31500020B8093F8A030C3F30013DBB2002BE6D17A68E8
S31500020B9092F8AA3023F0010382F8AA304FF6FF73C7
S31500020BA0BB6002E0BB68013BBB607B6893F8AA307E
S31500020BB0C3F30013DBB2002B07D17B6893F8A03096
S31500020BC0C3F30013DBB2002B02D0BB68002BE9D1C2
S31500020BD0FB78042B07D17A6892F8A03043F003031E
S31500020BE082F8A0300AE0FB7803F00303D9B27A68F0
S31500020BF092F8A03061F3010382F8A0304FF6FF733A
S31500020C00BB6002E0BB68013BBB607B6893F8AA301D
S31500020C10C3F30013DBB2002B07D17B6893F8A03035
S31500020C20C3F30013DBB2002B02D0BB68002BE9D161
S31500020C30FB78042B07D17A6892F8AA3043F00103B5
S31500020C4082F8AA3006E07A6892F8AA3023F0010305
S31500020C5082F8AA304FF6FF73BB6002E0BB68013B25
S31500020C60BB607B6893F8AA30C3F30013DBB2002B98
S31500020C7007D17B6893F8A030C3F30013DBB2002BD5
S31500020C8002D0BB68002BE9D1FB7B184600F046F880
S31500020C90FDF78CFF1037BD4680BD80B582B000AF30
S31500020CA078600B46FB70FDF77AFFFB7803F00703CB
S31500020CB0D9B27A6892F8A53061F3020382F8A530B8
S31500020CC0FDF766FF00BF0837BD4680BD80B485B01C
S31500020CD000AF78600023FB607B68002B01D1012303
S31500020CE0FB60FB68002B0FD10B4BB3F80031C3F34B
S31500020CF00003DBB21A467B681A70074A92F8003183
S31500020D0023F0010382F80031FB6818461437BD460A
S31500020D105DF8047B704700BF00C0014080B485B017
S31500020D2000AF0346FB710023FB604FF0FF33BB604D
S31500020D30164A92F8043143F0010382F8043102E0C4
S31500020D40BB68013BBB60114BB3F80431C3F300032C
S31500020D50DBB2002B02D0BB68002BF1D1BB68002BA3
S31500020D6002D11423FB600AE0084AFB7903F001036F
S31500020D70D9B292F8003161F3000382F80031FB68C0
S31500020D8018461437BD465DF8047B704700C0014023
S31500020D9080B586B000AF00237B61374B1B6898474E
S31500020DA00120FFF7BBFF0323FB74334B9B68FA7CDE
S31500020DB000211046984701237B71304BBB60FB7CB8
S31500020DC03B7100BF2C4BDB69FA7C10469847034601
S31500020DD0B3F5C97FF6D1284B9B683A1D114605200B
S31500020DE0984778610523FB747B69002B05D07B69E4
S31500020DF040F29112934200D000BEFB7C012B0FD031
S31500020E00FB7C022B0CD0FB7C042B09D000BF1A4BB7
S31500020E10DB69FA7C104698470346B3F5C97FF6D1DB
S31500020E200023BB7401233B7302237B730223BB7330
S31500020E300123FB7302237B7401233B740E4B1B6954
S31500020E4007F10C01FA7C1046984778617B69002B02
S31500020E5000D000BE084B1B6E04209847064B9B6AC7
S31500020E6001209847044BDB6A9847034B9B6D9847D2
S31500020E7000BF1837BD4680BDECD603000000A04176
S31500020E8080B582B000AF00237B60054B9B693A1D9B
S31500020E901146062098477B6818460837BD4680BD2E
S31500020EA0ECD6030080B483B000AF0346FB71084A58
S31500020EB0FB7903F00703D9B292F81C3161F30203FE
S31500020EC082F81C3100BF0C37BD465DF8047B7047C3
S31500020ED000C0014080B400AF054B93F81C31C3F348
S31500020EE00203DBB21846BD465DF8047B704700BFBD
S31500020EF000C0014080B483B000AF7860174BF12286
S31500020F001A71164A7B6803F00103D9B2137A61F3A8
S31500020F1082031372114A7B6803F00103D9B2137A72
S31500020F2061F3C30313720D4A7B6803F00103D9B25E
S31500020F30137A61F300031372084A7B6803F0010314
S31500020F40D9B2137A61F341031372044BF0221A7178
S31500020F5000BF0C37BD465DF8047B70470020004099
S31500020F6080B483B000AF78600A4BF1221A71094A45
S31500020F707B6803F00103D9B2137A61F30413137287
S31500020F80044BF0221A7100BF0C37BD465DF8047B94
S31500020F90704700BF0020004080B582B000AF786085
S31500020FA07B681B78002B02D1786800F00DF87B680D
S31500020FB01B78012B02D1786800F048F80023184606
S31500020FC00837BD4680BDFFFF90B585B000AF78609B
S31500020FD07B685B68FB60FB68184A934202D9012072
S31500020FE0FFF788FFFB68164A934202D90120FFF7F2
S31500020FF0B7FFFB68134A934203D87B6800221A7331
S315000210000AE0FB68104A934203D87B6801221A73EE
S3150002101002E07B6802221A737B681B7B1C46FFF781
S3150002102059FF03469C4204D97B681B7B1846FFF78F
S3150002103039FF00BF1437BD4690BD00BF000E27071B
S3150002104000C2EB0B00B4C4040068890990B585B0F0
S3150002105000AF78607B689B68FB60FB680E4A934230
S3150002106002D80020FFF746FFFB680C4A934202D8DB
S315000210700020FFF775FF7B681B7B1C46FFF72AFFE4
S3150002108003469C4204D07B681B7B1846FFF70AFF87
S3150002109000BF1437BD4690BD000E270700C2EB0BFA
S315000210A080B483B000AF78607B6800221A7000BFFC
S315000210B00C37BD465DF8047B704780B483B000AF41
S315000210C078607A68137843F0010313707A681378AC
S315000210D043F00203137000BF0C37BD465DF8047B74
S315000210E07047FFFF80B483B000AF78607B68044A24
S315000210F01A6000BF0C37BD465DF8047B704700BF1F
S3150002110058D7030080B483B000AF78607B688C2226
S315000211101A607B6846225A6000BF0C37BD465DF8EE
S31500021120047B704780B483B000AF00237B6007E086
S31500021130084A7B68002142F823107B6801337B60F2
S315000211407B680B2BF4D900BF00BF0C37BD465DF898
S31500021150047B70478C06FE1F80B584B000AF034641
S31500021160FB710023FB60FB79094A52F82330002BFE
S3150002117002D10323FB6006E0FB79054A52F82330CD
S31500021180FA7910469847FB6818461037BD4680BD67
S315000211908C06FE1F80B485B000AF03463960FB7132
S315000211A00023FB603B68002B05D1FB79084A00212E
S315000211B042F8231004E0FB7905493A6841F82320F6
S315000211C0FB6818461437BD465DF8047B704700BFBE
S315000211D08C06FE1F80B500AF6C4BB3F84031C3F3EB
S315000211E00003DBB2012B09D10320FFF7B5FF674AE3
S315000211F0B2F8303143F00103A2F83031634BB3F851
S315000212004031C3F34003DBB2012B09D10220FFF7C1
S31500021210A3FF5E4AB2F8303143F00203A2F830313E
S315000212205A4BB3F84031C3F38003DBB2012B09D129
S315000212300420FFF791FF554AB2F8303143F0040318
S31500021240A2F83031514BB3F84031C3F3C003DBB2DD
S31500021250012B09D10520FFF77FFF4C4AB2F8303146
S3150002126043F00803A2F83031484BB3F84031C3F3D8
S315000212700013DBB2012B09D10620FFF76DFF434AAB
S31500021280B2F8303143F01003A2F830313F4BB3F8D5
S315000212904031C3F38013DBB2012B09D10120FFF7E2
S315000212A05BFF3A4AB2F8303143F04003A2F83031DC
S315000212B0364BB3F84031C3F3C013DBB2012B09D16D
S315000212C00020FFF749FF314AB2F8303143F080037C
S315000212D0A2F830312D4BB3F84031C3F30023DBB211
S315000212E0012B09D10720FFF737FF284AB2F8303120
S315000212F043F48073A2F83031244BB3F84031C3F380
S315000213004023DBB2012B09D10820FFF725FF1F4A34
S31500021310B2F8303143F40073A2F830311B4BB3F804
S315000213204031C3F38023DBB2012B09D10920FFF739
S3150002133013FF164AB2F8303143F48063A2F8303113
S31500021340124BB3F84031C3F3C023DBB2012B09D1F0
S315000213500A20FFF701FF0D4AB2F8303143F4006369
S31500021360A2F83031094BB3F84031C3F30033DBB294
S31500021370012B09D10B20FFF7EFFE044AB2F83031F8
S3150002138043F48053A2F8303100BF80BD00600040B4
S3150002139080B582B000AF786000220121786800F043
S315000213A013F8034618460837BD4680BD80B582B09D
S315000213B000AF786000220021786800F005F8034645
S315000213C018460837BD4680BD80B58EB000AF78603E
S315000213D00B46FB701346BB7000233B737B681B787E
S315000213E0452B01D901235CE07B681B781A462F4BFB
S315000213F09B5C3B733B7BFF2B01D1032351E0786857
S3150002140000F058F878633B7BC3F38113DBB21A46CC
S31500021410274B53F822303B63FB78002B24D03B7BCF
S3150002142003F02003DBB2002B02D0BB78002B19D0CD
S315000214300023BB62EFF31083FB61FB69BB620123EE
S315000214403B623B6A83F3108800BF3B6B1A687B6B77
S315000214501A433B6B1A60BB6A7B627B6A83F3108812
S3150002146000BF1DE003231CE07B6BDB437B63002391
S31500021470FB62EFF310833B613B69FB6201237B61F5
S315000214807B6983F3108800BF3B6B1A687B6B1A403B
S315000214903B6B1A60FB6ABB61BB6983F3108800BFB2
S315000214A0002318463837BD4680BD00BF84D70300E7
S315000214B0CCD7030080B485B000AF786000233B72BE
S315000214C07B681B781A46274B9B5C3B723B7AC3F3BD
S315000214D00403DBB21A467B685B8819467B685B7835
S315000214E00B44D31A012202FA03F3FB603B7A03F0A0
S315000214F02003DBB2002B2DD03B7AC3F30403DBB20D
S315000215001A4601239340FB607B681B782B2B02D083
S31500021510332B0ED01EE07B685B88072B17D93B7AEC
S31500021520C3F30403DBB20133012202FA03F3FB60C5
S315000215300DE07B685B78012B0BD13B7AC3F3040386
S31500021540DBB20133012202FA03F3FB6001E000BFC2
S3150002155000E000BFFB6818461437BD465DF8047B01
S31500021560704700BF84D703002DE9B04F90B000AF9B
S31500021570F861B9610023FB63FB69BA6902FB03F3F5
S31500021580BB63FFF77DFC78634E4A7B6BB2FBF3F3DA
S315000215903B63BB6B00223B617A61D7E904234FF0C0
S315000215A000004FF00001590141EAD26150010246A2
S315000215B00B463969B2EB0108796963EB01094FF011
S315000215C000024FF000034FEA890343EA98734FEA99
S315000215D0880290469946D7E904120B4618EB030394
S315000215E03B60134649EB03037B604FF000024FF06A
S315000215F00003D7E900894946CB00414643EA5173C5
S315000216004146CA00C7E90A23D7E90A23012B08D2B1
S31500021610BA6A3B6BB2FBF3F37B627B6A9B08FB63A2
S3150002162044E03B6B9B00BA6BB2FBF3F3BB63BB6B51
S315000216300022BB60FA60D7E9028942464B464FF068
S3150002164000004FF00001590141EAD2615001024601
S315000216500B464146541A494663EB01054FF0000218
S315000216604FF00003AB0043EA9473A20014461D46F2
S31500021670434614EB030A4B4645EB030B4FF00002BD
S315000216804FF000034FEACB0343EA5A734FEACA020A
S3150002169092469B46C7E90AABD7E90A23012B02D237
S315000216A0BB6AFB6302E04FF0FF33FB63FB6B002B6D
S315000216B002D0F86B00F008F800BF4037BD46BDE81F
S315000216C0B08F00BF00CA9A3BA0F101000028FBD1EF
S315000216D0704700BF80B483B000AF0346FB7197F931
S315000216E00730002B0ADB97F907309B0003F1804392
S315000216F003F5C6431A6822F480321A6000BF0C371B
S31500021700BD465DF8047B704780B483B000AF144BCE
S315000217103B60144A144BD31ADB08144A13600023A5
S315000217207B6010E0104A7B68DB0013449B88C3F39E
S31500021730090399B27B689B003A6813440A461A6009
S315000217407B6801337B60094B1B687A689A42E9D34E
S3150002175000BF00BF0C37BD465DF8047B704700BF73
S31500021760006300407805000000050000BC06FE1F6D
S3150002177080B584B000AF78600023FB60786800F023
S3150002178006F8F860FB6818461037BD4680BD80B47F
S315000217908BB000AF786008237B62002387F8233082
S315000217A07B68FB61FB69D3E84F3FBB61BB69DBB278
S315000217B087F8223097F82230002B12D17B6801225B
S315000217C0FA753B61FA7D3969C1E8432FFB60FB6814
S315000217D0002B02D100237B6206E0012387F8233027
S315000217E002E0BFF32F8F00BF97F82330002BD4D12E
S315000217F07B6A18462C37BD465DF8047B704780B479
S3150002180083B000AF78607B6800221A7000BF0C3785
S31500021810BD465DF8047B704780B584B000AF786042
S315000218200023FB6015E07B681A680F4B1968FB689A
S315000218309B000B441B689A4208D10C4B1A68FB6842
S3150002184013441846FFF794FF034608E0FB6801338A
S31500021850FB60074B1B68FA689A42E4D303231846D7
S315000218601037BD4680BD00BFC406FE1FC006FE1F60
S31500021870C806FE1F80B584B000AF78600023FB6007
S3150002188014E07B681A680D4B1968FB689B000B44D1
S315000218901B689A4207D10A4B1A68FB68134418461A
S315000218A0FFF7ADFF07E0FB680133FB60054B1B68E2
S315000218B0FA689A42E5D31037BD4680BDC406FE1FBC
S315000218C0C006FE1FC806FE1F80B582B000AF124BCF
S315000218D0124A1A60124B134A1A60134A114BD31A50
S315000218E09B08124A136000237B600AE00C4B1A68BD
S315000218F07B689B0013441846FFF7BCFF7B680133E5
S315000219007B600A4B1B687A689A42EFD300BF00BF1E
S315000219100837BD4680BD00BFC006FE1F5404FE1F29
S31500021920C406FE1F7805000028070000C806FE1F31
S3150002193080B487B000AF0346FB7100237B61EFF3EF
S315000219401083FB60FB687B6101233B613B6983F388
S31500021950108800BFFB791A4A32F813309BB2002B6B
S3150002196009D0FB79164A32F8132092B2013A91B2A3
S31500021970134A22F81310FB79114A32F813309BB23C
S31500021980002B11D10F4BB3F8FE339AB20E4B134311
S315000219909AB2FB790D4931F81330DB439BB2094900
S315000219A013409BB2A1F8FE337B69BB60BB6883F32D
S315000219B0108800BF00BF1C37BD465DF8047B704728
S315000219C0CC06FE1F00E0014000A5FFFFE0D70300A2
S315000219D080B487B000AF0346FB7100237B61EFF34F
S315000219E01083FB60FB687B6101233B613B6983F3E8
S315000219F0108800BFFB79164A32F813309BB2002BCF
S31500021A000FD1144BB3F8FE339AB2FB79124931F86F
S31500021A10133013439AB20F49104B13439BB2A1F8EA
S31500021A20FE33FB790A4A32F8132092B2013291B29E
S31500021A30074A22F813107B69BB60BB6883F31088E0
S31500021A4000BF00BF1C37BD465DF8047B704700BF70
S31500021A50CC06FE1F00E00140E0D7030000A5FFFF11
S31500021A6080B483B000AF00237B6007E0084A7B683E
S31500021A70002122F813107B6801337B607B68022BFE
S31500021A80F4D900BF00BF0C37BD465DF8047B704732
S31500021A90CC06FE1F80B584B000AF78607B68FB6021
S31500021AA0144B1B68002B02D1124B134A1A60114BBE
S31500021AB01B68BB60FB68033323F00303FB600D4B1B
S31500021AC01A68FB6813440D4A934207D91AF0A8F91B
S31500021AD003460C221A604FF0FF3306E0054B1A68E4
S31500021AE0FB681344034A1360BB6818461037BD46A9
S31500021AF080BD00BFD406FE1FA0930720A0A3072027
S31500021B0080B500AF00F024F800F082FC00BFFDE7CC
S31500021B1080B400AF00BE00BFBD465DF8047B7047CF
S31500021B2080B400AF034B00221A8000BFBD465DF8A9
S31500021B30047B70476806FE1F80B500AFFFF7A0F969
S31500021B400346024A136000BF80BD00BFD806FE1FCF
S31500021B5080B582B000AF374BD3F88830354A43F4AC
S31500021B607003C2F88830002000F0BFF8FFF7DAFAF7
S31500021B70314B1B689847FFF773FFFFF709F9FFF729
S31500021B80CFFF2E4B1B682E4898472E4A2E4BD31A50
S31500021B9019462D4800F070F82C4A2D4BD31A1A46D6
S31500021BA02B492C4800F080F82B4B00229A802A4BB6
S31500021BB04FF425421A80284B284A9A60284B264A17
S31500021BC0013BD360274BB3F820319BB2254A43F43D
S31500021BD080539BB2A2F820311F4B01229A80FFF755
S31500021BE0ABFF012000F081F81F4A204BD31A9B104D
S31500021BF03B6000237B6007E01C4A7B6852F8233077
S31500021C0098477B6801337B607A683B689A42F3DBCC
S31500021C10FFF75AFEFFF778FD154B1B6815489847E4
S31500021C2000F06EF8002000F0ADF800BF0837BD46A0
S31500021C3080BD00BF00ED00E0D4860400F0D50300AD
S31500021C4034DE03009C1307204005FE1FC004FE1F5E
S31500021C50C001FE1F34BE0400000D0040A0A30720F1
S31500021C60A0AB0720006000405004FE1F4C04FE1F7C
S31500021C7084D60300E8D7030080B483B000AF78604F
S31500021C80396007E03B68013B3B607A683B68134476
S31500021C9000221A703B68002BF4D100BF00BF0C373C
S31500021CA0BD465DF8047B704780B487B000AFF8602C
S31500021CB0B9607A6000237B610CE0FB681A78BB6826
S31500021CC01A707B6901337B61BB680133BB60FB68B9
S31500021CD00133FB607A697B689A42EED300BF00BF8C
S31500021CE01C37BD465DF8047B704780B483B000AFF5
S31500021CF00346FB7100BF0C37BD465DF8047B704797
S31500021D002DE9F04383B000AF1B49D1E90001024639
S31500021D100023C7E900233E68174BD3E900014FF0C1
S31500021D2000024FF000030A000023134673401846D0
S31500021D3019F090FE104BD3E900231048104912EB1C
S31500021D40000843EB01090C4BC3E900890A4BD3E9AE
S31500021D50002307A1D1E9000182EA000483EA010512
S31500021D60054BC3E9004500BF0C37BD46BDE8F0830D
S31500021D7037B8929E2B52ADFDF804FE1F1654E7A10A
S31500021D80E34FE6F480B582B000AF786000F08AF8DF
S31500021D9000BF0837BD4680BD80B400AF4FF0C843D0
S31500021DA0FF221A614FF0C842536943F0010353619F
S31500021DB04FF0C84366221A614FF0C842536943F096
S31500021DC0010353614FF0C84399221A614FF0C8428A
S31500021DD0536943F00103536100BFBD465DF8047BBE
S31500021DE0704780B485B000AF0346FB710023FB60E9
S31500021DF0FB684FF0C842536923F001035361FB7934
S31500021E00002B23D04FF0C842936A202161F30F239F
S31500021E1093624FF0C842936A43F0800393624FF095
S31500021E20C0431B68FB6040F6FF73BB6005E0BB68FE
S31500021E30013BBB60BB68002B2BD04FF0C8439B6AAB
S31500021E40C3F38013DBB2002BF1D025E04FF0C8427A
S31500021E50936A43F47F4393624FF0C842936A23F036
S31500021E60800393624FF0C0431B68FB6040F6FF732A
S31500021E70BB6005E0BB68013BBB60BB68002B0AD0B8
S31500021E804FF0C8439B6AC3F38013DBB2002BF1D138
S31500021E9002E000BF00E000BF1437BD465DF8047BD8
S31500021EA07047FFFF80B582B000AFA24A136823F0E5
S31500021EB0400313604FF0C84310221A634FF0C84321
S31500021EC000229A614FF0C84300221A624FF0C843BB
S31500021ED000225A634FF0C8430022C3F804284FF089
S31500021EE0C842936823F01F0393604FF0C8425369B8
S31500021EF043F001035361FFF74FFF01212320FFF750
S31500021F0033FB4FF0C8439F221A614FF0C8431B6947
S31500021F10DAB2894B1A704FF0C8431B69DAB2864BA4
S31500021F205A704FF0C8431B69DAB2834B9A704FF06E
S31500021F30C842536943F0010353617F4B1B78EF2B71
S31500021F4007D17D4B5B78402B03D17B4B9B78172BBC
S31500021F5009D0794B00221A70774B00225A70764BC1
S31500021F6000229A70E2E04FF0C84305221A614FF050
S31500021F70C8431B69DAB2714B1A704FF0C8425369F3
S31500021F8043F0010353614FF0C84335221A614FF003
S31500021F90C8431B69DAB26A4B1A704FF0C8425369DA
S31500021FA043F0010353614FF0C842936A042161F37F
S31500021FB0030393624FF0C8425368042161F303039B
S31500021FC053604FF0C84350221A614FF0C84253691A
S31500021FD043F0010353615A4A137843F00203137024
S31500021FE04FF0C84301221A61544B1A784FF0C84386
S31500021FF01A61534B1A784FF0C8431A614FF0C84220
S31500022000536943F0010353614FF0C84304221A6136
S315000220104FF0C842536943F0010353614FF0C8427F
S315000220201368052161F3020313604FF0C8430522CA
S315000220301A614FF0C8431B69DAB2404B1A704FF06F
S31500022040C842536943F0010353614FF0C843352236
S315000220501A614FF0C8431B69DAB2394B1A704FF056
S31500022060C842536943F001035361334B9B78182BE3
S315000220704ED94FF0C84306221A614FF0C84253693F
S3150002208043F0010353614FF0C843B7221A614FF080
S31500022090C842536943F001035361FB1D184600F021
S315000220A061F8FB79002BF8D14FF0C842536A43F02E
S315000220B0030353624FF0C842536A43F0100353625C
S315000220C04FF0C84306221A614FF0C842536943F0E3
S315000220D0010353614FF0C843E9221A614FF0C84227
S315000220E0536943F001035361FB1D184600F03AF8A9
S315000220F0FB79002BF8D14FF0C842536A022161F3F3
S31500022100010353624FF0C842536A23F0100353622D
S315000221104FF0C842136843F04003136000F012F810
S315000221204FF0C842536923F0010353610837BD4695
S3150002213080BD00BF00700440E406FE1FDC06FE1FE1
S31500022140E006FE1F80B500AF00BF4FF0C8439B6993
S31500022150C3F30003DBB2012BF7D00120FFF741FEE8
S3150002216000BF80BD80B483B000AF78604FF0C84333
S3150002217005221A614FF0C8431B69DAB20C4B1A707A
S315000221804FF0C842536943F001035361084B1B7871
S3150002219003F00103DBB2002B14BF01230023DAB2E2
S315000221A07B681A7000BF0C37BD465DF8047B70472A
S315000221B0DC06FE1F80B483B000AF7860396000BED3
S315000221C000BF0C37BD465DF8047B704780B582B010
S315000221D000AF114B1B68114A114910469847034636
S315000221E07B607B68002B04D03B1D19460D48FFF728
S315000221F0E1FF094B9B68094A1046984703467B60F4
S315000222007B68002B04D03B1D19460648FFF7D2FF18
S3150002221000BF0837BD4680BD1CD403004008FE1F20
S31500022220BCD80300D4D8030080B58CB008AF214BCC
S315000222301B6801331F4A13601C2300221E491F48D4
S3150002224016F002FFF860FB68002B03D000211B4842
S3150002225000F092F81C23002219491A4816F0F4FEDF
S31500022260B860BB68002B03D00021164800F084F842
S31500022270B4230693012305930A23049306230393A7
S31500022280062302934FF4006301930F4B009300233E
S315000222900E4A0F490F4816F05FFF78607B68002BE5
S315000222A003D000210B4800F067F800BF1037BD4687
S315000222B080BD00BFEC4D0420E0D80300A80BFE1F32
S315000222C0F4D80300C40BFE1FA0AB0720D9220200DC
S315000222D004D90300E806FE1F80B582B000AF78601D
S315000222E000F056F8FFF772FF00F06EFE00BF0837E7
S315000222F0BD4680BD80B400AF00BFBD465DF8047B1D
S31500022300704780B500AFFFF7F5FF00BF80BD80B410
S3150002231083B000AF786000BF0C37BD465DF8047B22
S315000223207047FFFF80B584B000AF78600E4B002285
S315000223301A600E4B00221A701C2301220C490D480A
S3150002234016F082FEF860FB68002B03D000210948D4
S3150002235000F012F8FFF768FF7868FFF7D8FF00BFB2
S315000223601037BD4680BD00BFEC4D0420F04D042061
S3150002237098DA0300F44D042080B483B000AF78608D
S31500022380396000BE00BF0C37BD465DF8047B70475E
S3150002239080B582B000AF4FF0FF311A4816F0BAFE90
S315000223A078607B68002B03D000211648FFF7E4FF14
S315000223B0154B1B7883F00103DBB2002B1ED0124BA8
S315000223C001221A70FFF79DFF104B1B68013B0F4A53
S315000223D013600FE00B4816F0B3FE78607B68002BA3
S315000223E003D000210748FFF7C7FF084B1B68013BD4
S315000223F0064A1360054B1B68002BEBD100BF08375A
S31500022400BD4680BDF44D0420F04D0420EC4D042061
S3150002241080B500AF72B600BF17F060FB0023184606
S3150002242080BDFFFF90B587B000AF0346B9607A6002
S31500022430FB73244B1B6A002140F20F109847214B75
S315000224401B6A002140F20B6098471F4B9B689C68F1
S315000224501D4B186807F10F0101230122A04778617D
S315000224607B69002B01D000BFFDE74FF0FF31174813
S3150002247016F050FE7B68002B19D0124B1B6A012105
S3150002248040F20F109847104B9B689C680E4B1868D9
S3150002249001237A68B968A04778617B69002B01D06D
S315000224A000BFFDE74FF0FF31084816F033FE054B3B
S315000224B01B6A012140F20B60984700BF1C37BD46DC
S315000224C090BD00BFF0D503001CD80300A80BFE1F69
S315000224D090B589B002AF0346B9607A60FB732F4BA1
S315000224E01B6A002140F20F1098472C4B1B6A0021F1
S315000224F040F20B6098472A4B9B689C68284B1868E9
S3150002250007F10F0101230122A04778617B69002BA5
S3150002251001D000BFFDE74FF0FF31224816F0FAFD69
S315000225201E4B1B6A012140F20F1098471B4B9B68FA
S315000225301B4A5268D279012A01D0052200E0042200
S3150002254011464FF48170984701210520FFF70CF8D8
S31500022550124B9B6814494FF481709847104B9B6845
S31500022560DC680F4B1868012300937B68BA680F4931
S31500022570A04778617B69002B01D000BFFDE74FF0D1
S31500022580FF31084816F0C6FD044B1B6A012140F2D2
S315000225900B60984700BF1C37BD4690BDF0D50300BF
S315000225A01CD80300A80BFE1F00000104104E0420D5
S315000225B080B584B000AF624B1B6A012140F20B600A
S315000225C098475F4B1B6A012140F20A6098475C4BB1
S315000225D01B6A002140F20A609847012018F03EF972
S315000225E0574B1B6A012140F20A6098470C2018F0EB
S315000225F035F9002253490120FFF714FF052018F090
S315000226002DF90023FB6013E0FB68DBB21033DBB26B
S315000226103B713B1D01221946D920FFF703FF3B1DE3
S3150002262001221946D320FFF753FFFB680133FB60F3
S31500022630FB68032BE8DD03224349CF20FFF7F2FEB6
S3150002264003224249E820FFF7EDFE02224049EA2032
S31500022650FFF7E8FE05223F49CB20FFF7E3FE0422FF
S315000226603D49ED20FFF7DEFE01223C49F720FFF748
S31500022670D9FE01223A49C020FFF7D4FE0122394988
S31500022680C120FFF7CFFE02223749C520FFF7CAFE57
S3150002269001223649C720FFF7C5FE012234493620FA
S315000226A0FFF7C0FE012233493A20FFF7BBFE0222A2
S315000226B03149B120FFF7B6FE03223049B620FFF7B3
S315000226C0B1FE01221F49F220FFF7ACFE01222C497E
S315000226D0B020FFF7A7FE03222A49F620FFF7A2FE43
S315000226E0042229492A20FFF79DFE042227492B208E
S315000226F0FFF798FE012226492620FFF793FE0F22B6
S315000227002449E020FFF78EFE0F222349E120FFF73E
S3150002271089FE01220B491120FFF784FE022018F0E0
S315000227209DF8012207492920FFF77CFE3B1D012265
S3150002273019460C20FFF7CCFE00BF1037BD4680BD00
S31500022740F0D503003CDE030040DE030044DE030056
S3150002275048DE03004CDE030054DE03005CDE0300A9
S3150002276060DE030064DE030068DE03006CDE030045
S3150002277070DE030074DE030078DE03007CDE0300F5
S3150002278080DE030084DE030088DE030090DE0300A1
S3150002279098DE03009CDE0300ACDE0300B0B58CB00D
S315000227A004AFF860B9607A60BB68FB61FB681B6CBA
S315000227B0BB61FB681868BB691C68FB689B68FA68A2
S315000227C0D288F9682C3174250395029101920093FF
S315000227D023467A680146F86901F080F878617B69D8
S315000227E0002B0ED1BB695B681946F86901F0A8F89F
S315000227F0BB699968BB69DA68BB699B68F86901F0CD
S31500022800C1F87B6918462037BD46B0BDB0B58CB05D
S3150002281004AFF860B9607A60BB68FB61FB681B6C49
S31500022820BB61FB681868BB691C68FB689B68FA6831
S31500022830D288F9682C31882503950291019200937A
S3150002284023467A680146F86900F0F2FF78617B69EF
S31500022850002B22D1BB695B681946F86901F070F852
S31500022860BB699968BB69DA68BB699B68F86901F05C
S3150002287089F8BB691B68002B05D1BB699B691946A0
S31500022880F86901F00DF8BB695B69002B05D0BB69DD
S315000228905B691946F86900F0FDFF7B691846203727
S315000228A0BD46B0BD90B58DB004AFF860B9607A6030
S315000228B0BB68FB61FB681B6CBB61FB681968FB6844
S315000228C09868FB68DB88FA682C32702402940192BD
S315000228D0009303467A68F86901F0C2F978617B6968
S315000228E0002B0DD1BB691B68002B09D0BB69196887
S315000228F0FB689B6803F480231A46F86901F034FAF0
S315000229007B6918462437BD4690BD80B588B000AFB6
S31500022910F860B9607A600023FB6100237B610023C3
S315000229207B8300233B837B68002B00F08C807B68D3
S31500022930B3F84C304C2B40F086807B68B3F8E43019
S315000229403B8380E0BB681B6A002B7CD0BB689B681C
S31500022950002B0DDABB681A6907F1140311461846F3
S3150002296001F0C2F8F861FB69002B0BD0002372E07C
S31500022970FB68002B01D100236DE0BB68DB6BFA68B4
S3150002298013447B61BB681B6A79697A68B8689847A1
S31500022990F861B7F91A20B7F918309A4214DA7B6946
S315000229A01946786800F026FF7B68B3F9E4309BB2DB
S315000229B0013B9BB21AB27B68A3F8E420B7F91A303E
S315000229C09BB201339BB27B83FB69002B38D1BB6878
S315000229D09B88C82B08D07869BB685969BB689A6915
S315000229E0BB685B6901F0F0F8BB68DB6803F02003A3
S315000229F0002B04D17B692021184601F027F9BB6818
S31500022A005B6A002B06D07A69BB685B6A1946104678
S31500022A1001F0A8F8BB689B6A002B06D07A69BB68EE
S31500022A209B6A1946104601F0C3F8BB689B6B002BE4
S31500022A3006D0BB689B6B7A691946F868FFF765FF93
S31500022A40BB685B6BBB60BB68002B03D0FB69002BCA
S31500022A503FF478AF7B6918462037BD4680BD80B506
S31500022A6086B000AFF860B9607A600022B968F8688B
S31500022A70FFF74BFF78617B68002B06D07B69002B42
S31500022A8003D07969786801F045F87B6918461837EA
S31500022A90BD4680BD80B588B000AFF860B9607A6087
S31500022AA01023FB61184BBB6100237B611BE0BB69F2
S31500022AB01B681B681946F86819F0BBF90346002B18
S31500022AC00ED1BB695868BB691B68BA681946FFF71D
S31500022AD0C6FF78617B69002B0AD00023FB6107E001
S31500022AE0BB690833BB61BB691B68002BDFD100E001
S31500022AF000BF7B68002B02D07B687A691A60FB698B
S31500022B0018462037BD4680BD18860400F0B58FB042
S31500022B1006AFB96011461A460346FB810B467B7324
S31500022B201346FB80FA891346DB009B1ADB00674AD1
S31500022B301344FB61FB69186AFB691968FB699B69A7
S31500022B401AB2FB69DB691BB24FF4927401940093CB
S31500022B501346BA6800F07CFDFB699B68002B4BD0DC
S31500022B60FB699A68FB889B0013441B68BB61BB69BF
S31500022B70002B41D0FB69186ABB691968BB69B3F8B7
S31500022B8068301A4600F040FDFB691B6A1B6E002B7B
S31500022B900ED0BB69DB68002B0AD0FB691B6A1B6E71
S31500022BA0FA69106ABA69D168BA69B2F86E209847AA
S31500022BB0FB69186ABB695968BB69B3F86A301A4679
S31500022BC000F076FDFB69186ABB699968BB69B3F8C0
S31500022BD06C301A4600F0ECFDBB691A6EBB69103305
S31500022BE01946104600F008FFBB695A6EBB693833B6
S31500022BF01946104600F000FFFB69DB68002B11D076
S31500022C00FB69186AFB69D968FB695B8ADAB2FB69F8
S31500022C105B6900F06FFDFB691B6A7A7B11461846F9
S31500022C2000F0C8FCFB691B6AFA69928EA3F844207D
S31500022C30FB695C6AFB695D68FB691E6AFB699B69E5
S31500022C403B60FA69D269F969C96AF869006B4FF49F
S31500022C504F7304930390029101923B6800930623FB
S31500022C6032462946204600F053FCFB699B699BB21B
S31500022C70013B9BB21AB2FB69DB699BB2013B9BB279
S31500022C801BB207F11000009313460022002100F048
S31500022C90F3FEFB69986AFB691968FB695A6A78232D
S31500022CA0029307F11003019300230093002301F01E
S31500022CB02FF8BB6B002B03D0FB699A6ABB6B1A60B9
S31500022CC0002318462437BD46F0BD00BF7003FE1F21
S31500022CD080B582B000AF78605B4A0021786802F066
S31500022CE00BFA7B6800225A607B68584AC3F8802038
S31500022CF07B68574AC3F884207B68564AC3F8A820E3
S31500022D007B68554AC3F8B0207B68544AC3F8A420AE
S31500022D107B68534A9A657B68524ADA657B68524AEF
S31500022D20C3F888207B68514AC3F88C207B68504AD6
S31500022D305A667B684F4A5A677B684F4ADA677B68EE
S31500022D404E4AC3F8C0207B684D4AC3F8C4207B684C
S31500022D504C4AC3F8AC207B684B4AC3F890207B6888
S31500022D604A4A9A677B684A4AC3F898207B68494A66
S31500022D709A667B68484ADA667B68484A1A677B68BD
S31500022D80474AC3F894207B68464AC3F8C8207B6842
S31500022D90454AC3F8CC207B68444AC3F8D0207B68F6
S31500022DA0434AC3F8D4207B68424AC3F8D8207B68DA
S31500022DB0414AC3F8DC207B68404AC3F8E8207B68B6
S31500022DC03E4AC3F8F0207B683D4AC3F8E4207B689C
S31500022DD03C4AC3F8F4207B683B4AC3F80C217B6863
S31500022DE03A4AC3F8FC207B68394AC3F8F8207B6864
S31500022DF0384AC3F808217B68374AC3F814217B682E
S31500022E00364AC3F810217B68354AC3F820217B680D
S31500022E102B4AC3F8EC207B682C4AC3F804217B6852
S31500022E202B4AC3F800217B682B4AC3F81C217B6816
S31500022E302A4AC3F818217B682A4AC3F89C20002331
S31500022E4018460837BD4680BDFD1101008FFC000003
S31500022E50C5FC000095040100CB040100BDFD000085
S31500022E60DDF40000F1F6000009F700002DF800007D
S31500022E708DFA000059F90000F3F900001102010071
S31500022E805103010005050100B9FE00004F010100D2
S31500022E90A30501002DFB0000EFFB0000FBFC000078
S31500022EA031000100FB06010061070100C7070100AE
S31500022EB0BB0601002107010087070100ED0701009B
S31500022EC0D1080100B5090100930A0100030C0100B3
S31500022ED06D0E0100D7100100151101006B110100E2
S31500022EE0C11101009913010080B584B000AF78606A
S31500022EF039603968786800F0E5FEF8603B681B685F
S31500022F000D4A93420FD10D4B1A680D4B1B689A421C
S31500022F1004D10C4B1B68094A136008E0084B1B6876
S31500022F20064A136003E03968786800F0CBFEFB6856
S31500022F3018461037BD4680BD01000040E003FE1F63
S31500022F40D803FE1FDC03FE1F80B58AB004AF78608B
S31500022F5039602023FB753B68002B04DA2D23FB75B1
S31500022F603B685B423B603B68144A82FB0312921148
S31500022F70DB17D31A3B613B68104A82FB031291119D
S31500022F80DA178A1A4FF47A7101FB02F29B1AFB6076
S31500022F907B6803F1740097F91720094B1B680293AB
S31500022FA0FB6801933B6900931346064A102118F009
S31500022FB043FE00BF1837BD4680BD00BFD34D621029
S31500022FC0E003FE1F3486040080B58AB002AF00F02B
S31500022FD0FFFC0346002B0CD13F4B9B681B683E4A05
S31500022FE012683D494968104698470346002B00D1AE
S31500022FF000E0FEE7384B9B68D968384B0093002304
S3150002300000220020FFF782FD334B9B681B69324A80
S31500023010126832490968104698470346002B01D0C8
S3150002302000BFFDE72E4BFB610023BB611FE0FB697E
S315000230301B681B6819462B4818F0FBFE0346002B3B
S315000230400AD1FB691B681B68244A116807F118023A
S315000230501846FFF71FFD07E0FB691B681B68002285
S3150002306000211846FFF716FDFB690433FB61FB6975
S315000230701B68002BDBD1194B1B68184600F0C4FDF8
S315000230800346002B11D100F0D5FC0346002B0CD1D0
S31500023090154B9B681B68144A126813494968104607
S315000230A098470346002B00D100E0FEE7FFF780FABF
S315000230B00E4B3B600023BB81BB69BB6000237B6078
S315000230C04FF0FF310A4816F025F83B46184600F045
S315000230D079FC00BFF4E700BF5002FE1F6CD4062045
S315000230E018860400448604001CD803000100004030
S315000230F0C40BFE1F80B584B000AF78607B68FB60AE
S31500023100FB681B79032B03D10121034815F084FFC9
S3150002311000BF1037BD4680BDC40BFE1F80B582B00E
S3150002312000AF78600121034815F076FF00BF08372B
S31500023130BD4680BDA80BFE1F034678B10849094A61
S315000231400968914208D1084AD2F89C21516802EBDB
S31500023150810200201A6070471220704701207047D2
S315000231600005FE1F494D460000B07F4020B14FF0DA
S31500023170022303600020704701207047B0B10C4A59
S315000231800C4B12689A420FD10B4BD3F89C315A68FA
S3150002319000F1100103EB820353F8042F40F8042BCD
S315000231A08842F9D1002070471220704701207047EB
S315000231B00005FE1F494D460000B07F4098B392B30A
S315000231C0F0B51D4C1D4B24689C4201D01220F0BD67
S315000231D01B4B1C684CB31B4B05781B684FF0000C4D
S315000231E005E00CF1010CA44503F108031DD093F888
S315000231F006E0AE45F5D15E79B0F802E0BEEB960F79
S31500023200EFD1DE7990F801E006F007077745E8D1BD
S31500023210B1EBD60FE5D182F800C09B88C3F3090350
S3150002322000205380F0BD01207047DF21FF2311707B
S3150002323053800B20F0BD00BF0005FE1F494D46001E
S31500023240BC06FE1FDCD703001E4B1A689AB103F5B3
S315000232507F71002001E053F8042F8B421044FAD10B
S3150002326048B9194BD3F89C311A0CB2F5807F05D0B8
S3150002327000BE00BEFCE700BE00BEFCE71A68013ACB
S31500023280033208D8114A93F8241092F800C08C45EC
S3150002329004D000BEFDE700BE00BEFCE7517893F8FD
S315000232A025C06145F5D1917893F826C06145F0D1E4
S315000232B0D27893F827309A42EBD1054B054A1A6029
S315000232C0704700BFEC86040000B07F401087040000
S315000232D00005FE1F494D4600002861D000295FD037
S315000232E0864A874B12689A4201D0122070472DE90E
S315000232F0F041844D0278AC6805EB8404A3789A42C7
S3150002330080F0C980170904EB870E02F00F0CBEF895
S31500023310086026FA0CF818F0010F00F0BC8012F0D3
S31500023320080F9EF80AE008D004EB870702F0070CA4
S31500023330FA7A02F00F02360A9644734A12F80CC061
S31500023340724A0CEA06061B09925D023372449B001E
S3150002335003EB4203E218E35A92F90160C3F309034D
S31500023360002E05EB83021DDB4678002E40F08F808F
S315000233706668D4784088C4F303144C72D478C4F3D4
S3150002338003048C7201248C80002833D135F8234043
S315000233909378CB8006EB04260E600872C86078E04C
S315000233A00120704715F8233044785B082CBB032BA9
S315000233B079D059D873D0D4784088C4F303144C72A8
S315000233C0D478C4F303048C7214798C80A04211D28F
S315000233D0D6889568012B00FB06550D6000F08580A6
S315000233E0022B73D0B2F80150CD8000230B72CB6052
S315000233F0002D56D140F27A504BE002254FF0010CD7
S315000234004FF0040E1678F60704F1FF343FD5052B6C
S3150002341072D8DFE803F003231914120A0C231A44A4
S3150002342013785B08002CEDD1C1E79378DE1C15FBFF
S3150002343003C303EB96039B00F1E70823EFE79378B8
S315000234401EFB03C39B00EAE71679937813FB06F388
S315000234500333033603EB96039B00E0E7137903334A
S3150002346003F4FE730C33DAE7042B18D1D0785478C0
S3150002347052680A60C0F303038B720023C0F303127F
S315000234808B800B72CB60A3074A72CC8009D440F2C0
S315000234907950BDE8F0814FF4AF60BDE8F081642059
S315000234A0F7E70020F5E7D07854780346C3F3030321
S315000234B0C0F30310042548728B72002093788B8028
S315000234C02A440D72CC800860CA60E2E713180334FE
S315000234D01D7B93780B7200FB03F3033303EB940417
S315000234E002EB8402CD80CA6082E702440023157B88
S315000234F0CD800B72CB607BE7002390E70005FE1FB1
S31500023500494D4600EC860400CC8604004C86040035
S315000235102DE9F04D82B09B46DDE90B75DDE90D83A1
S315000235200A9E04468A46EFF3058C2148016851EA51
S315000235300C0107D0EFF3058C006840EA0C00B0F1ED
S31500023540F03F24D36CB362B3B3F54F7F1BD1A069AE
S3150002355018BB4DB1D2F8B8300192B0B2984707FB0A
S3150002356000F04045019A20D83BF02F0313D15B4669
S3150002357051462046CDE90C58CDE90A6702B0BDE8AE
S31500023580F04D00F015BC1C2002B0BDE8F08D1120F4
S3150002359002B0BDE8F08D1B20F6E7132002B0BDE8AD
S315000235A0F08D072002B0BDE8F08D1920ECE700BFD0
S315000235B0E403FE1F10B4EFF30582124B1C6822438C
S315000235C006D0EFF305821B681343B3F1F03F15D320
S315000235D080B1436A5BB190F842308B4203D95DF801
S315000235E0044B00F037BC22205DF8044B7047836A17
S315000235F0002BF0D107205DF8044B704711205DF8CF
S31500023600044B7047E403FE1F10B4EFF3058C0F4B17
S315000236101C6854EA0C0406D0EFF305841B682343A6
S31500023620B3F1F03F09D322B958B15DF8044B00F06B
S3150002363039BC0029F8D1072000E011205DF8044BBF
S3150002364070471D205DF8044B704700BFE403FE1F60
S31500023650F0B4059FBDF91060EFF3058C124C256896
S3150002366055EA0C0506D0EFF3058524682C43B4F120
S31500023670F03F0FD388B182B1B7F5927F07D10B4CD9
S315000236800568A5420CD00496F0BC00F013BC1920C4
S31500023690F0BC70471120F0BC70470720F0BC7047A1
S315000236A01320F0BC704700BFE403FE1F455243538C
S315000236B010B4EFF3058C0E4B1C6854EA0C0406D0CA
S315000236C0EFF305841B682343B3F1F03F0BD322B912
S315000236D028B15DF8044B08F0FBB90029F8D10720A0
S315000236E05DF8044B704711205DF8044B704700BF2C
S315000236F0E403FE1F2DE9F04F804685B00F46914642
S315000237001E46EFF30582294B19680A4306D0EFF3EA
S3150002371005821B681343B3F1F03F3ED3B8F1000FA5
S315000237203FD08EB3002F3CD0B9F1000F2CD000232E
S31500023730A7F1040A01935AF804BF00240BF1040509
S315000237400DE055F8342009F00FFCA8B955F83420DD
S315000237500398824204F101040DD1A6420FD05BF810
S31500023760340003A90028ECD1039055F83420824294
S3150002377004F10104F1D0342005B0BDE8F08F019BBD
S3150002378001334B450193D6D133464A463946404624
S3150002379008F0A6F905B0BDE8F08F112005B0BDE826
S315000237A0F08F072005B0BDE8F08F00BFE403FE1FCF
S315000237B010B4EFF3058C0E4B1C6854EA0C0406D0C9
S315000237C0EFF305841B682343B3F1F03F0BD322B911
S315000237D028B15DF8044B08F0ADB90029F8D10720ED
S315000237E05DF8044B704711205DF8044B704700BF2B
S315000237F0E403FE1F10B4EFF305820C4B1C68224350
S3150002380006D0EFF305821B681343B3F1F03F09D3E9
S3150002381020B119B15DF8044B08F0D0BB07205DF862
S31500023820044B704711205DF8044B7047E403FE1FFA
S315000238302DE9F041069FBDF81C80DDE9086EEFF325
S31500023840058C134C256855EA0C0506D0EFF3058561
S3150002385024682C43B4F1F03F11D398B196B1B0F875
S315000238604C4094B9BEF1880F02D01920BDE8F08110
S31500023870CDE907860697BDE8F04108F0AFBB1120F7
S31500023880BDE8F0810720BDE8F0811320BDE8F08194
S31500023890E403FE1F10B109B108F0C6BB072070474A
S315000238A010B4EFF305820C4B1C68224306D0EFF3EB
S315000238B005821B681343B3F1F03F04D338B15DF8B8
S315000238C0044B08F0B5BB11205DF8044B7047072086
S315000238D05DF8044B704700BFE403FE1F2DE9F0417B
S315000238E0069FBDF81C80DDE9086EEFF3058C134CCC
S315000238F0256855EA0C0506D0EFF3058524682C43A6
S31500023900B4F1F03F11D398B196B1B0F84C4094B9E6
S31500023910BEF1740F02D01920BDE8F081CDE9078609
S315000239200697BDE8F04108F0A5BB1120BDE8F0817D
S315000239300720BDE8F0811320BDE8F081E403FE1FF5
S3150002394010B4EFF305820E4B1C68224306D0EFF348
S3150002395005821B681343B3F1F03F0BD370B1B0F885
S315000239604C301BB15DF8044B08F0E2BB12205DF847
S31500023970044B704711205DF8044B70470720F6E7A9
S31500023980E403FE1F30B4EFF3058C0D4C256855EAAF
S315000239900C0506D0EFF3058524682C43B4F1F03FFD
S315000239A009D358B1B0F84C4014B130BC08F0CCBBC6
S315000239B0122030BC7047112030BC70470720F8E750
S315000239C0E403FE1F08B108F0E9BC0720704700BFF8
S315000239D0EFF30583074A11680B4306D0EFF305811F
S315000239E013680B43B3F1F03F01D308F019BD112060
S315000239F0704700BFE403FE1F10B4EFF305820C4BC1
S31500023A001C68224306D0EFF305821B681343B3F109
S31500023A10F03F04D339B15DF8044B08F05BBF1120C7
S31500023A205DF8044B704707205DF8044B704700BFF2
S31500023A30E403FE1FEFF30583074A11680B4306D022
S31500023A40EFF3058113680B43B3F1F03F01D308F09E
S31500023A5061BF1120704700BFE403FE1F30B4029D10
S31500023A6035B112B130BC09F02BB8222030BC7047F8
S31500023A70072030BC704700BF10B4BDF9044020B126
S31500023A8001945DF8044B09F007BA07205DF8044B70
S31500023A90704700BFF8B110B5D9B1B0F900E0B0F97E
S31500023AA004C0E64515DCB0F902C0B0F906309C4503
S31500023AB00FDCB1F900C0B1F904309C4509DCB1F95B
S31500023AC002C0B1F906309C4503DCBDE8104009F09E
S31500023AD0EDB9002010BD0020704700BF08B109F003
S31500023AE02FBA0720704700BF094B10B41C684CB1AF
S31500023AF060B119B15DF8044B09F054BA29205DF89A
S31500023B00044B704730205DF8044B70470720F6E7F8
S31500023B1000E0062010B4EFF30582114B1C68224325
S31500023B2006D0EFF305821B681343B3F1F03F0FD3C0
S31500023B3090B189B1B0F84C3033B1B1F84C301BB109
S31500023B405DF8044B09F046BA12205DF8044B704743
S31500023B5011205DF8044B704707205DF8044B70474F
S31500023B60E403FE1F10B4EFF30582104B1C682243D8
S31500023B7006D0EFF305821B681343B3F1F03F0CD373
S31500023B8078B171B1B0F84C301BB15DF8044B09F055
S31500023B907DBD12205DF8044B704711205DF8044B81
S31500023BA0704707205DF8044B704700BFE403FE1F11
S31500023BB038B131B1B0F84C300BB109F08BBE1220DE
S31500023BC070470720704700BF30B4EFF3058C0D4CE9
S31500023BD0256855EA0C0506D0EFF3058524682C43C3
S31500023BE0B4F1F03F09D358B1B0F84C4014B130BC2F
S31500023BF009F07ABE122030BC7047112030BC7047E3
S31500023C000720F8E7E403FE1FEFF305820E4B19685F
S31500023C100A4306D0EFF305821B681343B3F1F03F64
S31500023C200ED378B1B0F84C3043B1812B04D043683F
S31500023C3023B19B6BDB0701D509F03EBF122070470B
S31500023C401120704707207047E403FE1F30B1B0F819
S31500023C504C300BB109F05EBF122070470720704747
S31500023C60F0B5DDE9066EBDF81470EFF3058C144C61
S31500023C70256855EA0C0506D0EFF3058524682C4322
S31500023C80B4F1F03F13D3A0B19EB1B0F84C4094B951
S31500023C90BEF1700F09D112B1B2F84C406CB1CDE948
S31500023CA00576BDE8F04009F0F9BF1920F0BD1120F4
S31500023CB0F0BD0720F0BD1320F0BD1220F0BD00BFFD
S31500023CC0E403FE1F10B4EFF30582104B1C68224377
S31500023CD006D0EFF305821B681343B3F1F03F0CD312
S31500023CE078B171B1B0F84C301BB15DF8044B0AF0F3
S31500023CF01DB812205DF8044B704711205DF8044B85
S31500023D00704707205DF8044B704700BFE403FE1FAF
S31500023D10F0B5DDE9065EBDF81470EFF3058C114CC3
S31500023D20266856EA0C0606D0EFF305862468344365
S31500023D30B4F1F03F12D378B175B16AB1BEF1780F22
S31500023D4008D1B0F84C405CB9CDE90575BDE8F04044
S31500023D500AF088B81920F0BD0720F0BD1120F0BD89
S31500023D601320F0BDE403FE1F10B4EFF3058C0F4BD6
S31500023D701C6854EA0C0406D0EFF305841B6823433F
S31500023D80B3F1F03F0BD370B1B0F84C301BB15DF814
S31500023D90044B0AF067B912205DF8044B70471120F4
S31500023DA05DF8044B70470720F6E700BFE403FE1FE9
S31500023DB02DE9F04383B0044617460D464FF44F7281
S31500023DC000211E46DDF83080DDF8349017F0C7FF7B
S31500023DD00A9BA4F830330B9BA4F83233FF23C4E9C1
S31500023DE00489A761C4F82C6384F8383384F83A331B
S31500023DF0B8F1000F04D04A460021404617F0AFFF43
S31500023E0000224FF0FF331146009304F11C0009F023
S31500023E1043F80D4A0023C4E90025C4E9023308F039
S31500023E208FFC0A4A13680133012B1360084B88BFC3
S31500023E301A681C6084BFD460A26008F027FE0020C6
S31500023E4003B0BDE8F08300BF564E414358D8062062
S31500023E505CD8062030B5124B80F8411087B01C683A
S31500023E600023CDE90133CDE90333059322230093E1
S31500023E7084B1054601E0246964B1236F002BFAD0B0
S31500023E809B69AB42F7D1236B204669469847246962
S31500023E90002CF2D108F096F9002007B030BD00BF21
S31500023EA0E4E1062008B54161C2620AF039FF00204A
S31500023EB008BD00BF2DE9F0410446BDF918801E4633
S31500023EC015460F464FF49272002117F048FFA4F8E8
S31500023ED04660A4F848802046A84770B90A490B4AAA
S31500023EE00B680B4D256001330B601368A7600BB19D
S31500023EF01C61E3601460BDE8F081072008F042FA15
S31500023F00FE20BDE8F08100BF74D8062078D80620CE
S31500023F104552435330B5B0F94840B0F814E0058A2B
S31500023F2003FB0413846B521A04EB430CD0E90243DD
S31500023F3013D40CEB42010CF1020201F1040C1C42F7
S31500023F400CBF2946714622F8021C5B0802F10202E6
S31500023F5008BF4FF000436245F1D1C36030BD00BFD8
S31500023F602DE9F04F446CB0F84860B4F90270B4F928
S31500023F70005083B017FB065CDDF830E0866BBEF1BD
S31500023F805A0F06EB4C06DDE90DCB00F08980BEF137
S31500023F90B40F3DD0B3F91890624409F1FF3A8C444C
S31500023FA0B4F90610AAEB0B08A2EB08088F42ACEB99
S31500023FB00B0CA7EB080270DCAAEB020AB4F9042088
S31500023FC04FEA490EAA42A5EB0C0712DB5A6807FB19
S31500023FD009A102EB4101B51E0A8825F8022FB4F9A0
S31500023FE004200137A2EB0C0BBB457144F4DAB4F999
S31500023FF00610B0F94850A9EB0A0706EB4506A1EBF5
S315000240000805BD420AF1FF3A47DBB4F90050D9E789
S3150002401002EB4B0EB3F91890B3F91A2002F1FF3AEC
S3150002402009F1FF32C2EB4C0C8C44B4F90610019232
S31500024030AEEB0A0E8F42A7EB0E082EDCAAEB0802A5
S3150002404009FB02FAB4F90420AA42A5EB0C0715DB18
S31500024050019D5A68ED1B0AF10101294402EB410157
S31500024060B51E31F8022D25F8022FB4F904200137C6
S31500024070A2EB0C0BBB45F4DAB4F90610B0F94850C2
S3150002408008F1010806EB4506A1EB0E054545AAEB2C
S31500024090090A02DBB4F90050D6E703B0BDE8F08F97
S315000240A05A44A2EB0C08B3F91A20B3F918A0013A44
S315000240B06144A2EB0B0BA1EB0B0EB4F906100192B5
S315000240C08F42A7EB0809E8DCCAEBCA77B4F90420E9
S315000240D07F00AA42A5EB0E0C16DB01995A68A1EBEA
S315000240E00C010AFB019102EB4101B51E0A8825F873
S315000240F0022FB4F904200CF1010CA2EB0E0BE345DE
S315000241003944F3DAB4F90610B0F9485009F1010955
S3150002411006EB4506A1EB08054D45BEDBB4F900509A
S31500024120D7E700BF2DE9F04F1C46436A89B0D3F8A2
S31500024130B0B0129EDDE91353BBF1000F48D05A2EE0
S31500024140D0F8448047D0B42E00F09180B4F918908C
S315000241502A444F1909F1FF35FF1AEB1AD31AB8F997
S315000241600210B8F9062005958A420393A1EB030AC9
S315000241702EDBB8F90430B8F900108B42A1EB070622
S3150002418020DB059BCDF810A0A3EB0A05039B03EBEE
S315000241900A0206FB09559246E1686368495D33F8EF
S315000241A0153000915246F1190290D847B8F90430F9
S315000241B002980136D91BB1424D44EDDADDF810A062
S315000241C0B8F9062003990AF1010A511A5145D2DAC1
S315000241D009B0BDE8F08F1A442944551BB4F91A20D8
S315000241E0B4F918A00695013AD31AA1EB030907926E
S315000241F0B8F90230B8F90620591B9A420591E7DB55
S31500024200CAEBCA735B000493B8F90430B8F900101C
S315000242108B42A1EB090520DB079B069A5E1B059BD9
S315000242200AFB06361A44770063680499DB5B0F447F
S31500024230E168895D009105EB0901CDE90202D847E3
S31500024240B8F904300135A3EB0901A942DDE90202FE
S31500024250A6EB0A06E8DAB8F90620059D06990135A5
S31500024260511AA9420595D1DA09B0BDE8F08F02EBE1
S315000242704302B4F91A30B4F91870B8F90260059716
S31500024280013BD21A04927A1EC2EB45050692B8F990
S3150002429006206F18049DB242A6EB050998DB059924
S315000242A0CDF80C90A3EB090301FB03F30293B8F9D3
S315000242B004308246B8F900108B42A1EB07061BDBDD
S315000242C0069B9D1B029B1D44DDE9033203EB02099B
S315000242D0E2686368525D33F815300092F1194A4676
S315000242E05046D847B8F904300136DA1BB24205F116
S315000242F0FF35EDDAB8F906200299059D0398491BA8
S31500024300029104990130511A81420390D2DA09B01E
S31500024310BDE8F08F2DE9F04F9846A1B089460A9084
S3150002432098F803002B99049192462C992A9B08919E
S3150002433000220E28CDE910220B9204D0112802D0B9
S3150002434021B0BDE8F08F0D4C0D4800FB0340B4EBE5
S31500024350700F98F8020015D3089A2C92049A10F05E
S31500024360040FCDE92A320A9843465246494600F0DE
S31500024370448321B0BDE8F04FFFF7D4BE822DD802A8
S31500024380A54FFAA40A9910F0040F486AD0F8B02093
S3150002439000F0BB811F92002AD2D0C848C84EB8F995
S315000243A01850B8F91A7080FB03204FEA832B184481
S315000243B0DB17C3EBA0104FF0FF33C6E90633F360F9
S315000243C0336001234A6C0E9200F00304C6E90133FE
S315000243D0C6E90433584608F083FC0346584605935B
S315000243E008F082FC0899A31C0AEB010C611C8346A7
S315000243F001F0030103F00303049856F8234056F82C
S31500024400212009EB000E06F11000049E50F82190BF
S3150002441050F8230008996D10AB1C751B059E03FB13
S3150002442002F27F1004FB03F30BFB02F406FB03F21A
S31500024430BB1CCF1B03FB09F100FB03F30BFB13238E
S3150002444005FB0BF206FB05F507FB062207FB1B55D0
S3150002445006FB01419212AD1202EBA12405EBA32346
S315000244600E9A1893AEEB0303B2F906101793B2F93C
S315000244700230ACEB040513959942A3EB05050F95A3
S31500024480FFF65EAFCBEB0B632C1B1B02079304FB01
S315000244900BF30C93B2F90420CDF818B004FB06F323
S315000244A00D93CDF824800E9B1798B3F900309A42EB
S315000244B0A3EB0009C0F21881189B0D99069CA9EB83
S315000244C0030304FB13150C99059C039503FB041BBC
S315000244D04FEA052A8046049B03EBAB235D1CC0F220
S315000244E0F180099EB6F918108B4280F2EB80039C8C
S315000244F0089800EBA420441CC0F2E480B6F91A40E6
S31500024500A04280F2DF80CAF387225F1CCBF3870EBC
S31500024510129200F0A7834A1E934280F27782451CCC
S3150002452000F0C684013CA04280F2EA8401FB00331B
S31500024530F4687068E75C30F81350119500EB43029B
S31500024540E01832F81130465C4478129D084490F81F
S3150002455001C0508802EB410251881491C10A04FB42
S3150002456001F10EFB01F11591D90A06FB01F1CEF517
S31500024570807205FB01F102FB01F10D46C0F3451104
S3150002458000F01F0011FB04F110FB04F00EFB01F119
S315000245900EFB00F016911A90C3F34511129803F020
S315000245A01F0311FB06F113FB06F300FB01F100FBEF
S315000245B003F302FB01F102FB03F319911B9306FBC2
S315000245C000F104FB0EF3A4B2C0F5807002FB0733C0
S315000245D002FB01F11094B4B20B9400FB031411997F
S315000245E0159E1C94CC0A07FB04F402FB0464C1F377
S315000245F04513169E13FB07F302FB036301F01F012B
S315000246001A9E11FB07F102FB0162199E129F00FB23
S31500024610045400FB0363149D1B9E00FB0266EA0A18
S315000246200CFB02F2C5F345100EFB02F210FB0CF076
S3150002463007FB02410EFB00F005F01F0212FB0CF213
S3150002464007FB00301C9B0EFB02F40CFB0EF207FB71
S3150002465002321FFA8CF3090C07FB04641193000C57
S31500024660240C130CFF2B1E464FEA224228BFFF26BC
S31500024670F6B22AB1B1FBF3F1B0FBF3F0B4FBF3F4FB
S315000246803F2828BF3F201F2928BF1F2183B21F2C86
S3150002469028BF1F245B0189B243EAC121A3B20B439F
S315000246A00F9A13990A981F9C00960A4409EB08016F
S315000246B0A0470E9BB3F9042004E000BFB7600BB617
S315000246C0E8E10620059B03999B44069BCB1A0393BC
S315000246D0079B09F101099A44A2EB080399457FF762
S315000246E0FAAE0E9BB3F906100C9B069C0F98234458
S315000246F00C93059C0D9B23440D93139B0130CB1AFF
S3150002470098420F907FF7CFAE1AE61292002A3FF434
S3150002471017AEBC48BC4EB8F91850B8F91A70496CB5
S315000247200B9180FB032018449A02DC174FF0FF33EB
S31500024730C6E90633F36033600123C6E90133C6E9ED
S315000247400433C4EBA0141046039208F0C9FA039A84
S315000247508346104608F0C8FA089B049A04F003043C
S315000247609A4404F1010CA31C03F003030CF0030C9E
S3150002477006F1100486466D1056F82C0056F8236092
S3150002478054F82CC054F82340AB1C03FB00F07F10F6
S3150002479006FB03F309EB0201551B0EFB00F6089A12
S315000247A00BFB03F0BB1C0CFB03FC04FB03F3D71B44
S315000247B00EFB130305FB0EF005FB0BF507FB1E555F
S315000247C0AD1205EBA323A1EB030907FB0B000B9923
S315000247D0119380120BFB0C6CB1F90230B1F9062071
S315000247E000EBAC2CAAEB0C000C909A42A3EB000057
S315000247F00690FFF6A5ADA0EB0C0CCEEB0E634FEACE
S31500024800032A0EFB0CF30993B1F90400CDF80CA0B0
S315000248100CFB0BF3DA460793CB46CDF81480F14630
S315000248200B9BB3F900309842A3EB0B05C0F2D6807E
S31500024830119B0C9AEC1A079B09FB1436099B04FB85
S315000248400A34069B13444FEA06280F93049B03EB94
S31500024850A4235A1CC0F2B4800599B1F918209342D8
S3150002486080F2AE80089F07EBA627B7F1FF3FC0F2A2
S31500024870A780B1F91AC0674580F2A280C4F3870007
S315000248800D90B3F1FF3FC8F387200E9000F0A3818D
S3150002489002F1FF3E734580F24781B7F1FF3F00F018
S315000248A0D2820CF1FF3C674580F22783D1F804E0FF
S315000248B00D9902FB07330EEB430CC1F58077109777
S315000248C03EF8137013973CF81230BCF802700CEBEA
S315000248D04202B2F802E0FA0A01FB02F21492DA0A82
S315000248E000FB02F2109800FB02FCC7F34512CDF85A
S315000248F054C007F01F0701FB02FC60460E9A01FB3B
S3150002490007FCCDF85CC0C3F3451C03F01F0302FB92
S3150002491003F7109B109902FB0CFC03FB0CFC03FB38
S3150002492007F3139F1693149BFA0A01FB0232C7F38D
S31500024930451301FB0303179807F01F0701FB070145
S315000249400E98C0F58077159807FB0202169807FBAA
S3150002495003CC0D9B07FB01070E984FEADE2103FBF2
S3150002496001F100FB01211091CEF345120EF01F0159
S3150002497003FB02F203FB01F100FB017100FB02C320
S31500024980FF2210981B0C4FEA104C090C3F2B28BF34
S315000249903F23BCF11F0F28BF4FF01F0C5B0143EAF8
S315000249A0CC231F2994BF0B4343F01F030A9800929E
S315000249B0129F0F9A05EB0B01B8470B9BB3F9040044
S315000249C0039B01359844A0EB0B039D425444A6EB8E
S315000249D009067FF73BAF0B9BB3F90620099B0699A5
S315000249E04B440993079B534407930C9B0131D31AFB
S315000249F0994206917FF714AFA2E421B0BDE8F04FC9
S31500024A00FFF7AEBAB7600BB6E8E10620099DD5F806
S31500024A1004C0EF68451C00F0C482934200F0E581B1
S31500024A2001FB00330CEB4302F9183CF81360B2F8B1
S31500024A3002C0FA5C4B7810930B9B1993002E00F080
S31500024A40D2824FEADC25F10AC6F3451006F01F04AE
S31500024A501495CCF345150023CEF5807702FB01F1C0
S31500024A6010FB02F014FB02F415950CF01F0507FB70
S31500024A7001F107FB00F007FB04F407FB02F21695AF
S31500024A801E931B931D931A931C931E460B93BCF104
S31500024A90000F00F01381109D149F05FB07F70EFB14
S31500024AA00711159F05FB07F70EFB0700169F05FB6F
S31500024AB00E2205FB07F7129D0EFB0744C5F580770C
S31500024AC007FB01F1149107FB00F1159107FB04F1B5
S31500024AD0169107FB02F2FEB1119D1A9F1298149CC1
S31500024AE01B9E05FB07F70EFB07F700FB074105FBBD
S31500024AF003F3169C07460EFB03F3159805FB06F611
S31500024B000EFB06F607FB034405FB0EF307FB060046
S31500024B1007FB0322090CA2E5149B1196190C159B9F
S31500024B20180C169B1C0C9CE50599781C496800F02C
S31500024B301D82734500F0168102FB073301EB430722
S31500024B400E9AB7F802C00D98C2F5807E31F813208E
S31500024B50CCF345174FEADC230CF01F0CC0F580712D
S31500024B6000FB03F300FB07F700FB0CF04FEAD22C25
S31500024B7001FB0C330EFB03F31093C2F3451302F051
S31500024B801F0201FB037301FB02010EFB03F30EFB83
S31500024B9001F14FEA0E2E4FEA2E2E7246FF2A0EF131
S31500024BA0FF30A8BFFF22FD28D2B23FF6EAAE109828
S31500024BB01B0C4FEA104C090C4FEA0C2C1B02090283
S31500024BC0BCFBFEFCB3FBFEF3B1FBFEF11FFA8CFC51
S31500024BD09BB289B2DAE6059B5B6813937B1C00F0F5
S31500024BE09A8102FB07F313990D9831F813100E9B65
S31500024BF0C3F5807ECB0A00FB03F30EFB03F310938F
S31500024C00C1F3451301F01F0100FB03F300FB01F1A1
S31500024C100EFB03F30EFB01F10EFB00FE0CF1FF3C53
S31500024C206745B8DA07FB0222139830F812C0DDE9AD
S31500024C300D204FEADC2702FB07F700FB02EE109A73
S31500024C4000FB07220D981092CCF345170CF01F02B9
S31500024C5000FB07F700FB02F20E9800FB073300FB8E
S31500024C60021198E7099B461C5A68DB6800F04D81E1
S31500024C7001FB00F632F816C09D5D10954FEADC2561
S31500024C801495CCF3451515950CF01F051695013CA8
S31500024C90A0424DDB00220B9B1993CEF5807713467B
S31500024CA01E9214461B921D9210461A921C9211468F
S31500024CB016460B92BCF1000F7FF4EDAE129DC5F5C0
S31500024CC0807C0CFB01F114910CFB00F115910CFB9D
S31500024CD004F1169100210CFB02F210910B990029A6
S31500024CE03FF4F9AE199D1D981C99149C05FB00F022
S31500024CF00B901E9805FB01F105FB00FC0846129974
S31500024D0001FB00F007FB004014900B98159C0B95D5
S31500024D1001FB00F007FB00401590169801FB0CFC06
S31500024D2007FB0C0005FB01FC169007FB0C22D2E6E2
S31500024D3000FB01110B9832F811605B5C1193F30AC8
S31500024D4000221A93C6F3451319901B93CEF580776A
S31500024D5006F01F031E9214461D9210461C9211461F
S31500024D600B9294E60CF1FF3010900D98C0F5807C02
S31500024D700E98C0F5807002FB07FE0D901098CDF8D4
S31500024D804CE09E44874231F81EE080F2D8801398A8
S31500024D900D9F02441A440E9831F81230DA0A4FEA8D
S31500024DA0DE2100FB02F20CFB01F10CFB02F207FB17
S31500024DB00122109203F01F01C3F3451200FB02F316
S31500024DC000FB01F1CEF345120EF01F0E0CFB0EFE98
S31500024DD00CFB03F30CFB01F10CFB02F207FB0E11B9
S31500024DE007FB02334FEA0C2ED5E6651E01FB00F4E3
S31500024DF0E218A8423CF81260BA5CC0F29180002127
S31500024E00CDE91D111C910B9B19930B91002E00F0FD
S31500024E100181F10AC6F3451006F01F04CEF580772C
S31500024E2002FB01F110FB02F014FB02F40023CDE9B0
S31500024E301A3307FB01F107FB00F007FB04F407FB3B
S31500024E4002F21E463AE7059A0D9952680E9832F812
S31500024E5013E0C1F5807C02EB43010D9A4B88D90A17
S31500024E604FEADE2702FB01F100FB07F700FB01F127
S31500024E700CFB07111091C3F3451103F01F0702FB48
S31500024E8001F3114607FB01F100FB03F3074600FBA2
S31500024E9001F10EF01F02CEF3451007FB00F007FBEF
S31500024EA002F20CFB00330CFB02114FEA072E72E6EC
S31500024EB009994A68C96832F813400B9402EB430019
S31500024EC0CA18CB5C4688199353781193E30A1C934C
S31500024ED0F30A1A93C4F345131D93C6F3451300222E
S31500024EE01B9304F01F031E93CDE9152206F01F0340
S31500024EF0CEF5807714921092F0E6059949681BE682
S31500024F00099AD2F804C0D7688AE50025CDE9155575
S31500024F101495AC46BBE600210B4610918E467DE603
S31500024F2021440B443CF81310FB5C0B93CB0A1C93F5
S31500024F30C1F345131D9301F01F031E9363E70D9AF8
S31500024F404FEADE230CFB03F302FB03F30EF01F0111
S31500024F501093CEF345130CFB03F30CFB01F102FB9A
S31500024F600CFE02FB03F302FB01F114E631F81330E7
S31500024F700D9A0E9FC2F58070DA0A07FB02F200FB59
S31500024F8002F203F01F011092C3F3451207FB02F36C
S31500024F9007FB01F100FB07FE00FB03F300FB01F137
S31500024FA0F9E53CF81310FB5C199339B90E461191D9
S31500024FB00B9110910C460846FFF762BBC1F3CF2353
S31500024FC01C93C1F3451300221D9301F01F031E9388
S31500024FD0CEF58077134616921B9215921A92149268
S31500024FE0164610927EE64FEADC231493CCF3451361
S31500024FF015930CF01F03169331460B96CEF5807768
S31500025000324633461E9634461B961D9630461A96EF
S315000250101C963CE5CEF580771096324633461696B8
S315000250201B9615961A96149658E600BF10B4846B12
S31500025030B0F9480002FB001224F812305DF8044B66
S31500025040704700BFF0B5B0F948408768521A01FBB5
S315000250500431836B541C002C03EB4101D0E9046537
S31500025060C36815DD4FF0000C00E0A4461F4214BFD2
S31500025070AE46B646A1F800E05B08B0F948E008BFC4
S315000250804FF0004362450CF1010401EB4E01ECD1F5
S31500025090C360F0BDF0B59DF8144064B3B0F9485052
S315000250A0806BFF2C02FB051123D030F8117066428B
S315000250B0F6B2FA0AC3F3C42C03F01F05C3F3451E66
S315000250C006FB02F20CFB042215FB04F51EFB04FE92
S315000250D0C7F3451C07F01F0404FB06540CFB06E34A
S315000250E01212DB08C4F3042444EAC22403F4FC6368
S315000250F0234320F81130F0BD002310B43E4CC0F813
S315000251008840C0E913133D4C3D49446641673D4C16
S315000251103D49A0F84430C0E91F413C4C3C498467F4
S31500025120C0F884103B4C3C494365C0E92A413B4CDC
S315000251303B49C0F8E030C0E92D413A4C3A49C0F843
S315000251409040C0F8A410394C3949C0F8984081669D
S31500025150384C3949C0E93041384C3949C0E91B411C
S31500025160384C3949C0F8E840C0F81411374C384970
S31500025170C0F8E440C0F8F410364C37494FF00E0C34
S31500025180C0E9163380F840C0C0F80C41334CC0F871
S31500025190FC103349C0F8F840C0F80811314C3249C6
S315000251A0C0F81041C0F82011304C3149C0F8BC207B
S315000251B0C0E93B142F4C3049304AC0F89420C0E96C
S315000251C046142F4C2F49304A0366C0E940142F4932
S315000251D0C0F88C102E492F4CC0F8B040C0E93212EC
S315000251E02D4C2E492E4AC0E93443C0E93633C0E974
S315000251F027125DF8044B7047E9EE020061030300D3
S31500025200A1EF0200B1080300153F0200C90E030018
S31500025210455002002D50020061ED02008116030086
S315000252205903030039F902001543020015770200FB
S3150002523051A50200A595020011960200615B0200CB
S315000252406D750200015602002558020065840200AF
S315000252507186020099940200A55202001D7B02008B
S31500025260957E020001890200258D0200016D020071
S3150002527069AE0200C5700200C1B00200ADF20200C2
S31500025280CD6A020075AC02004190020019090300C2
S315000252903993020095500200310A03006516030095
S315000252A0991603002DE9F04FDFF850C3A7B01C464C
S315000252B0837F119383460E461546BCE80F001EAF48
S315000252C00FC79CE80F0087E80F00119B002B00F028
S315000252D01F81DBF82430D3F8B0701397002F00F04B
S315000252E01781319B00931CAB04931AAB0DF1580A3C
S315000252F0039318AB02933046309BCDF804A02246A6
S3150002530029460CF0F1F952465146DBF8440007F003
S31500025310CDFD18AA1146DBF8440007F0C7FD1AAA0C
S315000253201146DBF8440007F0C1FD1CAADBF8440075
S31500025330114607F0BBFD231E0E9340F35481B2B211
S315000253400692AAB20792002003FB03F29BB21292C4
S315000253500D900893B946119AC343DBB2C0B213FB50
S3150002536002F302FB00F0A44AA2FB0313C3F3C71322
S31500025370A2FB00200B93C0F3C7130C930E9B5E1E79
S31500025380BDF834300993089B0F93B3B20A930DF11B
S3150002539078081096099B069AB8F80050B8F80440A7
S315000253A015FB0326DDE9072314FB032236B217B2E7
S315000253B0ADF85460ADF856701599504607F0A4FD45
S315000253C0002800F0D1800B9B0093DBF814303A469C
S315000253D031465846C8470A9B079A14FB032217B25E
S315000253E0ADF856701599504607F08EFD002800F06C
S315000253F0A5800C9B0093DBF814303A46314658469A
S31500025400C847099B079A14FB0324089B069A15FBB7
S31500025410032624B236B2ADF85640ADF8546015995B
S31500025420504607F071FD002800F0B4800B9B0093F4
S31500025430DBF81430314622465846C8470A9B069A7C
S3150002544015FB03252DB2ADF854501599504607F0B9
S315000254505BFD00285FD00C9B0093DBF814302246DC
S3150002546029465846C84708F1080826AB434591D154
S315000254700D9B129A109E013303FB132080020D939B
S3150002548007F06CFC0E9BC000C0EB0320FE2801DC7B
S3150002549007E0013EFF38FE28FBDCB3B20E96089306
S315000254A00F93DDE90D2393423FF755AFC343BDF892
S315000254B03460DBB2119F03FB07F74F4BA3FB0737A1
S315000254C0C7F3C7171EAC26AD0897069A2368079935
S315000254D013FB06230FFA83F862680F9BADF854801C
S315000254E012FB03120FFA82F9ADF85690159950463F
S315000254F007F00AFD002863D0089B0093DBF81430FE
S31500025500139F4A4641465846B8470834A542DCD15D
S3150002551027B0BDE8F08F159918A807F0F5FC00280A
S3150002552099D115991AA807F0EFFC002893D115997D
S315000255301CA807F0E9FC00288DD194E7159918A854
S3150002554007F0E2FC00287FF454AF15991AA807F079
S31500025550DBFC00287FF44DAF15991CA807F0D4FC9C
S3150002556000287FF446AF4CE7159918A807F0CCFC43
S3150002557000287FF428AF15991AA807F0C5FC002861
S315000255807FF421AF15991CA807F0BEFC00287FF412
S315000255901AAF20E7159918A807F0B6FC00287FF481
S315000255A045AF15991AA807F0AFFC00287FF43EAF65
S315000255B015991CA807F0A8FC00287FF437AF3DE731
S315000255C0159918A807F0A0FC002895D115991AA8D4
S315000255D007F09AFC00288FD115991CA807F094FCB5
S315000255E0002889D191E7B3B20693ABB20793A3B26F
S315000255F00F930026FF235DE781808080EC8A0400FA
S315000256002DE9F04F854D9DB01E46837F109383464C
S315000256108C4617460FCD14AC0FC495E80F0084E8EC
S315000256200F00109B002B00F0F080DBF82430D3F83B
S31500025630B0300593002B00F0E8801FFA8CF30E932E
S31500025640B6F10009BBB2DBF844A00F9340F3E08049
S3150002565009FB09F3002011931FFA89F30A900293BA
S31500025660109ACDF83090C343DBB2C0B213FB02F3FB
S3150002567002FB00F06A4AA2FB0313C3F3C713A2FBA1
S3150002568000200893C0F3C7130993BDF8283003938B
S3150002569009F1FF36029B0B93DDE90E89B3B204933F
S315000256A014AF0D963D88039BBC8815FB0386029BAF
S315000256B014FB039236B212B2ADF84C60ADF84E202E
S315000256C01399069650460837079207F01DFC40B11B
S315000256D0DDE90721DBF81430009158463146059E74
S315000256E0B047049B14FB039212B2ADF84E201399F5
S315000256F00792504607F008FC40B1099B0093DDE98A
S315000257000612DBF81430059E5846B047029B15FB7D
S315000257100386039B14FB039424B236B2ADF84C60A5
S31500025720ADF84E401399504607F0EEFB40B1089B88
S3150002573000933146DBF81430059E22465846B047A0
S31500025740049B15FB03852DB2ADF84C5013995046B8
S3150002575007F0DAFB40B1099ADBF8143000922946C9
S3150002576022465846059CA0471CABBB429AD10A9BCF
S31500025770119A013303FB13208002DDE90C960A938A
S3150002578007F0ECFAC000C0EB0920FE2801DC07E0B6
S31500025790013EFF38FE28B146FADCB3B202930B9300
S315000257A00A9B99453FF75CAFC343BDF82840DBB27D
S315000257B0109E03FB06F61A4BA3FB0636C6F3C71664
S315000257C014AD1CAF02962B680E9A0F9913FB042395
S315000257D00FFA83F86A680B9BADF84C8012FB031232
S315000257E00FFA82F9ADF84E9013995046083507F034
S315000257F08BFB40B1029B0093DBF81430059E4A46B0
S3150002580041465846B047AF42DDD11DB0BDE8F08FE4
S31500025810B3B20B930024FF23CAE700BF0C8B04002C
S31500025820818080802DE9F04FAA4F9DB09C46837FF0
S315000258300D9382460D4614460FCF14AE0FC697E857
S315000258400F0086E80F000D9B002B00F06981DAF845
S315000258502430D3F8B0300293002B00F06181269BEE
S31500025860DAF844B05B000CFB0CF21093013B02FB2E
S3150002587003F30892269A02FB02F2B3EB420FABB293
S315000258800393A3B20992079340F3638100210E9119
S315000258900A92884699460D996FEA08035FFA88F2DA
S315000258A0DBB213FB01F301FB02F28B49A1FB0303FB
S315000258B0C3F3C713A1FB02120B93C2F3C7130C93D4
S315000258C00E9B0A9A1F46013303FB02F00E93089BB6
S315000258D0B0FBF3F0099B181A800207F03FFA269BE9
S315000258E01E02A6EBC008B8F5FF7F80F21C81269B3C
S315000258F0269ACDF83C80013BBFB2119392B29BB27D
S315000259000492059314AE06973568039B069AB488EB
S3150002591015FB0235049B14FB03922DB20FFA82F893
S31500025920ADF84C50ADF84E8013995846083607F03C
S31500025930EBFA40B10B99DAF81430029F0091424615
S3150002594029465046B847059B14FB039424B2ADF88A
S315000259504E401399584607F0D7FA40B10C9ADAF836
S3150002596014300092294622465046029CA0471CABA0
S31500025970B342C9D1DDF83C80B8F1FE0F08DD119BB8
S315000259802693059B0493269B5B00A8F1FF081093C0
S31500025990DDE909321A44109B08990A92013B01FB80
S315000259A003F3B3EB420F3FF776AF0E9BDDF8109091
S315000259B004936FEA0806F6B29DB20D9B03FB06F648
S315000259C0454BA3FB0636C6F3C71614AC2368039AE7
S315000259D013FB05231FB26268079BADF84C7012FBDE
S315000259E009320FFA82F8ADF84E80139958460834F8
S315000259F007F08AFA38B100963946DAF81430029F6F
S31500025A0042465046B8471CABA342DFD1269B002B29
S31500025A1040F38680089A049F013B069302FB03F338
S31500025A200A9307F101090A9B069A02FB03F0099BF6
S31500025A30B0FBF3F0089B181A800207F08FF93B02BD
S31500025A40C3EBC000FE2805DDFF38FE284F4609F1EC
S31500025A500109F9DC0D9ADDF80C80CDF83C90C343C0
S31500025A60DBB2C0B202FB03F302FB00F01A4A0E9746
S31500025A70A2FB0313C3F3C713A2FB00200B93BDF8CB
S31500025A8018200492C0F3C7131FFA89F20C93BBB213
S31500025A90059214AE994634887568049B14FB0982F4
S31500025AA017B2079AADF84C7015FB03252DB2ADF867
S31500025AB04E5013995846083607F026FA70B10B9ADB
S31500025AC0DAF81430009239462A46029F5046B84701
S31500025AD004E000BF2C8B040081808080059B14FBB0
S31500025AE0038424B2ADF84C401399584607F00CFAD9
S31500025AF040B10C9ADAF81430009221462A46029CEA
S31500025B005046A0471CABB342C5D10A9B089A9B1AC2
S31500025B100A93069BDDE90E7913B1013B069382E7F0
S31500025B201DB0BDE8F08F099A089B049707FB02F0A7
S31500025B3007FB00F0B0FBF3F0101A800207F00EF933
S31500025B40269BA6EBC006F643F6B2BDB21FFA83F950
S31500025B5033E7269B00251FFA83F9FF2604952CE7D7
S31500025B602DE9F04F8FB0857FDDF86090099005959D
S31500025B700793002D00F0F8808B420E4600F0F48069
S31500025B809145174600F0F080456AD5F8B0400A9470
S31500025B90002C00F0FF81079B099C591AA9EB02020F
S31500025BA081EAE170A0EBE1706369D4F844A0049045
S31500025BB082EAE274A4EBE2740128039400F0D7802F
S31500025BC0DDE90340A042C0F2D5800798B04209DA67
S31500025BD0079C39463046A7EB090207904F4689468D
S31500025BE0311B26460B93ADF83060079BADF8327039
S31500025BF0ADF834305046049B91FBF3F30C990893AD
S31500025C00ADF83690039B92FBF3F3069307F07CF90B
S31500025C100B9B002840F05481DDE903128A4280F290
S31500025C20AD804F4500F3A080089A079CB2184FF04A
S31500025C30000B069205980399A04D4FEA0B2292FBA0
S31500025C40F1F2C2F1FF0100FB01F100FB02F285FB5A
S31500025C50010808EB01004FEAE17885FB0215A91855
S31500025C60D517C5EBE115EAB20792BAF90020C8EBDF
S31500025C70E018B2425FFA88F816DCBAF90410B142AB
S31500025C8012DBBAF90210B9420EDCBAF90610B942B1
S31500025C900ADB3A46DDE90905CDF8008031460B9369
S31500025CA0A847BAF900200B9B0699914213DBBAF971
S31500025CB0042091420FDCBAF90220BA420BDCBAF98F
S31500025CC00620BA4207DB079A0092DDE909053A4641
S31500025CD00B93A8470B9BB94532D0BAF90020A242D2
S31500025CE016DCBAF90410A14212DBBAF902104945D0
S31500025CF00EDCBAF9061049450ADB4A46DDE9090512
S31500025D00CDF8008021460B93A847BAF900200B9BD9
S31500025D100899611A914213DBBAF9042091420FDC09
S31500025D20BAF902204A450BDCBAF906204A4507DBD6
S31500025D30079A0092DDE909054A460793A847079B99
S31500025D40049A013709F1FF394F4593440CDC039A53
S31500025D505A453FF76FAF0699ABEB020B089A0E4610
S31500025D601144A41A069165E70FB0BDE8F08F012C25
S31500025D7000F07681B945FFF62BAF33E7079CA642C2
S31500025D80F2DC4FF0000B059804994C4D4FEA0B22BA
S31500025D9092FBF1F2C2F1FF0100FB01F100FB02F2FC
S31500025DA085FB010808EB01004FEAE17885FB021545
S31500025DB0A918D517C5EBE115EAB20792BAF9002080
S31500025DC0C8EBE018B2425FFA88F82EDCBAF9042072
S31500025DD0B2422ADBBAF90210B94216DCBAF9062037
S31500025DE0BA4212DB3A46DDE90905CDF800803146B2
S31500025DF00893A847BAF90020089BB24215DCBAF903
S31500025E000420964211DCBAF90210069ABA188A429E
S31500025E100BDBBAF906108A4207DC07990091DDE925
S31500025E20090531460893A847089BB44233D0BAF90C
S31500025E300020A2422FDCBAF90420A2422BDBBAF9D7
S31500025E400210494516DCBAF906204A4512DB4A46D3
S31500025E50DDE90905CDF8008021460893A847BAF97D
S31500025E600020089BA24216DCBAF90420944212DCF6
S31500025E70BAF90210069AA9EB02028A420BDBBAF9B8
S31500025E8006108A4207DC07990091DDE909052146D9
S31500025E900793A847079B039A0136013CA6429344FF
S31500025EA03FF762AF049A5A453FF76DAFABEB020B71
S31500025EB0069A1744A9EB020965E700BF8180808034
S31500025EC00D99504607F020F80B9B00283FF4A4AE2C
S31500025ED0DDE903128A4263DB07998E423FF744AF3C
S31500025EE0069A0B9707EB020B099F4FF0000A8846AA
S31500025EF004990598934D08934FEA0A2292FBF1F210
S31500025F0003998A44C2F1FF0100FB01F100FB02F290
S31500025F1085FB01046018CC1785FB0215A918D51755
S31500025F20C5EBE115C4EBE014EAB2E4B231460A9DD0
S31500025F30079238460B9A0094A847079B009331466E
S31500025F40089B5A463846A847B045089B06F1010603
S31500025F500FD04A46414638460094A847079B00930D
S31500025F60069B4146A9EB03023846089B0793A847BE
S31500025F70079B08F1FF3846453FF7F6AE049A5245AD
S31500025F80B6DCAAEB020A069ACDF82CB0A9EB0209F6
S31500025F909344ADE76C6EA4460FB0BDE8F04F604780
S31500025FA04F453FF7E1AE089A0B96B218DFF894B167
S31500025FB0099EDDF81C8006924FF0000A03990598A7
S31500025FC009934FEA0A2292FBF1F204998A44C2F13A
S31500025FD0FF0100FB01F100FB02F28BFB01046018DA
S31500025FE0CC178BFB0215A918D517C5EBE115C4EB27
S31500025FF0E014EAB2E4B20B990A9D079230463A4699
S315000260000094A847079B00933A46099B0699304697
S31500026010A8474F45099B07F101070FD04A4641465B
S3150002602030460094A847079B0093089B4A46A8EB74
S3150002603003013046099B0793A847079B09F1FF39DD
S315000260404F453FF791AE039A5245B7DC06990B913D
S31500026050AAEB020A089AA8EB02088A180692ADE78A
S315000260600FFA86F80FFA87FBADF83080ADF832B03A
S315000260700C990393504606F047FF039B78B1059AA5
S31500026080304902EB42029201A1FB0212C2F3C7128D
S315000260900092DDE909043A463146A047039B079C74
S315000260A0ADF8329025B2ADF830500C9903935046B4
S315000260B006F02AFF039B60B1059A22499201A1FBD1
S315000260C00212D209009221464A46DDE90904A04796
S315000260D0039BADF830800C990393504606F014FFEB
S315000260E0039B60B105983146164E8001A6FB00401F
S315000260F0C00900904A46DDE90904A047039BADF8B2
S315000261003050ADF832B00C990393504606F0FCFEBF
S3150002611000283FF429AE059BDDED0A7A094C079962
S31500026120099803EB4305AD01A4FB0554039B17EE47
S3150002613090CAC4F3C7143A4618940FB0BDE8F04F9C
S31500026140604700BF818080802DE9F04F2DED028BE4
S31500026150B9B03D4E1B901D46449B1391A3F15A07BD
S3150002616008EE902A0FCE30AC0FC496E80F00B42F7B
S3150002617084E80F001BD8459BB3F5877FD4BF002365
S31500026180012312931B9F7B6A1E93D3F8B030B7F993
S315000261901C40109333B1661EB5EB660F1F964FEA8D
S315000261A0660307D839B0BDEC028BBDE8F08F012338
S315000261B01293E7E7DDF84C80ED1A24AB009318EE54
S315000261C0901A449B7F6C1D952A46404606F078FC41
S315000261D025AB18EE901A00932A46459B404606F0D8
S315000261E06FFC26AB721918EE901A00934046449B38
S315000261F0079206F065FC27AB079A009318EE906AA1
S31500026200459B18EE901A404606F05AFC4499731BB9
S31500026210AA191B1B2244592908EE107A03F101031D
S3150002622002F1FF3212DC4599592916DD18EE101AD1
S31500026230B1F902109942B8BF19468B46459BB3F590
S31500026240877F28DB38E000BF4C8B040044995A292B
S31500026250ECD04599B1F5E17F10DABDF99E10BDF992
S315000262609A30BDF996009942A8BF1946BDF99230F7
S315000262708342A8BF03468B42A8BF0B4618EE101AEC
S31500026280B1F902109942B8BF1946449BB3F5877F0C
S315000262908B46D3DB10D0BDF99A30BDF99E20BDF9ED
S315000262A096109342B8BF1346BDF992208A42B8BFF0
S315000262B00A469A42B8BF1A4618EE103AB3F90630A1
S315000262C09342A8BF1346A3EB0B0201325200169368
S315000262D0002A924B159309DD03EB82024FF4FA6012
S315000262E00021C3E9000108339A42FAD1BDF84C30C5
S315000262F0079318EE903A9EB2002314930DF1E0082C
S3150002630037462EAB04932CAB03932AAB1D9C029308
S3150002631028AB0193459B009318EE901A449B139861
S3150002632022460BF0E1F9002C0A9440F3A3834FF0C6
S31500026330000904FB04F21C92CDF84490A5B2099719
S315000263405FFA89F31893DB43DBB2BDF84420199355
S315000263500A9BCDF820B0013BCDE90C521A9318EEF8
S3150002636010BA9BB2DDF86CA00E9330AE0B95356871
S315000263700D9B079AB488179515FB03273BB2ADF818
S315000263808C30099A0F930B9B14FB03290FFA89F998
S31500026390ADF88E90239928A806F0B6FDADB220B9C5
S315000263A023992AA806F0B0FD68B12399584606F04B
S315000263B0ABFD40B1199B0093DAF814300F99109F88
S315000263C04A465046B8470E9B099A14FB03290FFA10
S315000263D089F9ADF88E90239928A806F095FD20B983
S315000263E023992AA806F090FD68B12399584606F02B
S315000263F08BFD40B1189B00930F99DAF81430109F69
S315000264004A465046B8470D9B099A14FB03240B9B38
S31500026410079A15FB032724B23FB2ADF88E40ADF8BA
S315000264208C70239928A806F06FFD20B923992AA813
S3150002643006F06AFD68B12399584606F065FD40B13B
S31500026440199B00933946DAF81430109F22465046BB
S31500026450B847089BA34203DC169BA34280F2C7807F
S315000264600E9B079A15FB03252DB2ADF88C50239986
S3150002647028A806F049FD20B923992AA806F044FD6A
S3150002648068B12399584606F03FFD40B1189B009328
S315000264902946DAF81430109D22465046A847089B32
S315000264A0A34203DC169BA34280F288800836B045DD
S315000264B07FF45DAF119BDDF820B00B9D5C1C1C9B2D
S315000264C00E9404FB1430800206F048FC0A9BC000BE
S315000264D0C0EB0329B9F1FE0F55DDA3B2169ADDF81A
S315000264E024A01A9F0D93BDB20A970897A9F1FF0936
S315000264F00C9530AE1746746814FB05A424B25C45AD
S3150002650001DBBC420CDD0836B045F4D1B9F1FE0F11
S315000265103A46089F3ADD013FE5E700BFE8E106207B
S3150002652032680D9B0799ADF88E4012FB0311ADF848
S315000265308C1023990B9228A806F0E6FC0B9AC8B198
S31500026540129BA4EB0B04610053B1149B2BB3139B58
S315000265501198013100FB0232159B43F82120D2E744
S31500026560149B13B3139B119901FB0232159B43F83B
S315000265703420C8E723990B922AA806F0C5FC0B9A89
S315000265800028DDD1BFE7BDF838300D930A9B0E9A7D
S3150002659093426DDD0E9B1193D2E6139B0E9901FB7E
S315000265A00232159B43F83420ADE7139B0E98013156
S315000265B000FB0232159B43F82120A4E7239928A861
S315000265C006F0A2FC002845D0089B129AE41A630042
S315000265D032B3149A002A00F0ED811799139A1A9889
S315000265E0013300FB0122159941F823205EE7239926
S315000265F028A806F089FC002833D0089B1299E31AD2
S315000266005A00D1B11499002900F0DD811799139B24
S315000266101A98013200FB0133159941F822301FE71F
S31500026620149A002A00F0BC81179A139B1A9901FB4F
S315000266300233159A42F8343038E71499002900F0EB
S31500026640CB811799139A1A9800FB0122159941F8E2
S31500026650332005E723992AA806F056FC0028B3D171
S3150002666024E723992AA806F04FFC0028C5D1F7E6AD
S315000266706FEA0903099F5FFA83F9CDF824B0CDF8D2
S31500026680209018EE10AADDF834B0DDF8309030AE66
S315000266903368079A13FB0B231CB27368ADF88C4060
S315000266A013FB09731DB2ADF88E50239928A806F084
S315000266B02BFC20B923992AA806F026FC60B123995F
S315000266C0504606F021FC38B1089B1B9800932146E0
S315000266D04369109C2A46A0470836B045D8D1149B78
S315000266E0DDF824B0002B00F08181BDF99420BDF9BC
S315000266F09A300F92159A1093CBEB4B7302EBC302AF
S31500026700BDF99C0009920F9ABDF99E40BDF99050C1
S31500026710BDF99260BDF99870BDF99610109B19905B
S31500026720801A0C910D94611A1A957C1B1C969D1B5E
S3150002673080EAE076A6EBE076119081EAE170A0EBC2
S31500026740E170139184EAE471A1EBE471099B1D9750
S315000267501891002785EAE571A1EBE5710433BC4681
S31500026760DDF858A0159F219417951F962090149135
S315000267700B93BCF1000F00F04681DDE90C32934227
S3150002678000F0D280DDE91F45DDE90C3219980F9938
S31500026790139EDDF84480884200F07A81AC425BDACF
S315000267A09A4280F25E81A1EB000898FBF4F8129EF1
S315000267B0002E40F04E81BCF1000F00F06381129E64
S315000267C00A96CDF820809A4200F3AE804FF0000E72
S315000267D00791B946CDF854C05A4513DB924511DBF1
S315000267E0099F089957F8326000EB010C6645C4BF51
S315000267F03E4646F832C00B9E56F832706745B8BF21
S3150002680046F832C05B4515DB9A4513DB099E0799AC
S3150002681056F833700E970A9F01EB070C0E9F6745D9
S31500026820C8BF46F833C00B9E56F833706745B8BFEB
S3150002683046F833C00132013B9A42A64400F3EF8088
S31500026840AE45C9DB07995A45A1EB0801AEEB050E29
S3150002685040440791D6DBC1E7884280F2E4800E46C7
S3150002686001463046129E9846A3EB020E13469EFB45
S31500026870F5F208924246002E40F0DC80BCF1000F91
S3150002688000F0DC80089E002ECCBF4FF0FF360026BB
S31500026890B046CCBF00264FF0FF360796814243DC56
S315000268A04FF0000EC146CDF828C0A64504DB089E6F
S315000268B0AEEB040E3344921B079E03EB060CDC453B
S315000268C013DBE24511DBACEB0B0C4FEACC0857F8B5
S315000268D03C608E42C8BF47F83C1008F1040857F8DE
S315000268E008608E42B8BF47F8081002EB090CDC4577
S315000268F013DBE24511DBACEB0B0C4FEACC0857F885
S315000269003C608642C8BF47F83C0008F1040857F8C5
S3150002691008608642B8BF47F8080001310138814253
S31500026920AE44C2DDDDF828C0BCF1010F65D1169B6D
S315000269305B456746FFF636AC634EDDF878A0DDF8B8
S315000269406C80351D9946726855F8041C91425B4667
S315000269500BF1010B19DC18EE100AB0F90040A14246
S31500026960B8BF45F8044CB0F90410B8BF726891423A
S31500026970BCBF71600A46D8F81410CDE900714046D2
S3150002698055F8041CDAF87440A047CB4506F1080610
S3150002699005F10805D7DD39B0BDEC028BBDE8F08FF5
S315000269A01799139A0A98013300FB0122159941F8A7
S315000269B023207BE5179A139B0A9901FB0233159A4A
S315000269C042F8343072E51799139A0A9800FB0122AD
S315000269D0159941F8332043E51799139B0A9801321A
S315000269E000FB0133159941F8223039E51D9B1F9AA8
S315000269F013441D930123149383E40CF1010CBCF19F
S31500026A00000F7FF4BAAE1C9B109A9342F5D0149DE8
S31500026A10189C1D981A99179EDDF88480BBE6DDF84E
S31500026A2054C04F4680E796FBF5F60896129E002E56
S31500026A303FF424AFBCF1010F7FF424AF089E002E71
S31500026A40CCBF00260126B046CCBF012600260796FB
S31500026A5024E7BCF1010F15D00026CDF820800A9656
S31500026A60B1E6964606461A4608467346314698FBEE
S31500026A70F4F89CE6BDF874300C9300234FF0FF093E
S31500026A800D93FAE5C8F100060A96002608969AE6DC
S31500026A909A4215DBA3EB0B0407EBC4045B4509DB47
S31500026AA0534507DC206888426068A8BF2160884297
S31500026AB0B8BF616001339A4204F10804EEDA33E7A3
S31500026AC0184613460246E5E7E8E106202DE9F04FAF
S31500026AD089B0857F129E04954FF0FF0C456ADDF85A
S31500026AE04CA0B0F91CB00293592E04460F469046AC
S31500026AF080F81EC0039573DCBAF15A0F40F3AC80DE
S31500026B004FF05A09BAF5877F0096CDF8049000F344
S31500026B10D080FFF719FBCDE9009A029B424639461F
S31500026B202046FFF711FBA169029B05910122A28370
S31500026B300A43A2610BF1FF3906AAA3EB6905636951
S31500026B4000922269029223612A463346414638461A
S31500026B5005F0B6FFA94407AA3346009241464A46C3
S31500026B60384605F0ADFFA369D90600F18D80BDF95F
S31500026B701E300093039BBDF91A20DB6EBDF9181077
S31500026B801E462046BDF91C30B04706AB00932A4686
S31500026B9053464146384605F093FF07AB00934A46F3
S31500026BA053464146384605F08BFFA369DA0656D4AA
S31500026BB0BDF91E300093039BBDF91A20DD6EBDF9A7
S31500026BC01810BDF91C302046A847029B2361059B7D
S31500026BD0A361049BA4F81CB0A37709B0BDE8F08FAB
S31500026BE0B6F5877F24DABAF5877F35DD4FF48779E4
S31500026BF0BAF5E17F0096CDF804908ADDFFF7A4FA94
S31500026C00029DCDF800904FF4E173019342462B4664
S31500026C1039462046FFF798FAAAF5B47301935A2328
S31500026C2000932B46424639462046FFF78DFA7AE70D
S31500026C30BAF5E17F10DD40F2762CE2454FF4E17CB5
S31500026C400096CDF804C046DCFFF77EFAAAF5B473C7
S31500026C5001935A23009360E7CDE9006A5DE723F0CA
S31500026C600203BDF91A20A361BDF91E30BDF9181041
S31500026C701A44BDF91C301944520249024FEA4B2309
S31500026C8020460AF035FFA0E723F00203BDF91A20D9
S31500026C90A361BDF91E30BDF918101A44BDF91C30A6
S31500026CA01944520249024FEA4B2320460AF020FFBA
S31500026CB06BE7FFF749FA029DCDF800904FF487790A
S31500026CC0CDF804902B46424639462046FFF73CFA59
S31500026CD0CDE9009AA5E7FFF737FA029D5A234FF44A
S31500026CE08779CDE9003942462B4639462046FFF7D9
S31500026CF02BFAAAF5B473CDF80090019391E700BF81
S31500026D002DE9F04FB0F91C50954EA7B06F1ECDE994
S31500026D101631817F19919C467910FF238346964648
S31500026D200D9283771A910FCE1EAC0FC496E80F0010
S31500026D30BCEB670F84E80F00189740F2AE81DBF8D0
S31500026D4024101B91D1F8B0100691002900F0A581FC
S31500026D50DBF844A070466346BAF90220C31AA3EBD5
S31500026D6065039A42B8BF1A4661460B189146BAF9AC
S31500026D70062003EB6505AA421346A8BF2B460F93CE
S31500026D80A3EB0903013358000AD4764B03F1080139
S31500026D90002201EB8001C3E9002208339942FAD1AD
S31500026DA0BDF85C301393BDF834301493002312936C
S31500026DB0129B002B00F07481169B189A1344002B29
S31500026DC016930C9340F37881169A02FB02F21592FF
S31500026DD0129A0023C2F101020E9207930D9A0799A5
S31500026DE00A4491450CDC0F99914209DB12990C98E1
S31500026DF0A2EB090201EB4202411A5A4840F822105C
S31500026E000D9A0799521A4A450CDB0F998A4209DCF8
S31500026E1012990C98A2EB090201EB4202411A51485F
S31500026E2040F82210DBB20A93DB43DBB20B930C9BD6
S31500026E30CDF840905E1EDDE913899BB2BDF81C2099
S31500026E400493B3B2039205931EAF11963D88039B3A
S31500026E50BC8815FB0386049B14FB039236B212B25E
S31500026E60ADF87460ADF876201D990896504608373D
S31500026E70099206F049F840B10B99DBF81430099AE9
S31500026E80009158463146069EB047059B14FB039275
S31500026E9012B2ADF876201D990992504606F034F8E2
S31500026EA040B10A9B0093DDE90812DBF81430069E16
S31500026EB05846B047049B15FB0386039B14FB0394B9
S31500026EC024B236B2ADF87460ADF876401D995046DC
S31500026ED006F01AF840B10B9B00933146DBF81430EA
S31500026EE0069E22465846B047059B15FB03852DB2E2
S31500026EF0ADF874501D99504606F006F840B10A9A4C
S31500026F00DBF814300092294622465846069CA047D2
S31500026F1026ABBB429AD1079B159A013303FB13207A
S31500026F2080020793DDE9109605F018FF0C9BC0005E
S31500026F30C0EB0323FE2B32DD0D99129D094F8A19F0
S31500026F40891BA1EB0904A2EB090005EB440405EB3E
S31500026F50400007EB840407EB8000DDE90EC704E07E
S31500026F606C8B0400E8E10620013E9145A3F1FF0384
S31500026F70354603DC9742A8BFC0F800C0894502F136
S31500026F80FF32A0F1080003DC8F42A8BFC4F800C09C
S31500026F90FE2B04F1080401F10101E5DC0C950E9AC1
S31500026FA00C9901320E92079A8A42FFF617AF129A8D
S31500026FB0012A7DD1BDF81C20BDF83070CDF81090A5
S31500026FC0DB43DBB203931EAC26AD91462368139ACC
S31500026FD013FB09231EB26268149BADF8746012FBA0
S31500026FE007320FFA82F8ADF876801D9950460834BA
S31500026FF005F08AFF40B1039B00933146DBF814305B
S31500027000069E42465846B047AC42DFD1DDF81090A4
S315000270100F9B4B453EDB5846294DDDF85C80CB463F
S315000270200127DDF86C9007E0584603F1010B0F9B30
S315000270305B4505F108052CDB5B46002483461EAA48
S3150002704052F83400D5E9002102FB00F601FB00F0FC
S31500027050864206EB080100EB080202DD08461146ED
S315000270600246DBF81460BAF904C0BAF900000393C9
S31500027070CDE900766245A8BF62468142B8BF0146A5
S31500027080D9F874605846B047039B002CCCD1012432
S31500027090D5E78346199B8BF81E3027B0BDE8F08FE3
S315000270A0169B1A9A9B1A002B16930C933FF78CAEDB
S315000270B0129B013312937BE60023079377E700BF07
S315000270C0E8E106202DE9F04FA5B0824616911F464B
S315000270D0416A1593FF23807F8AF81E30AA4D1891C4
S315000270E0D1F8B0101292944617900E4603910FCD26
S315000270F01CAC0FC495E80F0084E80F00002E00F0C8
S315000271008B81BAF91C30591EB7EB610F19914FEA00
S31500027110610440F381812E998C4280F27D81DAF8F6
S3150002712044B06046421ABBF90210A2EB63029142D6
S315000271300D46B8BF15462E9ABBF906101395624442
S3150002714002EB63039942A8BF19464B1B01335B004E
S31500027150109105D45A1C8D489200002114F0FFFDAF
S31500027160159BBDF848901B1B15932E9B1B1B2E933C
S31500027170BDF858300022D04614929A462E9B159A94
S315000271805B0002FB02F2013B02FB03F307922E9A1B
S3150002719002FB02F2B3EB420F0A9240F3DC810B923E
S315000271A02E9ACDF818A00023CDE908320E930E9B35
S315000271B00B990F931D4601339DF820200E9303FB76
S315000271C001F0079BB0FBF3F00A9B0C92181AD3430B
S315000271D0DBB280020D9305F0C1FD099B1C02A4EBF4
S315000271E0C002B2F5FF7F089280F29881099BBDF832
S315000271F03C1005915A1E9BB2119204931FFA82FA11
S315000272001CAEDDE905323568B48815FB0325049BFF
S3150002721014FB03922DB217B2ADF86C50ADF86E7036
S315000272201B995846083605F06FFE40B10D99D8F8FD
S31500027230143000913A462946039F4046B84714FB4C
S315000272400A9424B2ADF86E401B99584605F05CFECE
S3150002725040B10C9AD8F8143000922946224640468C
S31500027260039CA04724ABB342CBD1089BFE2B00F371
S31500027270D880DDE90A321A44099B07990B925B0012
S31500027280013B01FB03F3B3EB420F90DC0E9BDDF8EF
S3150002729018A00B939DB2089BDE43F3B205931CAC78
S315000272A0D4E90032049913FB05A312FB01921FB223
S315000272B016B2ADF86C70ADF86E601B99584608347C
S315000272C005F022FE40B1059B00933246D8F81430F1
S315000272D0039E39464046B04724ABA342E0D1099B00
S315000272E0002B40F3C580099B079ACDF82090013BFD
S315000272F0069302FB03F309930B9B5C1C9946099BBD
S31500027300069A02FB03F00A9BB0FBF3F0079B181ADE
S31500027310800205F023FD4FEA0923C3EBC000FE28D5
S3150002732005DDFF38FE28A14604F10104F9DCC3B2EB
S315000273300B93DDE91271DB43DBB2069D0C9301224E
S3150002734048461CAB03EBC20353F8083C03FB057328
S3150002735099420BDC109E9E4208DB149EA3EB010CA5
S31500027360002E7FD0094B03EBCC067060022A56D161
S31500027370BDF81820049283B2A2B205921CAF0D90FA
S3150002738099460E9404E000BF8C8B0400E8E10620C7
S315000273903D887E68049B15FB09A214B2089AADF8D3
S315000273A06C4016FB032636B2ADF86E601B99584642
S315000273B0083705F0A9FD40B10C9AD8F814300092AE
S315000273C021463246039C4046A047059B15FB03A572
S315000273D02DB2ADF86C501B99584605F095FD40B19B
S315000273E00B9AD8F81430039C00922946324640463E
S315000273F0A04724ABBB42CBD1099B079A9B1A0993A0
S31500027400069BDDE90D94002B30D0013B069376E70F
S315000274108246179B8AF81E3025B0BDE8F08F0222FD
S315000274208FE7DDE91104FF3B1399089300221CAB99
S3150002743053F8323003FB004399420BDC109D9D4208
S3150002744008DB149E5D1A002E7FD0474B03EBC50561
S315000274500F9B6B6022B1119BCDF810A0099308E730
S315000274600122E4E7404E46F83C407FE7DDF82090F3
S31500027470149B4BB9159B199A134415932E9B1344CF
S315000274802E930123149379E6109B139A9342C246D4
S31500027490BFDB4046149F344DDDF86090DDF84CA00A
S315000274A0DDF858800BE04046C846D146DDF80CA010
S315000274B0109B0AF1010A534505F10805A8DBCDF830
S315000274C00CA00024CA46C14680461CAB53F8346061
S315000274D0D5E9003206FB03F302FB06F6B34203EBE1
S315000274E0090106EB090202DD0B4611461A46BBF9F3
S315000274F00430BBF900009A42A8BF1A46D8F81430E5
S31500027500CDE900738142B8BF0146DAF87460039B85
S315000275104046B047002CC6D10124D6E70A9B079AFB
S315000275200B9503FB05F005FB00F0B0FBF2F0181A11
S315000275308002DDF818A005F011FCA4EBC003089345
S31500027540BDF824300493ADB2A5E62B46064D0E9E39
S3150002755045F833607EE72E9B9BB2002504932E9B53
S3150002756009930B95089596E6E8E106202DE9F04F7A
S31500027570D0F8249090F81EB0B0F91CA0FF258577AC
S315000275808BB0D9F8B070DDF850800593002F00F06B
S31500027590AD808369DB0604460E46154622D5BAF14E
S315000275A0020F1FDD059B9B0206931AF0010F4FEA9D
S315000275B088234FEA81214FEA82221F4606D145459A
S315000275C000F0A280059B9E4200F097804FEA4A2374
S315000275D0204607930AF08CFA079B06993A462046FC
S315000275E00AF086FA454548D0059B9E422ED145456E
S315000275F002DD2B4645469846A6EB6A06B6B20AF166
S31500027600FF3308AA3344616CADF822501046ADF838
S315000276102680ADF82060ADF8243005F047FC80B135
S3150002762062690192BDF92030BDF92420BDF922100C
S31500027630D21A01320092D9F87C50BDF92620204692
S31500027640A84784F81EB00BB0BDE8F08F0120059B59
S3150002765002903146CDE9008A2A46204604F05CF9BA
S31500027660B9F8443001462046002B38D002F0B8FA69
S3150002767084F81EB00BB0BDE8F08F059A964202DD83
S31500027680334605931646059BADF82430A5EB6A05ED
S31500027690ADB20AF1FF3308AA2B44616CADF8206043
S315000276A01046ADF82630ADF8225005F0FFFB002853
S315000276B0C7D062690192BDF92230BDF92620BDF913
S315000276C02010D21A01320092D9F87450BDF9242042
S315000276D02046A84784F81EB00BB0BDE8F08F03F031
S315000276E039FF84F81EB00BB0BDE8F08FD9F86840B8
S315000276F0A4460BB0BDE8F04F6047069BA3F50073A6
S31500027700A1F50071069361E7A3F50073A2F5007275
S315000277101F465BE72DE9F04F2DED028B814689B0BE
S31500027720807F0690CDE90331002800F08B80FF2888
S3150002773000F08D8019469B7813F0020FD9F8243099
S3150002774000F00881D3F8B0300293002B7AD0D9F832
S315000277504470D9F810A0B7F902B04E685A4580F2C3
S31500027760D781B1F91830002BC8BF002408DC14E019
S31500027770411CC9B20C4402309C4256FA80F60CDA1D
S3150002778096F900103078002900F07F01F0DA013115
S315000277900C449C4206F10206F2DB01325A45E2D162
S315000277A0B7F906205A454DDB039BB3F91830354627
S315000277B0C8465646002B41DD049C95F9003095F8E3
S315000277C000A0002BC0F27681631C013508EE106A18
S315000277D00795059303EB0A09B7F90030A34216DCB5
S315000277E0B7F90430A342214618EE103A5A464046EB
S315000277F00DDB95F800C0069E1CFB06FCAC4EA6FBF4
S315000278000C6CCCF3C71C029ECDF800C0B047013405
S315000278104C4505F10105DFD1079B059C0AF10105DF
S315000278202B4418EE106A54441D46039B049AB3F97E
S3150002783018309A18A242C0DCB7F906200BF1010BE8
S315000278409345B7DD09B0BDEC028BBDE8F08F039915
S315000278508B7813F0020FD9F8243000F0C980D3F8E0
S31500027860B0300593002BEDD0D9F84450D9F810B0BA
S31500027870B5F9028042450B46496880F24B81B3F95D
S315000278801830002BC8BF002608DC14E0601CC0B20A
S31500027890064402349E4251FA84F10CDA91F9000050
S315000278A00C78002804F07F00F0DA013006449E428C
S315000278B001F10201F2DB01324245E2D1B5F90620BD
S315000278C04245BFDB039BB3F91830DA460F46CB4677
S315000278D0002B36DD049C97F9003097F80090002BB8
S315000278E0C0F2C580631C7E1C03EB0907079606934C
S315000278F00297B5F90030A3420DDCB5F90430A34274
S31500027900214653464246584605DB96F800C0059F77
S31500027910CDF800C0B847029B01349C4206F101062D
S31500027920E7D1079B069C09F101073B441F464C44DD
S31500027930039B049AB3F918309A189442CBDBB5F933
S31500027940062008F101089045C2DD09B0BDEC028BA4
S31500027950BDE8F08FD3F8B070002F3FF473AFD9F8BB
S3150002796044600398B6F902A00499B6F90040B0F94A
S315000279701830D9F810B0611AAAEB020202FB031200
S3150002798041688A18B6F9061004928A453FF75AAF3B
S31500027990B6F90420DFF818814846B946069F944690
S315000279A01D46644519DC049D15F8011B029011FB66
S315000279B007F1A8FB0121C1F3C71100915B462146DD
S315000279C05246C847B6F904C0029801346445EBDD55
S315000279D0039BB6F90610B3F91850049B0AF1010A83
S315000279E02B448A4504933FF72DAFB6F90040D8E7FA
S315000279F0D3F8B080B8F1000F3FF424AFD9F8447041
S31500027A000398B7F90260B7F900400499B0F9183043
S31500027A10D9F810A0611AB21A02FB0312416801EBEF
S31500027A20020BB7F906108E423FF70CAFB7F90420E6
S31500027A30A242A8BF5D4612DB15F8013B0093214620
S31500027A40534632464846C047B7F9041001348C42C1
S31500027A50F2DD039B0A46B3F91830B7F90610013670
S31500027A608E429B443FF7EEAEB7F90040E0E7BB1CFF
S31500027A7009F07F097F780793631C069303EB0906D7
S31500027A800297B5F90030A3420BDCB5F90430A342E4
S31500027A90214653464246584603DB029F0097059FFE
S31500027AA0B8470134B442ECD1069C079F4C443FE7E9
S31500027AB081808080AB1C95F801900793069B19FB89
S31500027AC003F9154B0AF07F0AA3FB093908EE106A7F
S31500027AD0631CC9F3C719059303EB0A05B7F900300E
S31500027AE0A3420CDCB7F90430A342214618EE103A41
S31500027AF05A46404603DB029ECDF80090B047013459
S31500027B00AC42EBD1059C079D18EE106A54448CE6F4
S31500027B10934645E69046D1E6818080802DE9F04F76
S31500027B20AA4C476AA5B09A46837F089305468846BB
S31500027B3016460FCC0DF1700CACE80F0094E80F005E
S31500027B408CE80F00D7F8B020002A00F0A680089C27
S31500027B50002C00F09F802F9B00930DF150091AAB69
S31500027B6018AA16A91193049310922E9B03920D91B3
S31500027B700291404652463146CDF8049009F0B4FDD2
S31500027B804A464946686C05F091F90D99686C0A46B1
S31500027B9005F08CF9109A686C114605F087F9119A6E
S31500027BA0686C114605F082F952469300C3F105034B
S31500027BB0FF2CCDF830A00F9300F09F80002A69DBDE
S31500027BC01FFA88F30993B3B20A9300230E93BDF802
S31500027BD038300693BDF8303007931CAE3188099AC7
S31500027BE0069BB6F804A00B9111FB03230FFA83F848
S31500027BF00A9A079BADF84C801AFB03220FFA82FB06
S31500027C00ADF84EB01399484605F07EF9002800F00B
S31500027C10F580089B00936B69D7F8B0405A464146F7
S31500027C202846A047079B099A0B9911FB0324069B3A
S31500027C300A9A1AFB032A24B20FFA8AFAADF84C40C2
S31500027C40ADF84EA01399484605F05EF9002800F0FB
S31500027C50BF80089B009321466B69D7F8B040524615
S31500027C602846A047083624ABB342B7D10F9B002B58
S31500027C70C0F203810C9A0E9B0F999B1A01EBC30368
S31500027C8014330F93531E0C930E9B0C9A01339A4294
S31500027C900E939CDA25B0BDE8F08F2F9B00931AACA9
S31500027CA00DF1500918AB16AA109303930D922E9B51
S31500027CB00292404652463146CDF8049004941194FD
S31500027CC009F012FD4A464946686C05F0EFF80D9A2E
S31500027CD0686C114605F0EAF8109A686C114605F0D0
S31500027CE0E5F8686C2246214605F0E0F84FEA8A0379
S31500027CF0C3F105030F93CDF830A0BAF1000FC9DB2B
S31500027D001FFA88F30893B3B2099300230B93BDF8C5
S31500027D102C300693BDF8303007931CAE3188089A92
S31500027D20069BB6F804A00A9111FB03230FFA83F807
S31500027D30099A079BADF84C801AFB03220FFA82FBC5
S31500027D40ADF84EB01399484605F0DEF800287ED00D
S31500027D506B69D7F8A8405A4641462846A047DDE94E
S31500027D6007320A9911FB0324069B099A1AFB032A76
S31500027D7024B20FFA8AFAADF84C40ADF84EA0139928
S31500027D80484605F0C1F800284ED021466B69D7F85F
S31500027D90A84052462846A047083624ABB342BDD176
S31500027DA00F9B002B6FDBDDE90B320F999B1A01EB60
S31500027DB0C30314330F93531E0C930B9B0C9A01337C
S31500027DC09A420B93A3DA25B0BDE8F08FAC8B040080
S31500027DD013990D9805F098F800287FF43AAF139995
S31500027DE0109805F091F800287FF433AF1399119893
S31500027DF005F08AF800287FF42CAF33E713990D9823
S31500027E0005F082F800287FF404AF1399109805F064
S31500027E107BF800287FF4FDAE1399119805F074F8EB
S31500027E2000287FF4F6AEFDE613990D9805F06CF87E
S31500027E300028AAD11399109805F066F80028A4D153
S31500027E401399119805F060F800289ED1A4E71399BA
S31500027E500D9805F059F800287FF47AAF1399109817
S31500027E6005F052F800287FF473AF1399119805F0C4
S31500027E704BF800287FF46CAF71E70E9A03EBC2034E
S31500027E800C330F9300E70B9A03EBC2030C330F93E9
S31500027E9093E700BF2DE9F04F284DB0F91CC0AFB0F3
S31500027EA089460C9090461F460FCD26AC0FC495E826
S31500027EB00F00389EDDF8E4A084E80F00BCF1000F45
S31500027EC003D00CF1FF3C4FEA6C0C674532D90C9A91
S31500027ED0516A9369486F0E9013F00203506C119128
S31500027EE00D902DD010680B9020B3B0F91830002BEE
S31500027EF020DDB0F91A30002B1CDD91F8402000235A
S31500027F00132ACDE91733CDE91933CDE91B331D9376
S31500027F100BD9C378132B0DD90B9917910B694A68A4
S31500027F20199273B1CB681A930BE00B9BDB789A42DA
S31500027F3000F06E822FB0BDE8F08F00BFCC8B04003C
S31500027F400B93A7EB0C0516AC009433462A46414622
S31500027F50484604F0B5FD0094BDF9584014945346C2
S31500027F60BDF95A400F942A464146484604F0A8FDF8
S31500027F70BDF958301593A9EB0501BDF95A30109396
S31500027F80592E089505EB0802A8EB0503139140F359
S31500027F904E815A2E00F04E81BAF5E17FC0F2C081C1
S31500027FA019460D98B0F902708F42B8BF0F46FB1AF8
S31500027FB0B6F5877F1293C0F2458108D040F2752349
S31500027FC09A4504DCDDE90F239A42B8BF1A460D9B97
S31500027FD0B3F906309342A8BF1346DA1B01325200A8
S31500027FE0002A07930ADDB64B4FF4FA6003EB8202CE
S31500027FF00021C3E9000108339A42FAD11EAA01926E
S3150002800024AA049222AA039220AA33460292CDF807
S3150002801000A02A464146484609F066FBAB00C3F17A
S315000280200503002D099340DB1FFA89F91FFA88F828
S315000280300023BDF820A00A931FFA83FB26ADAC8865
S315000280402E8814FB0A8109B216FB0B90B942ADF8D1
S315000280505A10ADF8580003DB079B994240F3F780AC
S3150002806014FB0B8424B216FB0A96BC42ADF8586088
S31500028070ADF85A4003DB079B9C4240F30381083567
S315000280802EABAB42DBD1DDE909130029C0F2138125
S315000280900898099C191A04EBC10114310991411E71
S315000280A00891089901339942C3DADDE90F32934206
S315000280B059D01499159881420B46024600F0368132
S315000280C0401ADDE90F41091B80EAE07C81EAE17E84
S315000280D0ACEBE07CAEEBE17EF44580F24F81DDE96C
S315000280E00F14A14240F3AC81109908914FEA6E0138
S315000280F09E1A96FBFCF6724CDDF83C80C7EB477085
S3150002810004EBC004DDE90790251DAA468E4503DC73
S31500028110A1EB0E0132449B1BB8420DDB81450BDB02
S3150002812054F830509542C8BF44F830205AF83050BF
S315000281309542B8BF4AF83020B8450DDBC1450BDB86
S3150002814054F838509D42C8BF44F838305AF838506F
S315000281509D42B8BF4AF83830013008F1FF38404531
S315000281606144D3DD08900B9B13B3129B002B1DDDDC
S31500028170179B1299B3F91A200023189391FBF2F375
S3150002818002FB13135E1E8BB1DDF82080DDF84490EE
S31500028190DDF830A017AD009500224346D9F87840A5
S315000281A0013E11465046A047731CF4D10123189391
S315000281B0079BBB42FFF6BEAE424DDDF844B00D9CB6
S315000281C0DDF84CA0DDF830904FF001080EE017AB59
S315000281D000931C90DBF878603B464846B047079B05
S315000281E00137BB4205F10805FFF6A4AEB4F900203B
S315000281F055F8043CB4F904E00B9E9342BCBF134607
S3150002820045F8042C2A687245A3EB0A001946C4BF36
S31500028210C5F800E07246002ED9D1CDF80080D9F813
S31500028220103001930E9E3B464846B047D7E7BAF157
S31500028230590F75DD0D99B1F902709F42B8BF1F46FD
S31500028240FB1A1293BAF5877FFFF6BCAEBFE6169904
S315000282501EA804F059FE1A4A002835D0BDF95A1054
S31500028260BDF95830C91B4FEAC10E52F8310083429C
S3150002827001DA42F831300EF1040011588B42C8BFC0
S315000282801350EDE616991EA804F03EFE0C4A00288D
S3150002829030D0BDF95A10BDF95840C91BCE0052F86C
S315000282A03100844201DA42F83140311D505884428D
S315000282B0C8BF5450E3E601EBC3010C310991F0E665
S315000282C0E8E10620ECE10620169920A804F01CFE3F
S315000282D0634A0028C2D1169922A804F015FE604A04
S315000282E00028BBD1169924A804F00EFE5C4A002889
S315000282F0B4D1B5E6169920A804F006FE584A00281D
S31500028300C7D1169922A804F0FFFD554A0028C0D10C
S31500028310169924A804F0F8FD514A0028B9D1AEE610
S31500028320DDE90F108142A8BF01463AE6DDE90F32C8
S31500028330934273DC0F994A4A1498079CCB1B02EBB3
S31500028340C3020B461099BB4209DB9C4207DB156848
S3150002835085425568A8BF10608542B8BF5060013398
S315000283608B4202F10802EEDDDDE90F218B1A8A4209
S31500028370C8BF0023013213440893F4E6934252DC49
S3150002838000290F990891B4BF4FF0FF384FF001084A
S315000283904FEA6C01324C0898109DDDF81C908C4512
S315000283A004DCA1EB0C014044A5EB0805B84213DB43
S315000283B0484511DCA0EB070B4FEACB0A54F83B60A9
S315000283C09E42C8BF44F83B300AF1040A54F80A60D8
S315000283D09E42B8BF44F80A30BD4213DB4D4511DC5C
S315000283E0A5EB070B4FEACB0A54F83B609642C8BF8F
S315000283F044F83B200AF1040A54F80A609642B8BFD0
S3150002840044F80A200133013A93427144C7DDA9E6D2
S31500028410052A04BFF0238DF86C307DE5DDE90F32C5
S31500028420CDE90F2386E7DDE90F101346A1EB00081D
S315000284301091149A08904FEA6C0198FBFEF8A9E78E
S315000284400F9A089200281A46109B0F93B8BF4FF056
S31500028450FF36159BA8BF01264FEA6E014BE600BF09
S31500028460E8E106202DE9F04F9C4697B0436A7F4C1F
S315000284700493D3F8B0300393476C06468B461546F1
S315000284800FCC0DF1380EAEE80F0094E80F008EE81F
S315000284900F00039B002B79D0B37F0893002B6CD07F
S315000284A062469300C3F105010B910899CDF828C0E5
S315000284B0FF296DD0002A60DBABB2039300231FFABB
S315000284C08BFB0993BDF82490BDF8288005960EAD66
S315000284D0CA462C88B5F80490039A14FB0AB319FB12
S315000284E008221BB212B2ADF83430ADF836200D991F
S315000284F0079338460692083504F006FD58B1089BE4
S315000285000093DDE906231946049B0598D3F8B0309B
S315000285101E464369B047039B14FB08B419FB0A398C
S3150002852024B20FFA89F9ADF83440ADF836900D99B8
S31500028530384604F0E9FC4A46214638B1089B0093C6
S315000285400598049BD3F8B0404369A04716ABAB42EB
S31500028550BFD10B9B059E002B12DBDDE909320B997D
S315000285609B1A01EBC30314330B93531E0A93099B05
S315000285700A9A01339A420993A4DA17B0BDE8F08F3A
S31500028580099A03EBC2030C330B93F0E74FEA8C0311
S31500028590C3F105030A93BCF100030993EDDB1FFA4D
S315000285A08BF30393ABB2059300230893BDF8209097
S315000285B0BDF8248007960EAD2C88B5F804A0039B5F
S315000285C0059A14FB09331AFB082212B20FFA83FB2F
S315000285D0ADF83620ADF834B00D990692384604F05F
S315000285E093FC0835069A594630B1049B0798D3F88E
S315000285F0A8301E464369B047039B14FB0834059B0B
S315000286001AFB093A24B20FFA8AFAADF83440ADF8E9
S3150002861036A00D99384604F077FC5246214628B119
S31500028620049B0798D3F8A8404369A04716ABAB4210
S31500028630C2D10A9B079E002B12DBDDE908320A999A
S315000286409B1A01EBC30314330A93531E0993089B27
S31500028650099A01339A420893A8DA17B0BDE8F08F57
S31500028660089A03EBC2030C330A93F0E7EC8B04007F
S315000286702DE9F04F9BB09F4C05939046426C436A9E
S31500028680069307460D4694460FCC12AE0FC694E8E3
S315000286900F0086E80F00BA6912F0020400F08A8021
S315000286A039680791002900F08280B1F91A30002B4F
S315000286B07DDDB1F91830002B79DD069B93F8402059
S315000286C00023132ACDE90B33CDE90D33CDE90F3360
S315000286D0119313B240F30281CB78132B67D9079912
S315000286E00B910B694A680D92002B64D0CB680E93EE
S315000286F061E0049B0AF1010A0AFB1A30800204F0C7
S315000287002DFBC000C0EB0920FE2804DDFF38FE2841
S3150002871009F1FF39FADCCA4577DD089F079B002B72
S3150002872000F0BC800B9B099AB3F91A3092FBF3F85E
S3150002873003FB1823D3B10DF12C0903F1FF380023F3
S315000287400C93DDF818A04B46AB46A1461C46002307
S315000287500094DAF8785008F1FF381A461946384676
S31500028760A847B8F1FF3FF2D14C465D460123B44219
S315000287700C931CDC059BDDF818A0A5EB03085E4DE7
S315000287800DF12C09BB46D5E9001291422346A1EB15
S31500028790080005F1080504F1010406DCCDF8009095
S315000287A01090DAF878705846B847B442EBDD1BB041
S315000287B0BDE8F08F0794059ABCF90230A8EB0204D3
S315000287C0A342424466DC00230993BCF90660964242
S315000287D0A8BF1646321B01325200002A0ADD464B5A
S315000287E04FF4FA6003EB82020021C3E90001083369
S315000287F09A42FAD1059B002B90DB03FB03F2089702
S31500028800049299464FF0000A674601214B1E12AAAE
S3150002881009F1FF30012B039053682ED8039803FB0E
S31500028820008E7445136822DC0AFB03FC05EB0C0B75
S31500028830A5EB0C0CB64517DCDC4502DA5B46E346D3
S315000288409C46AEEB0403B7F904E02C48F445A8BFF6
S31500028850F446B7F900E040F833C0F345A0F104004E
S31500028860B8BFF34640F833B004293FF442AF0131B2
S315000288704B1E0832012B5368D0D903FB0A8E74456E
S315000288801368F1DC039803FB00FC05EB0C0BA5EB6C
S315000288900C0CCFE7191B09911C4696E7B442D7F890
S315000288A0109084DC3B46DFF85080DDF818A04F4676
S315000288B04FF0010B9946D8E90012914208F10808D7
S315000288C006DCCDE900B72346DAF874504846A847D5
S315000288D00134B442EFDD1BB0BDE8F08F0799C978C9
S315000288E091427FF464AF052B04BFF0238DF83C3030
S315000288F0F5E600BF0C8C0400E8E10620ECE1062058
S315000289002DE9F04F884CD0F824B0456C9FB0CDE9E4
S31500028910121281461F460FCC16AE0FC694E80F0000
S3150002892086E80F00DBF8B030002B00F0FF8099F8E4
S315000289301E300493002B00F08280289B289A9B000D
S3150002894007FB07F0C3F1010302FB02F100FB03F38D
S3150002895003EB81030893049B0C90FF2B10914FEAC3
S31500028960810200F0EA80289B5B000A93013B00FB30
S3150002897003F34C00B3EB410F0E9440F3C981C300DD
S315000289801193BDF848300593BDF84C300693CB00E1
S315000289900F9302EBC103079300230D920B930B9BDC
S315000289A01E4601330B930993289BB6B29FB216ACAF
S315000289B00396D4E900320599039813FB001306992E
S315000289C012FB07120FFA83F80FFA82FAADF85480F7
S315000289D0ADF856A01599284604F096FA0834524680
S315000289E0414638B1049B0093D9F81430DBF8B060E5
S315000289F04846B0471EABA342DBD1089B002B21DBC6
S31500028A00289B079A1199C3F1010301FB0323089AD4
S31500028A101A44289B0892013B28935B000A93079B02
S31500028A200F9A134407930A9B0C9A013B02FB03F32A
S31500028A30DDE90D128B420A4408DD0D92AFE71FB045
S31500028A40BDE8F08F079A13440893E8E70B9B4FEAB9
S31500028A50430A109B0AFB03330AFB033A289A0C9833
S31500028A60511E830001FB03F201FB02AA0891109931
S31500028A7001FB13A20B92289A002AE0DB0A9A289E8F
S31500028A80C2F1030203FB02F30793CB000C93BDF87A
S31500028A9048300593BDF84C300693C3000A93B6B22C
S31500028AA0BDF82470039616ACD4E9003205990398F2
S31500028AB013FB0713069912FB00120FFA83F80FFA3B
S31500028AC082FAADF85480ADF856A01599284604F0FE
S31500028AD01BFA08345246414638B1049B0093D9F832
S31500028AE01430DBF8B0604846B0471EABA342DBD178
S31500028AF00B9A002A0EDB0B9B079A13440B93079BD8
S31500028B000A9A13440793089B591C1E4697D0013BA9
S31500028B100893C4E7099B07990C980133099303FB51
S31500028B2000131A440B92EAE72C8C040007FB07F3A6
S31500028B300C93289B03FB03F31093289B0C9A5B0070
S31500028B400A93013B02FB03F3109A5100B3EB420F67
S31500028B500D9140F3E280289B0C99109A9B00C3F179
S31500028B60010301FB03F3C90003EB82030F91BDF876
S31500028B704810089304911346BDF84C100591D20093
S31500028B80990002EB8303069300230E920B9109933D
S31500028B90099B1E46013309930793289BB6B29FB2DF
S31500028BA016AC0396D4E90032DDE9030113FB001388
S31500028BB0059912FB07120FFA83F80FFA82FAADF83B
S31500028BC05480ADF856A01599284604F09DF908344C
S31500028BD05246414628B1D9F81430DBF8A860484617
S31500028BE0B0471EABA342DDD1089B002B1EDB289BA0
S31500028BF0069A0F99C3F1010301FB0323089A1A444B
S31500028C00289B0892013B28935B000A93069B0E9AC7
S31500028C100B99134406930A9B0C9A013B02FB03F33E
S31500028C200D9A8B420A4405DD0B92B1E7069A13446C
S31500028C300893EBE7099B4FEA430A109B0AFB0333AF
S31500028C400AFB033328990C9C481EA20000FB02F182
S31500028C5000FB01331099089001FB12330993289BFC
S31500028C60002BFFF6ECAE0A9B289EC3F1030302FB20
S31500028C7003F30693CB000B93BDF848300493BDF87B
S31500028C804C300593E3000A93B6B2BDF81C70039606
S31500028C9016ACD4E900320499039813FB071305991D
S31500028CA012FB00120FFA83F80FFA82FAADF854801B
S31500028CB0ADF856A01599284604F026F9083452460E
S31500028CC0414628B1D9F81430DBF8A8604846B047C7
S31500028CD01EABA342DDD1099A002A0FDB099B069A35
S31500028CE013440993069B0A9A13440693089B5A1C3B
S31500028CF01E463FF4A4AE013B0893C5E7079B0699BF
S31500028D000B980133079303FB00131A440992E9E710
S31500028D100023DDF840A00993A0E61346002207923D
S31500028D2090E700BF2DE9F04F2DED028B95B0174667
S31500028D3008938369209D0391024608EE100A13F0F8
S31500028D400203406AD2F844B00A906CD011680991C5
S31500028D50002963D0B1F91A30002B5FDDB1F9183062
S31500028D60002B5BDD90F840200023132ACDE90D335A
S31500028D70CDE90F33CDE91133139313B240F3538187
S31500028D80CB78132B4AD909990D910B694A680F9230
S31500028D90002B49D0CB68109346E0099B002B00F0CC
S31500028DA021810D9B0B9AB3F91A5092FBF5F305FB41
S31500028DB0132595B10023DDF828800E9318EE109A3C
S31500028DC0013D0DAC002300941A461946D8F8787076
S31500028DD0013D4846B8476B1CF4D101230E93049B10
S31500028DE0B3421BDB039B089A944DDDF81080DDF835
S31500028DF028900DAC18EE10AA9F1AA3462968CDF842
S31500028E0000B0C81B6A6812903346D9F8784001361A
S31500028E105046A047B04505F10805EFDA15B0BDEC9E
S31500028E20028BBDE8F08F0993BBF902307E1BB34279
S31500028E3007EB050200F3CF8000230B93BBF9063044
S31500028E409342A8BF13469A1B01325200002A04938A
S31500028E500ADD7A4B4FF4FA6003EB82020021C3E982
S31500028E60000108339342FAD1089A6B0002FB02F919
S31500028E700693013B05FB05F209FB03F3B3EB420F35
S31500028E800592D8BF002453DDDDF814A007974FF0F2
S31500028E9000082FE0BBF90040A445B8BFA446BBF9C1
S31500028EA004407445A8BF744696420ADC049F974262
S31500028EB0A2EB060205DB614F47F832C0043747F8DA
S31500028EC032409E420ADC049A9A42A3EB060305DB71
S31500028ED05A4A42F833C0043242F83340FE2802DDD1
S31500028EE04B000D460693069B013B09FB03F3B3EBCE
S31500028EF04A0F74DD059F444608F1010808FB0AF093
S31500028F00B0FBF9F0381A800203F028FF039AC0007A
S31500028F10A2EB040CC0EB0520079A691EB0F5FF7F91
S31500028F20A2EB0103BA440A440CEB440EB2DB079FE0
S31500028F30002D7FF732AF414B05EB070AAAEB060A73
S31500028F40013D03EBCA0A4B4609FB05F8D9469B4687
S31500028F50059B05FB08F0B0FBF3F0ABEB00008002CB
S31500028F6003F0FCFE4FEA042CCCEBC000FE2804DD25
S31500028F70FF38FE2804F10104FADC039BB9F900C0AC
S31500028F80B9F904E0181B8445B8BF84461819704520
S31500028F90A8BF704607EB050E764504DC049B7345B5
S31500028FA0A8BF4AE902C0A7EB050E76450ADC049B78
S31500028FB0734507DB214BAEEB060E43F83EC0043386
S31500028FC043F83E00A8EB0B08AAF1080A002D3FF46D
S31500028FD0E4AE013DBCE7991B0B911E462EE7079FA7
S31500028FE04446A5E7049A18EE103AB2421F69FFF604
S31500028FF015AF124DDDF8289018EE10AA4FF0010BAE
S3150002900090466A68CDE900B7334655F8081BD9F889
S31500029010744001365046A047B045F2DA15B0BDECB1
S31500029020028BBDE8F08F0999C97891427FF4F6AEBA
S31500029030052B04BFF0238DF84430A4E6E8E10620B0
S315000290402DE9F04F90F81EA08FB0BAF1000F00F094
S31500029050E1800D46416A8046D1F8B040B5F900007C
S31500029060B5F904100394091A0131002C00F0D280DC
S31500029070987A1C68431C5B0818460B93B2F90230B7
S315000290800BB100FB0344B2F90030B5F90220D8F85F
S31500029090146004EB630403F001030993CB1AB5F9D8
S315000290A00610BAF1FF0FA1EB020203F001014FEA2B
S315000290B053030A920C9102F10102079300F0B38066
S315000290C0002A00F0A780631C0893079BDFF864B2AE
S315000290D05B000D93002306934046089A531E0593A0
S315000290E0099B002B00F0998012F8013C059203F0CF
S315000290F00F0343EA031313FB0AF3FE2B10DDABFB4C
S315000291000323C3F3C7130093B5F90220069BB5F9EF
S315000291100010039C029002FA83F23346A04702989B
S31500029120079B0124002B7CD0059BBDF918805F1E8E
S315000291300D9B029703EB0409029B13F8012F02937E
S3150002914002F0F00141EA121111FB0AF1ABFB017CBC
S31500029150FE293346CCF3C7110DDDB5F90220009185
S31500029160B5F90010039F0490424401FA84F1B8470E
S31500029170029B04981A7802F00F0242EA021212FBCC
S315000291800AF2ABFB0273FE2A04F10101C3F3C71C08
S3150002919004F1020433460CDDB5F90220CDF800C015
S315000291A0B5F900C0039F049042440CFA81F1B84716
S315000291B004984C45C0D1059B079A134405930C9B12
S315000291C0E3B1059B1A7802F0F00343EA121313FB8C
S315000291D00AF3FE2B12DDABFB0323C3F3C713009383
S315000291E0B5F90220069BB5F90010039C029002FA1B
S315000291F083F201FA89F13346A0470298089B0B9A3B
S315000292000A991344069A08938A4202F1010301D08D
S31500029210069362E70FB0BDE8F08F079B099C002B0F
S3150002922082D1A146CBE7002AF4D0631C0593079BA3
S31500029230DDF80CB05B00069300230493059B5A1ECF
S315000292400292099A002A6FD01A4613F8013C02923A
S3150002925003F00F0353EA03130AD00093B5F9022071
S31500029260049BB5F9001002FA83F240463346D8470A
S31500029270079B0124002B5BD0029BBDF910A05F1E49
S31500029280069B04EB030917F8012F02F0F00151EADD
S31500029290121033460AD0B5F90220B5F90010009033
S315000292A0524401FA84F14046D8473A7802F00F0256
S315000292B052EA021204F10101334604F10204404665
S315000292C009D0B5F902C000920CEB0A02B5F900C04A
S315000292D00CFA81F1D847A145D5D1029B079A1344CE
S315000292E002930C9B9BB1029B1A7802F0F00353EA9D
S315000292F012130CD00093B5F90220049BB5F90010A5
S3150002930002FA83F201FA89F133464046D847059BB1
S315000293100B9A0A991344049A0593914202F10103A6
S315000293203FF478AF049389E7079B099C002BA3D1EE
S31500029330A146D6E7818080802DE9F04F2DED028B84
S315000293408DB090F81E900893B9F1000F64D00D46C7
S31500029350D0F824B0B1F904101C46B5F90030C91A88
S31500029360DBF8B0300B9101310991002B54D0B2F9E0
S315000293700210236811B1A47A04FB0133B2F900206A
S31500029380466913440693B5F90620B5F90230B9F1D8
S31500029390FF0FA2EB03030A9303F1010341D0002B53
S315000293A03AD00023DFF8ECA00793099B3BB3069B58
S315000293B00B9A5F1E03EB0208BDF91C3005933C466F
S315000293C0039714F8012F12FB09F2AAFB0272039FFC
S315000293D0611ED2093346A1EB0701D2B20DD000922B
S315000293E0059FB5F90220B5F900C004903A440CFA7B
S315000293F081F1DBF8B070B8470498A045E1D1089B2B
S31500029400069A9B7A0A991A440692079A8A4202F1A6
S31500029410010301D00793C8E70DB0BDEC028BBDE88E
S31500029420F08F002BF8D0002308EE100A9A46099B0B
S315000294301BB3069B0B9A5F1ECDE9037A0FFA8AF9D4
S3150002944018EE10AA03EB02083C4614F8012F039803
S31500029450611E3346091A62B1B5F902C0B5F900E0D8
S315000294600092DBF8B0700EFA81F10CEB090250465D
S31500029470B847A045E9D1DDF810A0089B069A9B7A69
S315000294801A4406920A9A52450AF10103C4D09A4630
S31500029490CDE700BF818080802DE9F04784B0054684
S315000294A0DDF830C00D9CBCF1B30F0E461746984648
S315000294B02CDCB32C4ADDB4F5B47FCDF800C052DB08
S315000294C04FF0B4094FF0010ACDE9019A00F058FDB8
S315000294D0CDF800904FF4B4734FF00009CDE901398D
S315000294E03A4643463146284600F04AFDCDF808A0E2
S315000294F0CDF80090A4F5B474019443463A46314639
S31500029500284600F03DFD04B0BDE8F087B4F5B47F0F
S315000295101CDBCDF800C04FF000094FF4B47CB4F563
S31500029520077FCDE901C929DAA4F5B47400F028FD54
S3150002953001940124CDF8009043463A463146284626
S31500029540029400F01DFD04B0BDE8F087CDE900C429
S31500029550002443463A4631462846029400F010FD5E
S3150002956004B0BDE8F0874FF0B4094FF0010CCDE925
S31500029570019C00F005FDCDE90094E9E700F000FD4D
S315000295804FF0B40A0123CDE901A3CDF8009043467A
S315000295903A463146284600F0F3FCCDF80890CDF85D
S315000295A000A0A7E72DE9F843B0F91C3090F81E9009
S315000295B0012B07460E46154625DDB9F1FF0F05D0EC
S315000295C0836913F0140F1CBFFF238377002D16DD6A
S315000295D0002406F102082046013494FBF5F305FB4C
S315000295E0134306EB830136F92320B1F9023038F929
S315000295F0201036F9200004F053FFAC42EBD187F875
S315000296001E90BDE8F883E1D087F81E90BDE8F88386
S315000296102DE9F04F9FB00A2A099002DD1FB0BDE87E
S31500029620F08FB1F900A0B1F90280CDF820A0531E47
S3150002963010B254461BB24746CDF83480002800F0DB
S31500029640C58246460AE08742B8BF0746485F013BE5
S3150002965084421BB2A8BF04465D1C08D001EB8300FE
S315000296609D00B0F90200B042EDDA0646EEE7089434
S3150002967005960D97099B586A0F90002A586C0C9014
S3150002968040F3A78298690B9000F0040000230A9029
S31500029690881C1E46079039E04FEA6E0406945C1E4B
S315000296A0144494FBF2FB02FB1B4401EB84040233D9
S315000296B0B4F902B093FBF2F402FB143301EB830319
S315000296C05745B3F9023045DD454554DC4FF0FF34CA
S315000296D0C34501DB08F1FF3C9C4DC6EBC6030136D0
S315000296E045F8239005EB8303049DDC60069CC3E9E1
S315000296F0015EC3E9044C039C9C6136B2824243D0AC
S31500029700079B31F920A033F920800346581C90FBB1
S31500029710F2F402FB140401EB8405B5F90250454547
S31500029720ECD031F924700395A5EB080484EAE47EB3
S31500029730AEEBE47EA7EB0A0484EAE47CACEBE47CC1
S315000297400A9CCDF810C0B946C446002CA4D0002409
S315000297500694A4E780F2C4804545B4BF01244FF0C5
S31500029760FF344545B4DD9D4209DCCDF80C8005F198
S31500029770FF3CD146B0E79D424FF00104F5DDAC4611
S31500029780CDF80C80D146A7E70A960B9B13F002038D
S3150002979040F0A9800B930C9B0D9AB3F906309A42BE
S315000297A0A8BF1A46059B0D929A42FFF637AF0A9B4F
S315000297B0674ADFF8A0A1013B9BB2C3EBC30302EBEE
S315000297C0830306934FF0FF334FF0000B04930A9B7B
S315000297D0002B4ADDCDF80CB0DFF87CC1DDE9047B55
S315000297E004E0069B0CF11C0C63453BD0DCF8003010
S315000297F05B45F6D13FB2002F1EDB7E1CC6EBC606CA
S315000298005CF8189C0AEB86060AE00FCD0FC495E8B1
S315000298100700B8F1FF3F84E80700774600F00C81A5
S3150002982056F81C3CA6F11C0507F1FF3E4B45344693
S315000298300FFA8EF82E46E8DC039B01370133C7EB9D
S31500029840C707ACF118050AEB870403935F1E0FCD19
S315000298500FC495E80700069B0CF11C0C634584E8CF
S315000298600700C3D1DDF80CB004970C9B0599B3F938
S3150002987002308B420B9B40F3E1804BB110AB00935D
S315000298800F9B09989C6F00220B4611921146A04726
S31500029890BBF1000F62D00024254604E00134A34543
S315000298A040F3A680E500291B0AEB8100059A43696D
S315000298B093424FEA8101F1D1049EABEB040BCBEB51
S315000298C0CB0B4FEA8B021C31B442A2F11C0251446B
S315000298D080F28A8012F02AFA731EB3460493E2E7F4
S315000298E04FF0FF343DE7099B19680B9100293FF4BD
S315000298F095AEB1F91A30002B7FF790AEB1F9183058
S31500029900002B7FF78BAE0F9B93F840200023132A80
S31500029910CDE91033CDE91233CDE91433169300F2B3
S3150002992050810B9BDB789A427FF478AE052A04BFFE
S31500029930F0238DF850300B9910910B694A681292F8
S31500029940002B3FF428AFCB68139324E788D5062073
S31500029950BCD5062070D40620A0D50620049B002B79
S3150002996038DD00230393039A531C1BB25B45039312
S315000299702CDAC2EBC209039D0AEB8909C5EBC504C1
S31500029980D9F800205AF8243017AF01350AEB8404BF
S315000299909A424E46BE46CC462DB2A04614DD0FCCA8
S315000299A00FC794E8070087E807000FCEA8E80F0064
S315000299B096E8070084E80700BEE80F00ACE80F004F
S315000299C097E8070086E80700AB45D7DCDDE90332F6
S315000299D09342C8DB059B0D9A01339A420593BFF663
S315000299E0F6AE1FB0BDE8F08F049B9B46013B049385
S315000299F00FFA8BF3BDF9100023B9AFE7013800B2B5
S31500029A00431CABD0C0EBC0070AEB87056B68002B83
S31500029A10F4D02A69A96813448B422B61EEDBEC6809
S31500029A205AF8272022445B1A8B4216462244FADA57
S31500029A304AF827602B61E1E74746FDE6002B72D024
S31500029A4001231193099B10AD5A6A5E6C07920FCDE2
S31500029A5017AC0FC495E80700049B002B84E80700A7
S31500029A6056DD0023DDF8248003931F46CDF838B077
S31500029A7017AD0FCD10AC0FC495E80700C7EBC70EA4
S31500029A804FEA8E0CD8F818305AF82E900CF11C0CAE
S31500029A9084E807005C075AF80CB00AEB8E0ED44431
S31500029AA013D5D94511D0DEF810302BB1DEF80C30C3
S31500029AB0002BC8BF09F10109DCF810302BB1DCF824
S31500029AC00C30002BB8BF0BF1FF3BB6F90010B6F90C
S31500029AD004204945B8BF49465A45A8BF5A4691424D
S31500029AE00BDC10AB0093089BCB1A1593079B4046E1
S31500029AF09C6F059BA04701230393049B02373FB249
S31500029B009F42B5DB039BDDF838B0002B7FF4C0AE75
S31500029B1010AB0093079B09989C6F059B002211923C
S31500029B201146A047B4E6049A099B002A5F6A5E6C56
S31500029B30D3F810807FF7ACAECDF80C800B9DDDF824
S31500029B401480CDF81CB091469B46C5EBC50C4FEA76
S31500029B508C03DBF818005AF82C101C3340075AF80D
S31500029B6003200AEB8C0C534410D591420ED0DCF83C
S31500029B70100020B1DCF80C000028C8BF01311869BA
S31500029B8020B1DB68002BB8BF02F1FF32B6F9003014
S31500029B909942B8BF1946B6F904309A42A8BF1A4686
S31500029BA0914207DC039B0193012300937C6F43469A
S31500029BB05846A04702352DB24D45C6DBDDF81CB02E
S31500029BC066E6CB78132B3FF6B6AE27E5CDF81480C2
S31500029BD050E5099B9B690B9300230A93D5E500BFC9
S31500029BE02DE9F04F83698DB0024607EE900A406C6C
S31500029BF00A9013F004035069069040F0A38109937A
S31500029C00536A0B930A9A0B69B2F90450D1F800B061
S31500029C10B2F9004003F2FF339B129D42A8BF1D46D4
S31500029C204FEAAB239C42B8BF1C462A1B01325200A4
S31500029C30002A0ADDC04B4FF4FA6603EB82020020CB
S31500029C40C3E9006008339A42FAD14FF0FF324B68FB
S31500029C50029201F11002079201F114020892049491
S31500029C609A460595079A029BD94652F833B0089A46
S31500029C70D04652F833A0ABEB0902AAEB0801002941
S31500029C8082EAE270B8BF4942A0EBE270884280F2F3
S31500029C90AB80C24580F2AB80CB4500F01181A9EBC7
S31500029CA00B0246465746CC465D4692FBF0F2C7F398
S31500029CB00903C245C5F3090E039300F0F8808842F2
S31500029CC0C0F29C80F61B96FBF1F6002E80F2F28023
S31500029CD007F2FF37BF12002B40F04B81039B099C12
S31500029CE00EFB1139B9F1000F944B4A46B8BF09F27F
S31500029CF0FF3292129945BCBF1218BF1BAB12002C41
S31500029D0000F0EE804FEAAC2CBEF1000F40F0278146
S31500029D10C24500F0F780029C012C94BFB1464FF079
S31500029D200009634529DC049D834CDDF81480039603
S31500029D30A3EB050E04EBCE0E0CF1010C2C46904261
S31500029D4002DC039D121A2F449C420A440FDC9845FA
S31500029D5007EB09050BDBDEF80060AE42DEF80460B5
S31500029D60C8BFCEF80050AE42B8BFCEF80450013399
S31500029D7063450EF1080EE2D10494029B0133032BD4
S31500029D8002937FF46FAFDDE904450B9BA542DF6FBB
S31500029D9027DB6B4EDDF8289017EE90AA4FF00108EC
S31500029DA0BB4656F8047CB9F90220B9F906E0974297
S31500029DB0BCBF174646F8042C32687245C4BF7246C9
S31500029DC0C6F800E097422346504604F1010439469C
S31500029DD006F1080603DC069FCDE90087D847AC42A8
S31500029DE0DFDD0DB0BDE8F08FCB45FFF658AFCB45B2
S31500029DF056464746DC4670D04D4656E7002A68DA94
S31500029E0005F2FF35AD12BEF1000F40F0AB80039BA9
S31500029E104A4C00FB13EEBEF1000F7346B8BF0EF2BA
S31500029E20FF33A645099C4FEAA323BCBF5B18AD1AB4
S31500029E304FEAA72C002C68D0039CB612002C40F0E7
S31500029E408A80CB4574D0029C671E012F94BF904630
S31500029E504FF00008B44590DCDDE904490136674657
S31500029E600392994202DC039A5B1A154405EB080C2D
S31500029E706445034417DCACEB040EE1454FEACE0C15
S31500029E800CF1040C0FDB2C4A52F83E20BA42C4BF36
S31500029E90294A42F83E70284A52F80C20BA42BCBF00
S31500029EA0254A42F80C700137B742DAD164E7884294
S31500029EB0A4DB0126039B00FB03F3BF1203930DE70A
S31500029EC0CAF309034646CBF3090E039357465D468A
S31500029ED00122AD1201FB0EFE99E75D460122E6E67E
S31500029EE0AD0548BF521802EB60020CF5007C48BF74
S31500029EF0013390424CF38F2C04DC121A37444FF094
S31500029F0000090EE74FF000090BE7BC0548BF1B1816
S31500029F1003EB610306F5007648BF0CF1010C99428A
S31500029F2046F38F2604DC5B1A15444FF0000891E7CE
S31500029F304FF000088EE700BFE8E1062001FCFFFFB4
S31500029F40ECE10620536A0B93D3F8B030003B18BFFE
S31500029F500123099356E60CF1010C034471E7013320
S31500029F600A44D5E6CEF57F7E0EF1030E01FB0EFE08
S31500029F704DE7C3F5806900FB09F30393AEE600BF24
S31500029F802DE9F04FB3B0CDE90F32436A1C4E5A6F3A
S31500029F9084691393CDE91110074614920FCE2AADA8
S31500029FA00FC596E80F0014F0020485E80F0029D0C9
S31500029FB039680A9109B3B1F91A30002B1DDDB1F9DE
S31500029FC01830002B19DD139B93F840200023132A27
S31500029FD0CDE91B33CDE91D33CDE91F33219340F281
S31500029FE07D82CB78132B08D90A991B910B694A6893
S31500029FF01D9243B1CB681E9305E033B0BDE8F08FE6
S3150002A0004C8C04000A943D9B009322AB019328AB2F
S3150002A0100F9D109C049326AB039324AB02931198D5
S3150002A0203C9B2A46214607F05FFB3C9BB42B03DC94
S3150002A0303D9BB42B40F34C82DDE90F13CA18591A23
S3150002A04015911299DFF804A5496C0E91B1F90270C7
S3150002A0509F42B8BF1F46B1F906309342A8BF1346C6
S3150002A060DA1B01325200002A06930ADD0AEB82024B
S3150002A07053464FF4FA600021C3E9000108339342C4
S3150002A080FAD10F9A9300C3F10503002A0993B8BFC8
S3150002A09093463EDBBDF84430DDF83CB00B9300231B
S3150002A0A0CDE9073BBDF840905246BDF81CA0BDF86D
S3150002A0B020B02AAEB488B6F8008014FB0B952DB2F8
S3150002A0C0AF4203DC069B9D4240F3558114FB0A9482
S3150002A0D024B2A74203DC069B9C4240F32D8108363C
S3150002A0E032ABB342E6D1099B002BC0F26381DDE9B4
S3150002A0F0073109985B1A00EBC303143309934B1E0D
S3150002A1000893079B0899013399420793CDDA8B4648
S3150002A1109246119D109EDDF83C803C9BADF8645042
S3150002A12018AC3146424628460094ADF8666002F005
S3150002A130C7FC1AAA3D9B009231464246284602F0C7
S3150002A140BFFCC7EB47730AEBC303BDF9602010934C
S3150002A150043309920D93BDF96220089400230792F5
S3150002A1600C93DDE90753B3F90410B3F90630099AE3
S3150002A17007939D4209916ED08A4200F0BD81079CE9
S3150002A1800998A4EB050EA0EB020888EAE8768EEAA7
S3150002A190EE74A6EBE876A4EBEE74A64280F2738127
S3150002A1A00798854200F38A81AB463C989EFBF4FEF3
S3150002A1B0B3280C9800F37A81002800F07A81CEF158
S3150002A1C0010C4FEA6C0CA642C0F21B818A424FEA8E
S3150002A1D0660040DC069D0B95864203DC801BF34439
S3150002A1E0A3EB0E030BF1FF38E044474514DC0B9D4D
S3150002A1F0A84511DCA8EB07084FEAC8095AF83850F7
S3150002A2009542C8BF4AF8382009F104095AF809509C
S3150002A2109542B8BF4AF8092003F1FF38E0444745A2
S3150002A22014DC0B9DA84511DCA8EB07084FEAC80908
S3150002A2305AF838508D42C8BF4AF8381009F1040955
S3150002A2405AF809508D42B8BF4AF80910013201394D
S3150002A2508A422044C0DD089B043308930C9B002BE2
S3150002A26000F0CC800A9B002B00F04381119B0F9AD1
S3150002A270A3EB0208159BFB1A002B18DD1B9AB2F9F9
S3150002A2801A2000211C9193FBF2F102FB11335E1E90
S3150002A2906BB1DDE912A91BAD009500225B46D9F828
S3150002A2A07840013E11465046A047731CF4D1069BE6
S3150002A2B09F423FF7A2AECDF81880A34CDDF84C9032
S3150002A2C0DDF848804FF0000A1BAD9B4622E00E9B4C
S3150002A2D0B3F900309942BCBF44F8043C19460E9BC0
S3150002A2E0B3F904309A42C4BF23601A460A9B002B74
S3150002A2F07AD001231C93069B0095CB1A2093D9F89A
S3150002A30078603B464046B0470137BB4504F1080436
S3150002A310FFF673AE54E901129142D8DD0A9B002B77
S3150002A320F2D000950022D9F87860CDF870A03B46AD
S3150002A33011464046B047E7E70B9BADF85E4018FB77
S3150002A3400B380FFA88F5ADF85C5017990C9222A8D3
S3150002A35002F0DAFD0C9A00283DD0E41BE30052F825
S3150002A36034108D4201DA42F834500433D1588D420A
S3150002A370C8BFD550B3E60B9BADF85E5018FB0A3347
S3150002A3801BB2ADF85C3017990D9222A80C9302F01D
S3150002A390BBFDDDE90C3298B1ED1BE90052F8350040
S3150002A3A0834201DA42F83530043150588342C8BF3D
S3150002A3B053508BE6079903EBC1030C330993A0E6CE
S3150002A3C0179924A8CDE90C3202F09EFDDDE90C3284
S3150002A3D00028E1D17AE617990C9224A802F094FD9E
S3150002A3E00C9A0028B9D17AE601230093D8F81030E6
S3150002A3F00193149E3B464046B04785E701230C93E2
S3150002A400AFE69B454FEA64053FF725AF98FBF6FC9E
S3150002A410DDF81890DDF83480DDF840E0CDF82CA0A8
S3150002A420AC4203DC2D1B6244A1EB0C015F450FDC41
S3150002A430D9450DDB5EF83B009042C8BF4EF83B2083
S3150002A44058F83B0002F1FF3A8245C8BF48F83BA0E4
S3150002A4509F420FDC99450DDB5EF833008842C8BF88
S3150002A4604EF8331058F8330001F1FF3A8245C8BF5F
S3150002A47048F833A00BF1010B013B9B453544CFDD78
S3150002A480DDF82CA0E7E682427FF78EAEA2EB00084B
S3150002A4901146079AA5EB020E934602463C989EFB8E
S3150002A4A0F4FEB3282B460C987FF786AE00283FF4BD
S3150002A4B086AE0EF1010C4FEA6C0C84E6099B11463E
S3150002A4C0A2EB0308A5EB000E099A2B4683466CE61F
S3150002A4D03E9A631B8AB3621E1593B2E50A9BDB782A
S3150002A4E09A427FF48AAD052A04BFF0238DF87C30A8
S3150002A4F07AE5DDF82880DAE69D4221DCEC1B069936
S3150002A5000AEBC4042846874209DC814207DB266837
S3150002A51096426668A8BF22609642B8BF6260013062
S3150002A520834204F10804EEDAA3EB050BAB42B8BF93
S3150002A5304FF0000B0135AB448DE6109A159380E57A
S3150002A5402B46079DDAE700BFECE10620E8E106208C
S3150002A5502DE9F04F98468369D0F824B0B0F91C7003
S3150002A56090F81E908BB0DB06DDF850A004460E462E
S3150002A570154603D5FF23022F837748DC554563D062
S3150002A58046452DD1554502DD2B4655469A46A6EB44
S3150002A5906706B6B2013F08AA3744616CADF822508D
S3150002A5A01046ADF826A0ADF82060ADF8247002F092
S3150002A5B07DFC80B162690192BDF92030BDF924208B
S3150002A5C0BDF92210D21A01320092DBF87C50BDF995
S3150002A5D026202046A84784F81E900BB0BDE8F08FCF
S3150002A5E00020434631460290CDE900A72A4620467E
S3150002A5F001F092F9BBF8443001462046002B52D0B6
S3150002A600FFF7EEFA84F81E900BB0BDE8F08F4FEA22
S3150002A61088230693F8074FEA8A234FEA81214FEAF5
S3150002A6208222059303D455454BD0464542D07B0240
S3150002A6302046079307F0F4FEDDE90521079B204635
S3150002A64007F0EEFE55459BD1464502DD33464646AA
S3150002A6509846A5EB6705ADB2013F08AA2F44616C87
S3150002A660ADF820601046ADF82480ADF82670ADF83E
S3150002A670225002F01BFC0028ADD062690192BDF99E
S3150002A6802230BDF92620BDF92010D21A01320092DD
S3150002A690DBF87450BDF924202046A84784F81E90A2
S3150002A6A00BB0BDE8F08F00F055FF84F81E900BB09A
S3150002A6B0BDE8F08F069BA3F50073A1F50071069322
S3150002A6C0B5E7A3F50073A2F500720593AFE700BFE5
S3150002A6D02DE9F04F2DED028BB04EB0F91C70B5B0DE
S3150002A6E01C4608EE101A80468E46914611900FCEF1
S3150002A6F02CAD0FC596E80F0007F1FF3CCDF838C028
S3150002A70085E80F000E9BB4EB630F04D835B0BDECA1
S3150002A710028BBDE8F08FD8F82430CDF84890494630
S3150002A7200E1B586F15904FEA6C0C20ABA6EB670B0D
S3150002A730119E0093A4EB0C057046766C409B0F9518
S3150002A7402A46A8461396651802F0BAF9129E21AB5C
S3150002A75000934246419B314618EE100A05EB670507
S3150002A7607F1002F0ADF93C4422AB00932246409B97
S3150002A770314618EE100A02F0A3F923AB009318EE45
S3150002A780100A419B2246314602F09AF9409B592B08
S3150002A79000F32282419B592B00F32182BDF98E30B0
S3150002A7A0BDF98A60BDF98620B342A8BF3346BDF91A
S3150002A7B082609642A8BF16469E42A8BF1E46B34670
S3150002A7C0139BB3F902309B45B8BF9B46409BB3F53A
S3150002A7D0877FC0F20A8210D0BDF98E30BDF98A5049
S3150002A7E0BDF98620AB42B8BF2B46BDF982509542D1
S3150002A7F0B8BF15469D42B8BF1D46139BDFF8A0A100
S3150002A800B3F90630AB42A8BF2B46A3EB0B020132CB
S3150002A8105200002A07930ADD0AEB820253464FF4DE
S3150002A820FA600021C3E9000108339A42FAD10023F3
S3150002A830109318EE103ABDF84880CDF850A09BB29E
S3150002A8400B932AAB049328AB039326AB0F9C02937C
S3150002A85024AB0193419B00931299409B18EE100A78
S3150002A860224606F041FFA300C3F10503002CCDE901
S3150002A870094330DB00230893149BBDF820A0BDF8E2
S3150002A88024902CAEB488378814FB09852DB25D4519
S3150002A89002DB079A954247DD14FB0A8424B25C4523
S3150002A8A002DB079A944220DD083634AAB242E9D185
S3150002A8B00A9A002A58DBDDE908210A98521A00EBA7
S3150002A8C0C20214320A924A1E0992089A0999013260
S3150002A8D091420892D1DA109B002B63D1DDE90E2357
S3150002A8E013440F9301231093ABE70C930B9BADF824
S3150002A8F07E4017FB09373FB2ADF87C701F9924A83A
S3150002A90002F002FB0C9B00283FD0A4EB0B04E200F2
S3150002A91053F834108F4201DA43F8347004329958EE
S3150002A9208F42C8BF9F50BFE70D930B9BADF87E5079
S3150002A93017FB0A3212B2ADF87C201F990C9224A89A
S3150002A94002F0E2FADDE90C23A0B1A5EB0B05E90062
S3150002A95053F83500824201DA43F83520043158585B
S3150002A9608242C8BF5A5097E7089902EBC1020C32DD
S3150002A9700A92AAE71F9926A8CDE90C2302F0C4FA87
S3150002A980DDE90C230028E0D186E71F990C9326A85F
S3150002A99002F0BAFA0C9B0028B7D185E76C8C04004A
S3150002A9A0E8E10620BDF98430BDF98C10BDF98E00B0
S3150002A9B0BDF98040BDF98620BDF988700F91C91A8C
S3150002A9C00A920B90821A1A94381B81EAE174BDF935
S3150002A9D08A60BDF982500C91A4EBE17482EAE271BD
S3150002A9E0DDF850A00D92A1EBE27180EAE072A2EBD3
S3150002A9F0E0720E93CBEB4B79731BDDF840C01D92D0
S3150002AA000AEBC90983EAE372A2EBE3721993CDF862
S3150002AA1020C009F104031793089B1696012B079E83
S3150002AA2014951B971C9010941291189200F088802E
S3150002AA30DDE90A32934243D0DDE90A32DDE90E103E
S3150002AA40DDE90CEC129C109D884200F0F480A542D0
S3150002AA5080F283809A4280F2E180DDF85CE0671042
S3150002AA60A846A1EB000C9CFBF5FCA74203DB3F1BAF
S3150002AA706044A1EB0C015A450DDBB2420BDC59F8DE
S3150002AA8032508542C8BF49F832005EF832508542DC
S3150002AA90B8BF4EF832005B450DDB9E420BDB59F820
S3150002AAA033508D42C8BF49F833105EF833508D4299
S3150002AAB0B8BF4EF833100132013B9A424744D4DD07
S3150002AAC0089B022B35D1079B5B45FFF61FAE684DEF
S3150002AAD0DDF85490139FDDF844A001262C1D9846FC
S3150002AAE06A6854F8041C91425B460BF1010B15DAB5
S3150002AAF0B7F900008142B8BF44F8040CB7F9041054
S3150002AB00B8BF6A689142BCBF69600A46DAF8141097
S3150002AB10CDE90061504654F8041CC847C34505F107
S3150002AB20080504F10804DBDD35B0BDEC028BBDE897
S3150002AB30F08F089B01330893089B012B7FF478AFB3
S3150002AB40149B169A9342F4D0DDE91A10189C1D9DA7
S3150002AB50DDF864C0DDF870E076E7884251DB9CFBE5
S3150002AB60F4FC6F100994AF4203DB7F1B6344A2EB34
S3150002AB700C025B4513DBB34211DCA3EB0B084FEA75
S3150002AB80C80E5AF838408C42C8BF4AF838100EF13F
S3150002AB90040E5AF80E408C42B8BF4AF80E105A45B7
S3150002ABA013DBB24211DCA2EB0B084FEAC80E5AF8CD
S3150002ABB038408442C8BF4AF838000EF1040E5AF8EB
S3150002ABC00E408442B8BF4AF80E00099C0131013892
S3150002ABD081422744C7DD73E7409B5A2B0BD1139B57
S3150002ABE0B3F902309B45B8BF9B46419BB3F5877FBD
S3150002ABF0FFF6F2AD01E6419BB3F5E17FBFF6E0ADAC
S3150002AC00CCE50F46014638461F46A3EB020C0994D3
S3150002AC1013469CFBF4FC3A466F10A4E7944607469B
S3150002AC201A460846634639469EFBF5FC6710DDF870
S3150002AC305CE0A84619E79A4215DBA3EB0B040AEB84
S3150002AC40C4045B4509DBB34207DC206888426068BE
S3150002AC50A8BF21608842B8BF616001339A4204F1FD
S3150002AC600804EEDA2CE7184613460246E5E700BF6B
S3150002AC70E8E106202DE9F04F89B0857F129FDDF8C5
S3150002AC804CA003934FF0FF0C592F04460E469046F4
S3150002AC90049580F81EC058DCBAF15A0F40F3918031
S3150002ACA04FF05A09BAF5877F0097CDF8049000F362
S3150002ACB0B580FFF70DFDCDE9009A039B424631466A
S3150002ACC02046FFF705FDA169B4F91CB0039B059167
S3150002ACD00122A2830A43A2610BF1FF3906AAA3EB62
S3150002ACE06905636900922269039223612A463B46FB
S3150002ACF04146304601F0E4FEA9443B4607AF4146D1
S3150002AD0000974A46304601F0DBFEA369D90670D4A5
S3150002AD1006AB00932A4653464146304601F0D0FE22
S3150002AD2053464A4600974146304601F0C9FEA3699A
S3150002AD30DA0649D4039B2361059BA361049BA4F80D
S3150002AD401CB0A37709B0BDE8F08FB7F5877F24DA88
S3150002AD50BAF5877F35DD4FF48779BAF5E17F00973B
S3150002AD60CDF80490A5DDFFF7B3FC039DCDF8009066
S3150002AD704FF4E173019342462B4631462046FFF7D4
S3150002AD80A7FCAAF5B47301935A2300932B464246B5
S3150002AD9031462046FFF79CFC95E7BAF5E17F10DDC8
S3150002ADA040F2762CE2454FF4E17C0097CDF804C0E0
S3150002ADB046DCFFF78DFCAAF5B47301935A23009380
S3150002ADC07BE7CDE9007A78E723F00203BDF91A2082
S3150002ADD0A361BDF91E30BDF918101A44BDF91C3025
S3150002ADE01944520249024FEA4B23204607F018FB48
S3150002ADF0A0E723F00203BDF91A20A361BDF91E30B4
S3150002AE00BDF918101A44BDF91C3019445202490200
S3150002AE104FEA4B23204607F003FB79E7FFF758FC7E
S3150002AE20039DCDF800904FF48779CDF804902B4618
S3150002AE30424631462046FFF74BFCCDE9009AA5E78C
S3150002AE40FFF746FC039D5A234FF48779CDE9003973
S3150002AE5042462B4631462046FFF73AFCAAF5B47322
S3150002AE60CDF80090019391E72DE9F04F05468FB09A
S3150002AE70B0F91C0009914FF0FF340119AE7F0D9411
S3150002AE80AC77B3EB610F4FEA61040896079106941B
S3150002AE9040F2C8806C6C0B9426469946B4F902407F
S3150002AEA0B6F90660D31AA3EB600309EB020E0EEBAA
S3150002AEB060019C42B8BF1C468E42A8BF0E46B346EE
S3150002AEC0361B0136696A04915FEA460C0DD47B494A
S3150002AED001F1080606EB8C064FF4FA674FF0000CF8
S3150002AEE0C1E9007C08318E42FAD1C11899420EDDC1
S3150002AEF0724EC4EB447706EBC70600279C4203DC7E
S3150002AF009B45A8BF46F8337001339942F6D1069B9A
S3150002AF10AEEB030E704470450FDD684BC4EB447113
S3150002AF2003EBC1030021744503DCF345A8BF43F8D4
S3150002AF303E100EF1010E7045F5D101230593059BD6
S3150002AF405E4E0A95012B0DF138084F465DD0079BE0
S3150002AF501F44B800002FC0F1050039464CDB4FF004
S3150002AF600C0C00234FF0010E0EFB03294C450DADD0
S3150002AF70039013DCD94511DCA9EB04094FEAC90A8F
S3150002AF8056F839008842C8BF46F839100AF1040A51
S3150002AF9056F80A008842B8BF46F80A100EFB012E80
S3150002AFA0744513DCF34511DBAEEB040E4FEACE0912
S3150002AFB056F83E009842C8BF46F83E3009F1040EE4
S3150002AFC056F80E009842B8BF46F80E30A84506D08D
S3150002AFD055F804EB0EFB03294C45DFDCCAE7039860
S3150002AFE000281BDB5D1A00EBC50014300139013362
S3150002AFF099420CF1080CB5DA059B022B15D0059B7C
S3150002B00001330593059B012BA1D1069BFF1AB800BC
S3150002B010002FC0F105003946A1DAF0E76044E6E701
S3150002B020089BAB770FB0BDE8F08F5C450A9DF7DC55
S3150002B030CDF80CB0DFF88480DDF82CB0DDF824A062
S3150002B0404FF0010918E0BBF904E0BBF900106A6988
S3150002B050E645CDE900927246A8BF6246B942B8BF3C
S3150002B0603946049F7F6FB847022E22D1039B0134D3
S3150002B0709C4208F10808D3DC01263746D8E90021AC
S3150002B080012E02FB07AC2346284601FB07A7DAD1AD
S3150002B090BBF90420BBF9001000966B690193BA4212
S3150002B0A0049BA8BF3A4661455F6FB8BF6146234617
S3150002B0B0B8474FF0FF370136E0E700BFE8E1062068
S3150002B0C02DE9F04F054691B0B0F91C00099198465A
S3150002B0D0411EAC7FDDF868A00791FF23B8EB610F34
S3150002B0E00894AB7740F3C4804FEA610CD44580F2F2
S3150002B0F0BF80696C0E91B1F90240B1F90660A2EB0C
S3150002B1000A03A3EB60030AEB020909EB60019C4206
S3150002B110B8BF1C468E42A8BF0E460496361B0136A1
S3150002B120696A0D915FEA460E0DD4BF4901F1080620
S3150002B13006EB8E064FF4FA674FF0000EC1E9007E69
S3150002B14008318E42FAD1C1188B4210DAB64EDDF8BA
S3150002B15010E0C4EB447706EBC70600279C4203DCEB
S3150002B1609E45A8BF46F8337001338B42F6D1A9EB50
S3150002B1700C094844814510DAAB4B049EC4EB44717A
S3150002B18003EBC10300214C4503DC4E45A8BF43F83F
S3150002B190391009F101098145F5D1AAEB0C03A8EB97
S3150002B1A00C01580001FB01F90A930C9103FB03F110
S3150002B1B0431E8E0009FB03F3C0F1010E374609FB5D
S3150002B1C00E6EB3EB410F4FEA41060B91059640F323
S3150002B1D0AE8105990F954FEA89037E180693BC4600
S3150002B1E00A9B0396002116E0069D039EC3F1010009
S3150002B1F005FB00608644013B0398059E604403906C
S3150002B2005800451E09FB05F5BD420AF1020A06EB86
S3150002B210070B30DD5F4602EB030B0D468A465C45A3
S3150002B22001F1010188460BDC0498584508DB7E4E85
S3150002B230ABEB040B56F83B008542B8BF46F83B50D1
S3150002B240A2EB030B5C450BDC0498584508DB764EF3
S3150002B250ABEB040B56F83B00A842C8BF46F83B507E
S3150002B260BEF1000FC0DA03988644C5E7089BAB77A8
S3150002B27011B0BDE8F08F0B9E0F9D06FB01F10AFB94
S3150002B28001FC09FB03F60B995F1E07FB06C6002BA2
S3150002B29001FB196636DBDFF890A10395C0F10300C6
S3150002B2A0A2EB040E09FB00F04FEA490C41460AEBF9
S3150002B2B0CE0EDDE9048900E0013F02EB030BA34554
S3150002B2C007DBC34505DC5EF83350A942B8BF4EF82A
S3150002B2D03310D31A9C4209DC984507DBA3EB040B17
S3150002B2E05AF83B308B42C8BF4AF83B10002EBDBF0E
S3150002B2F0013109FB0103F61836187D1C60443B46F2
S3150002B300DAD1039D07990A9E0C9B0E440B447100E9
S3150002B31003FB03FB07930A9106FB06F30139069624
S3150002B3200BFB01F1C6F101064FEA8B009F0006FBFB
S3150002B3300070B1EB430F4FEA4306039640F30381D5
S3150002B340590001EB030CDE004FEACB030593DFF84D
S3150002B350D890069B0B954FEA8C0C0021B04610E064
S3150002B360059EC3F1010506FB05C52844013B5D00A8
S3150002B370013D039E0BFB05F5BD42C4443E442EDD52
S3150002B380374602EB030A0E46544501F101018E4689
S3150002B3900EDC049D55450BDBAAEB040A4FEA4A0A6A
S3150002B3A00AF1010A59F82A50AE42C8BF49F82A6082
S3150002B3B0A2EB030A54450EDC049D55450BDBAAEBB2
S3150002B3C0040A4FEA4A0A0AF1010A59F82A50B54212
S3150002B3D0B8BF49F82A600028C2DA6044C7E74900C4
S3150002B3E00B9D013107980A9E470003F1FF3907FBBF
S3150002B3F009F001FB06000699002B01FB17004EDB44
S3150002B400DFF824A00595D118CBEBCB785F00A1EB32
S3150002B410040C75464FEA4808DDF810E007FB0BB747
S3150002B4200AEBCC0C4E460DE0E8E106206FEA430338
S3150002B430711C0BFB03004744ACF1080C33462DD0BC
S3150002B4409119013E8C4207DC8E4505DBDCF80410BF
S3150002B4508D42C8BFCCF80450A2EB03094C450DDC63
S3150002B460CE450BDBA9EB04094FEA490909F10109AB
S3150002B4705AF82910A942B8BF4AF829500028D5DA45
S3150002B4800399AB1C01FB0300711CA0EB070005F13D
S3150002B49001054744ACF1080C3346D1D1059D049B06
S3150002B4A09C423FF7E3AEDDE90DB7DFF8A480DDF895
S3150002B4B024A04FF0010919E06869B7F90010CDE937
S3150002B4C000906245A8BF62469942B8BF1946DBF8AA
S3150002B4D07440039B2846A047022E24D1039C049B5A
S3150002B4E001349C4208F108083FF7C0AE01263246F5
S3150002B4F00394D8E90013012E01FB02AC03FB02A35D
S3150002B500B7F90420D8D1B7F9001000969A42A8BF1D
S3150002B5101A466B6901936145039BDBF87440284622
S3150002B520B8BF6146A0474FF0FF320136E1E70A9BFA
S3150002B5300B995F1E09FB03F607FB06F601FB19666C
S3150002B5404FF00008A7E6069B01214FF0000E49E7DF
S3150002B550E8E106202DE9F04F83698BB0024607EE3B
S3150002B560900A406C089013F004035069069040F06C
S3150002B570A9810793536A0993089ACB69B2F90240E3
S3150002B580B2F90620C86803F2FF339B129A42A8BF9B
S3150002B5901A4683129C42B8BF1C469346121B0132BE
S3150002B5A05200002A06460ADDAC4B4FF4FA6503EB5D
S3150002B5B082020020C3E9005008339342FAD1D1E94E
S3150002B5C000A54FF0FF33CDE9043B0391B346039B3D
S3150002B5D0D3F808E0ABEB0501AEEB0A0C00298CEAC6
S3150002B5E0EC70B8BF4942A0EBEC70884280F28880CA
S3150002B5F05D4540F38880D64500F0F180AAEB0E0C3B
S3150002B6002F465E465246CDF808E09CFBF0FC029BB4
S3150002B6105D45C3F30909C6F3090800F0D8808842DC
S3150002B62079DBBF1B97FBF1F7002F80F2D38006F27E
S3150002B630FF364FEAA62AB8F1000F40F05A8109FBFD
S3150002B6401188874EB8F1000F4346B8BF08F2FF33A0
S3150002B650B045029E4FEAA62C079E4FEAA323BCBF23
S3150002B6601B18AAEB070A002E00F0CE809212B9F13F
S3150002B670000F40F033815D4503D0049D012D40F259
S3150002B6803D819445D8BF4FF000082ADC5646DDF8C6
S3150002B69014A0029701326546984202DC029F1B1AE9
S3150002B6A03E4408EB060C64450B4417DCACEB04097C
S3150002B6B0E2454FEAC90C0CF1040C0FDB674F57F851
S3150002B6C03970AF42C4BF654F47F83950634F57F8D8
S3150002B6D00C70AF42BCBF614F47F80C500135954222
S3150002B6E0DAD1049B039A01330832032B04930392A3
S3150002B6F000F0B880039B5D46F246D3F80CB066E7CD
S3150002B700D645FFF67BAFD6455F462E46724676D0C5
S3150002B710CDF808A079E7BCF1000F6ADA029B03F2C2
S3150002B720FF35AB120293B9F1000F40F0DB8000FB4C
S3150002B73018994B4BB9F1000F4A46B8BF09F2FF32CE
S3150002B74099454FEAA22204DA029BA3EB0C030A44B0
S3150002B7500293079DB312002D68D0BF12B8F1000FF5
S3150002B76040F0B980D64575D0049D6E1E012E94BF59
S3150002B770E2464FF0000ABB42B3DC384DA3EB0408A5
S3150002B780F146DDF814E005EBC8080137029D029088
S3150002B79091420298DCBF521A65449C4202440FDC75
S3150002B7A09E4505EB0A060BDBD8F80000B042D8F836
S3150002B7B00400C8BFC8F80060B042B8BFC8F8046049
S3150002B7C00133BB4208F10808E2D1CE4689E7884236
S3150002B7D0A1DB01274FEAA62A00FB08F82FE72F462E
S3150002B7E0CAF30909CBF309085E46CDF808A04FF063
S3150002B7F0010C029B9B12029301FB09F997E7CDF814
S3150002B80008E04FF0010C02E7029DAE0548BF5B1847
S3150002B81003EB600302F5007248BF0CF1010C98427B
S3150002B82042F38F22DCBF1B1ABA442AE7B50548BF8A
S3150002B830121802EB610207F5007748BF0133914205
S3150002B84047F38F2706DC029D6544521A02954FF094
S3150002B850000A90E74FF0000A8DE700BFE8E10620F4
S3150002B86001FCFFFFDDF814B0099BA3455E6F26DBE2
S3150002B870284DDDF8208017EE909A0127B24655F83A
S3150002B880046CB8F90020B8F904E09642BCBF16462B
S3150002B89045F8042C2A687245C4BF7246C5F800E012
S3150002B8A096422346484604F10104314605F108054D
S3150002B8B003DC069ECDE90076D0475C45DFDD0BB0A2
S3150002B8C0BDE8F08F536A0993D3F8B030003B18BF36
S3150002B8D00123079350E60133024443E70CF1010CBE
S3150002B8E00B44C8E6C9F57F7909F1030901FB09F999
S3150002B8F01DE7C8F5806800FB08F8A0E69445D8BFA6
S3150002B900B8467FF7C3AE039B08330393049B013308
S3150002B9100493EFE6ECE106202DE9F04F8FB099464D
S3150002B920189E5B1AA6EB020B83EAE3748BEAEB7AA8
S3150002B930A4EBE374AAEBEB7A54450F469046054610
S3150002B94080F29280964280F2928003FB03F00BFB18
S3150002B9500B008002039301F001FA199B5A1E039B06
S3150002B960920240014FEA620C002B77D0A7EB090343
S3150002B97093FBF4F3BBF1000F74D0A8EB060292FB23
S3150002B980FAF246454FEAA0200CFB0AFAD8BF032179
S3150002B9900CFB04FC9AFBF0FA9CFBF0FCCABF0121EB
S3150002B9A001200320B9450AFB03FAD8BF00240EABD7
S3150002B9B0C8BF02240CFB02FC03EBC404D4BF022260
S3150002B9C0002203EBC10103EBC00003EBC202CAEB88
S3150002B9D0892344F8283C0AEB892340F8283C0CEBDF
S3150002B9E08623CCEB862644F8243C40F8246CCCEB28
S3150002B9F088230AEB8720CAEB872742F8243C42F8C1
S3150002BA00280C04AB41F8287C0CEB882241F8242C44
S3150002BA1093E803002C4C06AB84E8030093E803008A
S3150002BA2004F1080383E8030008AB93E8030004F17A
S3150002BA30100383E803000AAB93E8030004F118033A
S3150002BA4083E803001A9BCBB994E803001F4B83E8F3
S3150002BA500300A3F120000FB0BDE8F08F0123BBF174
S3150002BA60000F8AD101228CE78945FFF66EAF314677
S3150002BA704A464646B9468846174666E7DDE90667F8
S3150002BA80DDE90489009733464A464146284606F0D0
S3150002BA909BF93A463146DDE9086728460097334660
S3150002BAA006F092F93A463146DDE90A6728463346F8
S3150002BAB0009706F089F9CDF8009043463A4631469A
S3150002BAC0284606F081F9BFE7A0D60620C0D6062092
S3150002BAD008B5C161426303F023F9002008BD00BF27
S3150002BAE030B50546806AA962002187B0696285F889
S3150002BAF04220AB6358B10E4A14682223CDE90031C5
S3150002BB00CDE90211CDE904115CB900F05BFB00201E
S3150002BB1007B030BD6846029400F040FC2469002C50
S3150002BB20F3D0236F002BF9D09B69AB42F6D1F1E734
S3150002BB30E4E1062008B58161026303F0F1F8002012
S3150002BB4008BD00BF80F82830816000239DF800C040
S3150002BB5080F829C04FF40041C0E90323C0E90C3341
S3150002BB60C0E91433C0E91133C0E900334361C3614C
S3150002BB70C36483610364438581851846704700BFA9
S3150002BB8000B54278037890F802C040F24B2000FBE1
S3150002BB9002F240F22B1E0EFB03220548722313FB10
S3150002BBA00C23A0FB03239B090B705DF804FB00BF6B
S3150002BBB0D34D62102DE9F04F0023824A0B6093B0F9
S3150002BBC012684B60CDE90433CDE90633CDE908337B
S3150002BBD08B60CB600B614B618B610A93002A00F08C
S3150002BBE0EC800D4604A9044607F084FA06460028AE
S3150002BBF000F08D8094F8293094F82A20042A03F064
S3150002BC0001092FD0032A31D0B9F1000F6AD094F876
S3150002BC10293043F0010384F82930002E00F0D68043
S3150002BC20059810B1684B1B689847079810B1664B88
S3150002BC301B689847606C10B1634B1B6898476EB1DE
S3150002BC40686820B1604B1B68984700236B60E86800
S3150002BC5020B15D4B1B6898470023EB60304613B05A
S3150002BC60BDE8F08F9DF81320F72ACDD1002E40F0C3
S3150002BC70828094F82820012A00F03B8123F00103F8
S3150002BC8084F829302F460FCF0BAE0FC697E8070070
S3150002BC9086E8070004A9204608F0FEFC06460028AE
S3150002BCA06DD10BA9204609F05BF90646002866D13C
S3150002BCB00BA9204607F098F9434F06463B680598BC
S3150002BCC09847079808B13B6898470BAF0FCF0DF11D
S3150002BCD0100CACE80F0097E807008CE80700B9F1F2
S3150002BCE0000F94D10DF1100CBCE80F002F460FC7C0
S3150002BCF09CE807004FF0000E87E80700CDE904EE46
S3150002BD00CDE906EECDE908EECDF828E08DE7BDF9DE
S3150002BD102800BDF92A102065616528836983AE6013
S3150002BD202E6194F82820EA7094F8293013F0020C58
S3150002BD3002F1FF322ED0D7B2092F09D84FF0010EE9
S3150002BD400EFA07F740F2112817EA080F40F096801C
S3150002BD500427AF70192A2ED8DFE802F0BF2D2D2D49
S3150002BD60AC2D2D2D2DA82D2D9E9EBA2D2D2D2D952A
S3150002BD702D952D2D2DA823F0010384F82930B9F134
S3150002BD80000FAFD094F82930059843F0010384F8E8
S3150002BD90293046E7192A0ED8DFE802F0A50D0D0D67
S3150002BDA08C0D0D0D0D880D0D7E7E9A0D0D0D0D75EA
S3150002BDB00D750D0D0D8828261EE73026304613B068
S3150002BDC0BDE8F08F00E0062004E0062004A9204624
S3150002BDD008F062FC064600287FF422AFAC46BCE8B7
S3150002BDE00F000BAF0FC79CE8070087E807009DF816
S3150002BDF02E300D9643F002030BA920460F968DF8BE
S3150002BE002E3009F0ADF8064600287FF409AF03AAE2
S3150002BE1002A920460AF01AFCDDE90212A8682B697B
S3150002BE2003445018984217D2AB78A96043F0020334
S3150002BE302A61AB7004A9204608F02EFC294620464A
S3150002BE4009F08EF8064600287FF4EAAE2946204617
S3150002BE500AF04EFC0646E3E60DF1100CBCE80F00B4
S3150002BE602F460FC79CE80700CDE9046687E807005E
S3150002BE70CDE90666CDE908660A96D6E6FF2785F875
S3150002BE8002E06F6166E700FB01F2920003F0FB033A
S3150002BE90AA6084F82930AFE6AA7800FB01F14800CF
S3150002BEA05207A8607FF5A8AE2961A5E600FB01F15D
S3150002BEB0A960A1E6421C521001FB02F2AA60BCF183
S3150002BEC0000F3FF499AEC21DD21002FB01F1EBE75F
S3150002BED000FB01F25200AA608EE6C21C921002FB1F
S3150002BEE001F1A96088E6C21DD21002FB01F1A96028
S3150002BEF082E604A9204608F0CFFB616D00290646BA
S3150002BF0056DDCDE900904FF00008236D4746C34643
S3150002BF10002B27DD002640F22B1A40F24B296368DC
S3150002BF2031460BAA204698479DF82F30802B06F102
S3150002BF30010613D99DF82D309DF82C209DF82E1060
S3150002BF4009FB03F30AFB0232722313FB01231A4A8B
S3150002BF50A2FB032308F1010807EB9317236D9E4208
S3150002BF60DDDB616D2269A06B0BF1010B02448B458F
S3150002BF702261CDDBDDE90096B8F1000F18D0B7FBE0
S3150002BF80F8F3DBB284F82D3063B9FF2384F82D3041
S3150002BF9094F8293023F0010384F82930002E3FF467
S3150002BFA071AEECE6FF2B04BF002384F82D30EFE7D9
S3150002BFB094F82D30E8E700BFD34D62108A6B10B5B6
S3150002BFC022F0200204468A638C3001F003F8B4F8AA
S3150002BFD0E43001330020A4F8E43010BD30B585B05A
S3150002BFE01546089A0092BDF8242001920A9A0292F6
S3150002BFF00446002200F03EF8064BC4F884301F22A5
S3150002C000A4F84C201DB12146284601F0D3FC00209D
S3150002C01005B030BD19C002000B46102200F17401B2
S3150002C020184600F01FBE00BFC0F8841000207047FB
S3150002C03010B5C36B00F17402044623F4004382B0C8
S3150002C0404265C363D0F884309847606D0F2201A918
S3150002C05000F08AFF30B9A36B019A206613F0010043
S3150002C060A26501D102B010BD204600F0C7F802B0A9
S3150002C07010BD00BF70B582B01E46BDF81C300093DD
S3150002C080089B01930446069B1546002201F088FA96
S3150002C0901E22A4F84C2005200622C4E91A021922FF
S3150002C0A022670222002309496266094A2666C4E912
S3150002C0B01533084BE365C4E90C211DB12146284618
S3150002C0C001F078FC002002B070BD00BFD9C00200AA
S3150002C0D0F1C00200A5C1020010B5044600F090FFAF
S3150002C0E0204600F03FF82046BDE8104001F008BAAD
S3150002C0F010B50B68132B82B004460DD1C36B1B041B
S3150002C1000AD5406D40B1094B01911B6853B198475E
S3150002C1100023C4E915330199204602B0BDE8104058
S3150002C12001F0B8BA302002B010BD00BF04E006200C
S3150002C130826B08B5D307416601D4002008BD00F022
S3150002C1405DF8002008BD00BF8166816BC0E91B2334
S3150002C150CA0701D40020704708B500F04FF8002046
S3150002C16008BD00BF70B5C36B5A0084B0044605D53E
S3150002C1709B0001D5C66E16B9A66E00E0066FE36D8A
S3150002C1800025CDE9025502A920469847029B3BB1FC
S3150002C190626E02ABCDE900553146204601F0DEFC67
S3150002C1A004B070BD10B5046E2CB10A462146BDE836
S3150002C1B0104001F0B7BCC26B543000F07BFB204646
S3150002C1C010BD00BF38B50C4B1D6815B913E02D69BB
S3150002C1D08DB1AB6BDB07FAD5284600F00FF8AC68D9
S3150002C1E0002CF4D0204600F009F82469002CF9D17D
S3150002C1F02D69002DEDD138BDE4E10620014610B1CE
S3150002C200203100F041B80720704700BF002839D01E
S3150002C2102DE9F8431746826B48F20103934305461C
S3150002C22001D0BDE8F883884600F08AFA2C462046FB
S3150002C2306468002CFBD1B0F84C20812A1ED1D0F8BC
S3150002C2407090D9F8240309F12406B8B13FB20FFA67
S3150002C25088F803E0A04206F10C060FD9B368AB4298
S3150002C26004F10104F6D130463A46414600F068FE32
S3150002C270D9F82403A04206F10C06EFD8BDE8F8432C
S3150002C28000F004BC704700BF002871D0836B2DE913
S3150002C290F0410446D80748D50F4600F051FA02E0AD
S3150002C2A09A6BD10038D523466468002CF8D11E4615
S3150002C2B0B6F84C20812A41D1D6F87080D8F82403EA
S3150002C2C03E2835D89C6B22043ED500283DD008F185
S3150002C2D024041E46002504E00135A84204F10C049C
S3150002C2E013D9A368B342F7D13E284FF0000241D8D2
S3150002C2F03946204600F0DAFD00283BD1D8F824035F
S3150002C3000135A84204F10C04EBD83F281BD900F0F2
S3150002C310BDFB0020BDE8F08126466468002CC7D02C
S3150002C32026466468002CF7D1C2E70720BDE8F081F3
S3150002C330B36B1B04E9D508F12404CBE700F0A6FB96
S3150002C3400720BDE8F08133469C6B00EB400208EB08
S3150002C35082020130C8F82403D3623868796844F44B
S3150002C3600044243203C29C6300F090FB0020D1E714
S3150002C370072070473946204600F070FD00F086FB24
S3150002C3800020D3E7034A04491368086001331360A7
S3150002C390704700BFE0DA0620F0DF062038B50368F2
S3150002C3A00D2B04460FD00F2B24D00C2B1ED0194870
S3150002C3B0002221460DF040FF10B90024204638BD68
S3150002C3C0FE24204638BD144B1B68002B16DD134B8A
S3150002C3D010481D68214600220DF02EFF041E18BFCC
S3150002C3E0FE24284600F0CCF9204638BD103000F075
S3150002C3F00DFADCE7103000F021FAD8E721460548AD
S3150002C40000220DF019FF002804460EBF054600253E
S3150002C410FE24E6E7E4DA062060D80620D8DF062006
S3150002C420894A8A498A4B8B482DE9F04F00241460C9
S3150002C430C2E902445460884A0C601460874A8849FB
S3150002C4401460884A0C6082F8C840874A874982F895
S3150002C450C840874A0C601460864A87491460874A36
S3150002C4600C6014608649874A0C60146086499C6198
S3150002C4700F22C3E907225A62844A0C60C3E90244C6
S3150002C48083490260C3E90444824A1A604FF0837208
S3150002C4904FF0040A0A609C464FF0141283F808A073
S3150002C4A05A60BCE80F007C4DDFF884B2DFF884E204
S3150002C4B0DFF88492DFF88482C9F808400FC5774B0B
S3150002C4C0CBF80030764B1C60764B1C60764B1C60BA
S3150002C4D0BCE80F000FC59CE80300082785E80300A7
S3150002C4E09EE8030009EB070689B089E803003A468D
S3150002C4F0314674600620079700F0B4FB3A4607A956
S3150002C500304600F031FD079A09EB020302F10901F8
S3150002C5102E251D724944C2F10702504600F0A2FBC5
S3150002C5204FF42072214640460FF019FC5F4A604BD9
S3150002C530C2F800801C6008F5207208F1140343F863
S3150002C540043C14339342FAD15A495B485B4C5C4A29
S3150002C5505C4F00230B6003605B495C4823600B6001
S3150002C560036050210A23C2E900133C4607F5A07670
S3150002C57025462046403401F08BFDB4426C62F7D169
S3150002C580534B544C544855491F60554B0022226068
S3150002C59002600A6003F5BA7243F8043C0C33934214
S3150002C5A0FAD1504A50485149514B026000240C605E
S3150002C5B0C2F87C414F48504A50499C60C3E9004446
S3150002C5C0146004600C60382221464D480FF0C7FB08
S3150002C5D0214634224B480FF0C2FB21462C224A4800
S3150002C5E00FF0BDFB0220CDE9010423460090474A25
S3150002C5F0474945480EF05CFB4FF49062454B00926A
S3150002C60045493F4806220DF0F9FC224643493D487A
S3150002C6100DF08CFA2146B42241480FF0A0FB4148A6
S3150002C620414910230A224FF48055CDE90424CDE96D
S3150002C6300233CDE900053D4A394823460DF09CFFF9
S3150002C640204609B0BDE8F08FD8DF062078D806204C
S3150002C6506C0E0720DCDA062060D80620E8DF06200A
S3150002C6605CD806204CE0062018E10620E4E106200C
S3150002C670F8DF0620FCDF06209CDF062070D80620A5
S3150002C68074D80620A8DF062058D80620DCDA062051
S3150002C690940E072014001200ACDF062000000602EA
S3150002C6A0F4FA0620F8FA0620C8D60620A0DF0620ED
S3150002C6B0CCD606206CD80620F4DF0620ECDF062056
S3150002C6C008E00620D8D6062010E0062014E0062050
S3150002C6D0D0D60620D4D6062000E0062004E00620A6
S3150002C6E0A40E0720980E0720A4DF0620F0DF0620FE
S3150002C6F0E8FA062064D80620E0DA062068D8062082
S3150002C700E4DA062018E00620B00B0720E1C9020091
S3150002C710E8B104001CDB0620F4B104000CB20400EC
S3150002C720FCFA0620B0FB062024B2040031C902003E
S3150002C730D4DF0620DCB104005C0E0720DC0B0720E8
S3150002C74010B50C4C0DF0E2FF2368834208D00A486C
S3150002C7504FF0FF310DF074FA38B90DF0D7FF2060B3
S3150002C760064A13680133136010BDBDE81040062067
S3150002C770FFF708BEFCDF062018E00620F8DF0620D9
S3150002C78030B587B00023009304460EF0A1FB194B87
S3150002C790194A1B685168194DC31A8B422B6010DA6D
S3150002C7A01749184B08681D6880EAE07385EAE57147
S3150002C7B0A3EBE073A1EBE5718B4206DA13688B42B9
S3150002C7C013DB009B3BB907B030BD12689A42F8DA18
S3150002C7D01C2300930490002269460B480294ADF88C
S3150002C7E00C200DF029FD07B030BD1B2300930495E4
S3150002C7F0F1E700BFECDF062008E006206CD8062031
S3150002C80010E0062014E00620E4DA062038B50446D5
S3150002C8100EF05EFB054B22681A60054D0549064A75
S3150002C820286000230B60136038BD00BFF4DF0620CA
S3150002C830ECDF062014E0062010E00620F8B5174DBE
S3150002C84004460EF045FB2B68154AC31A002B1360EB
S3150002C8500CDD144A5268934209DB134A134E002335
S3150002C8601360134A1360236833602860F8BD0F4EC5
S3150002C870B4F90010B6F900C00D4FB4F90220A1EBCD
S3150002C8800C01890291FBF3F13960B6F90210521AD2
S3150002C890920292FBF3F3044A1360E4E7ECDF06200C
S3150002C8A06CD8062008E0062014E00620F4DF0620F5
S3150002C8B010E0062010B400240C6003684C6033B10B
S3150002C8C012F4004F426818BF0233C1E900325DF824
S3150002C8D0044B704783014CBF0A4B0B4B10B48C467A
S3150002C8E01860BCE80F004CBF084C094C0FC4BCE8EA
S3150002C8F00F000FC49CE8030084E8030000205DF8E3
S3150002C900044B7047D4DF0620940E0720ACDF0620C6
S3150002C9106C0E072008B505480DF034FF00B908BDB6
S3150002C9200120FFF72FFDFE2008BD00BFFCFA0620FE
S3150002C93070B5294D294E86B00022694628460DF06B
S3150002C94093FB0A282AD098BB009B0B2B1CD801A26A
S3150002C95052F823F039C90200B7C90200BBC9020066
S3150002C96089C9020089C9020089C9020089C902006F
S3150002C97089C9020089C9020089C9020089C902005F
S3150002C98085C90200029B13B368460AF045F80022E5
S3150002C990694628460DF068FB0A28D4D109F0D0FE74
S3150002C9A04FF0FF32694628460DF05EFB0028CBD0D9
S3150002C9B00520FFF7E7FC06B070BD3468002CBBD03B
S3150002C9C02046FFF71BFC2469002CF9D1B4E7049832
S3150002C9D000F026F8B0E700BFE4DA0620E4E106201C
S3150002C9E00C4B1B687BB100B587B000230B210122DB
S3150002C9F068460091ADF80C30029304920AF07EF874
S3150002CA0007B05DF804FB044B1B68002BEBD103480F
S3150002CA100EF08EB9CCD60620D4D60620B00B07204F
S3150002CA20F0B587B00546FFF78BFE164A0B2314684E
S3150002CA3000934CB1224624691368AB42A3EB05036B
S3150002CA400BD91360002CF5D10F4B1B680BB101F00B
S3150002CA502DFB00F01BF807B0F0BD5368D2E9027651
S3150002CA605BB11360002EE4D0336B6846002BE0D036
S3150002CA7004970296FFF792FCDBE7394630460AF046
S3150002CA8081F9EFE7CCD60620D4D60620094A08B5A6
S3150002CA90136813B1013B136003B108BD064A074888
S3150002CAA013600DF0A7F90028F7D0BDE8084006206C
S3150002CAB0FFF768BCF8DF0620FCDF062018E0062038
S3150002CAC02DE9F84F664C0A9D9C4684FB0C340646BB
S3150002CAD064444FEAEC70C0EB24244FF4B47000FBBC
S3150002CAE014C4002C8B46924606DB06D1B3182B8063
S3150002CAF069800020BDE8F88F04445A2C54D0B42C27
S3150002CB0059D0B4F5877F06D10BEB0A012E806980D6
S3150002CB100020BDE8F88FA702384600F0E1F80AFBCC
S3150002CB2000F080122880384600F0DEF85A2C00FB0E
S3150002CB300AF74FEAA727D4465DDC01202C2CCCBF8E
S3150002CB40002401248646804681462B8817FB00F77F
S3150002CB5013FB0EF33FB21BB24FEA8A006F802B80A3
S3150002CB60C0F1050E002C3DD0BAF1000F6B802F806C
S3150002CB7071DB0C2200230CE0A3EB0C000EEBC000D1
S3150002CB800CF1FF3C00F1140E01339C4502F1080240
S3150002CB9019DB9F4217DBB5F90200604513DCBEF1D3
S3150002CBA0000FE9DA9644EFE7ABEB0A012E806980C3
S3150002CBB00020BDE8F88FA6EB0A032B80A5F802B089
S3150002CBC00020BDE8F88F34BB03FB09F40CFB08F325
S3150002CBD0A4B29BB22644ABEB03012E8069800020EF
S3150002CBE0BDE8F88FBAF1000FA8BF1F46C1DA08FBED
S3150002CBF00AF39BB2EEE7B42C14DDB4F5877F1DDC95
S3150002CC00E02C4FF6FF704FF0FF38CCBF0024012412
S3150002CC108646C14699E70CFB09F403FB08F3A4B266
S3150002CC209BB2D7E7872C4FF00100D4BF0024012422
S3150002CC304FF6FF7E80464FF0FF3986E7B4F59E7FBA
S3150002CC404FF0010EB4BF002401244FF6FF704FF0DF
S3150002CC50FF38F14679E709FB0AF4A4B20023B9E7E3
S3150002CC60B7600BB62DE9F04186B0002801AE1B4F26
S3150002CC70BABF40424FF0FF384FF00008B646A7FB56
S3150002CC800043DB0803EB83051C46A0EB450343F098
S3150002CC903003F44620460EF8013B002CEFD1B8F1E2
S3150002CCA0000F05D02D23B6458EF8003010D3F4467A
S3150002CCB0012A0DD96346C2F10102981801E0984291
S3150002CCC006D01A7801F8012B9E4203F1FF33F6D102
S3150002CCD00020087006B0BDE8F08100BFCDCCCCCCF8
S3150002CCE000F5B43000F000B8002817DA10F5B420C9
S3150002CCF0FCD4B0F5B43F17DDB0F5343F22DCC0F505
S3150002CD00343000F1800343F31523B3F5B47F4FF0BB
S3150002CD10010211D190027047A0F5B420B0F5B42FEC
S3150002CD20FADCB0F5B43FE7DC012200F1800343F3FD
S3150002CD301523B3F5B47FEDD00749C85C02FB00F0BA
S3150002CD4080007047B0F5872FD4BFA0F53430C0F508
S3150002CD50B4204FF0FF32E8E768B204003D4B984238
S3150002CD6002461CD8B0F1807F1CD3B0F1804F3A49FD
S3150002CD7028D2B0F1805F31D3830DCB5CDB01591C25
S3150002CD80B2FBF3F30B445B08581CB2FBF3F3034408
S3150002CD90580800FB00F3934203D9013870474BF25F
S3150002CDA004507047B0F5803F10D3B0F5800F2A4982
S3150002CDB027D3030CCB5C1B01581CB2FBF3F30344D1
S3150002CDC05808E6E7030ECB5C1B02D8E7B0F5804FA6
S3150002CDD00BD3030A2049CB5C581CDAE7B0F1806F0B
S3150002CDE023D3030DCB5C9B01C9E7B0F5805F16D256
S3150002CDF0B0F5806F21D318490309C85C8008013059
S3150002CE00C7E7B0F5801F06D2B0F5802F11D3030B0A
S3150002CE10CB5C9B00D0E7830BCB5CDB00CCE70E49F7
S3150002CE208309C85C40080130B3E7830CCB5C5B0125
S3150002CE30A5E7830ACB5C5B00BEE7FF2805D9064956
S3150002CE408308C85CC0080130A3E7034B185C0009DD
S3150002CE509FE700BF0FA8FE7FD0B30400B1F90030F0
S3150002CE60B0F900209A42C8BF0380B0F90220B1F996
S3150002CE7002309A42C8BF4380B0F90420B1F90430A7
S3150002CE809A42B8BF8380B0F90620B1F906309A42B9
S3150002CE90B8BFC38000207047BDF900C00180428040
S3150002CEA08380A0F806C00020704700BFB0F90030AA
S3150002CEB0B1F900C09C45B8BF9C4610B5B1F9043023
S3150002CEC0B0F90440B1F902E0B1F90610A342A8BFD5
S3150002CED02346B0F90240B0F90600A645B8BFA646F9
S3150002CEE08142A8BF014663450BDB7145B4BF0020F2
S3150002CEF001202AB1A2F800C0A2F802E09380D180F4
S3150002CF0010BD0020F5E700BFB0F9002082B00BB2D9
S3150002CF109A42019111DCB0F904209A420DDBBDF967
S3150002CF200630B0F902209A4207DCB0F906009842B0
S3150002CF30B4BF0020012002B07047002002B0704743
S3150002CF40B0F800C0438889B292B28C441344A0F868
S3150002CF5000C04380B0F804C0C38861441A4481808B
S3150002CF60C2800020704700BFD0B110B590F90040D2
S3150002CF7074B18AB1034600EB020CC0F1010E01E066
S3150002CF80634509D00EEB030413F9012F002AF7D1EA
S3150002CF9021B10C60002010BD342010BD084610BD22
S3150002CFA00720704710B50A4C0A4682B0034621682C
S3150002CFB0019210461C46884738B1019A206000212A
S3150002CFC00EF0CDFE002002B010BD302002B010BD22
S3150002CFD000E0062038B50C460546FFF7B1FB63684C
S3150002CFE013B1204600F030FB2846214600F0E2FC51
S3150002CFF0A36B23F00803A363FFF748FD002038BDA7
S3150002D00000B5C36B5A0083B00CD59B004CBF436C72
S3150002D010036C0122009203211A4600F005F803B0C0
S3150002D0205DF804FB836CF4E72DE9F04F85B00E46FC
S3150002D0300DF1020198460446174600F045FABDF97D
S3150002D0400230002B00F3128100250E9B002B40D0EC
S3150002D050E36B13F080590BD0190706D0002D40F070
S3150002D0609880BDF90230022B35D005B0BDE8F08FAD
S3150002D07002AABDF90210204600F074FA694620465B
S3150002D08000F054FC01223946384601F0E1FD4846DB
S3150002D09001F002FE474519D0BDF9003003EBD37209
S3150002D0A0BDF80A30013B03EB620302A8ADF80E306D
S3150002D0B001F030FC404601F00FFEBDF80E300133A0
S3150002D0C0ADF80A30E38C013BADF80E3002A801F050
S3150002D0D021FCE36BC0E7012001F0DEFDE36B9A075A
S3150002D0E04CBF0820092001F00DFE228CE38C618CD6
S3150002D0F0013212B2002D40F04F81BDF80200013B11
S3150002D10001441BB209B2104601F0CAF9638CA28C23
S3150002D110208C01331BB2013A013012B200B2194619
S3150002D12001F0BEF9E36B9B074CBF0920082001F012
S3150002D130E9FDA28CE38C618C013A12B2002D00F05B
S3150002D140AD81033B03311BB209B2104601F0A8F9C7
S3150002D150E38CA28C208C013B1BB2033A03301946A6
S3150002D16012B200B201F09CF9A28CE38C023A023BA5
S3150002D170ADF80420ADF80630019801F057FB238C78
S3150002D1800233ADF80430019801F050FB05B0BDE85A
S3150002D190F08F304601F0B6FD228C638C02320133E9
S3150002D1A0ADF80420ADF80630019801F03FFB238C60
S3150002D1B00133ADF80430019801F038FB638C023379
S3150002D1C0ADF80630019801F031FBA28C638C023A6D
S3150002D1D00133ADF80420ADF80630019801F026FBC4
S3150002D1E0A38C013BADF80430019801F01FFB638C60
S3150002D1F00233ADF80630019801F018FBA28CE38CDD
S3150002D200023A013BADF80420ADF80630019801F070
S3150002D2100DFBA38C013BADF80430019801F006FB2F
S3150002D220E38C023BADF80630019801F0FFFA228C3E
S3150002D230E38C0232013BADF80420ADF806300198CA
S3150002D24001F0F4FA238C0133ADF80430019801F0B1
S3150002D250EDFAE38C023BADF80630019801F0E6FAEE
S3150002D260BDF90230022B7FF400AF34E7304601F0FD
S3150002D27049FDE36BB4F922B01A0763D5BDF9020082
S3150002D28001F00AFDBDF9022002EBD2720BEB62023B
S3150002D2900FFA82FB6568B4F92090B4F924A06DB147
S3150002D2A0B5F84C30812B00F09D8009F10209AAF1F4
S3150002D2B0020A0FFA89F90FFA8AFA01255B465246E3
S3150002D2C05946484601F0ECF8E36B1B0752464846BE
S3150002D2D032D5BDF90210B4F926305B1A013301EBDF
S3150002D2E0D17103EB61031BB2194601F0D9F8E36B66
S3150002D2F0B4F92020190706D5BDF9023003EBD37322
S3150002D30002EB63031AB20DB3E38C618C023B02316A
S3150002D3101BB2104609B201F0C3F8E36BB4F924203C
S3150002D3201B0765D4E38C618C023B02311BB209B246
S3150002D330104601F0B5F888E6B4F92630194601F030
S3150002D340AFF8D4E7012001F0A7FCA3E7BDF802106D
S3150002D350608CB4F826C0C1F101030139634401446B
S3150002D3601BB209B2104601F09BF8E36BB4F9242014
S3150002D370BDF90210180700F18A80608CB4F826C045
S3150002D38089B2C1F101030139634401441BB209B2F6
S3150002D390104601F085F858E6033B03311BB209B289
S3150002D3A0104601F07DF8638CA28C208C01331BB2EF
S3150002D3B0033A0330194612B200B201F071F8228C18
S3150002D3C0638C02320233ADF80630ADF804200198C0
S3150002D3D001F02CFAA38C023BADF80430019801F05F
S3150002D3E025FA9FE6A56B15F080553FF467AF5CE71B
S3150002D3F0BDF90210521A013201EBD17302EB63023C
S3150002D400E38C608C89B20138013312B25B1A014493
S3150002D4101BB209B2104601F043F8092001F072FC72
S3150002D420012001F039FC638CA28C208C01331BB2E3
S3150002D430023A0230194612B200B201F031F8228CD9
S3150002D440E38C618C013212B2023B02311BB209B289
S3150002D450104601F025F8082001F054FCA28CE38C5A
S3150002D460618C013A12B2023B02311BB209B210467A
S3150002D47001F016F8E38CA28C208C013B1BB2023A17
S3150002D480023012B2194600B201F00AF8DDE5521A6C
S3150002D490013201EBD17302EB6302B1E7013B0231C8
S3150002D4A01BB209B2104600F0FBFFE38CA28C208C63
S3150002D4B0013B1BB2023A023012B2194600B200F028
S3150002D4C0EFFF05B0BDE8F08FC36B03F00F03042B2B
S3150002D4D00DD006D8013B012B0DD802230B8000206C
S3150002D4E07047082B07D105230B80002070470123C4
S3150002D4F00B800020704700230B800020704700BF7E
S3150002D500F0B5846883B014B3154B1D682F6A3C3599
S3150002D51001E02469DCB1A36BDB07FAD56A4629462A
S3150002D52004F12800FFF7C2FC0028F2D06A46214621
S3150002D530384600F0DDFE064658B9636B204698472A
S3150002D5403146384600F0A4FE2469002CE3D103B02C
S3150002D550F0BD0328DDD10021384600F099FED8E758
S3150002D56070D8062030B5002983B0054614460FDB75
S3150002D5706A8CEB8C89B20A445B1A6280E3802A8C3D
S3150002D580AB8C0A440020591A2280A18003B030BD18
S3150002D5900DF10601FFF798FFBDF90610E8E700BF97
S3150002D5A02DE9F843DDF82480BDF8209004461D4697
S3150002D5B00F461646FFF7C4F8D8F80000D8F804104C
S3150002D5C0E563012204F12003A4F84C2003C304F10D
S3150002D5D0280383E80300002D4FF0FF0384F8503040
S3150002D5E0ACBF00234FF00043680048BF43F022035C
S3150002D5F0DFF84CE0DFF84CC0226407211A22A3634D
S3150002D600EB00C4E90CECC4E91112A4F84E9003D560
S3150002D610A36B43F08053A3630023C4E90133C4E937
S3150002D6200333C4E90533E36127601EB12146304660
S3150002D63000F0C0F9FFF72AFA0020BDE8F88300BF20
S3150002D64095D6020079D6020010B50446FFF778F89F
S3150002D650A36BDB0706D4204600F0ECFAFFF716FAB6
S3150002D660002010BD204600F069F9204600F0E2FADB
S3150002D670FFF70CFA002010BD10B50446FFF7C0FCF8
S3150002D6802046BDE81040FFF73BBF00BF41630020C4
S3150002D690704700BFF0B50B68033B87B00C460546E2
S3150002D6A0312B23D8DFE803F062341B224285222283
S3150002D6B0221E22222295AC221B2222222222222250
S3150002D6C02222221B22222229292222222222221934
S3150002D6D07C22222222227F221B1B00F013F9002029
S3150002D6E007B0F0BD836B980700F19D80214628465E
S3150002D6F007B0BDE8F04000F0F1B88568002DEED025
S3150002D7002B6B2846214698472D69002DF8D1E6E76E
S3150002D710836BDA07E3D523F001025F00826300F12F
S3150002D720C680214628460AF0DDF8D8E7836B03F067
S3150002D7306002202AD3D1406843F04003AB6358B15C
S3150002D740836B5E0601D4036B9847B5F84E301BB166
S3150002D750AB6B190600F1B780EB6B5A00BFD543F0ED
S3150002D7600053EB632846FEF749FDB8E7836B13F0D7
S3150002D7700907B4D1866843F001038363002EAED055
S3150002D7803D4605E03746002D64D03669002E63D04B
S3150002D790B36B98002146F5D4336B30469847F4E7CD
S3150002D7A000F0BAF89BE7836B5B0098D509F024FA80
S3150002D7B095E7836B5F0641D4A86818B98FE70069BD
S3150002D7C000288CD0836B5D06F9D5036B21469847FA
S3150002D7D085E700230A8ACDE90033CDE90233CDE994
S3150002D7E0043341F609339A425DD041F60A339A422E
S3150002D7F04ED00D2A42D02146284600F06FF86EE739
S3150002D800C36B5A007FF56BAF0B8A0D2BF3D1002346
S3150002D8102E210091CDE90133CDE90333026B059345
S3150002D820694690475BE7B5F84E30002B3FF45EAF92
S3150002D8300022192128460AF0DBF857E7C26B23F0CB
S3150002D840400356008363B7D522F00052C263FEF747
S3150002D850D5FCB1E7354698E74DB940E7AB6B13F017
S3150002D860005F2846214601D02B6B98472D69BD42A1
S3150002D870F4D13B6B21463846984730E7C36B5900D3
S3150002D8807FF52DAF2D22036B00926946984726E756
S3150002D890B0F84E202B2100912B6BADF80C20694677
S3150002D8A0284698471BE7B0F84E202A21F3E70023C3
S3150002D8B03122CDE90333019305930290036B009263
S3150002D8C0694698472DE700222C2128460AF090F84F
S3150002D8D042E700BF01630020704700BF406808B1FD
S3150002D8E0036B1847704700BF0164816BC0E91123BF
S3150002D8F0CA0701D40020704708B5FEF77FFC002056
S3150002D90008BD00BF30B1806920B108B509F030F911
S3150002D910002008BD1020704730B1C06920B108B59B
S3150002D92009F026F9002008BD10207047C38C428CEE
S3150002D93001339B1A0B800020704700BF836B43F0B4
S3150002D9400802D90782632ED510B586B00023044695
S3150002D9500421026B00910293ADF80C3069469047A0
S3150002D960A36B5A0606D5A069A04208BF406808B153
S3150002D97009F0FEF8606830B104F12001FEF784FC7C
S3150002D980A36B9B0611D4B4F84C307F2B08D9E06DFB
S3150002D99018B109F0B5FA0023E365204600F04EFB04
S3150002D9A0002006B010BD00207047606800F022F823
S3150002D9B0E9E700BF38B54B680D46044623B18342FA
S3150002D9C00FD0084600F036F95CB1A3687BB1E36874
S3150002D9D000221D61C5E90423A36BE560DB076C60C9
S3150002D9E000D438BD2846BDE8384000F065B8A560C9
S3150002D9F0F2E700BFF0B48568002D56D02A46936B35
S3150002DA0013F0100346D013690021C2E9061143B18F
S3150002DA109A6B996122F010029A63D9611B69002BF5
S3150002DA20F6D14FF0000C0021224E0F462B46002461
S3150002DA3001E01B69E3B19942FBD09A6BD007F8D596
S3150002DA4098690028F5D13240202AF2D104B3B3F9FD
S3150002DA502200B4F9222090421ADBEAD1B3F920005F
S3150002DA60B4F920209042B8BF1C461B69002BE2D1B4
S3150002DA70C4B127B109B1E1618C612146D6E7BCF197
S3150002DA80000F14D0A36B43F01003A3632746F1E7FC
S3150002DA901C46CEE7C2E906331269002AAFD14FF01F
S3150002DAA0010CC0E709B18F61F961F0BC70472746E6
S3150002DAB0E0E700BF2000002030B5856B87B000226A
S3150002DAC0029225F0080215F0010582631ED1032297
S3150002DAD0036B0092044669469847204609F05EFFAA
S3150002DAE02046FEF78BFBB4F84C307F2B07D9E06D4E
S3150002DAF010B109F005FAE565204600F09FFAA36B1E
S3150002DB009B0603D5606808B1FFF774FF002007B0D3
S3150002DB1030BD00BF826B034622EA010100209963F1
S3150002DB20704700BF30B5836B13F0010383B0144610
S3150002DB3004D12020C2E9003303B030BD0D4601A94D
S3150002DB4009F0B6FE019B33B198692246294605F0D3
S3150002DB509DF803B030BD202003B030BD002B50D05D
S3150002DB60F0B5164685B0044608461D4601F0CAF8C9
S3150002DB70304601F0BFF803A801F086F8039B5B6804
S3150002DB80002B3CD002A92046DF78FFF7CFFE0DF12D
S3150002DB900A012046FFF798FCBDF90830E26B668C55
S3150002DBA0DB1B03EBD37302F4E04206EB6303B2F52D
S3150002DBB0805FB4F920709EB236D0039BB2F5005F47
S3150002DBC0586801AA29461DD109F070F80DF106011F
S3150002DBD0204600F05BF8BDF80600BDF804300138B7
S3150002DBE0C01ABDF80A30C01A384480B20B9BF1182D
S3150002DBF00A9B18442A4609B200B200F067FF05B034
S3150002DC00F0BD704709F052F80DF10601204600F00A
S3150002DC103DF8BDF90600BDF90430C01A00EBD0701C
S3150002DC2007EB600080B2E1E7BDF80A00384480B233
S3150002DC30DCE700BF416810B50446B9B18B68834280
S3150002DC4016D01A461B69A342FBD1C8682369136121
S3150002DC50A04208BFCA6003B15A61A36BDB0711D4A5
S3150002DC600023C4E90433C4E906336360204610BDC9
S3150002DC7003698B600BB100225A61CA68A242ECD1D9
S3150002DC80CB60EAE72046FFF759FEE9E7838C028C70
S3150002DC9001339B1A0B800020704700BF70B584B019
S3150002DCA01546BDF8202000920446099A01920022E8
S3150002DCB0FFF776FCA36B802643F02003A3630DF1E6
S3150002DCC00E01A4F84C602046FFF7FEFBBDF90E10CC
S3150002DCD004F152022046FFF745FC02220023C4E962
S3150002DCE010220A490A4AE365C4E91933E366094B75
S3150002DCF0A4F84C60C4E90C2123661DB121462846CE
S3150002DD00FFF758FE002004B070BD00BF19DD020007
S3150002DD102DDD020081DF020010B5044609F0F2FF94
S3150002DD202046BDE81040FFF7EBBB00BF38B50D68D3
S3150002DD30EB1E04460F2B09D8DFE803F01130080862
S3150002DD4038083E48085059085F08080D2046BDE8C5
S3150002DD503840FFF79FBCFFF777FC284638BDFFF730
S3150002DD6099FC05462046FFF745FE204600F066F977
S3150002DD70B4F84C30812BF0D0A36B5B06EDD423466E
S3150002DD801A69002AE9D15B68002BE6D0B3F84C2069
S3150002DD90812A61D05A68002AF2D1DEE7FFF77AFCBF
S3150002DDA00546204600F04AF9284638BD836B9A0696
S3150002DDB038D40025284638BDD1E90413591A002261
S3150002DDC009B2002500F0A0F8284638BDD1E9043290
S3150002DDD0D21A002112B200F097F8EAE7836BD80450
S3150002DDE0B4D50B690122C4E919230025B5E7436EB0
S3150002DDF0002BABD000254566AFE7436E002BA5D0BE
S3150002DE00B0F868500B8A4A8A0869591BB4F86A3016
S3150002DE10A066D21A09B2012312B2204609F040FFC7
S3150002DE2000259AE7FFF736FC0D4B1B6883B1A34228
S3150002DE300ED0B4F84C30812BBBD00021204609F01D
S3150002DE40F1FD0828B5D0204600F0F8F8002584E751
S3150002DE50204609F061FDECE7204608F089FE7CE7E2
S3150002DE609CDF0620F0B585B00E46154600217822C5
S3150002DE700446BDF8287003930DF071FF0B9B0193C6
S3150002DE803146039B009700222046FFF707FFA36B4C
S3150002DE900022812123F48053C4E91022A264A4F84B
S3150002DEA04C10094AA36301212263C4E91C51FEF7FF
S3150002DEB047FC064A13680BB123615C611460FEF7E6
S3150002DEC0E5FD002005B0F0BDD1DE0200E4E106204A
S3150002DED00A680F2A04D1426E84461AB90020704796
S3150002DEE0FFF724BF08B54A8AB0F86A00BCF8683062
S3150002DEF0098A121AC91ADCF8700012B209B200F0C5
S3150002DF00DBFD002008BD00BF836BDB0734D52DE99E
S3150002DF10F041856806460F4690461DB32C46A36B14
S3150002DF20990002D5E36BDA0028D42469002CF6D1D5
S3150002DF30AB6B9B0004D52D695DB1AB6B9B00FAD42C
S3150002DF40284601234246394609F0F6FD2D69002D81
S3150002DF50F3D13CB106F152013046FEF795F90020A5
S3150002DF60BDE8F08143463A4606F15201304609F0D1
S3150002DF7037FC0020BDE8F081002070470124DCE771
S3150002DF8030B40123CC01D38130D5B0F95850B0F961
S3150002DF90544083681460A9B2A0B201F1010CACEB43
S3150002DFA0000CC2E90145A2F80CC09BB1996B88002E
S3150002DFB00BD4B3F92210A142BCBF51600C46B3F98F
S3150002DFC02610A942C4BF91600D461B69002BEDD1F4
S3150002DFD0A9B2A0B2091A184B09B283FB0103C917E9
S3150002DFE0C1EBA301002030BCD1817047B0F9565075
S3150002DFF0B0F9524083681460A9B2A0B201F1010CD3
S3150002E000ACEB000CC2E90145A2F80CC0002BE1D032
S3150002E010996B89000BD4B3F92010A142BCBF5160A1
S3150002E0200C46B3F92410A942C4BF91600D461B6980
S3150002E030002BEDD1CCE700BF67666666B0F84C30C0
S3150002E0407F2B05D9426822B1B2F84C30812B05D01C
S3150002E0507047812B04BF012343677047012353672F
S3150002E060704700BF08B5C36BC1663AB1826B43F411
S3150002E0708023C363D30707D4002008BD826B23F431
S3150002E0808023C363D307F7D5FEF7B8F8002008BD8F
S3150002E09010B54022044600210DF061FE01220A233A
S3150002E0A084F83A20A386002010BD00BF2DE9F04374
S3150002E0B0614B89B00026CDE904661D68002D71D03A
S3150002E0C02C466D6AE38E012B6FD8A0898207F5D4A0
S3150002E0D0A37F013BDBB2A377002B00F09580627F22
S3150002E0E0217F678AE7868A42276813D094F83DC063
S3150002E0F0CDF800C0ACEB03030DF10C0CCDF804C057
S3150002E10008F05EFF206A002800F082809DF80C105D
S3150002E11000F094F8D4E905329A42CFD0236A002B54
S3150002E12000F08180B3F93483B3F93693B4F914104D
S3150002E130B4F9182091425CD094F83DC0A37FA0891F
S3150002E140CDF800C0ACEB03030DF1100CCDF804C002
S3150002E15008F036FF049BA3EB08030493B4F91610E8
S3150002E160B4F91A20914223D094F83DC0A37FA08926
S3150002E170CDF800C0ACEB03030DF1140CCDF804C0CE
S3150002E18008F01EFF059B206AA3EB0903059398B1CD
S3150002E190059A04994A44414412B209B200F0F6FAC9
S3150002E1A0002D8DD109B0BDE8F083013BE38685E7FA
S3150002E1B0206A05960028EBD1A3895B071BD5646804
S3150002E1C006AA04F1200107F12000FEF76FFE90B1C6
S3150002E1D0BDF91420BDF910103846012309F0ACFC34
S3150002E1E0BDF91430BDF91020204606A909F0F8FA47
S3150002E1F064E70496B2E7BDF91420BDF910100123B5
S3150002E200384609F04DFD59E7204609F005FE55E767
S3150002E210039B87F85030FF2B0AD0786807F120015C
S3150002E220FEF732F876E7B7F92080B7F922907DE754
S3150002E2303846FDF7E3FF6DE7D4D6062008B590F918
S3150002E2403A3380F83813002B07DB8269526DD268A5
S3150002E2501AB118469047002008BD002100F002F8C6
S3150002E260002008BDD0F8282301320346C0F828232F
S3150002E27021B1086849681C3303C37047B0F83203FA
S3150002E280B3F83023D9610138013A58841A847047A9
S3150002E29090F839332BB370B504468069C26D0E46C9
S3150002E2A01AB12146904794F839330F490A68013B5F
S3150002E2B0DDB202F14C030D4A0B60126884F8395341
S3150002E2C0934204BF00230B604DB946B1A36904F122
S3150002E2D01C01D3F8BC3020469847C4F828530020C6
S3150002E2E070BD0020704700BF70D80620DCDA062019
S3150002E2F02DE9F047DFF8A491D0F818A0D9F800303C
S3150002E30082B005460C461746002B00F09780614AFC
S3150002E310A3F14C069642C0F0B880D5F82823002A0D
S3150002E32040F084803868796805F11C0203C295F8CA
S3150002E3303983B8F1000F44D0002B42D019464C2243
S3150002E34030460DF080FDD5F8283308F10108013377
S3150002E35085F83983C5F82833DAF8583013B15046B0
S3150002E36029469847002C47D0384606F13C073A46DC
S3150002E37004F12801FEF79AFDE36BDA0102D594F85F
S3150002E3805030B377D5F82C33002213F00103B26272
S3150002E3903DD1B4F84C20812A04D15AE0B4F84C207D
S3150002E3A0812A65D021466468002CF7D18B6BC9F8A7
S3150002E3B0006023F400438B630323184602B0BDE8D2
S3150002E3C0F087304600F03EFCAB697362B3F8443026
S3150002E3D02A693562B26343B1B42B06D0B5F832333B
S3150002E3E0A6F8483095F83983ADE7B5F83033A6F884
S3150002E3F0483095F83983A6E7D5F82C23386879682A
S3150002E40006F13C073B4603C3D307B4621AD597E825
S3150002E410030006F12C0200237363C9F8006082E848
S3150002E4200300B262184602B0BDE8F087394605F12C
S3150002E4301C000193FEF712FD019B78E7164A166847
S3150002E4404C3E6AE703231846C9F8006002B0BDE8ED
S3150002E450F087E06DA26BB062002808BF032322F4A6
S3150002E46000421846C9F80060A26302B0BDE8F08710
S3150002E470B1F84C207F2A8A6B03D912F0805F08BF5D
S3150002E4800C46E06DB0620C46E6E70520FDF77AFF22
S3150002E4900523C7E77CD80620DCDA062070D80620DA
S3150002E4A02DE9F04F90428DB0814692460F469B462B
S3150002E4B00DF1280809DC994235DB00911346014625
S3150002E4C05A464046FEF7E8FC08E0994223DA0093F2
S3150002E4D00A46034651464046FEF7DEFCAA4B1D6835
S3150002E4E0B5F91C30029333B3012BAB6927D0D90699
S3150002E4F025D56A6A07925B0740F1A780079B1B6FC7
S3150002E500002B00F03681029B013303EBD3735B10C1
S3150002E51001339BB224E0009103465A4651464046D7
S3150002E520FEF7BAFCDAE7009313460A46014640466E
S3150002E530FEF7B2FCD2E700200DB0BDE8F08F5F45D2
S3150002E54067D0D14565D06A6A07925A077DD5029B84
S3150002E550012BD3D1079BDB6E002B00F01281022325
S3150002E56001220692BDF82A20D21AADF82A20BDF859
S3150002E5702820D21AADF82820BDF82C201A44ADF86E
S3150002E5802C20BDF82E201344ADF82E300023049320
S3150002E590424605F13C014046FEF788FC0028CAD0F7
S3150002E5A0AC6A002CC7D0CDF814B008AED346039798
S3150002E5B0DDF81CA010E0029B039A012B059B009339
S3150002E5C00CBFDAF86C70DAF870705B46494628467A
S3150002E5D0B847A468002CAED0324641462046FEF724
S3150002E5E065FC0028F5D0049B6E64002B41D1069B86
S3150002E5F0002BE0D1029B039A012B059B00930CBFD3
S3150002E600DAF86470DAF868705B4649462846B84715
S3150002E610DFE76A6A079213F004031FD10693AB6819
S3150002E620002B40F08580029AD14502EBD27300F0AE
S3150002E6309480A7EB63039BB2013AADF82A301344E8
S3150002E640ADF82E3001230493A2E7029B013303EBBC
S3150002E650D3730022C3F34F03069283E7029B012B77
S3150002E660079B0CBFDB6E1B6F003B18BF0123069393
S3150002E670D5E7059B039A9A42AB6825D0002B45D075
S3150002E680BDF92210039A914205DDEB688A1A02F05F
S3150002E6901F02D340EB60BDF92620DAF884704B46A0
S3150002E6A02846B847BDF92630059A934291DAD31A1D
S3150002E6B0EA6803F01F0332FA03F125D1C3F12003FE
S3150002E6C002FA03F3EB6084E7ABB3BDF920104945C8
S3150002E6D006DDEB68A1EB090202F01F02D340EB60F4
S3150002E6E0039BBDF92420DAF880702846B847BDF9A5
S3150002E6F024305B45BFF66DAFEA68ABEB030303F06C
S3150002E7001F0332FA03F1D9D0E96062E7BDF920307E
S3150002E710BDF924206969D21A0132CDE900212846C1
S3150002E720BDF92620BDF92210DAF87C70B84750E709
S3150002E730012304932CE7BDF92230BDF9262069692D
S3150002E740D21A0132CDE900212846BDF92420BDF9AD
S3150002E7502010DAF87470B8473BE7A9EB63039BB263
S3150002E760013AADF828301344ADF82C300123049356
S3150002E7700EE70693029B013303EBD373C3F34F03F6
S3150002E780F0E60693029BEDE670D806202DE9F041ED
S3150002E790044690F93A03002882B00F4615460CDB70
S3150002E7A0A3695B6D1B6943B198470020A4F83473D3
S3150002E7B0A4F8365302B0BDE8F081D4F82C339B0797
S3150002E7C021D5A368FBB11E469B68002BFBD1B4F989
S3150002E7D03423B4F83013ADF800200A44013AB4F9F0
S3150002E7E03633ADF80420B4F83223ADF802301344C0
S3150002E7F0013BADF80630D6F82833E8467BB94146E8
S3150002E8003046FFF72FFD2046A4F83473A4F836539A
S3150002E8100021FFF727FD002002B0BDE8F08106F1D6
S3150002E8201C014046FEF71AFBE9E700BF2DE9F04757
S3150002E8301F4B84B01F680390014605B2061407F108
S3150002E8403C00FEF761FB20B397F81E80B8F1000F7B
S3150002E8501FD0BC6AECB1D7F82490D7F814A001E017
S3150002E860A468B4B1ADF80C50ADF80E600399204619
S3150002E870FEF74AFB0028F3D0B8F1FF0F0DD0D9F806
S3150002E880B04034B1CDF80080534632462946384668
S3150002E890A047002004B0BDE8F087D9F8A840002CB4
S3150002E8A0F7D05346324629463846A047F1E700BF1D
S3150002E8B070D806202DE9F041154B1D6886B08846B2
S3150002E8C004AA05F13C01FEF7F1FAF0B1D5E90974A3
S3150002E8D0DCB1214602AA04A8FEF7E8FA0346284656
S3150002E8E083B1BDF80E20BDF90A300132D21A12B236
S3150002E8F002A96964CDE90028BDF90810BDF90C200A
S3150002E9007E6FB047A468002CE3D106B0BDE8F08163
S3150002E91070D806202DE9F043664B1D6887B005F1D5
S3150002E9203C0804AA41460446FEF7C0FA00287ED0F7
S3150002E93020686168B5F91C706E6A02AB03C3002FCA
S3150002E94052D0012F77D0BDF80A306969BFB2013BB8
S3150002E9503B4402A8ADF80E30C7F10109FFF7AAFF42
S3150002E960B4F906306969ADF80E301FFA89F94B44DD
S3150002E97002A8ADF80A30FFF79DFFBDF808306969B5
S3150002E980013B3B44ADF80C30BDF80E30DB1BADF855
S3150002E9900E30638802A83B44ADF80A30FFF78AFFBF
S3150002E9A0B4F904306969ADF80C30994402A8ADF89F
S3150002E9B00890FFF77FFFE388A288DB1BADF80E30D5
S3150002E9C063883B44ADF80A3023883B44D21BADF83A
S3150002E9D00830B5F91C30ADF80C202BB1414604AA1B
S3150002E9E002A8FEF763FA10B3AB69DB071FD5AC6A60
S3150002E9F0D5F81080DCB1214602AA04A8FEF756FA21
S3150002EA000346284683B1BDF80E20BDF90A3001320D
S3150002EA10D21A12B202A96964CDE90028BDF908101A
S3150002EA20BDF90C20776FB847A468002CE3D100200B
S3150002EA3007B0BDE8F083E3886188B4F90020013BA2
S3150002EA4001311BB209B21046FFF72AFDE38861883D
S3150002EA50B4F90420013B01311BB209B21046FFF79B
S3150002EA601FFDB4F90230B4F90420B4F900001946C6
S3150002EA70FFF716FDB4F90630B4F90420B4F9000024
S3150002EA801946FFF70DFDBDF80A300133ADF80A301D
S3150002EA90BDF80E30013BADF80E30BDF8083001333B
S3150002EAA0ADF80830BDF80C30013BADF80C30B5F9C5
S3150002EAB01C3092E770D80620B0F836C3B0F834336B
S3150002EAC06244194412B209B2FFF760BE2DE9F04F53
S3150002EAD05B4B2DED028B1D6889B06F680023ADF884
S3150002EAE00A30002F3ED0FB68002B3BD016468146EB
S3150002EAF00C460DF10A0231463846D5F824A008F034
S3150002EB00D5F8FA78BDF80A301FFA84F8013B424478
S3150002EB1012B24B440092494622461BB204A8FEF7A3
S3150002EB20BBF904AA05F13C011046FEF7BFF998B1FC
S3150002EB30ADF80E40ADF80C903A78AC6A02F00303D9
S3150002EB40022B15D0032B73D0002B6AD0102009B0EC
S3150002EB50BDEC028BBDE8F08F002009B0BDEC028B44
S3150002EB60BDE8F08F162009B0BDEC028BBDE8F08F30
S3150002EB70D1064CBFDAF8D890DAF8CC90B9F1000F8A
S3150002EB80E4D0002CE8D03F794744BFB207F1010830
S3150002EB904B4608EE106AB9460FFA88F84FF0010B99
S3150002EBA01F4602E0A468002CD6D006AA04A9204675
S3150002EBB0FEF77CF90028F5D006AB18EE102A00976E
S3150002EBC003A9284609F0F4FAAB691B07EAD5BDF991
S3150002EBD01A304345E6DCBDF91E204245E2DBB5F9B3
S3150002EBE01C30002BD8BF012308EB030101F1FF31D2
S3150002EBF0CCBFADF80A30ADF80AB0914204DDA2EB03
S3150002EC0009031BB2ADF80A306A69BDF91810CDE9DD
S3150002EC1000322846BDF91C20DAF874604346B04734
S3150002EC20C0E7D0064CBFDAF8DC90DAF8D090A5E758
S3150002EC30D2064CBFDAF8D490DAF8C8909EE700BF45
S3150002EC4070D8062008B509F09FF9002008BD00BF5C
S3150002EC5070B50C4B82B00C4669461E68154600F02C
S3150002EC6023F808B102B070BD01A9204600F01CF8D5
S3150002EC700028F7D1DDE900122B46304609F092F959
S3150002EC8002B070BD70D80620024B1B6803600020DC
S3150002EC90704700BF70D80620024B1B6802469A8353
S3150002ECA00020704770D806200A4B1B685B6A6BB15E
S3150002ECB0DA6A824206D95B6923B153F820300B60C7
S3150002ECC00020704700230B60332070470B601D2025
S3150002ECD0704700BF70D8062000B583B001A9FFF7C0
S3150002ECE0E3FF034B019A1B681A6103B05DF804FB4C
S3150002ECF070D80620024B1968043109F0BDBC00BF6A
S3150002ED0070D8062000B583B001A9FFF7CDFF034BEB
S3150002ED10019A1B685A6103B05DF804FB70D806209D
S3150002ED200E4B70B51C6854B10646A36BDB0703D5C0
S3150002ED30236F9B69B34203D02469002CF5D170BDC1
S3150002ED402046FDF75BFAA568002DF5D02846FDF7AB
S3150002ED5055FA2D69002DF9D1EEE700BFE4E1062050
S3150002ED602DE9F843141E05460E4662D032DDB1F98E
S3150002ED700080B1F90490A9EB080909F10109A9EB90
S3150002ED8004094FEA4909B9F1000F21DDB1F9027010
S3150002ED90B1F906309F421BDCB0F94810444407FB28
S3150002EDA0014407FB0188816B01EB440401EB48082F
S3150002EDB0414620464A460CF0B9FFB6F90620B5F997
S3150002EDC048300137BA4204EB430408EB4308EFDA52
S3150002EDD0BDE8F883B1F90030B1F90470FF1A0137C2
S3150002EDE027447F00002FF3DDB1F90280B1F9062036
S3150002EDF09045EDDCB0F948101C1B08FB013308FBFB
S3150002EE000141846B04EB430304EB410421463A4679
S3150002EE1018460CF08BFFB6F90620B5F9481008F132
S3150002EE200108424500EB410304EB4104EEDABDE87A
S3150002EE30F883B1F90000B1F904703F1A0137002BCB
S3150002EE404FEA470728DDB1F90610B6F90280B5F98F
S3150002EE504820A1EB0808CE1A08F10108A8EB03081E
S3150002EE6001FB020302FB0600AE6BB8F1000F06EBD4
S3150002EE70430306EB4006ABDD314618463A460CF034
S3150002EE8055FF0134B5F94820A045A0EB4203A6EB95
S3150002EE904206F1D1BDE8F883B1F90220B1F9068044
S3150002EEA0B5F94810A8EB0208D61A08F101089844E9
S3150002EEB002FB010301FB0600AE6BB8F1000F06EB85
S3150002EEC0430306EB400683DD314618463A460CF00C
S3150002EED02DFF0134B5F94820A04500EB420306EBAD
S3150002EEE04206F1D174E700BF2DE9F041B0F83023B4
S3150002EEF0B0F8323384B00F46013A0021ADF804204F
S3150002EF00013BB0F93623ADF80210ADF80010064603
S3150002EF10B0F93413ADF806306846FEF711F802AAC6
S3150002EF2007F11C016846FDF7C1FFB0B3BDF90A40FF
S3150002EF30BDF90210BDF90800B6F93023BDF90C80FF
S3150002EF403569631ABDF90010411A02FB0311B7F8BD
S3150002EF5030333A6914FB030302EB4303BDF90E2077
S3150002EF60A8EB0008944208F1010805EB410514DC00
S3150002EF704FEA48082946184642460CF064FFBDF996
S3150002EF800E10B7F930C303460134B6F93003A14275
S3150002EF9003EB4C0305EB4005ECDA04B0BDE8F08167
S3150002EFA0F0B585B090F81EC00A9EBCF1000F25D0C0
S3150002EFB0BCF1FF0F24D10446B0F9480003FB001749
S3150002EFC0A36B002E8E4603EB470C17DD551A0B9BDF
S3150002EFD06F1C7F004FF0000E99B2002D08DB0CEB80
S3150002EFE00702634623F8021B9A42FBD1B4F9480092
S3150002EFF00EF1010E76450CEB400CEED105B0F0BDDC
S3150002F0000B9CCDF808C0CDE9006403F015FB05B0F2
S3150002F010F0BD00BF2DE9F04F834685B01846039335
S3150002F020DBF824309DF83890D3F8B080B8F1000FA1
S3150002F03032D0DBF84470B0F91850B7F90260B7F96C
S3150002F04000404368B21A611A02FB051AB7F9062094
S3150002F050964203EB4A0A1FDCB7F904309C42D8BF3A
S3150002F060554611DC35F8023BCDF800902146324672
S3150002F0705846C047B7F904300134A342F2DA039A7C
S3150002F080B2F91850B7F906200136B2420AEB450A20
S3150002F09002DBB7F90040E1E705B0BDE8F08F00BF3B
S3150002F0A02DE9F04F87B01D460593436A9DF84060EF
S3150002F0B0D3F8B0A0BAF1000F4ED0D0F84490B5F90B
S3150002F0C018301446B9F90220A2EB040BB9F9004034
S3150002F0D0611A0BFB031B696801EB4B010391E9689B
S3150002F0E08B44B9F906108A4236DCB9F904E01C4FA2
S3150002F0F0744526DC039BCDF810B0C4EBC4785D469C
S3150002F10003EB4808934615F8013B13FB06FCA7FBE5
S3150002F1100C2C2146CCF3C71C4BB138F81430CDF871
S3150002F12000C05A460290D047B9F904E00298013469
S3150002F130A645E8DA5A46DDE904B3B9F90610B3F989
S3150002F1401830039C013204EB4304914203949B441E
S3150002F15002DBB9F90040CBE707B0BDE8F08F00BF8C
S3150002F160818080802DE9F04F89B082469DF8480063
S3150002F170039007931846DAF824300591D3F8B010B5
S3150002F180029100296AD0DAF844504668B5F902803D
S3150002F190424580F28880B0F918100029C8BF0020C5
S3150002F1A009DC15E09C1C01339BB21844A4B28842C8
S3150002F1B006EB44060CDAB6F900403388002CC3F39A
S3150002F1C00E04EFDA631C1844884206F10406F2DBE9
S3150002F1D001324245E1D1B5F9063043453EDB079A95
S3150002F1E0B2F91810B346D146002933DD059CBBF9A6
S3150002F1F00030BBF80070002B33DBC4EBC47A631C0F
S3150002F2000BEB4A0A0493DE190AF1020A0697B5F9CC
S3150002F2100030A3420CDCB5F90430A3422146424633
S3150002F220484605DB039F3AF814300097029FB84719
S3150002F2300134A642EBD1069F049CBB1C3C440BEB5B
S3150002F240430B079BB3F91810059BCB189C42CEDBE8
S3150002F250B5F9063008F101084345C5DA09B0BDE83B
S3150002F260F08FC7F30E07631CBBF8026004930BF121
S3150002F270040B03EB070A0697B5F90030A3420BDC31
S3150002F280B5F90430A342214633464246484603DBDB
S3150002F290039F0097029FB8470134A245ECD1069F0F
S3150002F2A0049C3C44CDE7904695E700BF2DE9F04F1C
S3150002F2B02DED028B93F802E093F8038085B01EF0E1
S3150002F2C0020F9DF8407005461E468B46144612D024
S3150002F2D0B8F10E0F1AD11EF0040F00F0FB80334670
S3150002F2E0224659462846109705B0BDEC028BBDE86A
S3150002F2F0F04FFFF7D5BEB8F10F0F60D006D8B8F1C0
S3150002F3000A0F08D0B8F10E0F00F0EC8005B0BDEC84
S3150002F310028BBDE8F08FD3F80C90B9F1000FF5D04F
S3150002F320D0F844A0B3F91830BAF90220111BBAF981
S3150002F3300040A4EB0B0B01FB03BB71681EF0010F2F
S3150002F3408B4400F09180BAF906108A42DEDCBAF9E3
S3150002F35004C008EE100A3D461746644528DC0BF148
S3150002F360FF38CDF80CB018EE10BA18F8012F7369F1
S3150002F3709A42214604F1010412D059F8222000953E
S3150002F380C2F38523C2F3C44C5B0143EACC23C2F326
S3150002F390C402134358463A46F5F77CFEBAF904C04E
S3150002F3A06445E2DDDDF80CB0B6F91830BAF906109C
S3150002F3B001378F429B44A9DCBAF90040CDE7D0F869
S3150002F3C04480B3F91830B8F902A0B8F90010706891
S3150002F3D0AAEB0204A1EB0B0904FB039900EB490912
S3150002F3E0B8F90600824591DCB8F904C00C466445BA
S3150002F3F0D8BFA9F1020B03DD2CE00134644525DCFC
S3150002F4003BF8023F1A1212F0F002F6D03B49D8003E
S3150002F41001EA031100F4F0605B00014303F01E03EE
S3150002F4200B4342EA1212364912FB07F2A1FB021201
S3150002F430C2F3C712214600929BB252462846F5F7FE
S3150002F44029FEB8F904C001346445D9DDB6F918308D
S3150002F450B8F906000AF1010A824509EB43093FF7AA
S3150002F46055AFB8F90040C2E7BAF9060082423FF743
S3150002F4704DAFBAF90410039616460246A142A8BF3A
S3150002F480D8461FDB18F8013B59F823300097C3F31F
S3150002F490852CC3F3C4424FEA4C1C4CEAC22CC3F37C
S3150002F4A0C403214643EA0C0332462846F5F7F2FD29
S3150002F4B0BAF9041001348C42E4DD039BBAF9062042
S3150002F4C0B3F91830013696429B443FF71FAFBAF99B
S3150002F4D00040D3E7109705B0BDEC028BBDE8F04FB4
S3150002F4E0FFF740BE1EF0040F7FF4F9AE109705B089
S3150002F4F0BDEC028BBDE8F04FFFF78CBD00F0FFFFBD
S3150002F500818080802DE9F043476CB0F84840B7F916
S3150002F51000E0B7F90250B3F918C0866BB7F9048058
S3150002F520AA1AAEEB010115FB04E402FB0C11B7F9B2
S3150002F530062006EB44065C68954204EB4104A8EB00
S3150002F5400E081DDC08F101094FEA4909B8F1000F5E
S3150002F5500DDBB11E04EB090E224632F802CB21F86E
S3150002F56002CF9645F9D1B3F918C0B7F90620B0F91A
S3150002F57048100135AA4206EB410604EB4C04E5DAD3
S3150002F580BDE8F0832DE9F04F446A85B0D4F8B08027
S3150002F5900393B8F1000F3ED0476CB3F91850B7F990
S3150002F5A002B01446ABEB040AB7F900401A46611AD8
S3150002F5B05B680AFB051A03EB4A03B7F906100293C6
S3150002F5C0D3688B459A4426DCB7F90430D146824685
S3150002F5D09C4214DC029D4E4616F8012B35F8023B7E
S3150002F5E0009221465A465046C047B7F904300134C4
S3150002F5F0A342F1DA039AB7F90610B2F91850029A41
S3150002F6000BF1010B02EB450259450292A94402DBBA
S3150002F610B7F90040DCE705B0BDE8F08F2DE9F04F01
S3150002F62083B0D3F804C00190406CB0F90270BA42BC
S3150002F6301E460D4680F29280B3F918100029C8BF03
S3150002F64000240BDC1AE003F1020E01339BB21C44C8
S3150002F6501FFA8EFE8C420CEB4E0C0FDABCF900E060
S3150002F660BCF80030BEF1000FC3F30E0EEBDA0EF15A
S3150002F67001031C448C420CF1040CEFDB0132BA424A
S3150002F680DCD1019BB3F948409A6BB0F9063007FB0F
S3150002F6900458BB4202EB48083CDBB6F918100029B5
S3150002F6A033DDC6462B46BCF90020BCF800A0002A72
S3150002F6B033DBC3EBC3794FEA490909F1020B5C1C40
S3150002F6C004EB0A01E344F144B0F900209A4207DC54
S3150002F6D0B0F904209A42A4BF3BF8132029F813205C
S3150002F6E001338B42F0D10AF101025200911C0AEB5E
S3150002F6F004038C449644B6F918104A199342D2DB95
S3150002F700019BB3F94840B0F906300137BB4208EB1A
S3150002F7104408C4DA03B0BDE8F08FCAF30E0A5C1CD3
S3150002F720C3EBC371BCF802900EEB41010CF1040C61
S3150002F73004EB0A0BB0F900209A4205DCB0F904206A
S3150002F7409A42A8BF21F8139001335B45F2D10AF120
S3150002F75001020AEB04030EEB420ECCE7174690E7D2
S3150002F7602DE9F04F2DED028B8046406A8BB0D0F822
S3150002F770B0000490CDE9061300287DD0D8F8446085
S3150002F78098F81E10B6F902B05D6803915A4580F2E8
S3150002F790CF80B3F918000028C8BF002108DC14E0A6
S3150002F7A00133DCB223461944814205EB84050CDAA7
S3150002F7B095F900402B78002C03F07F04F0DA631CE5
S3150002F7C01944814205F10405F2DB01325A45E2D1C0
S3150002F7D0B6F906309B454FDC079AB2F91800AA46DD
S3150002F7E04746002844DD069C9AF900309AF80080C4
S3150002F7F0002B60DB039BFF2B04F1010308EE107A5A
S3150002F80005930AF1040503EB08093AD0B6F900306C
S3150002F810A34217DCB6F90430A34218EE100A2146B9
S3150002F8205A460FDB15F803CC039F35F8023C1CFB46
S3150002F83007FC404FA7FB0C7CCCF3C71C049FCDF8FA
S3150002F84000C0B84701344C4505F10405DED1079ADC
S3150002F850059CB2F9180008F1010318EE107A444427
S3150002F8600AEB830A069BC318A342BDDCB6F906302F
S3150002F8700BF1010B5B45B4DA0BB0BDEC028BBDE8B4
S3150002F880F08FB6F90030A3420FDCB6F90430A3427A
S3150002F89018EE100A21465A4607DB15F803CC35F84E
S3150002F8A0023C049FCDF800C0B8470134A14505F1DA
S3150002F8B00405E6D1CBE79AF8015008F07F0808F173
S3150002F8C001081DB90AF1040A4444CBE7039BBAF8BE
S3150002F8D00290FF2B0AF1040A06D015FB03F5154B1D
S3150002F8E0A3FB0535C5F3C71508F1FF381FFA88F3E0
S3150002F8F0621C0993059202EB03080895B6F90030DB
S3150002F900A3420BDCB6F90430A34221464B465A46C3
S3150002F910384603DB089D0095049DA8470134A0459F
S3150002F920ECD1079B099CB3F91800059B1C4499E787
S3150002F93093464DE7818080802DE9F04F8BB007908A
S3150002F940807FCDE9030170B11E46DB780A3B114682
S3150002F950072B08D8DFE803F02F0707070A1C070A58
S3150002F960039BFF2B1CD10BB0BDE8F08FB378580771
S3150002F9707ED59A0700F18184039BFF2B10D10A469C
S3150002F9800798049933460BB0BDE8F04FFFF7FABD6E
S3150002F990B3789B0700F1CC80039BFF2B00F07684A3
S3150002F9A0039B00930A46079804993346FFF77EFCA9
S3150002F9B00BB0BDE8F08FF3680593002BD0D0B37877
S3150002F9C0DF0765D59D0700F17681039BFF2BE7D103
S3150002F9D0079C049AD4F844E0B4F84800BEF9003013
S3150002F9E0BEF902C0BEF9049077681CFB0038B6F96E
S3150002F9F018009A1AACEB0101A9EB0309BEF906300D
S3150002FA0001FB0022A16B9C4501EB48081744AADCC6
S3150002FA10DDF814A0B346B9F1000F1EDBDBF8146063
S3150002FA20791E07EB0905404611F8013FB3420CD097
S3150002FA305AF82330C3F38522C3F3C444520142EA7F
S3150002FA40C422C3F3C403134303808D4200F10200B0
S3150002FA50EAD1BBF91800BEF90630079A0CF1010C7F
S3150002FA60B2F948209C45074408EB4208D3DD7AE701
S3150002FA70039AFF2A94D113F0020F0A4607980499B3
S3150002FA80334600F05D840BB0BDE8F04FFFF7C6BD0C
S3150002FA909C077AD4039BFF2B82D1079C049AD4F845
S3150002FAA044E0B4F84800BEF90030BEF90270BEF96F
S3150002FAB00480756817FB003CB6F918009A1A791A81
S3150002FAC0A8EB0308BEF9063001FB0022A16B9F4298
S3150002FAD001EB4C0C15443FF746AFDDF814B008F1C4
S3150002FAE00109B8F1000F19DB05EB090A6046294640
S3150002FAF011F8013B5BF82330C3F38522C3F3C444F8
S3150002FB00520142EAC422C3F3C4031343514520F807
S3150002FB10023BEDD1B6F91800BEF90630079A013755
S3150002FB20B2F948209F4205440CEB420CD9DD1AE794
S3150002FB30079B74685D6CB5F90220914280F23181AF
S3150002FB40B6F918000028C8BF00270BDC19E003F13C
S3150002FB50020C01339BB21F441FFA8CFC874204EB52
S3150002FB604C040EDAB4F900C02388BCF1000FC3F3CB
S3150002FB700E0CECDA0CF101031F44874204F1040473
S3150002FB80F0DB01319142DDD10CE1079BD6F804A0EE
S3150002FB905D6CB5F902B0594580F2D983B6F9180001
S3150002FBA00028C8BF002206DC13E09C1C01331A445D
S3150002FBB08242A2440DDA9AF900409AF80030002CEB
S3150002FBC003F07F04F1DA631C1A4482420AF1020A44
S3150002FBD0F1DB01315945E3D1079C0498B4F9483069
S3150002FBE0A26BB5F906100BFB030002EB4002594566
S3150002FBF00992FFF6B8AEB6F91800DDF80C90089631
S3150002FC005A4606462046002E4DDD099B049C079364
S3150002FC109AF900309AF80060002BC0F2D481B9F14B
S3150002FC20FF0F0AF1010A04F1010800F0098208EB4C
S3150002FC30060B574604E001345C4507F1010723D061
S3150002FC40B5F90030A342F6DCB5F90430A342F2DB83
S3150002FC503B780599069251F82310CDF80090C1F32E
S3150002FC608523C1F3C44C5B0143EACC23C1F3C4012F
S3150002FC700B43214601340390F5F70CFA5C45069ACC
S3150002FC80039807F10107DBD106EB08040136B244FB
S3150002FC90089BB3F91860049BF318A342B8DCB0F9C9
S3150002FCA04830B5F90610099C013204EB43048A4236
S3150002FCB00994A8DD57E6079B77685D6CB5F902A043
S3150002FCC0514580F24283B6F918000028C8BF0022C7
S3150002FCD006DC12E09C1C01331A44824227440CDAE9
S3150002FCE097F900403B78002C03F07F04F2DA631C9C
S3150002FCF01A44824207F10207F2DB01315145E4D18F
S3150002FD00079A0498B2F94830B5F90610926B0AFBC5
S3150002FD10030002EB400251450992FFF624AEB6F902
S3150002FD2018005246002834DD099B049C069397F975
S3150002FD30003097F80080002BC0F2DC81039BFF2B7A
S3150002FD4007F1010B04F1010A00F033820AEB0809FC
S3150002FD5017F8013F71698B4208D0B5F90010A1422C
S3150002FD6004DCB5F90410A14280F20D8201344C453F
S3150002FD70EED108F10107B6F9180008EB0A045F4450
S3150002FD80049BC318A342D2DC079BB5F90610B3F94C
S3150002FD904830099C013204EB43048A420994C1DDCE
S3150002FDA0E1E50A46B5F906309342FFF6DCADB6F94F
S3150002FDB018000696014607989246264600295ADDFD
S3150002FDC0049CB146B9F90030B9F80070002BC0F2B4
S3150002FDD08380039BFF2BC4EBC47309F1020B04F16E
S3150002FDE0010809EB430909F1020908EB070603D1E9
S3150002FDF046E00134B4422ED0B5F90030A342F8DC15
S3150002FE00B5F90430A342F4DB39F81410039A0590CD
S3150002FE104FEA212C0CF0F00343EA1C1313FB02F306
S3150002FE20B34AA2FB0323C3F3C71300934FEAC10CE1
S3150002FE300B010CF4F06C03F47043490043EA0C0323
S3150002FE4001F01E010B43524621460134F5F722F911
S3150002FE50B4420598D0D1069B07F10109B3F91810EF
S3150002FE6007EB08040BEB4909049BCB18A342A9DC58
S3150002FE70B5F906304E460AF1010A9A459EDD72E54B
S3150002FE80B5F90030A34223DCB5F90430A3421FDBE7
S3150002FE9039F814304FEA031CD9004FEA232E01F435
S3150002FEA0F0610CF4704C4CEA010C5B000EF0F001B0
S3150002FEB003F01E0351EA1E1143EA0C0308D0FF2980
S3150002FEC07AD00091524621460590F5F7E3F8059857
S3150002FED00134B442D4D1BEE7B9F80220131203F0BA
S3150002FEE0F00656EA1316C7F30E0709F1040957D0AE
S3150002FEF01301D10003F4704301F4F0611943530076
S3150002FF00039A03F01E03FF2A43EA010328D012FBD9
S3150002FF1006F6774A04F10108A2FB0626C6F3C716BF
S3150002FF2008EB070B02E001345C4513D0B5F900106B
S3150002FF30A142F8DCB5F90410A142F4DB2146009691
S3150002FF405246013407930590F5F7A4F85C45079BE2
S3150002FF500598EBD1069B07EB0804B3F9181083E763
S3150002FF6004F1010808EB070BB5F90020A2420EDCEA
S3150002FF70B5F90420A2420ADBFF2E14D000962146D0
S3150002FF80524607930590F5F785F8079B05980134C5
S3150002FF905C45E9D1069B07EB0804B3F9181063E741
S3150002FFA001343C4460E75246214607930590F5F733
S3150002FFB03DF80598079BEAE7524621460590F5F774
S3150002FFC035F8059884E79AF80130059951F8231017
S3150002FFD006F07F06B9F1FF0FC1F3C44EC1F38527C0
S3150002FFE00AF1020A06F1010CC1F3C4015CD04FEA20
S3150002FFF0471B0CF1FF364BEACE2BB6B204F10108D1
S315000300004BEA010B08EB060702E00134BC4214D0AD
S31500030010B5F90010A142F8DCB5F90430A342F4DBCC
S315000300202146CDF800905B46013406920390F5F71E
S3150003003031F8BC42069A0398EAD106EB080427E690
S31500030040079B059FC4EBC47E07EE902A03EB4E0E77
S3150003005008EB060C5346B5F90010A14214DCB5F9BA
S315000300600410A14210DB197857F82110C1F3852B30
S31500030070C1F3C4424FEA4B1B4BEAC22BC1F3C40183
S3150003008041EA0B012EF814100134644503F1010310
S31500030090E1D1079B06EB0804013603EB460317EE93
S315000300A0902A0793B244F3E57F0147EACE27079EDA
S315000300B00CF1FF3339439BB204F10108C4EBC47757
S315000300C006EB470708EB030EB5F90060A64205DC0D
S315000300D0B5F90460A642A8BF27F814100134744585
S315000300E0F2D1079901EB4C01079103EB0804CFE525
S315000300F0818080807978736908F07F08994208F1D6
S31500030100010800F08E80059B53F82130C3F3C44CDD
S31500030110C3F38521C3F3C40E039BFF2B1FFA88F099
S3150003012000F085804FEA411B04F1010A4BEACC2B10
S3150003013000F1FF384BEA0E0B53461FFA88F80AEB19
S315000301400809B2465E469B4602E001344C4513D08D
S31500030150B5F90010A142F8DCB5F90410A142F4DBAD
S31500030160039B009321460798089233460134F4F71C
S3150003017091FF4C45089AEBD1BAF91800564608EB9D
S315000301800B040237FCE50599089251F82310039BEB
S315000301900093C1F38523C1F3C4405B0143EAC02343
S315000301A0C1F3C4010B4307982146F4F773FF089A7A
S315000301B0DCE5069B7069C4EBC47E07EE902A03EB6D
S315000301C04E0E0AEB080117F8013F834218D0B5F922
S315000301D000C0A44514DCB5F904C0A44510DB059A98
S315000301E052F82330C3F3852CC3F3C4494FEA4C1C9E
S315000301F04CEAC92CC3F3C40343EA0C032EF81430A8
S3150003020001348C42DFD1069BB6F9180008F10107C9
S3150003021003EB470317EE902A08EB0A0406935F44A1
S31500030220AEE5069B03EB480306934444A9E749015D
S3150003023041EACC214EEA01030138069980B204F162
S31500030240010AC4EBC47C01EB4C0C0AEB000EB5F9B6
S315000302500010A14205DCB5F90410A142A8BF2CF891
S31500030260143001347445F2D1069B03EB480300EBCB
S315000302700A040693B6F9180083E70A460798049911
S3150003028033460BB0BDE8F04FFFF76ABA079B049AF3
S315000302905F6CB6F91800B7F90280B7F900407368C6
S315000302A0A8EB0101A4EB020901FB009903EB490941
S315000302B0B7F9063098453FF756ABB7F90420254DF5
S315000302C0DDF81CB09442D8BFA9F1020A0BDD2DE07C
S315000302D00091424621465846F4F7DCFEB7F904205E
S315000302E0013494421EDC3AF8023FD90005EA0310B2
S315000302F001F4F061084319125B0003F01E03034384
S3150003030001F0F00050EA11119BB2E9D0FF29DFD1C9
S31500030310424621465846F4F789FEB7F904200134CC
S315000303209442E0DDB6F91800B7F9063008F1010882
S31500030330984509EB40093FF716ABB7F90040C1E70B
S315000303400BB0BDE8F04FFFF7DDB88A46D8E48B461D
S3150003035042E400BF00F0FFFF400080B2704700BFD9
S315000303602DE9F04F93B0857FDDF870900290002D54
S3150003037077D0FF2D78D10C469046591AA9EB020285
S315000303801E4681EAE17A82EAE273AAEBE17AA3EBFB
S31500030390E2739A4580F2E680C145C0F2E68092FB9D
S315000303A0F3F291FBFAF1002A0792029A0591B2F948
S315000303B048200393D8BF5142029BD8BF089121B26C
S315000303C0D3F844B0ADF830100A910FFA88F19F6B59
S315000303D0ADF832105B69C8BF08920B9102FB084562
S315000303E00C99069302FB0962584607EB450507EB92
S315000303F04207FCF789FD039B00283CD0ADF830602B
S31500030400ADF832900C995846FCF77EFD039B90B3EA
S315000304109A45C0F2D181029AB2F94800916B08FB62
S31500030420004809FB0069B44201EB480801EB49099E
S315000304304FEA6A0215DC0899BDF8180049002644FC
S315000304404F42924504F1010403DCA2EB0A028844FD
S31500030450B944351BA54228F8020B1A4429F80209A8
S31500030460EFDA13B0BDE8F08FCDE9009502F010F98D
S3150003047013B0BDE8F08FA219099342F34F0308EBBB
S31500030480090242F34F02ADF83430ADF836200D9928
S31500030490039358460492FCF737FD099B00286ED058
S315000304A09A45C0F2BE8003998C424FEA6A0280F2F3
S315000304B0FD81089904924FEA410EBBF90000DDF86D
S315000304C00CC002971146079A8A4503DC9044A1EBB8
S315000304D00A017544A04208DCBBF90270474504DCF7
S315000304E0BBF90670474580F2D7810134644505F1AF
S315000304F002051944E8D1029F049A0398BDF818C06F
S3150003050001308A45D8BF754404F10104D8BFA1EB75
S315000305100A01A04225F802CB1944F2D103998E426F
S315000305209FDD0899039DDDF81CC04C00BBF9041040
S315000305306442924504DCA9EB0C09A2EB0A022744A8
S31500030540B14208DBBBF90200484504DCBBF90600EF
S31500030550484580F21D81013EAE42A7F102071A44C7
S31500030560E7D17EE7A642BFF61AAF41462046A8EB7F
S315000305700902C8468946A11B344606460FE79A4533
S31500030580C0F2BD800A9AADF83820039AADF83C2034
S31500030590079A012A00F04681049AADF83A200B9A8D
S315000305A0ADF83E2010AA0EA958460293FCF77EFC2E
S315000305B0DDE90232002840F03081B11A089A52422E
S315000305C00892079A5242344607923D464FF0FF3649
S315000305D000294FEA6A027FF744AF0898DDF81CE06A
S315000305E04FEA400C7700924503DCF1446544A2EBE5
S315000305F00A02BBF90000A0421A440DDCBBF9040051
S31500030600A04209DBBBF90200484505DCBBF906003D
S315000306104845A4BF0698288001393D443444E2D1B5
S315000306201FE7049989454FEA63028C462DDD059938
S31500030630CDF81CC0480040420390CDE908250A9432
S31500030640BBF900E00498DDF80CC0029D059C114639
S315000306508B4202DC361BC91A6744B64508DCBBF974
S315000306600420B24204DBBBF906204A4580F2F0803F
S31500030670B5F9482009F1FF3981455144A7EB4207F3
S31500030680E6D1DDE907C2DDE909540499884580F21C
S31500030690D7800599BBF90060049FDDF808E04800A0
S315000306A08946934202DC4C44D21A0544A64208DC2E
S315000306B0BBF90410A14204DBBBF90210414540F328
S315000306C0BF80BEF9481008F10108B845524405EB4E
S315000306D04105E6D1049CBDF81860029F013493429C
S315000306E0D8BF2D180CF1010C2E80B7F94810D8BFCE
S315000306F0D21A6445524405EB4105F0D1B1E60B9A93
S31500030700ADF83A20049AADF83E20059A012A00F086
S3150003071090800A9AADF83C20039AADF8382010AAC7
S315000307200EA958460393FCF7C1FB039B002865D02B
S31500030730049AA2EB0801029AB2F948000131C146B4
S31500030740012700294FEA63027FF78BAE460005981F
S315000307504FEA400C8646934202DC74446544D21A3F
S31500030760BBF90000A04252440DDCBBF90400A042D1
S3150003077009DBBBF90200484505DCBBF90600484521
S31500030780A4BF0698288001393544B944E3D168E605
S315000307900398B042BFF665AEBDF818109245D8BFB0
S315000307A03F1906F1FF36D8BFA2EB0A02864227F8A5
S315000307B002191A44F2D154E6C8454FEA63023FF7D9
S315000307C050AE0599DDF808C04C00BDF81810C144B9
S315000307D06642934208F1010802DC25443744D21AE3
S315000307E029803980BCF9480005EB4005A7EB400793
S315000307F0A9EB080080455244EBDD32E6029AB2F9D2
S315000308004800049AA9EB0201059A52423D4640422A
S31500030810059234464FF0FF3793E7111B0131C1466A
S315000308200126D5E60B9AADF83A20049AADF83E2098
S31500030830B8E6039AADF83C200A9AADF838206EE77D
S31500030840049988453FF70DAE0599C446480041E72C
S3150003085004984845DDE907C2DDE90954BFF615AF3B
S31500030860CDF820B0DDE902EBCDF81CC0BDF8186069
S31500030870DDF810C08B42D8BF5F4409F1FF393E80D3
S31500030880BEF94800D8BFC91AE1455144A7EB400752
S31500030890F0D1DDE907CBF8E6029F049A0398844278
S315000308A03FF73CAE08984FEA400E26E61146F5E7B9
S315000308B0F0B585B0877F0A9D67B3FF2F24D1044621
S315000308C0501AB4F9482001FB023CA36B03EB4C0C12
S315000308D0431C002B8E461DDD0B9B6E004FF0000E56
S315000308E099B2002D08DD0CEB0602634623F8021BC2
S315000308F09342FBD1B4F9482070450CEB420C0EF140
S31500030900010307D09E46ECE70B9C0297CDE9005402
S3150003091002F05CF905B0F0BD2DE9F04FB0F83023D5
S31500030920B0F8323387B00D460191013A0021ADF894
S315000309300C20013BB0F93623ADF80A10ADF80810C8
S315000309400746B0F93413ADF80E3002A8FCF7F8FAEF
S3150003095004AA05F11C0102A8FCF7A8FA002863D033
S31500030960BDF91290BDF91040BDF90A10BDF908B0E2
S31500030970B7F930233B6997F83803B5F830A3A9EBE9
S315000309800101A4EB0B0B02FB01BBBDF9161003EB34
S315000309904B0B2B69464219FB0A4A8945F6B203EB10
S315000309A04A0A41DCBDF914309C422FDCD646D846B0
S315000309B038F8023BBEF8005003F01F0205F01F0192
S315000309C012FB00F201FB0622C3F3451CD90A00FB06
S315000309D001F11CFB00F3C5F3451CED0A0CFB0633C2
S315000309E006FB0511C2F30422DB08091203F4FC63B8
S315000309F042EAC12213432EF8023BBDF914300134F7
S31500030A00A342D5DAB7F93023BDF91610019C09F1D3
S31500030A100109B4F9304349450AEB440A0BEB420B8F
S31500030A2002DBBDF91040BFE707B0BDE8F08F00BF9A
S31500030A302DE9F04F2DED028B446A97B0D4F8B0A0A0
S31500030A401391BAF1000F00F0638190F81EB0BBF169
S31500030A50000F78D0139CB2F90060B4F90010B4F912
S31500030A6004509C7A6D1A073405F10108E4081094C2
S31500030A7006EB080406F007074FEAD60C04F1070E47
S31500030A80CCEBEE05C7F1070CC7F108071197012751
S31500030A9007FA0CF7FFB21297012D476909951497C8
S31500030AA000F0038214F0070408BF0824B2F90220F9
S31500030AB01B68002A40F01581139DB5F90220B5F98C
S31500030AC00650BBF1FF0FA5EB0205079503EBE60303
S31500030AD005F1010500F01F81002D34D0099DCDF8E5
S31500030AE00CB00133012D0C9314BF23460823079C36
S31500030AF00D93531C1C4408EE100A0F9315940E46CF
S31500030B000999002900F0F4800C9BDDE911549846FD
S31500030B1013F8017CBDF85030CDF808800139D3466F
S31500030B2018EE10AA4FF000090B919046023D062DD0
S31500030B3000F2C281DFE815F0C200BB00B200A700D5
S31500030B409A000C00C70017B0BDEC028BBDE8F08F0E
S31500030B5062080A92A2080892E208069222090592FE
S31500030B60620904923C42029A07924FEA941507D00F
S31500030B70039A00923146424650460E93D8470E9B3F
S31500030B8001360A9A3A4207D0039A00923146424600
S31500030B9050460A93D8470A9B0136089A3A4207D029
S31500030BA0039A00923146424650460893D847089B1B
S31500030BB00136069A3A4207D0039A009231464246D4
S31500030BC050460693D847069B0136059A3A4207D004
S31500030BD0039A00923146424650460593D847059BF1
S31500030BE00136049A3A4207D0039A009231464246A6
S31500030BF050460493D847049B01363D4207D0039AD7
S31500030C0000923146424650460493D847049B099ABC
S31500030C1009F101094A4506F1010668D9079A1778C9
S31500030C20029A013202920B9A91454FF080045CD0EE
S31500030C3004220221CDE90412082206921022089208
S31500030C4020220A920125402480223A4207D0039AA1
S31500030C5000923146424650460793D847079B029A6D
S31500030C6007923C4206F101068AD081E762080892A0
S31500030C70A2080692E208059222090492029A0A94AD
S31500030C80650907927DE762080692A2080592E208C3
S31500030C900492029A0894250907927EE76208059250
S31500030CA0A2080492029A0694E508079281E762086D
S31500030CB00492029A0594A508079286E7029A049479
S31500030CC0650807928DE7A2080A92E20808922209AC
S31500030CD0069262090592A2090492E509224664086E
S31500030CE0B3E7109D05FB0233E6E60D9D1EE7DA46E4
S31500030CF00C9B109A159913440C930F9B8B421A461F
S31500030D003FF421AF01330F93139BB3F90010F6E6BB
S31500030D104FF0FF0B9EE6002D3FF415AF099DBDF87E
S31500030D2050600133012D049314BF23460823059312
S31500030D30B0F8483012FB0311836B03EB41030393B3
S31500030D400023069307EE900A6B1E0293AA46BAF196
S31500030D50000F00F09580049C129814F8012C039B55
S31500030D60119D0021023D062D00F2AA80DFE805F061
S31500030D70606B647055047900104218BF1E804FEAF9
S31500030D80500B4FEA90094FEAD00E4FEA101C470961
S31500030D908509A04602331BEA020F18BF1E800233E1
S31500030DA019EA020F18BF1E8002331EEA020F18BF8C
S31500030DB01E8002331CEA020F18BF1E80023317423D
S31500030DC018BF1E800233154201F1010118BF1E80B0
S31500030DD08A4503F1020353D9029D98F800208D42F8
S31500030DE004F101044FF0800048D0012502274FF09B
S31500030DF0040C4FF0080E4FF010094FF0200B402063
S31500030E004FF0800818EA020F18BF1E800233104203
S31500030E1018BF1E80A0460233BDE74FEA50094FEACA
S31500030E20900E4FEAD00C070945098346A046B2E760
S31500030E3045080746A046C2E74FEA500C8708C5088F
S31500030E408646A046B1E7470885088446A046B1E72B
S31500030E504FEA500E4FEA900CC70805098146A04693
S31500030E609EE74FEA900B4FEAD0094FEA101E4FEA6E
S31500030E70501C8709C50980464008C3E7059D71E7ED
S31500030E80049B109A07991344049317EE903A039A16
S31500030E90B3F9483002EB4303069A03938A4202F1FD
S31500030EA001033FF450AE069351E7119D072CD8BFBB
S31500030EB0454611950024F9E5029A079225469CE6D4
S31500030EC00546A0467FE700BF2DE9F04F2DED028BC7
S31500030ED09B468BB0837F0293002B00F09F801646C0
S31500030EE0169A12680392002A00F09880FF2B0D468B
S31500030EF000F09980937813F0040700F0088113F04B
S31500030F00020F436A00F01F82D3F8B0300693002B1A
S31500030F1000F08E83169B5B68002B00F0C482B142FF
S31500030F2000F3C182039BB3F91820169B5B6993FBFD
S31500030F30F2F102FB1133EB1A9E420593C0F28D8345
S31500030F4008EE100A1346A9465A460598169C191820
S31500030F508142A76840F3688318EE10BA044614E08A
S31500030F600299787810FB01F09B49A1FB0010C00998
S31500030F7008F07F0840F00E8308F101084444043763
S31500030F8005995918A14240F34F8397F9001097F832
S31500030F9000800029E4DB631C07933D1D03EB080A6D
S31500030FA00897A14514DCA64212DB15F8031C029B25
S31500030FB0069F049211FB03F1874BA3FB0131C1F397
S31500030FC0C71135F8023C009158462146B847049AA2
S31500030FD00134544505F10405E3D1DDE90747039BD5
S31500030FE0444408F10108B3F9183007EB8807C7E74B
S31500030FF0039A1699B2F918208C68002B40F01882D0
S3150003100004EB4204169B9C600399D1E90123134424
S315000310109C4203D3CB6816998A60CB600BB0BDECB8
S31500031020028BBDE8F08F039B9B7813F0040400F05A
S31500031030D58013F0020F436A00F0C381D3F8B030B2
S315000310400593002B00F00283169B5B68002B00F0D0
S315000310500D82B14200F30A82039BB3F91820169B53
S315000310605B6993FBF2F102FB1133EB1A9E42049385
S31500031070C0F2F58208EE100A11465A460498169CE9
S315000310800B188342A46840F3CB8218EE10BA82464B
S315000310900EE0677809F07F09002F40F09C8209F182
S315000310A00109CA440434049BCB18534540F3B88260
S315000310B094F9003094F80090002BEADB0AF101035F
S315000310C05746069304F1040803EB090A0794BD4245
S315000310D00CDCBE420ADB18F8031C38F8023C059CFC
S315000310E00091584639460292A047029A013757455E
S315000310F008F10408EBD1DDE906344B449A46039B19
S3150003110009F10109B3F9181004EB8904CBE713F0CD
S31500031110020F436A00F0D880D3F8B0300593002B52
S3150003112000F08682169B5B68002B00F0D981B142E2
S3150003113000F3D681039BB3F91820169B5B6993FBD7
S31500031140F2F102FB1133EB1A9E420793C0F2ED80D4
S31500031150B2460799169C53189942A76837DA0C4684
S31500031160B7F90030B7F80080002BC0F2F381C4EB67
S31500031170C47907EB490909F1020304F1010909EBF3
S315000311800806CDF820800693B846A5420CDCA24596
S3150003119021465A4608DB069B029F33F81430009714
S315000311A0059F0490B84704980134B442EDD14746ED
S315000311B0DDF8208008EB090408F1020807EB48076D
S315000311C0039BB3F91820079BD318A342C8DC9A459F
S315000311D0C0F231820793BCE78180808013F0020F4F
S315000311E0169B5B683FF404AF002B4FD0B1424DDC36
S315000311F0039F169BB7F918205B69B0F9481093FB58
S31500031200F2F902FB1933A5EB0309806B0BFB019182
S315000312104E4500EB410EFFF6F5AE169BD3F808A03C
S31500031220394602EB0900814580F209824B46544652
S31500031230B4F9000022880028C0F27081C3EBC3779B
S315000312407F0007F1020803F1010CA04477440CEB7D
S3150003125002009D4205DC9E42A4BF38F813B027F86E
S3150003126013B001338342F4D102EB0C030132520073
S31500031270964402321444B1F9182002EB0900834262
S31500031280D6DB8642FFF6BEAE8146CAE7039BB3F9B9
S315000312901800169B00289C687FF7B4AE002209E06D
S315000312A0991C89B201339BB204EB41041A4482426E
S315000312B0BFF6A8AEB4F9001023880029C3F30E01C4
S315000312C0EEDA4B1C0434F1E7D3F8B070169B002F0B
S315000312D000F0AF81039A5B68B2F91840169AD2F808
S315000312E0088003B3B1421EDC536993FBF4F95A46F3
S315000312F0B346029E04FB1939824638F81930009624
S3150003130009F101092946504602920135B8474C4571
S31500031310D8BFA9EB0409AB45029AEEDA169BD3F8BC
S3150003132008801B68039308EB4407169B9F60039989
S31500031330D1E9012313449F42BFF46CAE0BB0BDEC5D
S31500031340028BBDE8F08FD3F8B070169B002F00F028
S315000313507081039A5B68B2F9188043B3B14226DC05
S31500031360169B5C69D3E902A994FBF8F308FB1344C3
S3150003137019F804207AB1029B039012FB03F2B14BD6
S31500031380A3FB0232C2F3C7123AF81430009229467D
S315000313905A46B84703980134A04505F10105D8BF5D
S315000313A0A4EB0804AE42E3DA169B1B680393169B71
S315000313B0169AD3E9027307EB48074344C2E902735B
S315000313C0B5E7D3F8B080169BB8F1000F00F03C8167
S315000313D0039A5B68B2F9187003B3B1421EDC169B1D
S315000313E05C69D3E902A994FBF7F35A4607FB134456
S315000313F0B346064619F804103AF81430009101343E
S315000314002946304602920135C047A742D8BFE41B9E
S31500031410AB45029AEEDA169B1B680393169B169A44
S31500031420D3E9024304EB47043B44C2E90243EBE539
S31500031430B5423FF7E5ADB0F94830816B0BFB03537B
S3150003144001EB4301169B5B6993FBF2F0013602FB4A
S31500031450103334F8130021F8020B01339A4205F1D5
S315000314600105D8BF9B1AB542F3D1C9E5039BB3F96E
S315000314701800169B00289C687FF7C4AD002208E07D
S315000314800133D9B20B4604EB81041A448242BFF6F8
S31500031490B9AD94F900102378002903F07F01EFDA40
S315000314A004344B1CF1E7039BB3F91800169B002881
S315000314B09F687FF73AAF002208E00133D9B20B46A3
S315000314C007EB81071A448242BFF62FAF97F9001044
S315000314D03B78002903F07F01EFDA04374B1CF1E771
S315000314E0039BB3F91800169B00289F687FF71DAF6F
S315000314F0002209E0991C89B201339BB207EB41072D
S315000315001A448242BFF611AFB7F900103B8800298F
S31500031510C3F30E01EEDA4B1C0437F1E7C2F30E02F6
S3150003152003F1010CC3EBC377B4F802800EEB470754
S3150003153004340CEB02009D4203DC9E42A8BF27F84D
S31500031540138001338342F6D102EB0C0301320EEB17
S31500031550420E90E67E883B1DC8F30E0804F101098E
S3150003156008EE106A069309EB0807A5420BDCA245B1
S3150003157018EE103A07DB029A0092059E0490214664
S315000315805A46B04704980134BC42EED1069F08EB95
S31500031590090415E6C3B2B7F802A008930437631C1F
S315000315A0079303EB08050997A1450ADCA64208DB66
S315000315B0089B0093069F0492214653465846B84714
S315000315C0049A0134AC42EFD1079C039B099FB3F9FC
S315000315D018304444D4E46388CDF820900AF101011D
S315000315E0043401EB09080691A14655450ADC564524
S315000315F008DB059C00975146584607930292A0477D
S31500031600079B029A0AF1010AC245EED1069B4C4694
S31500031610DDF820904B449A46039BB3F9181042E534
S315000316209E4216DB049329E58E4204DB05918CE486
S31500031630169B9F687BE6169B1B68039375E65446C9
S315000316401FE600BF818080809C68DDE4169B9C6852
S31500031650DAE4169B1B680393D4E4002765E60024AB
S31500031660D0E400BF00B583B09C4686460B46DCE952
S3150003167001010092724602F00FFD03B05DF804FB10
S31500031680080A4B0903F4FC6300F478401843C1F3DA
S31500031690C4010843704700BFF0B5A1B01546022246
S315000316A0009206460C460AA8D3E901120E23FAF75E
S315000316B049FA0AA803A9FAF77DFA08B121B0F0BDE1
S315000316C0084F03AB2A4621463046FEF735F9049800
S315000316D03B68984706980028F0D03B68984721B0A6
S315000316E0F0BD00BF04E006202DE9F04F87B0DDE929
S315000316F01174DDE913564FF0000BCDE9020104A87E
S31500031700C7F800B0C7F804B05946C4F800B0C4F827
S3150003171004B0C5F800B0C5F804B0C6F800B0C6F802
S3150003172004B00090584690469946C2F1000AFBF76A
S31500031730C7F905AB00934246109B59465846FBF73B
S31500031740BFF9B9F1590F109B0FFA8AFA0FFA88F805
S315000317503EDC5A2B68DCBDF914E0BDF916C0BDF9B1
S315000317601020BDF91230BDF80800BDF80C108644F0
S31500031770A7F800E00B44FB8023888C44A7F802C03B
S3150003178002440344BA80238063880B446380A3889E
S315000317900344A380E3880B44E3802B8803442B8014
S315000317A06B8832880B446B80AB880344AB80EB8831
S315000317B00B44EB80738802440B4432807380B288F7
S315000317C0F38810441944B080F18007B0BDE8F08F68
S315000317D0B9F1B30F18DCB42B66DDBDF812307B808C
S315000317E0BDF81030BB80109BA7F800A0B3F5877F28
S315000317F0A7F806B0A4F800A0A4F802B000F3E080AE
S31500031800BDF81430A38043E0B9F5877F55DAB3F505
S31500031810877F00F39C80BDF910E0BDF912C0BDF9C6
S315000318201420BDF916309EE7BDF81030BB80BDF815
S315000318301230FB80109BA7F800B0B42BA7F802A0C8
S315000318401FDD109BA4F800A0B3F5877FA4F802A0C0
S31500031850A4F804B0A4F806B000F39980A5F800A094
S31500031860A5F802B0BDF81430AB80BDF81630EB8096
S31500031870B7F900E0B7F902C0B7F90420B7F90630A3
S3150003188071E7BDF81430A4F802A0A4F804B02380CD
S31500031890BDF81630E380B7F900E0B7F902C0B7F92F
S315000318A00420B7F906305EE7BDF914E0BDF912C0AE
S315000318B0BDF91020BDF9163055E7B3F5B47F08DC42
S315000318C0BDF910E0BDF916C0BDF91420BDF91230FB
S315000318D049E7BDF810303B80BDF81230FB80109B02
S315000318E0A7F802B0B3F5E17FA7F8048040F3B6800A
S315000318F0109BA4F800B0B3F5077FA4F802A0A4F8E0
S315000319000480A4F806B040F3BC80109AA4F800A0A3
S3150003191040F276239A42A5F800A0A5F802B0A1DD0D
S31500031920BDF81630A5F804B0A5F806807380BDF897
S315000319301430B380A6F800B0A6F80680B7F900E025
S31500031940B7F902C0B7F90420B7F906300BE7BDF8BB
S3150003195010303B80BDF812307B80109BA7F804B093
S31500031960B3F5B47FA7F80680A4F800B065DD109B35
S31500031970A4F802B0B3F5E17FA4F80480A4F80680C6
S3150003198000F3A080A5F80480A5F806802AE0109B42
S31500031990A4F80680B3F5B47FA5F800B034DCBDF82F
S315000319A016306B80BDF81430AB80A5F80680B7F906
S315000319B000E0B7F902C0B7F90420B7F90630D2E65A
S315000319C0109BA4F804B0B3F5B47FA4F8068018DD21
S315000319D0109BA4F80480B3F5E17FA5F8048058DCD6
S315000319E0A5F806B0BDF814302B80BDF816306B8011
S315000319F0B7F900E0B7F902C0B7F90420B7F9063022
S31500031A00B1E6A5F800B0CAE7BDF81430A5F802B0F0
S31500031A10A5F80480A5F806803380BDF816307380D8
S31500031A20A6F80480A6F806B0B7F900E0B7F902C035
S31500031A30B7F90420B7F9063095E6BDF8163063808A
S31500031A40BDF81430A380A4F80680B7F900E0B7F90F
S31500031A5002C0B7F90420B7F9063084E6BDF814309E
S31500031A602380BDF816306380A4F80480A4F806B07A
S31500031A70B7F900E0B7F902C0B7F90420B7F90630A1
S31500031A8071E6BDF81430A5F802A0A5F804B02B80C2
S31500031A90EBE6BDF81430A5F800B0A5F802A0A5F84A
S31500031AA006B0A6F802A0A6F804B03380BDF8163037
S31500031AB0F380B7F900E0B7F902C0B7F90420B7F924
S31500031AC0063050E6109BA4F802A0B3F5077FD8DDD5
S31500031AD0BDF81430A5F800A0A5F802A0A5F804B037
S31500031AE0A5F806B0A6F800A0A6F802B0B380DDE715
S31500031AF02DE9F04F824693B04FF60170ADF84000E2
S31500031B009AF81E000B9103920A90002800F0A78012
S31500031B10DAF824000C90D0F8B0000690002800F004
S31500031B209E80A3F500730D93C2F30902C1F3090363
S31500031B300F930E92002B40F09580DDF83C90DAF877
S31500031B4044B0DDE90D12531803F2FF3323F47F7318
S31500031B5023F00303A3EB02084B1103FB03F3C14575
S31500031B60099380F28A804E46CDF820A0099B701116
S31500031B7000FB1030FBF7F2F848F395030002A3EBE2
S31500031B806010FE2804DDFF38FE28A8F58068FADC1D
S31500031B90B04570DB0A9A0496C343DBB213FB02F328
S31500031BA0884AA2FB0323C3F3C71307930B9BF718B8
S31500031BB09B1B43F38F2347F38F2705930DF14109AE
S31500031BC00124039BADF8447008FB04F505EB030AF7
S31500031BD04AF38F2AADF846A011995846FBF794F9B4
S31500031BE038B1079B089800934369069E52463946C7
S31500031BF0B047BBF90010059BBBF904209942B8BF57
S31500031C001946BA42A8BF3A4609B212B2914217DC44
S31500031C10039BBBF90200A5EB84241C44B0EBA42F61
S31500031C204FEAA4230CDCBBF90600984208DB089DA7
S31500031C3001200090686901900C98446F2846A047DC
S31500031C40049B002B40F0AB800DF142034B450CD0B7
S31500031C5019F9014BB5E707F58067B8451BDC13B0E7
S31500031C60BDE8F08FC3F5806969E7049E06F58066D3
S31500031C704645FFF67BAFDDF820A00F9A0D9B0E9F1E
S31500031C80134403F2FF3323F47F7323F00303A3EB1D
S31500031C9002084745E3DA099B781100FB1030FBF78E
S31500031CA05DF848F395030002A3EB6010FE2804DDFC
S31500031CB0FF38FE28A8F58068FADCB845CFDB0A9A18
S31500031CC0C343DBB213FB02F33E4AA2FB03230B9A85
S31500031CD0C3F3C713049308EB0203A2EB08069A1295
S31500031CE0013A43F38F2513B20593B31201331BB2A3
S31500031CF046F38F2607930DF1410901240895039BAB
S31500031D00089DADF8445007FB043444F38F24ADF823
S31500031D10464011995846FBF7F7F840B1049ADAF8AA
S31500031D201430009229462246069D5046A847BBF921
S31500031D300010079BBBF904209942B8BF1946059BBF
S31500031D409A42A8BF1A468A4211DBBBF90230A34264
S31500031D500DDCBBF90630A34209DB01230093DAF855
S31500031D6014300C9D01936D6F23465046A847ADF87A
S31500031D70446011995846FBF7C7F840B1049B00939A
S31500031D802246DAF81430069C31465046A0470DF138
S31500031D9042034B453FF45FAF19F9014BAFE7059C8F
S31500031DA0ADF8444011995846FBF7AEF800283FF4C6
S31500031DB04BAF079B0898009321464369069C5246FE
S31500031DC0A04741E7818080802DE9F04F804691B09E
S31500031DD010461A4698F81E300793002B00F00D8123
S31500031DE08A4200F00A811A9B834200F00681D8F8E2
S31500031DF02430D3F8B0300B93002B00F0FE801A9BEF
S31500031E00541A1B1A84EAE47683EAE377A6EBE476AC
S31500031E10A7EBE377BE4280F2F3801A9D854280F2F8
S31500031E207F821A9C0346001BB0FBF7F00890084616
S31500031E30891A91FBF6F10991C2F30901059111463D
S31500031E400246C4F3090006901A93204640F38F23F3
S31500031E5004931A9B03F2FF3343F38F230A93099BDD
S31500031E60002BC0F24D8241F38F230393059B02F2AD
S31500031E70FF3949F38F2903FB07F3069901FB163351
S31500031E80002B03991C46B8BF03F2FF3413F5806F8A
S31500031E904FEAA4248B4600F31C8209993C44ABEB1E
S31500031EA0010B4FF0000A039BADF83830D8F84450C5
S31500031EB0049BADF83A300E99D8F814300D922846A3
S31500031EC00C93FBF721F8DDE90C32002840F08A81F8
S31500031ED0BE42C0F2DB800399494500F38E80C2F30C
S31500031EE00902404607EE903AB84604922F465CE054
S31500031EF0894568D0B7F900C08C4552DCB7F904C0F0
S31500031F008C454EDBB7F902C0D44526DCB7F906E0AB
S31500031F10D64522DB079B0B9DCDED0A7A03FB02F226
S31500031F20AF4B099183FB023C9444D217C2EBEC12EC
S31500031F30D2B217EE903A009252460690A847B7F9E6
S31500031F40002009990698DDED0A7A8A4229DCB7F959
S31500031F5004208A4225DBB7F902C0089B0AEB030279
S31500031F6062451EDBB7F906C062451ADC079B0B9D6B
S31500031F70CDED0A7A03FB0BFB994B099183FB0B3CD3
S31500031F80DC444FEAEB7BCBEBEC1C5FFA8CFC17EEE5
S31500031F90903ACDF800C00690A847DDED0A7A099974
S31500031FA0069801314945444427DCA64202DC089BD6
S31500031FB0A41B9A44039B8B424FEA042B9BFBF6FB21
S31500031FC0CBF1FF0294D1059B002B93D0C3F580651B
S31500031FD005FB02F2002A0BFB05FB049BB8BF02F2CA
S31500031FE0FF32BBF1000FB8BF0BF2FF3BC3F58063B3
S31500031FF092124FEAAB2B05937CE711B0BDE8F08F45
S315000320008A4280F2D9801A9C0346001B90FBF7F0A4
S3150003201008900846891AB1FBF6F10991C2F3090142
S31500032020059111460246C4F3090006901A93204609
S3150003203041F38F230393089B02F2FF39002B49F3E5
S315000320408F29C0F24C8140F38F2304931A9B03F22A
S31500032050FF3343F38F230A93069B03FB06F305998A
S3150003206001FB1733002B04991C46B8BF03F2FF3458
S3150003207013F5806F4FEAA4248A4600F32D8108994D
S315000320803444AAEB010A4FF0000B0CE7049A0A99B1
S315000320908A42B2DC1A980391C0F3090005900998A5
S315000320A007EE903A0BEB000A4046B0465BE0039B13
S315000320B09A4267D0B5F900C0DC4526DCB5F904E0E1
S315000320C0DE4522DBB5F902E096451EDCB5F906E0EE
S315000320D096451ADB079B0B9ECDED0C7A03FB01F1AC
S315000320E03F4B0A9283FB013C8C44C917C1EBEC11AD
S315000320F0C9B217EE903A009159460890B047B5F920
S3150003210000C0DDED0C7A0A9A0898E24525DBB5F99D
S3150003211004108A4521DCB5F9021091421DDCB5F99C
S315000321200610914219DB079B0B9ECDED0C7A03FB40
S3150003213009F92B4B0A9283FB093149444FEAE979A2
S31500032140C9EBE111C9B217EE903A009151460890D6
S31500032150B047DDED0C7A0A9A0898039B01329A423E
S3150003216044443FF74AAFA74203DC099BD346E41B2B
S315000321709A44049B93424FEA042999FBF7F9C9F160
S31500032180FF0194D1069B002B94D0C3F5806C01FB11
S315000321900CF1002909FB0CF9059BB8BF01F2FF31CD
S315000321A0B9F1000FB8BF09F2FF39C3F5806389128D
S315000321B04FEAA92906937DE7002CB4BF4FF0FF34FD
S315000321C00124002BB4BF4FF0FF3301230893C1F35F
S315000321D009030593C0F309030994069328E700BF8F
S315000321E0818080800A9BADF83E30ADF83C900F9914
S315000321F02846FAF789FEDDE90C3200283FF468AE7B
S31500032200BE42C0F2A480039949453FF7F6AEC2F336
S3150003221009020C92089A5244CDE909978B46DDF8D8
S315000322201C9004922CE009998B453AD00A990B9F8E
S3150003223006930C44794909FB02F281FB020111441E
S31500032240D217C2EBE112D2B2594600924046524629
S31500032250B847724909FB05F581FB05322A44ED1798
S31500032260C5EBE215EDB2069B049A00955946404626
S31500032270B847099B0BF1010B9B45069B3FF7BDAE88
S31500032280A64205DC0499089A8A461144A41B0491C4
S31500032290039959454FEA042595FBF6F5C5F1FF0267
S315000322A0C1D105990029C1D0C1F5806101FB02F2B4
S315000322B001FB05F5002A0C99B8BF02F2FF32002D87
S315000322C0B8BF05F2FF35C1F580619212AD120591D3
S315000322D0ACE74FF0000AE6E54FF0000BE3E500F24A
S315000322E0FF3040F38F2304931A9B43F38F230A9300
S315000322F0069B53B3C3F58063069303FB06F3AEE66F
S3150003230001F2FF3141F38F230393059B42F38F2998
S31500032310CBB1C3F57F730333059303FB07F3ACE537
S31500032320002CB4BF4FF0FF340124002BB4BF4FF091
S31500032330FF3301230893C1F309030593C0F309038C
S315000323400994069382E5059B97E5069B87E60A991A
S31500032350049A9142FFF651AE1A9905969146099A47
S31500032360C1F3090146460891DDF82C800BEB020AFE
S315000323702DE00A99494539D00598079903930444F2
S31500032380264801FB02F280FB02C11144D217C2EBBD
S31500032390E112D2B2009259464A463046C0470799DF
S315000323A01E4801FB05F580FB05322A44ED17C5EBF4
S315000323B0E215EDB2039B00954A4651463046C047A7
S315000323C00A9B09F101094B45039BFFF616AEA7428B
S315000323D003DC099AD346E41B9244049949454FEA20
S315000323E0042595FBF7F5C5F1FF02C2D1069900292D
S315000323F0C2D0C1F5806101FB02F201FB05F5002A9B
S315000324000899B8BF02F2FF32002DB8BF05F2FF35B7
S31500032410C1F580619212AD120691ADE7818080808D
S315000324202DE9F04F8DB0446A03921546A3F5007665
S315000324304FF60172C1F3090305940491446CADF898
S315000324402C2006960893C5F30905002B40F0DA8085
S31500032450AF1907F2FF3727F47F7727F003077F1BB0
S31500032460BE4200F0E0801E46A7F5007B4FEA6B1BD9
S315000324700BFB0B3B069B5B1103FB13BBBBF1000F73
S31500032480099544DBF31BA7F5806703F5C063BE42DA
S315000324900BEB430B41DC049BA3EB060A06EB030998
S315000324A04AF38F2A49F38F290DF12D080123B4F935
S315000324B00010B4F90420039D5145B8BF51464A455F
S315000324C0A8BF4A4609B212B207FB03538A4243F333
S315000324D08F2310DBB4F902509D420CDCB4F906508D
S315000324E09D4208DB0125009545690195059D0790E9
S315000324F06D6FA84707980DF12E03434502D018F9CF
S31500032500013BD4E7BBF1000F06F58066BADA0BEBA5
S31500032510460BBE420BF5806BBDDDDDE90835069A39
S3150003252003EB020909F2FF3929F47F7929F003093C
S31500032530A9EB0309002D61D14A4579D02A46069BAA
S315000325404FEA631AA9F500735B1103FB03230AFB26
S315000325501A3ABAF1000FDDF80CB046DBA5EB090316
S31500032560A9F5806903F5C063A9450AEB430A42DD71
S31500032570049B09EB0306A3EB090746F38F2647F3F0
S315000325808F270DF12D0801230396B4F90010B4F932
S315000325900420039EB942B8BF3946B242A8BF3246A9
S315000325A009B212B205FB03B3914243F38F2310DC46
S315000325B0B4F902C09C450CDCB4F906C09C4508DBA3
S315000325C00126009646690196059E0690766FB047EA
S315000325D006980DF12E03434502D018F9013BD4E7C3
S315000325E0BAF1000F05F58065B8DA0AEB450AA94585
S315000325F00AF5806ABCDC0DB0BDE8F08F6B1103FBF6
S3150003260003F29CE7069BEF18089B07F2FF37C3F517
S31500032610806627F47F7727F003074FEA661B7F1B45
S315000326200BFB0BF320E7069B089EC3F5807B25E790
S31500032630C9F5807A8DE700BF2DE9F04F1646426A49
S3150003264085B0D2F8B080DDF83CB09DF84090B8F183
S31500032650000F19D01D460E9BEB189D4207468A466E
S31500032660039311DAB245D8BF544609DC2146CDF8A7
S3150003267000905B462A4638460134C047A642F5DA3F
S31500032680039B0135AB42EDD105B0BDE8F08F00BF2A
S315000326902DE9F04F2DED028B93B01E461E9F436A24
S315000326A00C461546D3F8B0100991321B7B1B08EE76
S315000326B0100A82EAE2799DF87C00039083EAE378C4
S315000326C0A9EBE279A8EBE37800295CD0C1455FDB8F
S315000326D0A64207DA2A462146EB1B3D461746A21BAE
S315000326E034460E4693FBF8F3059318EE103A92FB25
S315000326F0F9F20FFA84FB04920FFA85FA5A6CADF8D5
S3150003270030B0ADF832A05B690C9907931046069278
S31500032710FAF7FAFB079B00283DD0ADF83060ADF819
S3150003272032700C990698FAF7EFFB079B98B3C145ED
S31500032730C0F2AD81B4424FEA690A24DCCDF81880B1
S31500032740DDF824B0DDF80C8018EE100AD14504DC60
S31500032750059AAAEB090A1544BF1A069ACDF8008012
S31500032760214692442A46049303900134D847049B96
S315000327700398CDF8008031463A46013ED847B44225
S31500032780DDE90303E2DD13B0BDEC028BBDE8F08F98
S31500032790AF429FDBA6E7A21942F34F01EA190A9358
S315000327A042F34F03ADF83630ADF83410089106986E
S315000327B00D990793FAF7A8FB0A9B002864D0C14535
S315000327C0C0F20A8108998C424FEA690A80F2C981EC
S315000327D0069ADDE905ECB2F90020D3460846D94549
S315000327E0DCBF7544ABEB090BA24208DCBCF9021053
S315000327F0A94204DCBCF90610A94280F2B381013474
S315000328008442C344EBD10A961E9718EE100A089E1B
S31500032810099FCDF81CA09A46D94503DC059BABEB73
S31500032820090B1D44039B00932146534601342A4654
S315000328300490B847B4420498C344EDDD53460A9E58
S31500032840DDF81CA01E9F089A96429CDD069C0898FC
S31500032850B4F90420059DD145DCBF7F1BAAEB090A09
S31500032860B24208DBB4F90210B94204DCB4F906102B
S31500032870B94280F23781013E8642C244EBD113B09E
S31500032880BDEC028BBDE8F08FC14552DB089AADF86B
S315000328903C20059AADF838B0012A00F05681079A14
S315000328A0ADF83A20ADF83EA010AA069804930EA9F7
S315000328B0FAF7FCFA049B089A002800F03281A2EB8F
S315000328C0040A0AF1010A0127BAF1000F4FEA690661
S315000328D07FF759AFDDF818B02A462546B14503DC24
S315000328E00599A6EB09060A44BBF90010A94246441A
S315000328F016DCBBF90410A94212DBBBF902109142A4
S315000329000EDCBBF9061091420ADB0399009118EE1F
S31500032910100A099C069329460492A047069B049A2B
S31500032920BAF1010A3D44D9D113B0BDEC028BBDE81F
S31500032930F08F079AADF83E20049AADF83AA0012A23
S3150003294000F00981089AADF83CB0ADF8382010AA1A
S31500032950069805930EA9FAF7A9FA059B079A002884
S3150003296000F0E980A2EB050A0AF1010A0127BAF190
S31500032970000F4FEA68067FF706AFDDF818B02A4660
S315000329802546B04503DC0499A6EB08060D44BBF9BE
S315000329900010A9424E4416DCBBF90410A94212DB0F
S315000329A0BBF9021091420EDCBBF9061091420ADB19
S315000329B00399009118EE100A099C2946CDE90532C0
S315000329C0A047DDE90532BAF1010A3A44D9D113B079
S315000329D0BDEC028BBDE8F08F079A97424FEA680A6F
S315000329E01CDD06990798B1F90020DDF810E0D346FF
S315000329F08C46D845DCBFA6EB0E06ABEB080BB24202
S31500032A0008DCBCF90410B14204DBBCF90610B94278
S31500032A1080F2B680013F8742CB44EAD1079A9542BA
S31500032A2080F2A580069E0798B6F90020049FD0453C
S31500032A30DCBFE419AAEB080AA24208DCB6F90410C3
S31500032A40A14204DBB6F90210A94240F39080013596
S31500032A508542CA44EBD1079E099F18EE100A9B468E
S31500032A60D04503DC049BAAEB080A1C44039B009392
S31500032A702A465B46013521460590B847B542059877
S31500032A80CA44EDDD13B0BDEC028BBDE8F08FBD4249
S31500032A904FEA680A3FF777AECDF81890DDF824B011
S31500032AA0DDF80C9018EE100AD04504DC049AAAEB64
S31500032AB0080A1444B61A069ACDF8009021469244A1
S31500032AC02A46059303900135D847059B0398CDF80D
S31500032AD000903A463146013FD847BD420398059BCD
S31500032AE0E2DD50E6089CB442BFF64DAE099D18EEF2
S31500032AF0100A9B46D14503DC059BAAEB090AFF1A7C
S31500032B00039B009331465B46013E3A460490A84731
S31500032B10A6420498C244EDD113B0BDEC028BBDE8C6
S31500032B20F08FA6EB020A059A52423D4605923446B9
S31500032B304FF0FF37C8E6A7EB020A049A52423D4616
S31500032B40049234464FF0FF3711E7079AADF83AA0DF
S31500032B50ADF83E20A8E6089AADF83C20ADF838B0AB
S31500032B60F5E6D346089A94427FF74DAE6BE6079E89
S31500032B70B5423FF708AE099F18EE100A9B466FE76A
S31500032B80079ABA42BFF64AAF0A940B9518EE100A93
S31500032B90079C099DCDF820A09A46D84503DC049BE3
S31500032BA0ABEB080BF61A039B00933A465346013FD9
S31500032BB031460590A847A7420598CB44EDD1534625
S31500032BC0DDE90A45DDF820A028E700BF2DE9F04F2F
S31500032BD085B00D4603921146426ADDF83CB0D2F841
S31500032BE0B0809DF84090B8F1000F18D09A460E9B1E
S31500032BF08D4207460AEB030611DCB245B8BF5446BD
S31500032C0009DA2146CDF800905B462A463846013458
S31500032C10C047A642F5D1039B0135AB42EDDA05B0B9
S31500032C20BDE8F08F836B8B4230B413D969B1856AE3
S31500032C3090F841309DB155F8230050F8314003B167
S31500032C40C4B10020146030BC704708460C461460BB
S31500032C5030BC704700243320146030BC7047406A90
S31500032C6068B150F8234054F82140002BE9D044B111
S31500032C702846ECE72B68002053F83140E7E7044683
S31500032C80E5E70368284653F82140E0E730B51446E4
S31500032C90426A83B00ABB0B46816B994206D8134638
S31500032CA033252846C4E9002303B030BD7BB1816ACE
S31500032CB0A9B390F8415051F8252002EBC3004FEA1F
S31500032CC0C30C52F833204368002DEAD0FAB100252D
S31500032CD02846C4E9002303B030BD6A46FFF7A2FFC6
S31500032CE0054630B100231A462846C4E9002303B03B
S31500032CF030BD00984FF4C83201A9FAF735F910B977
S31500032D00DDE90023CDE72B462A460546C9E70B68CE
S31500032D1003EB0C0153F80C204B680025C1E713465F
S31500032D201546BEE70B68002B13DD70B50E4682B061
S31500032D30044600252946636801AA20469847236866
S31500032D4001A92046984733680135AB42F2DC02B04D
S31500032D5070BD704770B5D0E908230E46096800298F
S31500032D60C0E9062382B004460FDD002529466368C1
S31500032D7001AA20469847236801A920469847336845
S31500032D800135AB42F2DCD4E9082394F93C0094F90B
S31500032D903D1002440B44C4E9082302B070BD00BFD2
S31500032DA02DE9F04F066D2DED028BB41C87B004EBB5
S31500032DB044030746980001EB830308EE100A0291C9
S31500032DC002460021184601960393984608F0C7FF6A
S31500032DD0002E00F0FE80029A65003346013503F1AA
S31500032DE0030B02EB85014FF0000908EB8B05464602
S31500032DF008EBC404009102EB8B0B043D02F1040AB9
S31500032E00C8469AE09DF8112062444FF0FF33FF2A2B
S31500032E108DF8103040F3B6804FF0FF338DF8113044
S31500032E209DF812300B44FF2B40F3B7804FF0FF336E
S31500032E308DF81230049B059305A93B6838469847DD
S31500032E409DF814309DF810E09DF811C09DF81620EA
S31500032E50AEEB030E9DF81530ACEB030C9DF8123068
S31500032E604FEA8E209B1A80EAE072A2EBE072B2F57B
S31500032E70C87F4FEA8C2C4FEA832340F3A380DAF80A
S31500032E800020C0EB4E3102EB2112CAF80020D6E92E
S31500032E90012101EB2011B16000EBCE2100EB0E3EC8
S31500032EA0306802EB2E1200EB2111C6E900128CEA00
S31500032EB0EC72A2EBEC72B2F5C87F7CDDDBF8002086
S31500032EC0CCEBCC0102EB2112CBF80020A868D5E9A4
S31500032ED0001200EB2C10A8600CEB4C000CEB8C0CD6
S31500032EE001EB201102EB2C1229606A6083EAE3727C
S31500032EF0A2EBE372B2F5C87F55DD00980268C3EB17
S31500032F00C30102EB21120260A068D4E9001200EBB0
S31500032F102310A06003EB430003EB830301EB2011B3
S31500032F2002EB231321606360019B994504F10404BA
S31500032F3005F1040506F104064BD049467B6804AA4D
S31500032F40384698475AF8043B9DF810005BF8042B63
S31500032F5000EBA320009B53F8041B0093FF2809F101
S31500032F6001094FEAA22C4FEAA1213FF74BAF9DF887
S31500032F70112000286244B8BF4046FF2A8DF810008E
S31500032F803FF74AAF9DF81230002A0B44B8BF4246BA
S31500032F90FF2B8DF811203FF749AF002BB8BF4346EF
S31500032FA08DF8123046E7009BC3F80080C4E9008819
S31500032FB0C4F80880B8E7CBF80080C5E90088C5F8EF
S31500032FC0088093E7CAF80080C6E90088C6F8088037
S31500032FD06DE7DDE9020118EE102A07B0BDEC028B9E
S31500032FE0BDE8F04F08F02FBF2DE9F04790F82920F0
S31500032FF0B1F91830B1F91A5082B0510780460193DE
S3150003300013D5374A023303EB43031268D8009047BC
S315000330100446002862D0019A324E023202EB420283
S315000330209200002108F09BFE05E012F0300F0CBF62
S315000330302D4E2E4E01AC00239D42C8F8403040DD94
S31500033040994680274FF0F00A1CE0052916D198F817
S315000330502B30F02B06D0D8F8183088F82BA0013384
S31500033060C8F81830D8F81C305A1C3BB198F82C30E5
S31500033070802B03D0C8F81C2088F82C7009F10109AD
S315000330804D451ED021464046B047D8E90423D8F81B
S31500033090380098F828100244019801290344C8E926
S315000330A00423D2D198F82B30802BE7D0D8F81830E8
S315000330B088F82B7009F1010901334D45C8F818301A
S315000330C0E0D198F8290010F0040004D0084B2046FC
S315000330D01B689847002002B0BDE8F0873020FAE766
S315000330E000E00620A12D0300252D0300552D030026
S315000330F004E0062038B50446806840B14378502B77
S315000331000D4609D082794A2A1FD0D82B17D000231F
S3150003311084F82A30282038BD032384F82A30E1684E
S315000331202A4602F09DFA6B69BBB9AB785B07F2D40A
S3150003313094F8293023F0020384F8293038BD037844
S31500033140FF2BE4D18378FF2BE1D1042384F82A30C3
S315000331502946204600F040FFE7E76364E5E700BF42
S315000331602DE9F04FC4694568066883B04FEAC41C6D
S31500033170D0E904470193C3684FF0B5084FEA442EDC
S3150003318008FB07F408FB03F8836840F29D2909FB53
S3150003319003F98369CCEBC5170CEBC51C40F2151577
S315000331A005FB039B0EEB462A3B19CEEB46263F1B3C
S315000331B08E24ACEB08090096C44403FB04F4D5261D
S315000331C06FF08D0E06FB0C4486690EFB0CFC4FF06C
S315000331D0D50E0EFB03CC6FF42778019B08FB06F88C
S315000331E04FEAAC1C8668C0F81CC00AEB0B0C05FB47
S315000331F006889C44A411C9EB89164460C0F800C034
S31500033200C9EB860664446FF0310C0CFB0766C7EB0B
S315000332108715B611C660C7EB8505322606FB095529
S31500033220009EAD114561AAEB0B0A06EB0805A6EB5A
S31500033230080E9A4414411D447344C0F818A08360D1
S3150003324005610C60D0E90434234413410B62D0E9D1
S315000332500234234413410B64D0E906342344134157
S315000332600B66D0E906341B1B1341C1F88030D0E945
S3150003327002341B1B1341C1F8A030D0E904341B1BD5
S315000332801341C1F8C030D0E900301B1A43FA02F2E9
S31500033290C1F8E02003B0BDE8F08F00BF2DE9F0418F
S315000332A02F4C1E46ADF5007D154604380B1F04F161
S315000332B03F0E4FF0000C01E014F801CB50F8041F49
S315000332C053F8042F744502FB01F14DF82C100160ED
S315000332D0F2D140AF6C463946E84640464FF4807318
S315000332E0092208F12008FFF73BFFB84501F1040165
S315000332F0F3D1694607F5807838464FF400630C220C
S315000333002037FFF72DFFB84501F10401F4D105F18C
S3150003331008004FF0000C4FF07F0E80272946224607
S3150003332003E00F70013181420CD052F8043B13F1D4
S31500033330800FF6DB7F2BCCBF81F800E00B700131E9
S315000333408142F2D10CF1080CBCF1400F354401EB7C
S31500033350060004F12004E1D10DF5007DBDE8F081FE
S31500033360D1B4040043EA014110B441EA0222D0F881
S31500033370F04842F07F4244F8042BC0F8F0485DF869
S31500033380044B704730B4D0F8F048651CC0F8F058C9
S315000333902170D0F8F0184C1CC0F8F0480A70D0F829
S315000333A0F028511CC0F8F018137030BC704700BFEA
S315000333B09208DB0810B443EA4213D0F8F048C90870
S315000333C043EAC12324F8023BC0F8F0485DF8044BF6
S315000333D0704700BFD208DB0810B443EA4213D0F8A3
S315000333E0F048C90843EA812324F8023BC0F8F048B1
S315000333F05DF8044B704700BF2DE9F04F87B0B0F975
S31500033400DC48DF009846109B0497DB008C4203934D
S31500033410CCBF631A002383460293B0F9E0380498BD
S315000334209BF8ECA800EB010503F10103D8BF0C469A
S315000334309D42C8BF5F1A0398BBF9DE18BBF9E23891
S31500033440914203F1010300EB0205CEBFA1EB020992
S3150003345011464FF000099D42C4BF9B1A0393DBF844
S31500033460D838DBF8D02804FB0AFA03FB01AA9244F6
S31500033470039A914560DA02990BF22B620A4405928C
S31500033480049A02FB09F2CDE900A2CA46C146B84630
S31500033490009ACBF8F028029A424541DA109B019A2A
S315000334A09AFBF3F7059B029CFF009D1894FBF9F327
S315000334B03B445B44013493F96C0793F92C6715F984
S315000334C0013F0211711002EBA00201EBE60102EBD0
S315000334D0601201EB261101EB661100EB030C9A1A3D
S315000334E0521AF1180CEB600301EBA60103EBA003E0
S315000334F001EBE60103EBA01380328031803382F3C4
S31500033500080283F3080381F30801DBF8CC68D2B21F
S31500033510DBB2C9B25846B047A045C7D1DBF8D838A5
S31500033520009A04991A440092019A0A440192039A52
S315000335300AF1010A5245ABD1002007B0BDE8F08F6E
S315000335402DE9F04F8BB083460693B0F9DC08DDF81E
S315000335505080DB00013B05938842CCBF431A00230E
S3150003356005980293BBF9E03844189C42C4BF5B1A22
S3150003357005930598029B834200F39F804FEAC80395
S31500033580BBF9DE68013B04931846BBF9E238964261
S3150003359000EB0204CCBFB61A00269C42C4BF9B1A9A
S315000335A00493049B9E4200F38880BBF8EE38DBF855
S315000335B0D808DBF8D04807905A2B00F08280029B8C
S315000335C00B44079901FB03F3BBF8D6188A1A04992F
S315000335D0013A521A9BF8EC1801FB0233E3180393E2
S315000335E04FF0FF39069B049ACDF8508003FB09FA86
S315000335F003FB02F30BEBC3030993D84606EB09035C
S31500033600DDF850B008934FEACA0A0196039B089A5D
S31500033610C8F8F038049B934245D0029B099A049C50
S315000336209D18069A93FBF2F694FBFBF206EBC20295
S31500033630424495F92C3692F92CE792F96CC74FEA76
S315000336406E014FEA2C1202EBAC0201EBEE0102EB28
S315000336506C1201EB2E1101EB6E110CEB03079A1A98
S3150003366007EB6C07521A0EEB030101EBAE0107EBF6
S31500033670AC0301EBEE0103EBAC13803280318033F4
S3150003368082F3080283F3080381F30801D2B2DBB2A3
S31500033690D8F8CC78C9B24046B847019A23469A422D
S315000336A055444C44C0D1039A0799029B0A4403929A
S315000336B0059A01339A420293A8DA00200BB0BDE8BB
S315000336C0F08F049B049632441E46BBF8D4385B1A2B
S315000336D00299013B5B1A9BF8EC1801FB02F200FB13
S315000336E00323E3180393434207934FF0010979E752
S315000336F02DE9F04F2DED028B87B0134604460D4698
S3150003370000F5F76002914FF480720021059308EEED
S31500033710100A08F024FB6319019393F811E0BEF134
S31500033720010F53D8D4F8C8C8BCF1100F35D8D4F854
S31500033730BC78634606E0C4F8C0180833102BC4F8F7
S31500033740C83823D8D4F8C028BA42C3F11806F4DA25
S31500033750D4F8B818D4F8C4088D5CB5402843C4F827
S31500033760C408885CFF2801EB020802F10101E2D1DB
S315000337708F42E0DD98F8010002320028DBD10833DE
S31500033780102BC4F8C028C4F8C838DBD9CCF1100311
S3150003379023F007030CF1080C9C4404EBCE1606F247
S315000337A02E47002106F22A4617F83120C2F12003DC
S315000337B062B1D4F8C40836F8315020FA03F39BB249
S315000337C09D4280F0F28001311029EDD1019B1B7DD2
S315000337D00393012B57D804EBC31C0CF22E5E012571
S315000337E00CF22A5C03F5847BD4F8C898B9F1100F60
S315000337F037D8D4F8BC384A4606E0C4F8C0080832BD
S31500033800102AC4F8C82824D8D4F8C0189942C2F19B
S31500033810180AF4DAD4F8B808D4F8C468475C07FA87
S315000338200AF73E43C4F8C468465CFF2E00EB010862
S3150003383001F10100E1D18342DFDD98F80160023135
S31500033840002EDAD10832102AC4F8C018C4F8C828E2
S31500033850DAD9C9F1100222F0070209F1080302EBD3
S31500033860030900201EF83030C3F120015BB1D4F800
S31500033870C4283CF8306022FA01F189B28E4221D283
S3150003388001301028EED1019B029A1B7A5B1003F0DC
S315000338907803002A40F0E980202B00F3E980019A9F
S315000338A0927B032A00F3E48004EB022118EE100A4C
S315000338B0059A1831FFF7F2FC002007B0BDEC028B26
S315000338C0BDE8F08F10263746039E17FB060004EB70
S315000338D0C0009A40B0F82C65B0F828053144081AA0
S315000338E080B254F82B10085CC4F8C428A9EB030370
S315000338F0010910F00F00C4F8C83808D10029C2D056
S315000339000F2900D110353F2D7FF66EAFBBE7294453
S31500033910984204912CD3D4F8BC9806E0C4F8C07836
S3150003392008339842C4F8C83822D3D4F8C018494596
S31500033930C3F1180AF4DAD4F8B8586E5C06FA0AF634
S315000339403243C4F8C42805EB01086D5CFF2D01F171
S315000339500107E3D1B945E1DD98F801500231002DA5
S31500033960DCD108339842C4F8C018C4F8C838DCD28E
S315000339701B1AC0F1200122FA01F1C4F8C838431E0C
S31500033980824051FA03F3C4F8C42804D101238340C7
S31500033990C3F101031944049A3F2A3FF674AF02F5B3
S315000339A0F773551C44F82310ADE701EB0E1104EB36
S315000339B0C1010EF5837EB1F82C64B1F8281454F8CE
S315000339C02E5033445B1A9BB29040E95CC4F8C4089A
S315000339D0ACEB0202C4F8C82800293ED08A421ED89E
S315000339E0D4F8BC68D4F8C038B34213DA182A11D80D
S315000339F0D4F8B858EF5CC2F1180E07FA0EF738433D
S31500033A00C4F8C408EF5CFF2F03F1010C1D4435D045
S31500033A10C4F8C0C808328A42C4F8C828E2D9521A80
S31500033A20C1F1200320FA03F3C4F8C8284A1E8840CC
S31500033A3053FA02F2C4F8C40804D101228A40C2F13F
S31500033A4001021344029A04EB8202D2F8AC170B4428
S31500033A50C4F8B837C2F8AC37B8E6029B04EB830365
S31500033A60D3F8AC37C4F8B837B0E6082B7FF717AFEF
S31500033A70102007B0BDEC028BBDE8F08F6645C7DDAD
S31500033A806D78002DC4D10233C4F8C038C2E700BF35
S31500033A902DE9F04FD0F8C038D0F8BCA82DED028B35
S31500033AA003F1020805339A4587B0C0F8C08856DD8E
S31500033AB0D0F8B8B804461BF80820FF2A43460BEB98
S31500033AC008010FD008F1010308F10408D045C4F832
S31500033AD0C03844DA98461BF80820FF2A43460BEB06
S31500033AE00801EFD14878421ED2B2FD2AEAD89A1CC1
S31500033AF0C4F8C028B1F8029099FA99F91FFA89F91E
S31500033B0009EB02055545029500F24B81C0381D2885
S31500033B101FD8DFE810F009011E001E001E00A600D4
S31500033B201E001E001E001E001E001E001E001E009C
S31500033B301E001E001E001E001E001E001E001E008C
S31500033B401E001E001E001E001E0067003A001E0017
S31500033B502A00029BC4F8C038DA1C5245BADB00209F
S31500033B6007B0BDEC028BBDE8F08F0A79029B120207
S31500033B70C4F828264979C4F8C0380A43C4F8282665
S31500033B80DA1C9245EBDD9846A5E7029AC4F8C028ED
S31500033B90B9F10205904600F0F08145330BEB0300C3
S31500033BA010F8413C13F0F00F40F0F18003F00302EC
S31500033BB004EB0222A0F14003143213F8011B42F86E
S31500033BC0041F8342F9D1402D40F2A880413D03F101
S31500033BD04100E5D1D4F8BCA8029B03339A453FF7CD
S31500033BE06AAFBCE70BEB0203029AC4F8C0289A78C3
S31500033BF06260511E02290ED804F1110103EB420241
S31500033C001879000901F8010B1879023300F00F0047
S31500033C109A428870F4D1257A05F00F08B8F1020F9D
S31500033C207CD8B4F8D428002A00F08F81B4F8EE28A3
S31500033C30002A40F0B380B4F8D43894F8ED18C4F8E9
S31500033C40D8380D39092900F22281DFE811F09B01EA
S31500033C50A80120012001200120012001AE0020013E
S31500033C60AE00B9F1120F59D90299C4F8C01804333A
S31500033C7088461BF80320CDF80C805B44C2F3001181
S31500033C80013302F00102CDF810B0CDF814A0A9F16A
S31500033C900209884693469A460223002113FB08BE6F
S31500033CA0A9F111094FEA0E1E574601250A468C460D
S31500033CB017F8010B0EEB0C03461E04EBC3030E446D
S31500033CC050B1A3F82C24A3F8281480B2A3F82A64CD
S31500033CD083F82E540CF1010C014489B201354900D5
S31500033CE00244112D89B292B2E2D191450AF1100133
S31500033CF014D30BEB480303F58373B9EB020944F8BA
S31500033D00231001EB020344D08A5CB9F1100F03F1CF
S31500033D10010AC2F3001802F0010BBDD8242007B034
S31500033D20BDEC028BBDE8F08F0298C4F8C0080BEB1C
S31500033D3002038046DA781202628019790A43B2F5E1
S31500033D40804F62802FD25A791202228099790A43D0
S31500033D50B2F5804F228080F00981DA796260032A06
S31500033D601FDC002A00F0048104F108010B330A4426
S31500033D7013F8030CC87013F8020C01F8010B13F8BF
S31500033D80010C48718A4203F10303F1D122E728208B
S31500033D90E6E6DDE9038BDDF814A01DE7B4F8D638B3
S31500033DA04BE71020DCE61F20DAE69B00C4F8D83880
S31500033DB0824BC4F8CC38042384F8EC38D4F8D038D2
S31500033DC0002B00F0E9800020002A00F0BB8094F865
S31500033DD0ED38F72B00F0B680794B03936288002AFF
S31500033DE000F08E804FEA151A4FEACA034FEAC8015C
S31500033DF0029305912388002155460491002B78D020
S31500033E0004F26C7208EE102A4FF00009B8F1000FA5
S31500033E1000F08580002867D104F22C660127C5B11E
S31500033E20B3464FF0000A03E00BF1080B00285AD102
S31500033E305A46002120460AF1010AFFF759FC554567
S31500033E40F2D1B8456BDD00284DD101378036002D00
S31500033E50E6D1B845F9DC04F22C764746B0466368EA
S31500033E60012B38DCD4F8E8280498D4F8E418039E28
S31500033E7000970244029849442B4681442046B047A2
S31500033E8022884A4556DD002FE9D0B846C4E74D4B94
S31500033E90C4F8CC38B4F8D43803EB4303C4F8D838A1
S31500033EA04FF20373A4F8EC38D4F8D038002B46D17C
S31500033EB003202288638802FB03F303FB00F0424BD3
S31500033EC01B689847B4F8EE28C4F8D00800287FF496
S31500033ED07AAF302078E718EE102A01212046FFF743
S31500033EE007FCF8B1B8462388029A914499458DDBBD
S31500033EF06288DDE90416314491420491FFF67EAFF0
S31500033F00D4F8C088D4F8BCA808F103039A457FF710
S31500033F1027AE00287FF424AED4F8B8B8CBE5002842
S31500033F2099D0E0E7022142462046FFF7E1FB00284D
S31500033F3098D0D7E71346B84662880020D9E7002A07
S31500033F4037D12820214B039348E761882388A4F8B7
S31500033F50D6180139A4F8D43809B2013B00911BB233
S31500033F60114604F6DC00F8F797FF5FE61E20F7E537
S31500033F70C31C9A453FF79FADF1E5D31C5345FFF6A6
S31500033F809AADECE55B00C4F8D838114BC4F8CC38CD
S31500033F90022384F8EC3811E794F8EC0889E75B0010
S31500033FA0C4F8D8380B4BC4F8CC38022384F8EC3861
S31500033FB004E7064B0393282010E700BF653303008D
S31500033FC0413503008533030000E00620F93303007F
S31500033FD0D5330300B1330300F8B52D4B1B68002B13
S31500033FE050D02C4F3A68002A4CD0054640F6F400D0
S31500033FF00E4698470446002844D040F6F4020021B2
S3150003400007F0ADFEAB68E968C4F8B838C4F8BC1865
S3150003401095F82920500754BF95F82800F72084F80F
S31500034020ED08D00621D55A22A4F8EE286BB3092948
S315000340302BDD1A78FF2A1FD15B78D82B1CD120469B
S31500034040FFF726FD0546C0B9D4F8D03862887360F9
S31500034050D4F8D83802FB03F3B3602388338372831F
S31500034060B07094F8ED38F37007E0920644BF4FF44E
S315000340708772A4F8EE28D9E7242520463B6898479B
S315000340802846F8BD30252846F8BD2225F5E700BFAA
S3150003409000E0062004E006202DE9F8432F4C2468AF
S315000340A0002C51D0DFF8B8901E46D9F80030002B0B
S315000340B04AD0074640F6F40088461546A04704460C
S315000340C0002841D0002D45D0002140F6F40207F028
S315000340D046FE6A6A089BC4F8E838C4F8E468C4F87C
S315000340E0B878C4F8BC8892F8401084F8ED18696C67
S315000340F0B2F84420A86BA4F8EE282A6AC4F8D008BC
S3150003410008684968B2F83053B2F83223A4F8D45891
S3150003411004F6DC03A4F8D62803C3CFB1B8F1090F1C
S3150003412016DD3B78FF2B07D17B78D82B04D12046AD
S31500034130FFF7AEFC054600E024252046D9F80030FB
S3150003414098472846BDE8F88330252846BDE8F88316
S315000341502225F2E706252846BDE8F88300E0062077
S3150003416004E00620036900201070507090705B5CB9
S31500034170D3707047036913F811001070507013F869
S315000341801100907003EB410300205B78D3707047F6
S31500034190036913F82100107003EB810350709070CC
S315000341A09B78D37000207047036901EB410103EB51
S315000341B0010C595C436C11709CF8010050709CF81B
S315000341C002C082F802C0A3B110B41C68A14205D094
S315000341D0FF2300205DF8044BD3707047596888426B
S315000341E0F6D19B68B3EB0C0318BF4FF0FF33DBB27A
S315000341F0EFE7FF23D3700020704700BF036901EB8D
S31500034200410103EB410C13F81110436C11709CF838
S31500034210020050709CF804C082F802C0A3B100B536
S3150003422093F800E0714504D0FF23D37000205DF8B6
S3150003423004FB19798842F7D11B7AB3EB0C0318BF39
S315000342404FF0FF33DBB2F0E7FF23D3700020704754
S31500034250036913F83100107003EBC10100208B785A
S3150003426053700B7993708B79D3707047036953F846
S3150003427021309370180C4FEA136C190A107082F8E8
S3150003428003C0517000207047036913F821001070B2
S3150003429003EB810100204B7853708B789370CB78B6
S315000342A0D3707047036933F811304FEA232C2CF08F
S315000342B0070C82F800C04FEAE30C2CF0030CDB007A
S315000342C082F801C0937090F8293013F002031CBFE3
S315000342D043695B5CD3700020704700BF036933F802
S315000342E011304FEAE31C2CF0070C82F800C04FEAAA
S315000342F0A30C2CF0070CDB0082F801C0937090F836
S31500034300293013F002031CBF43695B5CD3700020A2
S31500034310704700BF036933F811301812191103F0FF
S31500034320F00C20F00F0021F00F011B01D07011706B
S3150003433082F801C093700020704700BF00694B10DC
S31500034340C907C35C4CBF03F00F031B0943EA0313FE
S31500034350FF21137053709370D1700020704700BF14
S3150003436010B4CB1044696FEA010CE35C0CF0070C44
S3150003437043FA0CF3DC0708D50023D37000205DF85D
S31500034380044B13705370937070474B100069C35CF2
S31500034390C9074CBF03F00F031B09FF2143EA0313AD
S315000343A0D170EBE710B4CB10046901F00701E35CAD
S315000343B05DF8044B802040FA01F10B4018BFFF2340
S315000343C0137053709370FF230020D370704700BFA0
S315000343D010B4046988104900205C01F006014023EB
S315000343E00B4103400DD0802343FA01F1014010D164
S315000343F0117051709170FF2300205DF8044BD37048
S31500034400704700205DF8044B137053709370D3709C
S315000344107047FF23137053709370ECE710B4036B6C
S315000344200469615CEBB190F8290080070ED453F858
S3150003443021305DF8044B9370180AFF214FEA134CA1
S31500034440507082F800C00020D1707047FF29EED16A
S31500034450002300205DF8044BD370137053709370E0
S31500034460704700205DF8044B1360704710B403696E
S31500034470446C5B5C14B12168994211D0816CC1B163
S31500034480C06C83421ED251F8233093701C0C180A59
S31500034490FF21147050705DF8044BD17000207047F3
S315000344A0002300205DF8044BD37013705370937090
S315000344B07047FF2100205DF8044B1370537093700F
S315000344C0D1707047002300205DF8044B13607047DA
S315000344D010B44B100469E35CC907416C58BF1B0950
S315000344E003F00F0311B10968994213D0816CD1B15E
S315000344F0C06C984227D951F823305DF8044B93706A
S31500034500180AFF214FEA134C507082F800C00020AE
S31500034510D1707047002300205DF8044BD3701370ED
S315000345205370937070470B495DF8044BC3EB032339
S31500034530A1FB0313C3F3C703FF21002013705370BA
S315000345409370D1707047002300205DF8044B13600D
S31500034550704700BF8988888810B48B100469C943E3
S31500034560E35C446C01F00301490023FA01F101F015
S31500034570030114B123688B4211D0836CC3B1C06CA1
S31500034580884225D953F8213093701C0C180AFF2151
S31500034590147050705DF8044BD170002070470023EF
S315000345A000205DF8044BD3701370537093707047FB
S315000345B00A4B5DF8044BC1EB0121A3FB0131C1F3A7
S315000345C04701FF230020117051709170D37070471B
S315000345D0002300205DF8044B13607047ABAAAAAA18
S315000345E010B4CB100469C943E35C446C01F00701C2
S315000345F023FA01F101F0010114B123688B4211D0B2
S31500034600836CC3B1C06C884221D953F821309370AF
S315000346101C0C180AFF21147050705DF8044BD170FE
S3150003462000207047002300205DF8044BD3701370FD
S31500034630537093707047C1EB0121C9B2FF23002069
S315000346405DF8044B117051709170D370704700235D
S3150003465000205DF8044B1360704700BF10B4446C30
S31500034660006910F8113014B12478A3420AD01370EC
S31500034670537010F811105DF8044B9170FF2300205E
S31500034680D3707047002300205DF8044BD37013707A
S3150003469053709370704700BFCB781A2B10B40FD9A1
S315000346A003F11002D2B20A2A0BD8F03B0A2B08D820
S315000346B0DFE803F0B5A89B8F877F776E665C5400AF
S315000346C01BB928205DF8044B7047013B192BF8D81A
S315000346D001A252F823F000BFA5480300C346030016
S315000346E0C3460300C346030085480300C3460300CD
S315000346F0C3460300C3460300C346030077480300CB
S31500034700C3460300C3460300674803005748030034
S3150003471047480300C3460300C3460300C3460300DA
S31500034720C346030041470300C34603004147030052
S31500034730C3460300C3460300C346030039480300C8
S31500034740B1F91820614CCB684460920082634A68D1
S315000347505DF8044BC0E9042300207047B1F9182023
S315000347605B4CCB684460D2008263F0E7B1F9183042
S31500034770584C03EB43035A00CB6844608263E6E775
S31500034780B1F91820544CCB68446092008263DEE78B
S31500034790B1F91830514C03EB4302CB684460826392
S315000347A0D5E7B1F918204E4CCB684460920082637A
S315000347B0CDE7B1F918204B4CCB68446052008263B5
S315000347C0C5E7B1F91820484CCB68446052008263B0
S315000347D0BDE7CB681BB10A6983649208C264B1F969
S315000347E01820424C44608263B1E7CB681BB10A6967
S315000347F083649208C264B1F918203D4C4460521098
S315000348008263A4E7CB681BB10A6983649208C26416
S31500034810B1F91820374C44609210826397E7CB684E
S315000348201BB10A6983649208C264B1F91820324C39
S315000348304460D21082638AE7B1F918202F4CCB6803
S315000348404460826383E7B1F918202D4CCB6844603A
S31500034850520082637BE7B1F918202A4CCB68446087
S315000348605200826373E7B1F91820274CCB68446082
S31500034870520082636BE7B1F91820244CCB6844607D
S31500034880826364E78A78224C224B12F0010FB1F956
S31500034890182002F1010208BF234652104360CB6879
S315000348A0826354E78B78B1F91820DB0706D5033208
S315000348B0194CCB6844609210826348E70732174C61
S315000348C0CB684460D210826341E700BF6D420300A8
S315000348D051420300FD41030089420300A94103003D
S315000348E091410300754103005D4603006D440300D7
S315000348F0D144030059450300E14503006541030024
S3150003490015430300A5420300DD4203001D440300D3
S315000349103D43030061430300D1430300A543030062
S31500034920026C034612B98269C97811709A69013219
S3150003493000209A61704700BF036C23B18369043377
S315000349408361002070470B788A78497842EA0342EC
S3150003495042EA0122836942F07F421A60043383618B
S3150003496000207047036C6BB1826990F8293013F00D
S31500034970100F436D14BFA2EB830202EB8302826125
S3150003498000207047CB784A7891F802C009781B0655
S3150003499043EA022343EA0C03826943EA01431360B1
S315000349A0E3E700BF036C23B182690432826100200E
S315000349B070474B780A7891F802C0C9781B0243EA1C
S315000349C0024343EA0C03826943EA01631360043238
S315000349D082610020704700BF30B4036C90F8292031
S315000349E043B102F0020284690AB3043484610020ED
S315000349F030BC704712F0020285691DD12C464B78F4
S31500034A0091F800C003F0FC030CF0F80C4B70DB00CC
S31500034A1043EA0C2381F800C091F802C00CF0F80CAD
S31500034A2043EADC0381F802C02B80002ADDD102347D
S31500034A308461002030BC7047CB786B7090F82920D6
S31500034A40846902F002020235D9E700BF4B7891F878
S31500034A5002C0826900B591F800E003F0FC034B70D5
S31500034A600EF0F80EDB000CF0F80C43EA0E2343EAD3
S31500034A70DC0381F800E081F802C0138090F8293046
S31500034A809B0703D5C369CA781A708269C369023260
S31500034A900133C0E9062300205DF804FB036C10B460
S31500034AA0DBB94B7891F800C08A78846903F0FC037C
S31500034AB04B700CF0F80CDB0002F0F80243EA0C230F
S31500034AC043EAD20381F800C08A70238090F8292034
S31500034AD0930705D5C369CA781A7090F829208469A3
S31500034AE0416D12F0100FC26915BFA4EB410404EB2C
S31500034AF04104521A5218C0E9064200205DF8044BDD
S31500034B00704700BF30B4036C90F8292043B102F01C
S31500034B10020284690AB304348461002030BC7047FE
S31500034B2012F0020285691DD12C464B7891F800C01C
S31500034B3003F0F8030CF0F80C4B709B0043EACC131C
S31500034B4081F800C091F802C00CF0F80C43EADC03CC
S31500034B5081F802C02B80002ADDD102348461002053
S31500034B6030BC7047CB786B7090F82920846902F0CB
S31500034B7002020235D9E700BF4B7891F802C0826979
S31500034B8000B591F800E003F0F8034B700EF0F80E51
S31500034B909B000CF0F80C43EACE1343EADC0381F8DE
S31500034BA000E081F802C0138090F829309B0703D5F3
S31500034BB0C369CA781A708269C36902320133C0E9CC
S31500034BC0062300205DF804FB036C10B523B184694A
S31500034BD002348461002010BD91F803C00B784A7833
S31500034BE0846903F0F00E2CF00F0391F802C0CB702A
S31500034BF002F0F0020CF0F00C81F800E04A7081F844
S31500034C0002C02388134343EA0E1343EA1C136FEAD5
S31500034C1003536FEA1353238002348461002010BDCB
S31500034C20036C23B1826902328261002070470B78DC
S31500034C3091F801C0826900B591F803E003F0F0032F
S31500034C400B700EF0F00E1B010CF0F00C43EA0E2372
S31500034C5081F801C043EA0C0391F802C081F803E02E
S31500034C600CF0F00C43EA1C1381F802C0023222F85E
S31500034C70023C826100205DF804FB00BFF0B590F8AA
S31500034C802930876913F0010583B004460E4619D00F
S31500034C90036C23B10137A761002003B0F0BD0DF10A
S31500034CA007013046F6F76CFF9DF8073094F82D2080
S31500034CB09A423B7834BF43F0010323F001033B7070
S31500034CC0A769E7E70DF107013046F6F759FF94F8B0
S31500034CD02D209DF807309A421AD394F82B203B785F
S31500034CE023EA02033B70FF2335707570B570F370CA
S31500034CF094F82B305B0884F82B30002BCCD1A369B6
S31500034D00802201330020A36184F82B2003B0F0BD79
S31500034D103B7894F82B20FF251343E3E7F0B590F88F
S31500034D202930856913F0010683B004460F4606D081
S31500034D30036C23B30135A561002003B0F0BD90F8E1
S31500034D402B305A0891F90330002B2B7821DB23EA09
S31500034D5002032B7090F82B2023EA02032B7094F89E
S31500034D602B309B0884F82B30002BE5D1A3698022D6
S31500034D7001330020A36184F82B2003B0F0BD91F921
S31500034D800330002B2B781BDB23F003032B70856981
S31500034D90D0E713432B700DF107013846F6F7F0FE03
S31500034DA094F82D209DF807309A421FD22B7894F859
S31500034DB02B20FF2613432B703E707E70BE70CEE70A
S31500034DC043F001032B700DF107013846F6F7D8FEC1
S31500034DD09DF8073094F82D209A422B7834BF43F080
S31500034DE0020323F002032B70A569A3E794F82B2093
S31500034DF02B7823EA0203DEE730B5036C83B004465F
S31500034E0073B194F82B301B0984F82B302BB9A369A3
S31500034E10F0220133A36184F82B20002003B030BDB8
S31500034E200D4628460DF10701F6F7AAFE9DF8073051
S31500034E301B0943EA03122A706A70AA7094F82B10AE
S31500034E40A2698DF8073011F0F00F08BF11784FEA09
S31500034E5003100ABF0B4310701370D2E730B5036C0F
S31500034E6083B004462BB394F82930DB0705D5A36931
S31500034E700133A361002003B030BD94F82B301B0926
S31500034E8084F82B302BB9A369F0220133A36184F88C
S31500034E902B2094F82C305B0884F82C30002BE9D1B6
S31500034EA0E369802201330020E36184F82C2003B0F8
S31500034EB030BD0D4628460DF10701F6F761FE9DF854
S31500034EC007301B0943EA03122A706A70AA7094F822
S31500034ED02910A2698DF80730C9074FEA031013D4C6
S31500034EE094F82B1011F0F00F0ABF1178C3B20B43DD
S31500034EF01370EA78E369802A0DD994F82C101A788E
S31500034F0022EA01021A70AEE795F903100029A8BF39
S31500034F10FF231370A7E71A7894F82C100A431A7024
S31500034F20A1E700BF30B5036C83B0044653B990F8CC
S31500034F30293085699B070BD591F90330002B07DBD5
S31500034F40FF232B70A36900200133A36103B030BD97
S31500034F5001AA204603F0BAFB019B2B70F2E700BFC0
S31500034F608B6870B50C46054663B1764A18461368D6
S31500034F709847606000282FD0A268002106F0EFFE54
S31500034F806368AB61206968B16E4B1B689847064638
S31500034F90E060002800F084802269002106F0DFFE2D
S31500034FA0E368EB6195F82900E37810F0300F5BD1E5
S31500034FB0013B192B0ED8DFE803F01E0D0D0D2B0D4B
S31500034FC00D0D0D3B0D0D3F474F0D0D0D0D110D1124
S31500034FD00D0D0D1A282070BD302070BDA07810F07D
S31500034FE0040000F08980584B2B60002070BD574B9E
S31500034FF02B60002070BDA178554A564B11F0010F66
S3150003500008BF1346802285F82B202B60002070BD35
S31500035010A178514A514B11F0010F08BF1346F021F5
S31500035020802285F82B1085F82C202B60002070BD7C
S315000350304B4B2B60002070BDA07810F0020058D0B7
S31500035040484B2B60002070BDA07810F002004DD0B5
S31500035050454B2B60002070BDA07810F0040042D0B1
S31500035060424B2B60002070BD0E2B20D0142BB1D1E8
S315000350703F4B2B6010F0100055D0A078B4F91830D0
S31500035080B4F91A105A1E40F04003A37063688900EE
S3150003509001FB0233042285F83C202B62002070BDFD
S315000350A0344B60681B6898476660302070BD324B8E
S315000350B02B60C30623D5A178B4F91830B4F91A00C6
S315000350C0E26841F04001A1706168013B440003FBC3
S315000350D00411296212B100FB03236B624FF481733F
S315000350E0AB87002070BD254B2B6070BD244B2B6016
S315000350F070BD244B2B6070BD234B2B6070BDB4F980
S315000351001A306268A078013B02EB4301E26860F063
S315000351107F00A07029620AB113446B624FF6FE73D7
S31500035120AB87002070BDB4F91A30A1785A1E61F01E
S315000351307F03A370636803EB8203FC2285F83C209C
S315000351402B6270BD00E00620A54903002149030038
S315000351507D4C03001D4D0300F94D03005D4E030016
S31500035160254F0300054B0300D9490300214C0300D7
S315000351706549030004E006209D4A0300C94B03006A
S315000351804D4A0300794B03003949030070B5826821
S315000351900468551CA65C856014F805E0951C8560BB
S315000351A014F805C0D51C8560635D43EA066343EACC
S315000351B00E43043243EA0C2382600B6070BD00BFCA
S315000351C010B4836802685C1C8460D35C0B708368CC
S315000351D002685C1C8460D35C4B70836802685C1C49
S315000351E08460D35C8B70836802685C1C8460D35CC8
S315000351F05DF8044BCB7070472DE9F0434FF0000880
S3150003520081464746012604E00136102E4FEA47073A
S3150003521027D00C464D682068281A01F10401F3D003
S31500035220C6F1200502FA05F4EC4006F1FF3C002521
S3150003523004F0010E0EFA0CFE0CF1FF3CBCF1FF3F2D
S3150003524045EA0E054FEA5404F2D1C41904F1FF3CB2
S31500035250AC4509D201362746102E80444FEA47074C
S31500035260D7D10920BDE8F08345441E60EB1B079A9E
S3150003527059F8233013600020BDE8F0832DE9F04F81
S31500035280DFF80CB1DFF80C91DBF800C0D9F8005059
S31500035290DFF804A185B00446D0F8EC0103900F466D
S315000352A0904666464FF0000E12E0A368626893428A
S315000352B003F101011BDA2268A160D35C814203FA80
S315000352C005F34FF0010E46EA030605F1080519DA60
S315000352D0AF42EAD8BEF1000F4FD0CBF80060C9F851
S315000352E000500020C8F8006005B0BDE8F08FBEF19D
S315000352F0000F03D0CBF80060C9F80050102005B0AA
S31500035300BDE8F08F01A92046CBF80060C9F800502C
S31500035310FFF73CFFD4F8F021019B9A42EED103A993
S31500035320FFF734FF0398D4F800C0A1684FF0FF32AB
S31500035330031DC4F8F02122D003306044084411440D
S315000353406144D4F834C011F8013F5340DBB28142C3
S315000353505CF8233083EA1222F5D1D24302A9C4F8BA
S31500035360F0212046FFF72CFF08460422514606F09B
S31500035370FEFCB44628B1039893E76646B1E70022DC
S31500035380ECE7039BA06818440390C4F8EC0188E794
S31500035390181007201C10072038B204002DE9F04F1F
S315000353A04FF4967389B00026CDE90463AA4F0446E9
S315000353B08846154603AA10212046FFF75FFF0646D7
S315000353C0002840F09D80B8F1000F20D005AB009374
S315000353D004F1D80104AB039AD4F8D000FFF70CFF0D
S315000353E0DDE90431DFF874923868D9F80020D84033
S315000353F0FF29A2EB03033860C9F8003035D82369C7
S315000354005A1CAA427CD82261E268D154D2E7DDF85D
S315000354100CE00720C0F120030EFA03F2DA40002164
S31500035420431E02F0010C0CFA03FC013BB3F1FF3FF0
S3150003543041EA0C014FEA5202F3D1072865D0082846
S3150003544067D00923A1F58071CDE90431CAE73B682A
S31500035450DFF808920490DB093B60D9F8003001F5C8
S315000354608071073B0591C9F80030B1F5807F48D0BC
S31500035470B1F5847F5FD8FE39069103AAB8F1000F10
S3150003548067D010212046FFF7F9FE05AB039A009378
S3150003549004F5CC7104AB04F58E70FFF7ADFE0499E9
S315000354A03A68D9F80030CA403A60059A5B1A032A6B
S315000354B0C9F800306AD801320792069E002E3FF4DF
S315000354C079AF20690DE0AC451AD8E1680844714408
S315000354D006F0B9FC20693044069E2061002E3FF495
S315000354E069AF079BB3424FF000013CBFF11A1E465A
S315000354F08342A0EB030E324600EB060C0691E2D97B
S315000355001026304609B0BDE8F08F17299FD9013020
S3150003551080E7BF2940F28F80C729F8D83B68DFF8B8
S315000355203C9104901B0A3B60D9F800305831083B84
S315000355300591C9F80030B1F58E7F4FD940F21D139E
S315000355409942DDD14FF48173069303AAB8F1000F94
S3150003555097D105212046FFF791FE3B6803985B0927
S315000355603B60D9F80030053BC9F8003000F01F0056
S315000355704246042300F001019940013B0A43591CAA
S315000355804FEA5000F6D1032A059294D91D2AB8D8BA
S31500035590043A560806F1010A07AA51462046FFF7C0
S315000355A06DFE059B079A0121023603F0010301FAFA
S315000355B006F603FA0AF333440B44CAF120018A4080
S315000355C0CA40134407933B6823FA0AF33B60D9F8AE
S315000355D00030A3EB0A03C9F800306EE76FF484705A
S315000355E001444FEA910B0BF1010A06AA51462046E4
S315000355F0FFF744FE059B069A6FF4847C63440121FE
S315000356000BF1030B03F0030301FA0BFB03FA0AF393
S31500035610CAF120015B448A400333CA40134406930C
S315000356203B6823FA0AF33B60D9F80030A3EB0A037D
S31500035630C9F8003021E73B68DFF8209004901B0A85
S315000356403B60D9F800303039083BFF290591C9F88A
S3150003565000307FF6D4AE6EE7181007201C10072023
S315000356602DE9F04F2DED028B0729ADF54B7D40F269
S3150003567018820378892B044640F00A824378502B1C
S3150003568040F0068283784E2B40F00282C378472B84
S3150003569040F0FE8103790D2B40F0FA8143790A2B02
S315000356A040F0F68183791A2B40F0F281C3790A2BF5
S315000356B040F0EE81694B1E68002E00F0CF820D4646
S315000356C0934600214FF4FA724DA806F048FB41F2C7
S315000356D07810B04702460690002800F0BF820823E0
S315000356E04F9302F58063819302F67803829302F661
S315000356F0F843B2935A495A9002F678534D944E950D
S315000357000438C493002213464FF00809DC074CBF44
S3150003571081EA53035B08B9F10109F7D10132B2F506
S31500035720807F40F8043FEED1DFF83C81DFF83CA1EF
S31500035730C8F80090CDE9039BCAF800904C464E9BEF
S315000357404F9A043B9A4280F292810CA94DA8FFF727
S315000357501DFD0C9D4FF0FF32002DC992C0F23C8215
S31500035760DDE94E10091A03398D4280F235824D99CF
S3150003577086180844033028445A9D314411F8013FE2
S315000357805340DBB2884255F8233083EA1222F5D11F
S31500035790D2430DA94DA8C992FFF712FD0C9E4F9D4A
S315000357A030490422AF190DA8C89706F0E0FA50EA6B
S315000357B0040340F07F810FAA08214DA8FFF75EFD81
S315000357C0002840F05481D8F800301B0AC8F800308E
S315000357D0DAF8003010AA083B08214DA8CAF80030B1
S315000357E0FFF74CFD002840F04281D8F80020120A4A
S315000357F0DDE90F30C8F80020DAF80020083ACAF8C5
S315000358000020C3F3031202F1080187064FF00202D8
S3150003581002FA01F200F12B81B2F5803F00F32781F2
S3150003582003F00F03082B40F02281529A9DF858315A
S31500035830539902FB03F3DA1D48BF03F10E02074B2C
S31500035840D2101B6801FB021008EE100A98470023CA
S3150003585050905193002854D100F071BD00E006200A
S315000358602083B8ED38B20400181007201C10072057
S31500035870DAF80030D8F80020033B03F00701D2081A
S31500035880CA405B1AC8F80020CAF80030002B40F063
S31500035890DB814F9B4E9ED81CB04280F29D814D9971
S315000358A05A1CCD5C4F928A5C45EA02259A1C4F929C
S315000358B08A5C4F90085C42EA00222A444FF6FF7046
S315000358C0043382424F9340F0D280BDB1519A18EE11
S315000358D0104AA8188442C0F0CA80E8188642C0F26B
S315000358E07B815098194410442A4606F0ACFA4F9B24
S315000358F0119C2B444F93519B2B445193E30700F187
S31500035900238511AA08214DA8FFF7B8FC002840F00B
S31500035910AE80119C14F00605AAD0022D00F09184E6
S31500035920042D40F0A480D8F80030DB08C8F8003016
S31500035930DAF8003012AA033B05214DA8CAF8003055
S31500035940FFF79CFC129B03F01F0303F20113129350
S31500035950D8F800305B09C8F80030DAF8003013AA2B
S31500035960053B05214DA8CAF80030FFF787FC002840
S315000359707DD1139B03F01F0301331393D8F8003033
S315000359805B09C8F80030DAF800302946053B14AA4B
S315000359904DA8CAF80030FFF771FC0746002866D108
S315000359A0149B03F00F0304331493D8F800301B0938
S315000359B0C8F80030DAF800300146043B442270A8E8
S315000359C0CAF8003006F0CBF9502239465CA806F037
S315000359D0C6F94422394683A806F0C1F94FF48F620B
S315000359E03946819806F0BBF944223946B3A806F036
S315000359F0B6F97822394694A806F0B1F90DF1E8090B
S31500035A00149D98494C2227A806F01DFA4C223946C4
S31500035A10484606F0A4F9002D00F0348127AE3C4633
S31500035A201DE0D8F80030DB08C8F80030DAF800309B
S31500035A30033BCAF80030169B03F007034DA903F195
S31500035A40220201EB820256F8041B169349F8213011
S31500035A5013B1536801335360A54200F0138116AAAC
S31500035A6003214DA80134FFF709FC0028D9D04FF0D4
S31500035A7010095098002800F02A847B4C2368984725
S31500035A80C69808B12368984723680698984701E0A3
S31500035A904FF0100948460DF54B7DBDEC028BBDE872
S31500035AA0F08F4FF0190948460DF54B7DBDEC028B7F
S31500035AB0BDE8F08F6D4904220DA806F058F960B3CE
S31500035AC06B4904220DA806F052F9002800F08780DE
S31500035AD0684904220DA806F04AF9002800F08680DA
S31500035AE0654904220DA806F042F918B9C69B002B96
S31500035AF000F0BE8361490DA8042206F038F9002898
S31500035B0000F040824F970EA94DA8FFF73FFB0B68A5
S31500035B10C99A9A423FF413AEA9E70C2E5CDD52A94B
S31500035B204DA8FFF733FB53A9FFF730FB529BB3F5A1
S31500035B30804F80F02182539BB3F5804F80F01F8204
S31500035B404F994D984A1C4F92435C8DF850315D1E18
S31500035B500F2D09D8DFE805F00B0B080B0808080B17
S31500035B60080808080808080B4FF0240981E78D1C6C
S31500035B704F95825C5592062A3FF679AF01A656F8F1
S31500035B8022F000BFA35B03006F5A0300CF5B030041
S31500035B90A35B0300C75B03006F5A0300A15B03000B
S31500035BA09B008DF85831CB1C4F93455D57950A1DC5
S31500035BB04F92C35C58932B437FF459AF05314F91F2
S31500035BC0835C59939FE75B008DF85831EBE703EB52
S31500035BD043038DF85831E6E74FF0190949E7032ED9
S31500035BE0FADD5BA94DA8FFF7D1FA8CE7244B83FBBB
S31500035BF0063740F20233A7EBE6779E42C59700F3DA
S31500035C003483022E7FF77FAFC4996B1C4D9D0439F5
S31500035C1005F1FF3C6E1C4F935A1C1CF803E04F9290
S31500035C20EA5C120242EA0E4203F1020ECDF83CE1AF
S31500035C3016F803E0013042EA0E02874241F8042FC8
S31500035C4003F10303E7DC5EE7DA40C8F800204F9A66
S31500035C50CAF80050A2EBD3034F931BE64FF030096B
S31500035C6018E700BF10B5040004E0062040B20400A4
S31500035C7048B2040050B2040058B2040060B20400F3
S31500035C805655555570AB7FA8D3E900120A4443F81D
S31500035C90042F9842F8D117AD40224FF0FF31284622
S31500035CA006F05DF84CAC39AB002053F8042F7AB1FB
S31500035CB055F822104E1C04D14DA901EB8201D1F8EF
S31500035CC088104E1C45F822604DAA02EB8101C86379
S31500035CD09C4200F10100E8D1139B129E8298029325
S31500035CE04FF4906200211C4606F039F8B2988022E0
S31500035CF0002106F034F816EB040B18BF002412D16A
S31500035D00B9E0A64255D9829A42F824302B68363335
S31500035D104DAA4DA952F82320013241F8232001341C
S31500035D205C4580F0A88015AA10214DA8FFF7A6FAB6
S31500035D3000287FF49CAE159A009516AB70A95CA853
S31500035D40FFF75AFA00287FF492AE169AD8F8003075
S31500035D50D340C8F80030DAF800309B1ACAF800308E
S31500035D602B680F2BCDD9102B27AA45D0112B2FD05B
S31500035D7007214DA8FFF782FA279B03F07F0303F160
S31500035D800B02D8F800302792DB09C8F80030DAF89E
S31500035D900030073BCAF80030A6424FEA82020FD909
S31500035DA08298002100EB840005F0D9FF279B1C4451
S31500035DB0B6E7B29AA11B42F821302B686633A7E7F0
S31500035DC0B29BA01B03EB8000002105F0C8FFEDE7A3
S31500035DD003214DA8FFF752FA279B03F00703DA1CAA
S31500035DE0D8F800302792DB08C8F80030DAF800301C
S31500035DF0033BCAF80030CFE702214DA8FFF73EFA6E
S31500035E00D8F80020279B9208C8F80020DAF800206B
S31500035E1003F00303023AD81CCAF800202790002C8B
S31500035E2000F08180621E964240F2A08004F1804217
S31500035E308299013A51F8221029600233A642279328
S31500035E407CD901F1360C4DAB829A53F82C300344BE
S31500035E504DA840F82C3004F18043013B02EB83024A
S31500035E6000E0296842F8041F279B591E0134279135
S31500035E70002BF6D154E700238393B39393A884AB03
S31500035E80D3E900120A4443F8042FD3E92F129842A8
S31500035E900A44C3F8C020F3D140224FF0FF314846ED
S31500035EA005F05DFFD6B1829B819C043B03EB86061E
S31500035EB0002053F8042F6AB159F822104D1C04D15F
S31500035EC002F135014DAD55F8211044F82100013199
S31500035ED049F822109E4200F10100EAD140224FF018
S31500035EE0FF31484605F03BFF029BE3B1B29B0298A4
S31500035EF0043B53F8042F9AB159F822104C1C04D1D1
S31500035F0002F165014DAC54F821101D293FF7AFADE1
S31500035F104C1C49F822404DAA02EB8101C1F81C71C1
S31500035F200137B842E5D118EE102A01214DA8FFF733
S31500035F3035FA00287FF49BAD119CDFE401F1660C72
S31500035F404DABB29A53F82C3003444DA840F82C308D
S31500035F50A31B02EB830200E0296842F8041B279B7C
S31500035F60591E01342791002BF6D1D9E6F243B29993
S31500035F70224451F822105FE74FF01E0979E54FF0EE
S31500035F801F0976E5014650989DF85821DDE9039BE4
S31500035F90002800F0C781529B03FB02F40732D51099
S31500035FA0539A0734002A4FEAE40440F3C9800122D6
S31500035FB00292621B05922A1908922A1BCDE9092926
S31500035FC0631CCDF82CB00793C5F1000A6642039112
S31500035FD08B46039B10F80380029B3719C118224690
S31500035FE03844049705F0A2FEB8F1040F3FF63FAD1F
S31500035FF0DFE808F0117362802200AC42C8BF5B463B
S3150003600009DD509AE818D15C165C31441154059A9F
S3150003601001339A42F5D1A244079A039B134403938F
S31500036020029B1344539A02930BF1010B934580F29F
S315000360308580049E5098CCE7BBF1000FDDD05DB19F
S315000360403346721950991F19C85C11F807C00133FA
S3150003605060449A42C855F5D1AC4209DCDBE7984265
S31500036060C8BF424601366244B24501F80920D2D080
S315000360705099089B11F8068003EB06098B1911F852
S3150003608009C05A5D13F804E00EEB0203A3EB080301
S31500036090981AA3EB0E070028B8BF4042A3EB0803E8
S315000360A0002FB8BF7F42002BB8BF5B428742D6DCC6
S315000360B09F42D4DC7246D5E7BBF1000FABD0002C70
S315000360C001DCA8E73719509B9A5DD95D0A44DA5576
S315000360D0049B0136B342F5D19DE7AC42A2449BDD56
S315000360E0509BE919DA5D585C01370244BA455A54A4
S315000360F0F6D191E7BBF1000F00F0F980721955B1A3
S31500036100509B301913F806C0195C013601EB5C018C
S31500036110B2421954F4D1AC42A2447FF77DAF509BEF
S315000361200999DA19E819525CD95D11441A5C0137E9
S3150003613002EB5102BA451A54F1D16DE7DDE90A9B28
S31500036140519B9B1A509ACBF80420529A5193CBF841
S315000361500830ABF81820C79B539AABF81A201022C5
S315000361608BF802202BB1C69BCBF8143014238BF883
S315000361700230559B023B042B4FD8DFE803F0442340
S31500036180134E03009DF850219BF80230854C082AD4
S315000361900CBFF822FA2243F004038BF803208BF892
S315000361A0023071E49DF850219BF802307D4C082A99
S315000361B00CBFF522F62243F004038BF803208BF879
S315000361C0023061E49DF85031022B00F0B480042BB9
S315000361D000F0AD80012B00F0A180F3238BF8033090
S315000361E0C598714B80001B68CBF810009847CBF815
S315000361F00C0000283FF432ADDBF81020C499694C3B
S3150003620005F021FE40E49DF85031664C082B0CBF87
S31500036210F723F9238BF8033036E49DF85031023B1C
S315000362200E2B09D8DFE803F0B708B1080808AB0856
S31500036230080808080808A500F0235A4C8BF8033011
S3150003624022E4D8F80030DB08C8F80030DAF800306A
S315000362500146033B18EE102A4DA8CAF80030FFF793
S315000362609DF800283FF468AE01E44FF0220900E4EC
S31500036270559B23F00202042A4AD0032B2AD0761018
S31500036280032EC7962ADC484BB0001B689847C69076
S31500036290002840D0C79A002A7FF735AC4D99559F01
S315000362A0034600EB82004F9A561C4F9602F1020CEE
S315000362B08A5C032F4FEA02251FBF1D60CDF83CC140
S315000362C08A5D2A431A6004339842ECD11BE4354CA9
S315000362D0FFF7D6BBB6F5807FC796D4DD4FF022090C
S315000362E0509800287FF4C9AB2E4CFFF7CDBBAC42C8
S315000362F0C8BF5B467FF78FAE509AE818D65C115C31
S3150003630001EB56011154059A01339A42F4D182E600
S315000363104FF01009E4E74FF03009E1E7F0238BF87B
S3150003632003305DE71F4C4FF01009FFF7A9BBF223BB
S315000363308BF8033054E7F1238BF8033050E7194CFD
S315000363404FF03009FFF79CBBDAF80020D8F800308D
S31500036350D340C89A4F920022C8F80030CAF80020EA
S31500036360519B18EE102A9A427FF481AB0124FFF762
S31500036370CABBF4230B4C8BF80330FFF785BBF3231F
S31500036380084C8BF80330FFF77FBBF223054C8BF8E1
S315000363900330FFF779BBF123024C8BF80330FFF789
S315000363A073BB00BF04E0062000E0062010B490F89B
S315000363B02830013B192B0ED8DFE803F01B0D0D0D1A
S315000363C0120D0D220D220D0D2B2B350D0D0D0D125C
S315000363D00D120D0D0D22282318465DF8044B704748
S315000363E0C2690023541CC46118465DF8044B0A6055
S315000363F0704783690B60002318465DF8044B7047AA
S3150003640082690023541C846118465DF8044B0A60B4
S31500036410704790F8293013F00203EAD182690A60C3
S3150003642002328261D8E783690B60023383610023FA
S3150003643018465DF8044B704710B41C680E2804F127
S31500036440FF3C1DD80C282AD801282AD1890741D513
S315000364500299BCF11F0FA8BF4FF01F0C09B14CF0F6
S31500036460200C2AB9019A0199127842EA8C020A7021
S315000364700CF01F0C0CF101025DF8044B1A60704717
S315000364800F280ED1029909B14CF4004CF2B1CCF3AA
S315000364900E0C0CF101025DF8044B1A607047880775
S315000364A0F0D50299BCF17F0FA8BF4FF07F0C09B15D
S315000364B04CF0800C12B9019A82F800C00CF07F0CE4
S315000364C00CF101025DF8044B1A607047019AA2F8B9
S315000364D000C0DCE70299BCF13F0FA8BF4FF03F0CA9
S315000364E009B14CF0400C2AB9019A0199127842EA93
S315000364F04C020A700CF03F0C0CF101025DF8044BE0
S315000365001A6070472DE9F04FD0F8509089B00027F4
S31500036510CDE902770497B9F1000F5AD00546BA467A
S315000365206B6806AA3946284698472E6D07F1010877
S315000365304645444652D94FF0010B15E09DF8182005
S315000365409DF81C309A421CD19DF819209DF81D30E8
S315000365509A4216D19DF81A209DF81E309A4210D100
S31500036560B4420BF1010B0CD26B68214607AA2846ED
S3150003657098479DF81B209DF81F309A4204F10104A9
S31500036580DCD0BBF1020FCDF80CB029DD029B002B4A
S3150003659050D104A92846FFF709FF0446D0B9049948
S315000365A02A6C0120CDE9001003AB95F8291095F864
S315000365B02800FFF741FF39466B6805AA2846984726
S315000365C02B6805A928469847039B02941F44B9459F
S315000365D0A6D80024204609B0BDE8F08F0123039313
S315000365E0029BF3B10133394605AA02936C68284628
S315000365F0A0472B6805A928469847029B802B474648
S3150003660001D0C145E3D1049B2A6C95F8291095F86E
S315000366102800CDE9003A02ABFFF70EFFCDF808A03C
S31500036620D5E704A92846FFF7C1FE04460028D1D1C1
S31500036630029BD7E7049B2A6C95F82910CDE9003A0B
S3150003664002AB95F82800FFF7F7FEA2E72DE9F8431A
S31500036650904690F828200023C0E90633052A4FF018
S315000366600103D0E9146504460F46036422D02B4682
S31500036670D5B14FF0000908E0D4E90423A16B3344F4
S315000366800A444D45C4E9042308D9204609F1010902
S31500036690FFF738FF0028EFD0BDE8F88394F82830D9
S315000366A0052B1ED0D4E906533D600020C8F8003000
S315000366B0BDE8F88390F829309A0709D50736F60816
S315000366C0002DD6D1E3693D600020C8F80030EFE71E
S315000366D0002DCED194F82B300F2B04BF0135A561C5
S315000366E0F0E794F82930A5699B07F3D5EAE700BFDD
S315000366F0F8B590F82830B1F91A50B1F918600022AC
S31500036700052B0446026405D190F829309B0744BF44
S315000367100736F610002D11DD002708E0D4E904231F
S31500036720A16B33440A44AF42C4E9042306D020468E
S315000367300137FFF7E7FE0028F0D0F8BD0020F8BDCB
S315000367402DE9F043544B1B6885B0002B00F09E8067
S31500036750DFF84891F5F7F4FFD9F8005000270197C1
S3150003676055B913E02B6F0193294602A800F098F858
S31500036770002833D12D6955B1AB6BD807FAD56B6FAA
S31500036780002BEFD0284600F0C7FBEBE72F4601A806
S3150003679001F064FC0546002860D1D9F80040002CBE
S315000367A06AD0A26B206F0190D307C0F824530FD58C
S315000367B0D0F8282362B1D0F82C2302F00602062A69
S315000367C006D1826900F11C01D2F8BC3098470198C2
S315000367D02469C0F82853002CE3D14DE0019802AA9E
S315000367E02946F7F785FD0198D0F8243300F12406EE
S315000367F083B34FF000080FE0636B20469847019878
S315000368000021F7F745FD0198D0F8243308F1010874
S31500036810434506F10C061DD9B468002CF4D0A36BCE
S31500036820D90011D432462146F7F762FD03280746FD
S31500036830E2D1B4F84C30812BE1D12046F6F760FE65
S31500036840DDE7A36BDA001DD523466468002CF8D177
S315000368501C46E7E70021F7F71BFD8BE70198D0F805
S3150003686028334BB1836900F11C01D3F8BC30984738
S31500036870019B0022C3F82823F6F708F9384605B02A
S31500036880BDE8F08343F40043A363CBE720273846F0
S3150003689005B0BDE8F08300BF5CD80620E4E106201E
S315000368A02DE9F04F0F6F83B04FF0FF33B7F9322363
S315000368B0B7F9301300938046F6F7EEFAD7F8243388
S315000368C0002B00F0818007F1240907F13006CB463F
S315000368D04FF0000A09E046F8041C0AF1010A534581
S315000368E006F10C060BF10C0B33D956F8042C002ACF
S315000368F0F3D0916B11F00101EDD05568002DECD06A
S315000369001146B1F84C307F2B03D9B5F84C30812BA7
S3150003691015D0146914B90BE024694CB104F12000B5
S3150003692000225946F6F7C2FA0028F5D046F8045C69
S315000369306B6823B12A4656F8041C1D46E1E7D7F8CF
S3150003694024330AF1010A534506F10C060BF10C0B2D
S31500036950CBD8002B38D04FF0000B4E46DA46B26840
S3150003696062B32BB34C46002504E00135AB4204F178
S315000369700C041DD9A1680029F7D0B442F5D04B68A1
S31500036980B26813B931E05B687BB39A42FBD100224C
S3150003699021463046F6F78AFA90BBA168B26891425F
S315000369A027D0D7F824330135AB4204F10C04E1D8E0
S315000369B031464046F6F752FAD7F824330BF1010B6A
S315000369C09B4506F10C06CAD3B8F90020B8F9043082
S315000369D09A421CDCB8F90200B8F906309842CCBFDB
S315000369E00020012003B0BDE8F08F002ACFD09142EA
S315000369F0D7D1002221463046F6F758FA0028D0D0E0
S31500036A0021463046F6F72AFAC4F808A0C9E700205B
S31500036A1003B0BDE8F08F00BF70B5046888B0CCB191
S31500036A208446BCE80F000DF1080EAEE80F009CE8A3
S31500036A3003008EE80300104622B1036B02A99847B0
S31500036A4008B070BD0D2C08D80B2C08D8284B186835
S31500036A500028F2D1002008B070BD0F2CF6D1254BCB
S31500036A60069A1B68BDF91860BDF91A500192002BEE
S31500036A701FDD214B1C68002CECD0636863B15A6898
S31500036A800AB11346FAE71A6FB2F83433F61AB2F8B4
S31500036A903633ED1A36B22DB2029BADF818600C2BC5
S31500036AA0ADF81A5004941ED0236B02A920469847CA
S31500036AB0C6E702A800F0CAF90028CBD0016FB1F8E7
S31500036AC03433F61AB1F83633ED1A36B22DB2ADF8C1
S31500036AD00460ADF806500199022200F0E7F9044676
S31500036AE00028B7D0D8E7204600F042F8DCE700BF1D
S31500036AF09CDF062060D80620D8DF0620F8B5864638
S31500036B00EFF3108C72B6194A13691BB39168136AB3
S31500036B100468556AD2E90667890005E00B449F427B
S31500036B2098BF33469D4215D01A68A242F6D1DEF8C5
S31500036B30082098689042F1D10B2C0ABF1A69DEF837
S31500036B40102001321A618CF310881A680F2A08D0B4
S31500036B500020F8BD8CF310887046BDE8F840F5F7C1
S31500036B601DBC03F11000F5F769FEF1E7E4DA062030
S31500036B7070B5836B8AB00446002213F001000692B7
S31500036B8004D10AB070BD6468C4B1A36B9B06FAD581
S31500036B90184E3568A5422AD035B103AA21462846A0
S31500036BA000F0ACFE039BB3B104A90722236B346048
S31500036BB004922046984700200AB070BD0720F5F7D7
S31500036BC0E1FB07200AB070BD03AA214600F096FE3A
S31500036BD0039B1BB96D6868680028F5D1082304A9CF
S31500036BE0049328462B6B019198470199DDE708200A
S31500036BF0C7E700BF9CDF06202DE9F047DFF8A4A016
S31500036C0082B00646F5F79CFDDAF80070002F12DD18
S31500036C10B36B5B000FD5DFF8908007F1FF3943466E
S31500036C2000241D4604332A68B2420CD00134A7421D
S31500036C30F7D1072000E008200190F5F727FF019818
S31500036C4002B0BDE8F08730464FF08041F6F762FFA9
S31500036C50DAF80030A14503F1FF33CAF8003014DD3A
S31500036C60A000011DA9EB040292004144404405F033
S31500036C705DF8002348F8293007F18047023F084BA7
S31500036C8058F827201A600020D6E700232B60B9F1B5
S31500036C90000FF1D1024B4846C3F80090CCE700BF82
S31500036CA0E8DF062060D80620D8DF06202DE9F0416C
S31500036CB0054603C986B00DF1080888E80300002DD0
S31500036CC034D0002832D02B7813F01006174631D172
S31500036CD0039B0BB3002204A9404600F0CBFCD8B9B2
S31500036CE0BDF81040C4B12B4602E01B69002BEFD060
S31500036CF0D9888C42F9D31A89A242F6D3611ADB6882
S31500036D0089B2ADF8101001EB410103EB81010B7A57
S31500036D101E44039B002BDDD147F6FF739E42A8BF9B
S31500036D201E4600203E8006B0BDE8F081072006B06F
S31500036D30BDE8F08104AC84E803000026059B002B24
S31500036D40EFD000220DF10601204600F093FC002847
S31500036D50E7D1BDF806100029E3D02B4602E01B69F4
S31500036D60002BEBD0DA889142F9D318898842F6D3FF
S31500036D708A1AD96893B201EB0312ADF80630137A77
S31500036D801E44DBE72DE9F047DFF8B8A004460D46BD
S31500036D90F5F7D6FCDAF80030002B4CD0DFF8A890D4
S31500036DA00027D9F800109E46BC4638464FF0100817
S31500036DB01A461B69D668A64212D01046002BF7D195
S31500036DC0BCF1000F01D0CAF800E00FB1C9F80010FA
S31500036DD0F5F75CFEDAF800302BB34046BDE8F087E2
S31500036DE015B19668AE42E8D140B1036111615DB950
S31500036DF01146A8460127002BDAD1E1E79E464FF05C
S31500036E00010C1161002DF3D0BCF1000F01D0CAF8BB
S31500036E1000E0C9F80020F5F739FEDAF800304FF044
S31500036E200008002BD9D1054B1B68002BD5D104488C
S31500036E3003F07EFFD1E74FF01008C9E7D4D606204A
S31500036E40B00B0720CCD60620A0DF062070B5164B64
S31500036E501C6882B01CB305466E4601E02469F4B192
S31500036E60A36BDB07FAD5236F6A689969C96C9142EC
S31500036E70F4D104F1200292E80300B3F9362386E83D
S31500036E800300B3F934133046F6F75AF82969304646
S31500036E90F6F73AF80028E1D0204602B070BD002488
S31500036EA0204602B070BD00BFE4E1062070B5C46899
S31500036EB082B00191FCB115460026A36BDB0705D40E
S31500036EC06469002CF9D1304602B070BD019904F112
S31500036ED02800F6F719F80028F2D0E36835B1A26B5B
S31500036EE0154203D11C46002CE7D1ECE726461C4687
S31500036EF0002CE2D1E7E72646304602B070BD00BF5C
S31500036F0003461A469B68002BFBD1024B1968916016
S31500036F1018607047A4DF062010B5044601F034FC60
S31500036F2004F12001204601F06DFC0023636710BDC8
S31500036F3000EB800C00EB4C0CBCEB810F07DA01FB7A
S31500036F4001F000010CFB0CF1116018607047BCEBFB
S31500036F50C10F30B54FEA81040DDA01FB01F00C1BBA
S31500036F6000EB40010CEB440C89000CFB0C110001F7
S31500036F701160186030BD0C44BCEB440F0EDAC1EB54
S31500036F80417401FB01F0C1EBC4018C44C0EB001159
S31500036F900CFB0C1100011160186030BD6FF0140C6E
S31500036FA001FB01F50CFB01F44FF0160E0EFB004C32
S31500036FB0C5EB85110CFB0C11A8011160186030BDDF
S31500036FC070B5154641F2F00282B01040B0F5805F0D
S31500036FD0069E0C4600F000833DD8802800F0E6822A
S31500036FE040F2A380C02800F0088340F29680E02890
S31500036FF000F08382F02840F01181B6EB430F4FEA8D
S31500037000430240F3D881B31A4FF47A7101FB03F3B9
S31500037010D54993FBF6F35B1051F8233001934FF4F4
S31500037020C87303FB02F292FBF6F66FF4DE721644A4
S31500037030B0020096F5F758FE631B40F39500019ADC
S3150003704000FB03F393FBF2F304EB6304079B0020BB
S315000370501C6002B070BDB0F5845F00F09B8239D925
S31500037060B0F5865F00F0E08118D941F2D002904274
S3150003707000F0CC81B0F5875F40F0C1814FF4343026
S3150003708003FB00F090FBF6F0F5F72AFE2D1BC0F587
S31500037090806000FB05F504EBE524D7E7B0F5855FD3
S315000370A000F0608241F2B002904240F00B81B6EBF1
S315000370B0430F40F34F816A1A1D0105FB02F292FB4F
S315000370C0F6F203FB02F292FBF6F203FB02F292FBE9
S315000370D0F6F2EDE0B0F5825F00F0378240F2DE8033
S315000370E0B0F5835F00F0298241F27002904240F0CE
S315000370F0BA809B1B4C1B03FB04F494FBF6F403FBC3
S3150003710004F494FBF6F403FB04F494FBF6F403FB98
S3150003711004F494FBF6F42C4498E7A02800F0E981E4
S31500037120B02822D19B1B6C1AE9E7402800F0D181D5
S315000371304DD9602800F09A81702836D11A0492FB43
S31500037140F6F202FB03F393FBF6F3C3F580300190EB
S31500037150F5F704FE2D1BC0F5807000FB05F5002D29
S31500037160B8BFFF3504EB252470E7902840F047812C
S31500037170B6EB430F00F310819B1B9A0492FBF6F2C6
S3150003718002FB03F393FBF6F0C0F580300190F5F7AD
S31500037190E5FD00F580702D1B00FB05F5002DB8BF3E
S315000371A005F2FF1504EB652450E7502840F02781CC
S315000371B0314618466A4601ABFFF7BAFE0099019AB3
S315000371C02B1B01FB03F393FBF2F31C443EE720283E
S315000371D000F03A81302840F08680B6EB430F00F387
S315000371E0C7809B1B6A1A03FB02F203EBC30092FBE5
S315000371F0F6F203FB02F2342306FB03F303EB00135D
S3150003720092FBF6F2594C02FB03F384FB0324DB17D0
S31500037210C3EBA40494FBF6F42C4417E7D02840F000
S31500037220EE80F21A4FF47A7101FB02F24E4992FB99
S31500037230F6F2521051F8222001924FF4617202FBCA
S3150003724003F393FBF6F6A6F2C736B0020096F5F7FC
S315000372504BFD631B40F39500019A00FB03F393FB7D
S31500037260F2F31C44F2E641F25002904240F0C7802A
S31500037270B6EB430F03FB03F2DCBF7343C2EB4302DC
S3150003728006FB06F1A5EB0403CCBF5200C1EB420299
S3150003729002FB03F393FBF1F31C44D7E6B0F5815FDE
S315000372A000F0008141F23002904208BF6A1A3BD1D6
S315000372B003FB02F292FBF6F202FB03F393FBF6F3F4
S315000372C01C44C3E641F29002904240F098806A1A49
S315000372D003FB02F292FBF6F203FB02F292FBF6F2D7
S315000372E003FB02F2F3E6102840F089806A1A03FBD7
S315000372F002F2C6EB067192FBF6F203FB02F203EB14
S31500037300430303EBC303C6EB01110B4492FBF6F2F3
S3150003731002FB03F3154A82FB0312DB17C3EBA2033B
S3150003732093FBF6F31C4491E641F21002904266D1B8
S315000373304FF47A7202FB03F30B4A93FBF6F46310E2
S31500037340A1EB050C52F823404FEA0C2C9CFBF4F4FA
S315000373502C447BE69B1B6C1A1A0102FB04F494FB78
S31500037360F6F403FB04F4C8E65CB5040067666666D8
S315000373706A1A03FB02F292FBF6F203FB02F292FB9A
S31500037380F6F16FF0330203EBC30306FB02F202EBE3
S31500037390031301FB03F3BDE79A0492FBF6F202FB28
S315000373A003F393FBF6F3C3F580300190F5F7D6FCB0
S315000373B0C0F58070EFE6931B4FF47A7101FB03F37C
S315000373C0AB4993FBF6F35B102C1B51F82330019367
S315000373D04FF4C87303FB02F26FF4DE7392FBF6F607
S315000373E01E44B0020096F5F77FFC40F39500019B1F
S315000373F000FB04F494FBF3F405EB640426E62D1B6F
S3150003740003FB05F595FBF6F52C441FE64FF4B43064
S3150003741003FB00F090FBF6F0F5F766FC2D1B00FB73
S3150003742005F504EBA52411E64FF4B43003FB00F095
S3150003743090FBF6F0F5F754FC2D1BC0F5806000FBBE
S3150003744005F504EBA52401E69B1B6A1A03FB02F26E
S3150003745092FBF6F203FB02F203EB430303EBC303D4
S3150003746006EB06110B4492FBF6F2CBE6B6EB430FA3
S315000374704FEA430040F3D58001AB6A46301A3146E2
S31500037480FFF756FD009A2B1B2C4404EBD47402FB26
S3150003749003F36410019A93FBF2F303EBD373A4EBA8
S315000374A06304D3E5B6EB430F4FEA430240F3CF80C1
S315000374B04FF47A73B21A03FB02F26D4B92FBF6F2A8
S315000374C052106D1A53F82230ED0195FBF3F52C4457
S315000374D0BCE5F01A314601AB6A46FFF729FDDDE943
S315000374E000312D1BCB1A05FB03F393FBF1F31C446D
S315000374F0ACE56A1A03FB02F2E9E54FF47A725C49DA
S3150003750003FB02F292FBF6F252102C1B51F82220D7
S3150003751001924FF4617202FB03F393FBF6F6433ECB
S31500037520B0020096F5F7E0FB40F39500019B00FBE4
S3150003753004F494FBF3F42C4488E56A1A03FB02F281
S3150003754092FBF6F203FB02F2C1E5C3EB46026D1AA8
S3150003755002FB03F303FB05F506FB06F695FBF6F5BF
S315000375602C4473E5981B6B1A00FB03F393FBF6F3AA
S3150003757000FB03F393FBF6F300FB03F393FBF6F332
S3150003758000FB03F393FBF6F300FB03F393FBF6F421
S315000375902C445BE5B6EB430F37DD6A1ADD0005FBCA
S315000375A002F292FBF6F203FB02F290E59B1B1A042E
S315000375B092FBF6F202FB03F393FBF6F0C0F5803081
S315000375C00190F5F7CBFB2D1B05FB00F00028B8BF98
S315000375D0FF3004EB202439E54FF47A72F31A02FBE9
S315000375E003F3234A93FBF6F35B106D1A52F8233029
S315000375F02D0295FBF3F52C4428E5B6EB430F0ADD84
S315000376006A1A9D0005FB02F261E59B1B4C1BDA001F
S3150003761002FB04F471E59B1B6C1A9A0002FB04F44B
S315000376206FE501AB6A46801B3146FFF781FC009A82
S315000376302B1B2C4404EBD47402FB03F36410019A52
S3150003764093FBF2F303EBD37304EB6304FEE44FF40F
S315000376507A73921B03FB02F2054B92FBF6F252106E
S315000376604C1B53F82230E40194FBF3F42C44EDE471
S315000376705CB504002DE9F043D0E90038B8F1020FF8
S31500037680054619D993F900E01EF1110F5CD0BEF13E
S31500037690000F464617DB08F1FF36581C6E6028605C
S315000376A019B11B7803F07F030B80002A73D00123E3
S315000376B013600020BDE8F083464696B393F900E0D5
S315000376C0BEF1000FE7DA0EF0E000C02845D10EF058
S315000376D01F040220864260D301381844C3F101090E
S315000376E093F901C00CF03F0E0CF0C00C1F460EEBD5
S315000376F0841E0133BCF1800F03EB09061FFA8EF4D7
S3150003770017D19842ECD101B10C8012B11660D5F8AD
S3150003771004800237A8EB0606C5E900760020BDE81B
S31500037720F08301B10E8062B1002313602220BDE80D
S31500037730F08312B11660D5F80480A8EB0606C5E9F6
S3150003774000362220BDE8F08393F90100453018D0B6
S3150003775046460EF00F040320BCE70EF0F000E028C7
S31500037760F7D00EF0F800F02823D00EF0FC00F8282E
S3150003777023D00EF0FE00FC2823D10EF001040620D0
S31500037780A8E793F902004130E2D1A8F103060333D7
S31500037790002E93D1C5E710468CE709B100230B8071
S315000377A012B11060D5F80480A8EB000068602220AF
S315000377B080E70EF0070404208CE70EF0030405208F
S315000377C088E7013308F1FF36C5E9003609B100231E
S315000377D00B80002AB5D00123136022206AE700BF7D
S315000377E02DE9F041856B15F0805584B02DD10E46F9
S315000377F001A91F460446904600F05AF8019B5BB365
S31500037800F4F79EFF69462046F6F740FA0DF10201AA
S315000378102046F6F78BF8BDF9003088EAE872A2EB4A
S31500037820E8729A4207DABDF9023087EAE772A2EBF9
S31500037830E7729A4215DB31462046F4F725FDF5F744
S3150003784025F9284604B0BDE8F081F4F71DFD0025AF
S31500037850284604B0BDE8F0812025284604B0BDE8DB
S31500037860F081324621460198F6F742FD3AB20FFA05
S3150003787088F102AB304600F09FFB80B902AA21468D
S315000378800198F6F735FD636B20469847294601981C
S31500037890F6F7FEFC01980121F6F7FAFCCFE731462D
S315000378A02046F4F7F1FC01982946F6F7F1FCC6E702
S315000378B010B582B00C4601A900F0A0FA20B9019BCD
S315000378C01B6F236002B010BD054B1B6823B11B6AF7
S315000378D02360002002B010BD236002B010BD00BFBC
S315000378E070D8062038B584683CB10D46236B204614
S315000378F0294698472469002CF8D138BD0023136024
S3150003790001E0814204D049680029FAD1002070477A
S3150003791001231360002070478268002A39D010B40F
S3150003792010460024836BD90617D599051BD4044644
S3150003793080680028F6D1A4B91648936B03EA0001C0
S3150003794020291AD01269002AF7D11CB1A36B22464B
S315000379505B0619D55DF8044B704700690028E1D131
S31500037960E9E7A36B20465C0603D50B4B1B688342F2
S31500037970F0D05DF8044BFFF7FBB89905E8D414463D
S315000379809268002AD9D1E0E75DF8044B1046FFF769
S31500037990EFB87047200000209CDF062038B370B58F
S315000379A045680446B5B100F1280600F120013246C8
S315000379B005F12800F5F77AFAB5F84C307F2B11D983
S315000379C0A36B9B000ED43246314605F15200F5F700
S315000379D06DFA07E000F1200393E8030004F128039E
S315000379E083E803002046BDE8704001F03DB87047C8
S315000379F04368A3B110B5B0F84E4086B014B9002061
S31500037A0006B010BD41EA042168460293ADF80C4066
S31500037A1000910492F4F7C2FC002006B010BD0020CA
S31500037A20704700BF2DE9F047D0F804A086B0BAF13D
S31500037A30000F7CD0DAF80C308342054673D04FF042
S31500037A40FF3347F6FF7202AF894600931146384665
S31500037A50F5F722FA2C69F4B105F1200804AE05E026
S31500037A6096E8030087E803002469A4B104F1200122
S31500037A7032464046F5F71AFA0028F5D0BDF9082034
S31500037A80BDF90C309A42EBDC31463846F5F7E6F998
S31500037A902469002CEAD1BDF90820BDF90C309A42BD
S31500037AA033DDDAF80830AB4237D0D5E90432136157
S31500037AB05A61DAF80C3000221D61C5E90423B5F8D2
S31500037AC04C30CAF80C507F2B09D8B9F1000F18D0E7
S31500037AD001230020C9F8003006B0BDE8F087284628
S31500037AE0F6F7ACFADAF838305B06EED5AB6B03F093
S31500037AF06003202BE9D12846FFF73AF8B9F1000FC6
S31500037B00E6D1484606B0BDE8F08739462846F4F77D
S31500037B10BBFBDAF80830AB42C7D12B69CAF8083089
S31500037B2000225A61C5E7082006B0BDE8F0870720A2
S31500037B3006B0BDE8F08700BF2DE9F84F9B4651EA32
S31500037B40020302D10020BDE8F88F06460FB20FFAF2
S31500037B5082F889469246394642462030F5F7F0F9CF
S31500037B60B6F84C307F2B40D8B36B190437D4B468BE
S31500037B70C4B14246394604F12000F5F7E1F9B4F8F9
S31500037B804C307F2B20D8A36B1A0417D4A5680DB1EC
S31500037B902C46EEE725691DB11DE064682569D5B954
S31500037BA0A642FAD1BBF1000FCCD0B36BDB07C9D524
S31500037BB03046FFF7F3FE0020BDE8F88F52464946EC
S31500037BC02046F4F723FBE1E74246394604F1520027
S31500037BD0F5F7B6F9D7E7A642E4D02C46C9E75246ED
S31500037BE049463046F4F712FBC1E74246394606F1E9
S31500037BF05200F5F7A5F9B7E72DE9F04300F12006A2
S31500037C000F46044696E803008BB002AD85E80300F1
S31500037C109846394628469146F5F792F9B8F1000F8A
S31500037C2002D0A36BD9072AD495E80300B4F84C30E5
S31500037C307F2B86E8030007D8A36B184A32EA0303AF
S31500037C400FD00BB0BDE8F0834A46394604F1520023
S31500037C50F5F776F9A36BDA07EFD52046F6F7EEF9D3
S31500037C60EAE70023052204A8CDE907330593099320
S31500037C7006940492FEF742FF0BB0BDE8F08395E845
S31500037C800300E84688E8030031464046F5F7E6F880
S31500037C9060684146F4F7F8FAC6E700BF010000043E
S31500037CA02DE9F84351EA020402D10020BDE8F88326
S31500037CB006460F4690469946FFF79EFFB4688CB179
S31500037CC00023424639462046FFF796FFA5680DB1C5
S31500037CD02C46F5E725691DB110E0646825696DB981
S31500037CE0A642FAD1B9F1000FDFD0B36BDB07DCD5BF
S31500037CF03046FFF753FE0020BDE8F883A642F1D0D5
S31500037D002C46DDE7C36B5A0005D59B004CBF416C7F
S31500037D10016C00F003B8816C00F000B830B504467E
S31500037D208BB0C06E00220B46059278BB01220092EF
S31500037D3004211A462046F5F777F9059B4BB12046F1
S31500037D4000F0C0FEE36B5B0305D5059906A800F0BA
S31500037D502DFC0BB030BD284B1C683C3494E8030063
S31500037D6008AD85E803002246294606A8F5F79EF8DE
S31500037D700028EED0BDF91A10059ABDF9180000F0D7
S31500037D80BDFB95E8030084E80300E2E7039105A938
S31500037D9000F088FC059A039B002AC7D00DF1120157
S31500037DA02046F5F791FBBDF9121006AA2046F5F712
S31500037DB0D9FB0599039B8A7812F00502B6D1E06BCD
S31500037DC04003B4D4BDF81C20BDF818000132121AC2
S31500037DD0B1F9180012B29042A8DBBDF81E00BDF837
S31500037DE01A50B1F91A200130411B09B28A42ACBFBD
S31500037DF0002201229BE700BF70D806200346406895
S31500037E000028FBD1B3F84C20812A08BF1846086026
S31500037E1014BF10200020704770B5044686B000F0EA
S31500037E2085F8236A2568002B34D0686808B1F5F70E
S31500037E3085FD2846F5F708FCA28912F4804609D188
S31500037E40100461D5AB6B190107D5284600F072FE05
S31500037E50266002E0284600F0FFFC206A00F0F2FAF2
S31500037E60FEF76EFCE38953B12268002A4AD0242127
S31500037E70684602920091ADF80C30F4F78FFA94F845
S31500037E803C300BB906B070BD204606B0BDE8704065
S31500037E9000F0A4BC227F637F9A421ED1A38913F408
S31500037EA080463ED11A0420D4B4F91830B4F91460CC
S31500037EB0B4F91A009E4299B282B203D1B4F91630CC
S31500037EC08342CFD06B8CD21A2B8CC91A12B20123E0
S31500037ED009B22846FFF7E4FEC4E7EB6B23F0807391
S31500037EE02846EB63F4F78AF9D8E72846F5F726FD23
S31500037EF0AB6B1B01B6D5284600F01CFEE389266052
S31500037F00002BBCD06268B2E7B4F91810B4F91A2092
S31500037F1020683346FFF7C4FE60682946F5F75AF82A
S31500037F209BE7284600F098FC9CE700BF012310B5A9
S31500037F3080F83A300446F4F703FC104A1368A34268
S31500037F400AD02BB15A6AA24212D01346002BF9D19A
S31500037F50F4F79CFD002010BD09495B6A09681360AC
S31500037F600029F5D1002BF3D1064802F0E1FEEFE735
S31500037F70626A5A62F4F78AFD002010BDD4D6062041
S31500037F80CCD60620B00B072000230121FF22C0E92F
S31500037F9002330360036143604361836181838277B4
S31500037FA01846704710B400248460C0E90421836135
S31500037FB020465DF8044B70472DE9F84F264C25689B
S31500037FC09DB3D5F824A01F46DAF8AC306BB32B6A01
S31500037FD0D3F82C6316F0400627D1AC6A834689464C
S31500037FE0904614B921E0A468FCB12046594600F036
S31500037FF01DFD0028F7D0DAF8AC40C5F844B0284692
S3150003800043464A465946A04787B1DBF80030DBF8BA
S3150003801004207A60B9F1000F3B600AD016DD3B8875
S31500038020013B9944A7F8049000E010263046BDE8CA
S31500038030F88FB8F1000F04DD7B884344013BFB80D6
S31500038040F4E7FB88434401337B80EFE7BB880133C6
S315000380509944A7F80090E9E770D806202DE9F04384
S31500038060524B85B01C6847F6FF724FF6FF730746FF
S31500038070ADF80020ADF80430ADF80220ADF80630B7
S31500038080002C7CD00026B04635460DF1080904E0E5
S31500038090062A5BD0A36853B11C46D4F82C3303F0ED
S315000380A006029B06F4D5A3682546002BF4D1002DC2
S315000380B065D0B8F1010F62DD002E70D0BDF9002046
S315000380C0002AB8BFADF80030BDF90230BDF904206F
S315000380D0002BBCBF0023ADF80230B5F930339A420A
S315000380E0A8BF03F1FF33BDF90620A8BFADF80430DE
S315000380F0B5F932339A42A4BF03F1FF33ADF8063024
S315000381006A4692E8030005F11C034FF0000983E871
S315000381100300C84604E0C4E9C988E468002C3ED0DD
S31500038120D4F82C3303F02603062BF4D12946204634
S31500038130B9F1000F28D094F83833FF2B24D03BB382
S31500038140A369D3F88C301BB3984721E0D4F82833BE
S3150003815008F10108002B9DD004F11C0393E80300EA
S31500038160B4F9362389E80300B4F934134846F4F71F
S31500038170E7FE494668460136F4F770FE8AE70020B3
S31500038180386005B0BDE8F083A369D3F88830984713
S31500038190C4E9C988E46809F10109002CC0D10120AA
S315000381A03D60C5F8286305B0BDE8F0835CD80620BA
S315000381B0002A00F034812DE9F04F9946A04B1B6845
S315000381C08FB0D3F804A00393BAF1000F28D09AF81E
S315000381D000300C4692E8030013F0100305930CAD30
S315000381E0B4F90230B4F90060019385E803000DF198
S315000381F0220B1FD0002259462846FFF73BFA78B9CF
S31500038200BDF8222062B15346DC88A24202D3198903
S31500038210914228D21B69002BF6D10D9B002BE9D185
S315000382200FB0BDE8F08FB6B2237A1E440D9B36B26B
S31500038230002BF5D0002259462846FFF71BFA0028E3
S31500038240EED1BDF82220002AEAD05346DC88A242AA
S3150003825002D31989914273D21B69002BF6D10D9B68
S31500038260002BE7D1DCE7141BA4B2DA68ADF8224091
S31500038270210102EB04145258002A00F0CB8018792E
S31500038280019B94F90910B4F804801844B6B280B27D
S315000382903144A0EB08020FFA81FC17B2ADF828C0EF
S315000382A0ADF82A70A37A89B2013B0B441BB2ADF831
S315000382B02C3094F80BE002910EF1FF3E1EFA82F287
S315000382C0B9F902E012B27245ADF82E2030DBB9F9E6
S315000382D0061004918F422BDCB9F9001005918B42ED
S315000382E026DBB9F9041006918C4521DC4FF0000119
S315000382F07745ADF82410C0F29B80ADF8261005989B
S31500038300844505DA0299ADF82800411AADF8241020
S3150003831004990398189F8A42069AC8BFADF82E108F
S315000383209342C8BFADF82C20234609AA0AA9B84729
S31500038330237A1E4436B20D9B002B7FF45BAF6FE7A7
S31500038340121B94B2ADF82240DA6804EB440452F8E7
S31500038350241002EB840400293FF465AF1879019BCE
S3150003836094F90910B4F804801844B6B280B23144C3
S31500038370A0EB08020FFA81FC17B2ADF828C0ADF8DE
S315000383802A70A37A89B2013B0B441BB2ADF82C3099
S3150003839094F80BE002910EF1FF3E1EFA82F2B9F950
S315000383A002E012B27245ADF82E20FFF63DAFB9F9E1
S315000383B0061004918F423FF737AFB9F900100691C3
S315000383C08B42FFF631AFB9F9041007918C453FF79D
S315000383D02BAF0599ADF82410774521DBADF82610B0
S315000383E00698844505DA0299ADF82800411AADF8D6
S315000383F0241004990398189F8A42079AC8BFADF8B8
S315000384002E109342C8BFADF82C20234609AA0AA909
S31500038410B84709E7237AB6B21E4436B28BE77047EC
S31500038420AEEB00004044ADF82600ADF82AE0D7E7EE
S31500038430AEEB00004044ADF82600ADF82AE05EE757
S3150003844070D8062030B5D0F82C332B4A054690F960
S315000384503A03146823F00403002887B0C5F82C33C5
S3150003846007DBAB695B6D9B681BB19847002007B0C0
S3150003847030BDB5F83223B5F83033013A12B2009263
S31500038480013B00221BB2114602A8F4F705FDD5F8FD
S3150003849034334BBB002CE9D0D4F82C335B0701D41F
S315000384A0A468F7E7B4F83203B4F83033013800228E
S315000384B000B2013B1BB20090114604A8F4F7ECFC92
S315000384C0D4F8343343B902A904A8F4F7C7FC04A9C2
S315000384D02046F5F7C7FEE3E7B4F93623B4F93413B8
S315000384E004A8F4F72DFDEEE7B5F93623B5F93413F1
S315000384F002A8F4F725FDCDE75CD806202DE9F04761
S31500038500294B8946518B1E6809F1FF3386B00B440C
S315000385101BB21546128B746A0093431E134401461D
S315000385204A4680461BB204A8F4F7B6FC04AA06F131
S315000385303C011046F4F7BAFC00B3AB78DB0621D551
S315000385406B681A785B78FF2A28D0502B22D1D4F88F
S31500038550A0A0BAF1000F1DD0B46A7CB102AF3A46AF
S3150003856004A92046F4F7A2FC28B177642B464A46B1
S3150003857041463046D047A468002CF0D1002006B00F
S31500038580BDE8F087EB781A2B0CBFD4F898A0D4F883
S3150003859090A0DEE7102006B0BDE8F087D82BD4D133
S315000385A0D4F89CA0D5E700BF70D806202DE9F04F7C
S315000385B0304B1E6883B006F13C02B6F94230B6F979
S315000385C03CA0B6F93E90B6F9408001938B4611461E
S315000385D00546F4F76BFC002840D0BBF9183083B38B
S315000385E0BBF91A306BB3B5F90270B5F90600B84298
S315000385F01ADBB5F90420B5F90040A2420EDB20468A
S315000386005A463946FFF77AFFBBF81830B5F9042006
S315000386101C4424B2A242F2DAB5F90600BBF81A30BA
S31500038620F9180FB2B842E6DA019BA6F83CA000207F
S31500038630A6F83E90A6F84080A6F8423003B0BDE8FF
S31500038640F08F019BA6F83CA01020A6F83E90A6F852
S315000386504080A6F8423003B0BDE8F08F019BA6F830
S315000386603CA0A6F83E90A6F84080A6F8423003B098
S31500038670BDE8F08F70D80620094B1B6830B45C6ADE
S31500038680656B002285420A6007D9E46903461046F2
S3150003869054F823300B6030BC7047332030BC70472E
S315000386A070D80620084B1B685A6A0346106B98421B
S315000386B005D9926952F823300B60002070470023D6
S315000386C033200B60704700BF70D806202DE9F04FAA
S315000386D0D0F8309083B00192B9F1000F48D0D0F8AA
S315000386E03480B8F1000F4DD04FF0000A0D784C7866
S315000386F091F802E0A9F10406D4466FF0004756F854
S31500038700043FC3F30742C3F3072BA81A48BF501B02
S31500038710B4EB0B02DBB248BFABEB0402D2B2BEEB47
S31500038720030B48BFA3EB0E03C0B212FB02F24CBF0E
S31500038730DBB25FFA8BF300FB002003FB0303BB42B0
S3150003874038BFE2460CF1010C38BF1F46E045D6D1CF
S3150003875009EB8A09D9F800308B701A0C1B0A4B7087
S31500038760019B0A700020C3F800A003B0BDE8F08F98
S31500038770002081F8009081F8019081F8029003B0FF
S31500038780BDE8F08FC246E5E770B58468054664B177
S315000387900026B4F84C307F2B04D9E06D10B1FEF7F8
S315000387A0AFFBE6652469002CF3D1E86D18B1FEF73B
S315000387B0A7FB0023EB65084B1B683BB100229B68B4
S315000387C00132002BFBD1202A00D170BDBDE87040D9
S315000387D00820F3F7D7BD00BFA4DF062038B504464B
S315000387E0F3F7AEFF064B00251A6884F83A5084F86F
S315000387F03C5062621C60F4F749F9284638BD00BF55
S31500038800D0D6062070B5C46882B006460D4614B9A4
S315000388101CE06469D4B1B4F84C307F2BF9D9A36B4F
S31500038820DA07F6D5DB00F4D404F120016A462846BC
S31500038830F4F73CFB0028ECD0314620462A4600F0EC
S315000388407FF86946204600F01FF803E029463046C4
S3150003885000F01AF802B070BD38B50A4B5C689D6823
S31500038860611CA942596002DB5C60102038BD1B689D
S3150003887043F8310003EBC10342685A60F4F7E4FEA0
S31500038880002038BDE8FA062038B504460D4600F048
S315000388900FF800B138BD00F0BDF903460028F9D042
S315000388A0286869681A4603C2E26D9A60E36538BDB3
S315000388B0C06D002843D070B5B1F900C0B1F902E02C
S315000388C00CF1FF360EF1FF3505E0B0F902207245D3
S315000388D01AD08068B8B1B0F900306345F5D1B0F964
S315000388E00440B1F904209442EFD1B0F90630AB420B
S315000388F0B1F906301BD0B0F9022001339A42E8D110
S31500038900A0F802E0012070BDB0F90640B1F90620D7
S315000389109442DED1B0F90420B2420BD0B1F904205F
S3150003892001329342D5D1A0F800C0012070BDC380A7
S31500038930012070BDB1F904308380012070BD7047FA
S315000389402DE9F041B0F92280B0F920601446B2F95E
S31500038950022003464245B3F92450B3F9267084B086
S3150003896008463DDBB4F90630BB424EDCB4F90030B1
S31500038970B34217DAADF80830B4F902300190434533
S31500038980B8BF4346ADF80A30B4F90630BB42A8BFB8
S315000389903B46013E02A9ADF80C60ADF80E30FFF779
S315000389A031FF0198B4F90430AB4216DDB4F9022065
S315000389B0ADF80C30B4F906309045B8BF90469F42E7
S315000389C005F10105A8BF1F4602A9ADF80850ADF889
S315000389D00A80ADF80E70FFF715FF04B0BDE8F0810D
S315000389E02388ADF80830A388ADF80C3002A908F146
S315000389F0FF33ADF80E300190ADF80A20FFF702FF02
S31500038A00B4F906300198BB42B0DDADF80E302388C9
S31500038A10ADF80830A388ADF80C3002A97B1C019091
S31500038A20ADF80A30FFF7EEFE01989FE7B0F9003084
S31500038A30B1F900209A4214DBB1F90220B0F90230F1
S31500038A409A420EDBB1F90420B0F904309A4208DCED
S31500038A50B0F90600B1F906308342CCBF00200120ED
S31500038A6070470020704700BFF8B58468ECB106462E
S31500038A70656804F128073A4604F1200105F1280048
S31500038A80F4F714FAB5F84C307F2B02D9A36B9B008D
S31500038A900CD5A3680BB11C46EAE723691BB10CE0AE
S31500038AA0646823694BB9A642FAD1F8BD3A463946FA
S31500038AB005F15200F4F7FAF9EBE7A642F5D01C46A6
S31500038AC0D6E700BFC36B9B0002D5406CF6F704B92B
S31500038AD0006CF6F701B900BF30B587B01322044620
S31500038AE0036B009269460290984700252046F5F7E6
S31500038AF0A1F82046A4F84C5000F03AF8294620463F
S31500038B00FEF740F9204600F04FF8094B1A68A242D7
S31500038B1008BF1D60A36B002B05DB0023A4F84E30B2
S31500038B20A36307B030BD204600F01AF807B030BD86
S31500038B309CDF062010B50446F3F702FEA36843B193
S31500038B4018469B68002BFBD1FFF7C6FFA368002BD3
S31500038B50F6D12046FFF7C0FFF3F798FF002010BDBC
S31500038B6008B5024B1B689847002008BD04E00620A1
S31500038B700C4B70B41D689DB10026D5F8244305F14E
S31500038B80240354B100229968013211B1814208BF0E
S31500038B909E60A24203F10C03F5D1AD68002DECD122
S31500038BA070BC70475CD806202DE9F04383B0EFF321
S31500038BB0108772B6164D2B6923B32C6A06464FF0FF
S31500038BC000094FF001080DE0FEF798FE019BA3B9DB
S31500038BD0AA68EB6904EB8204A34298BFAC696B6A8B
S31500038BE0A3420FD0A168CDF804900029F0D0B1427A
S31500038BF001AA3046E8D1CDF80480C4F80890C4F839
S31500038C000090E5E787F3108803B0BDE8F08300BF63
S31500038C10E4DA0620054B10B51C681CB1A2681A607D
S31500038C20204610BD0820F3F7ADFBF9E7A4DF0620C5
S31500038C30F0B170B4174C0568A54202D0022070BC8F
S31500038C407047B9B1C2B1C469944215D3BBB9124CCA
S31500038C50EFF3058C256855EA0C0506D0EFF3058579
S31500038C6024682C43B4F1F03F11D370BC00F052BB1F
S31500038C70022070470320E2E7052070BC7047EFF33C
S31500038C800585054C26683543E2D00420D7E7132033
S31500038C90D5E700BF45545942E403FE1F2DE9F041D1
S31500038CA0069C08B1342C02D00220BDE8F081884628
S31500038CB017461E460546EFF3108172B6204B1A6817
S31500038CC001321A6081F310881E4A10681E4A14681E
S31500038CD058B1A54209D04FF0000C01E0A54204D0DB
S31500038CE00CF1010C8445E46AF8D1EFF3108172B6F6
S31500038CF01A68013A1A6081F3108801F019FEA54239
S31500038D00D2D0C7B1632E14D9EFF305830F4A116886
S31500038D100B4306D0EFF3058113680B43B3F1F03F22
S31500038D200BD333463A4641462846BDE8F04100F0A8
S31500038D308DBB0520B9E70320B7E71320B5E700BFCE
S31500038D4070100720281007202C100720E403FE1FAD
S31500038D5080B1EFF30583084A11680B4306D0EFF39E
S31500038D60058113680B43B3F1F03F01D300F01EBC3A
S31500038D701320704703207047E403FE1F08B1242A1B
S31500038D8001D00620704770B50E460546EFF31082F4
S31500038D9072B61C490B6801330B6082F310881A4ABA
S31500038DA01A4B12681C684AB1A04207D0002301E09F
S31500038DB0A54203D001339342A469F9D1EFF310829C
S31500038DC072B60B68013B0B6082F3108801F0B0FDAD
S31500038DD0A54212D0EFF305830D4A11680B4306D063
S31500038DE0EFF3058113680B43B3F1F03F07D3314625
S31500038DF02846BDE8704000F067BC062070BD13200E
S31500038E0070BD00BF701007203010072034100720F4
S31500038E10E403FE1F18B1084A0368934201D00620F3
S31500038E207047EFF30583054A1268134301D01320F5
S31500038E30704700F071BC00BF4E445644E403FE1F66
S31500038E4070B4039C18B10D4D0668AE4202D00620DD
S31500038E5070BC704763B12CB1EFF30585084E3668D5
S31500038E60354307D1032A07D8039470BC00F0A0BC8E
S31500038E700320EDE70420EBE70820E9E74E445644D8
S31500038E80E403FE1F78B110B40A4B04689C4203D076
S31500038E9006205DF8044B704732F0020305D15DF8F6
S31500038EA0044B00F0F7BC0620704708205DF8044B1E
S31500038EB0704700BF4E44564408B1342B01D01C20E2
S31500038EC070472DE9F0410F4616468046EFF31081B1
S31500038ED072B61F4A13680133136081F310881D4B62
S31500038EE01C681D4B1D684DB1A04207D0002301E04D
S31500038EF0A04503D00133AB42246AF9D1EFF31081C5
S31500038F0072B61368013B136081F3108801F010FDFC
S31500038F10A04503D0012E04D91F2000E01C20BDE884
S31500038F20F081EFF305820D4B19680A4306D0EFF380
S31500038F3005821B681343B3F1F03F06D33246394625
S31500038F404046BDE8F04100F0F1BD1320E7E700BF5E
S31500038F5070100720401007203C100720E403FE1F73
S31500038F6018B1084A0368934201D01C207047EFF3F7
S31500038F700583054A1268134301D01320704700F096
S31500038F8005BE00BF4554554DE403FE1F18B1124BF1
S31500038F9002689A4201D01C20704710B481B90F4B66
S31500038FA0EFF305821C68224306D0EFF305821B68A4
S31500038FB01343B3F1F03F0DD35DF8044B00F040BE0D
S31500038FC0EFF30582054B1C682243E9D004205DF8C4
S31500038FD0044B70471320FAE74554554DE403FE1F2F
S31500038FE018B10B4B02689A4201D01C207047EFF36D
S31500038FF00583084A11680B4306D0EFF3058113680E
S315000390000B43B3F1F03F01D300F0F4BE13207047D6
S315000390104554554DE403FE1F88B110B40368094C4B
S31500039020A34203D00C205DF8044B704719B92220E4
S315000390305DF8044B70475DF8044B01F08BB90C20C7
S31500039040704700BF414D455308B11C2B01D00C207E
S3150003905070472DE9F0410F4616468046EFF310811F
S3150003906072B61D4A13680133136081F310881B4BD4
S315000390701C681B4B1D684DB1A04207D0002301E0BD
S31500039080A04503D00133AB426469F9D1EFF31081F4
S3150003909072B61368013B136081F3108801F048FC34
S315000390A0A04513D0EFF305820E4B19680A4306D089
S315000390B0EFF305821B681343B3F1F03F09D332463E
S315000390C039464046BDE8F04101F074B90C20BDE8CD
S315000390D0F0811320FBE700BF701007205010072014
S315000390E04C100720E403FE1F18B1084A0368934295
S315000390F001D00C207047EFF30583054A126813432A
S3150003910001D01320704701F07FB900BF414D45538D
S31500039110E403FE1F18B1084B02689A4201D00C20E3
S31500039120704729B1EFF30583044A1268134301D14B
S3150003913001F0B6B904207047414D4553E403FE1FC1
S3150003914018B1044A0368934201D00C20704701F01A
S31500039150E9B900BF414D45532DE9F04F85B09A4615
S31500039160119B0193129B0393139B0293DDE90F89D2
S315000391700E9D149B08B1B42B03D00E2005B0BDE899
S31500039180F08F8B4617460646EFF3108272B6DFF86A
S3150003919010C1DCF800300133CCF8003082F31088BC
S315000391A03C4B1A683C4B08F1FF301C682844DAB183
S315000391B0A64219D000230097D4F80CE0AE454FF031
S315000391C0000106D82769AF424FF001018CBF002585
S315000391D00021864503F1010343D82769874240D915
S315000391E0009FD4F888400025EFF3108272B6DCF8AE
S315000391F00030013BCCF8003082F3108801F098FB75
S31500039200A642BAD0002D38D0002F36D0B8F1C70FFA
S3150003921031D9B9F11F0F36D8019B994535D3029B36
S31500039220012B2ED8EFF305821C4B19680A4306D08F
S31500039230EFF305821B681343B3F1F03F27D3029B79
S315000392401393039B1293019B3A46CDE91093594618
S3150003925053463046CDE90E5805B0BDE8F04F01F050
S315000392608BB99342D4F8884003D0A64201D0002993
S31500039270A2D0009FB8E7052080E7032005B0BDE82C
S31500039280F08F10207AE70F2078E7182076E713206F
S3150003929074E700BF581007205C100720E403FE1F85
S315000392A070100720EFF30582074909680A4306D1C0
S315000392B018B1064A0368934203D00E207047132061
S315000392C0704701F0F3B900BFE403FE1F445248544C
S315000392D018B1044A0368934201D00E20704701F087
S315000392E0EDBA00BF4452485418B1084A0368934282
S315000392F001D00E207047EFF30583054A1268134326
S3150003930001D01320704701F027BC00BF44524854D4
S31500039310E403FE1F03322DE9F04104460E461F46C1
S3150003932022F00308EFF3108272B6254B1D6802E0A4
S31500039330236AAB4211D0256282F310884146204648
S3150003934000F0C6F8EFF3108272B60028F0D0306052
S3150003935082F310880020BDE8F081306027B3194BF3
S31500039360196809BBD5F8B0101748EC660131C5F882
S31500039370B010A16AA866481CC5E91E86A062C1B9D9
S315000393806562C5E91C55092129630121A963196889
S31500039390EF640131196082F31088284601F05CFB03
S315000393A0D5F88400BDE8F08182F310881020BDE86B
S315000393B0F081616A2967486F686705674D67E2E769
S315000393C06010072070100720CD93030010B5EFF34C
S315000393D0108372B61A4A846E944202D083F31088BD
S315000393E010BDD0F8B0208A42F8D1C26E002AF5D05B
S315000393F0144914688C42F1D1916A0029EED00024F5
S31500039400013984669162C1B1D0E91C144C672167A6
S31500039410546A844211D0026B092ADFD10A490A68C9
S3150003942010240132C0F884400A6083F3108801F0E7
S315000394309DFAEFF3108372B6D0E75162EBE700BFF4
S31500039440CD9303004554594270100720F8B51E46C4
S31500039450154626F003060F4634220021044602F081
S315000394607EFCAA191346A6F10801C4E9017102217B
S31500039470E160C4E90656C4E90455114942F8044CAF
S3150003948043F8085D0022C5E900312262EFF310813B
S3150003949072B60C4A0C48136820600C4843B9E46260
S315000394A0046024630133136081F310880020F8BD40
S315000394B00068056B0463EC62C4E90B05F2E700BFC1
S315000394C0EEEEFFFF28100720455459422C100720C3
S315000394D0F0B4EFF3108C72B6C36882689C1E02EB7D
S315000394E0C4028A421AD92F4A446915682E4F056267
S315000394F0013300266268BA4215D0246803B1013BE2
S315000395008CF31088EFF3108C72B6026AAA4203D06A
S31500039510C368446905620133002BEBD18CF31088D1
S315000395200020F0BC704706B944612668321B083A2E
S31500039530914213D97268BA4204D0346863B1013BCD
S315000395400126DBE732682260C268013AC2604269DB
S31500039550B24224D00126D1E70126D1E7002ADDD085
S31500039560531A132B0FD883686060083B9A1A436912
S315000395708260A34204BF236843618CF3108804F11D
S315000395800800F0BC7047C3685D1C01F108030A4676
S31500039590E650234404495960C5602360E3E7446108
S315000395A00126ABE760100720EEEEFFFFEFF3108214
S315000395B072B600287BD02DE9F0473F4B50F8044C98
S315000395C09C42A0F1080504D01CB13C4926688E4292
S315000395D004D082F310880320BDE8F08738490E686B
S315000395E0266250F8081C40F8043CA368491B0B4448
S315000395F0A3606369AB4200D96561A06A002850D0B5
S315000396002D4FDFF8C0804FF000090EE040F8047CD0
S3150003961050F8080CA3686569401A0344A360A36A5B
S315000396208D4288BF6161002B34D0656AD5F878A076
S3150003963082F3108851462046FFF74AFFEFF3108264
S3150003964072B6A0F10801266220B3636AAB42DDD18C
S31500039650AB6F5345DAD1A36A013BA3622BB32B6FDE
S31500039660696F636259670B67D8F80010EB6FC5F82B
S31500039670689001311860C8F80010C5F8849082F329
S315000396801088284601F072F9EFF3108272B6A36AC6
S31500039690002BCAD182F3108801F04AF90020BDE8F5
S315000396A0F08782F31088BDE8F0876362DCE782F314
S315000396B010880320704700BFEEEEFFFF4554594262
S315000396C0601007207010072038B504460D46242283
S315000396D0002102F044FB6560EFF3108172B60B4A7A
S315000396E00B48136820600B4843B9A4610460E46126
S315000396F00133136081F31088002038BD0068C56903
S31500039700C461AC61C4E90605F2E700BF3010072067
S315000397104E445644341007202DE9F041EFF31081EF
S3150003972072B6204A13680024013B04601360002BC1
S315000397302ED11D4A13601D4E0469336845690027FF
S31500039740013333600761476181F310889DB14FF0A0
S315000397500108013DEFF3108272B63368A766013341
S31500039760C4F8848020463360246F82F3108801F0A6
S31500039770FDF8002DEDD1EFF3108272B63368013B8D
S31500039780336082F3108801F0D3F80020BDE8F0813E
S31500039790D0E90632044CDA6193612268824208BF3B
S315000397A02360C8E730100720341007207010072005
S315000397B070B50446EFF3108C72B68068256A20EA0A
S315000397C005051D60256A02F002060DB120EA0500B3
S315000397D0002E38D000EA010631EA000035D004989D
S315000397E0002843D028480568002D3FD100293DD0E5
S315000397F0264D2E68C6E91F32D6F8B030244AB16723
S315000398000133C6F8B0306369F466B266002B31D112
S315000398102661C6E91C660133636107220368326366
S3150003982001220133B263049AF26403608CF3108855
S31500039830304601F011F9EFF3108C72B6D6F88400B6
S315000398408CF3108870BD00EA0106002EC7D012F013
S3150003985001000CD063690BB1206990B1A56825EAB4
S3150003986001050020A5608CF3108870BD07208CF3DA
S31500039870108870BD22693267516F71670E6756672C
S31500039880C9E70D432562F2E7701007206010072031
S3150003989031B203002DE9F84FEFF3108C72B6970738
S315000398A011D543693BB98368194081608CF31088ED
S315000398B00020BDE8F88F0369002BF4D1036A63EA3D
S315000398C001010162F2E78568036A0D43856013B1FE
S315000398D023EA01010162D0E90432002B00F09280F1
S315000398E0012A00F09580604E0021884601613168A7
S315000398F0013131609B464446C2462AE00023C360D9
S31500039900836842691D43DE46DEF88010DEF8788000
S31500039910DEF870308F0705EA080924D538EA05070B
S3150003992021D0DEF83010072911D09E4532D0DEF85B
S3150003993074105967DE450B675BD041690139416194
S315000399407CB30021CAF870E0CEF87010F246013AF3
S315000399502DD08CF31088EFF3108C72B6C1680029F2
S31500039960CCD19E46D0E7DEF83070072FDDD1B9F1B2
S31500039970000FECD0DEF87C70C9073D6003D5816823
S3150003998021EA0801816000219E45CEF86810CEF8D1
S315000399908410CCD1416901394FF0000B4161002C91
S315000399A0CFD1013ACEF87040F2467446D1D1036A5C
S315000399B0C0F810B003BB8CF310886CB12046246F3B
S315000399C0EFF3108272B633680133336082F3108883
S315000399D000F0CCFF002CF1D1EFF3108272B633689E
S315000399E0013B336082F3108800F0A2FF0020BDE83C
S315000399F0F88FDEF870B0A0E70262826822EA0303FA
S31500039A008360D8E7002A3FF451AF0123C3604DE7D3
S31500039A10D3F880109A6F8E0705EA020403D532EA5B
S31500039A2005067FF443AF002C3FF440AFDC6FC90754
S31500039A30256003D5816821EA020282600A4C216807
S31500039A4000220131C0E9042221609A66C3F884200A
S31500039A508CF31088184600F089FFEFF3108372B673
S31500039A6083F3108824E700BF7010072038B500F091
S31500039A7057FE01F0B3F90D480D490E4A0E4C0F4D32
S31500039A80002303600B6013600D480E490E4A2360E2
S31500039A9003600B6013600D4C0D480E490E4A2B6094
S31500039AA0236003600B60136038BD00BF4C100720B2
S31500039AB048100720441007203410072050100720B1
S31500039AC03010072024100720201007202C10072011
S31500039AD028100720401007203C10072010B50E4C15
S31500039AE0236813F10F3F0AD04FF0F033236001F0E0
S31500039AF0F9F9FFF7BBFF094A136801331360084AF4
S31500039B004FF0F03310682360E8F70CFC0023236062
S31500039B10BDE8104001F02ABAE403FE1F70100720C7
S31500039B2038100720704700BF704700BF70B5044662
S31500039B300E4615460021342202F011F966602561AE
S31500039B40EFF3108172B60C4B0C480D4A20600D489A
S31500039B50186013680C4843B92462046064620133D5
S31500039B60136081F31088002070BD0068456A446263
S31500039B702C62C4E90805F2E76C1007204554554DDD
S31500039B803C10072035B30300401007202DE9F041B0
S31500039B90EFF3108272B627490B680024013B046079
S31500039BA00B60002B3BD124490B60244E8469336838
S31500039BB0C56901333360C36800218161C16143B163
S31500039BC00123836082F3108800F014F9EFF3108207
S31500039BD072B682F31088ADB14FF000080127013D3C
S31500039BE0EFF3108272B63368C4F868800133C4F8A1
S31500039BF0847020463360246F82F3108800F0B6FE2B
S31500039C00002DECD1EFF3108272B63368013B33605B
S31500039C1082F3108800F08CFE0020BDE8F081D0E9C5
S31500039C200831054C59620B622168814208BF2360E3
S31500039C30BBE700BF3C100720401007207010072029
S31500039C40F8B5EFF3108C72B63A4A83681468E3B931
S31500039C500122C0E90224A4B10269012A03D1E26AFE
S31500039C60426120228262D4F8A420002A43D0116BD9
S31500039C701063C862C0E90B21D4F8A0200132C4F8EE
S31500039C80A0208CF310881846F8BDC268A2422BD0D8
S31500039C9029B3294D2B6813BBD4F8B030274EE066A1
S31500039CA00133C4F8B030C369A6664BBB8461C4E90B
S31500039CB01C440133C3612B68E16401332B600D231C
S31500039CC023630123A3638CF310880369012B1ED03E
S31500039CD0204600F0C1FED4F884301846F8BD8CF354
S31500039CE010881D231846F8BD013383608CF3108852
S31500039CF000231846F8BDC4F8A400C0E90B00BBE76F
S31500039D0086692667776F67673C677467D1E7E16A99
S31500039D10836A8B42D2F89C3088BF81629942D36AA8
S31500039D2038BFC2F89C109942D2D2104600F008F808
S31500039D30CEE700BF6010072070100720B5B20300FE
S31500039D402DE9F04104460D46EFF3108272B6036B1C
S31500039D5053B1D0F89810C562A94228BF2946C163FA
S31500039D6082F31088BDE8F0811F49C3640B681F4E58
S31500039D70D0F82C80376802330B600E23036301236C
S31500039D80836382F3108800F067FEEFF3108272B6E6
S31500039D90D4F89830E562AB4228BF2B46E36382F3DF
S31500039DA01088204600F0E2FDEFF3108272B63368A6
S31500039DB09C4207D0216B29B9D96AE36A8B4205D83D
S31500039DC0BC4208D082F31088BDE8F081E06B834281
S31500039DD0F8D98142F6D3A84538BF0549346038BF60
S31500039DE041F82340EEE700BF7010072064100720F8
S31500039DF0741007202DE9F8430446EFF3108372B677
S31500039E0085688DB17B49E26809688A42184602D0A3
S31500039E10794E316841B1013DA5605DB183F3108888
S31500039E2000252846BDE8F88383F310881E252846B7
S31500039E30BDE8F883002A43D0D2F8A0100139C2F84E
S31500039E40A01000293FD1C2F8A450A169002960D00F
S31500039E502169D2F89480684E012900F09180E36964
S31500039E60012B49D92269012A38D0A769002F58D076
S31500039E704FF00009D7F8A020002A77D1C7F8A440ED
S31500039E80C4E90B440132C7F8A020013B0122E76075
S31500039E90E361A260002B63D1A361336801333360AE
S31500039EA00023BB66C7F8843080F310882369012B2F
S31500039EB000F08780384600F059FD2846BDE8F88350
S31500039EC083F31088B3E7D4E90B160E63F162D2F875
S31500039ED0A460A64208BFC2F8A410B6E733680133EC
S31500039EE0336080F31088204601F046FAEFF31080C2
S31500039EF072B63368013B3360A76997B12369012BB7
S31500039F002AD1FB6A63612023A362D4F80C90E36928
S31500039F10B0E7216900299CD1E16083F310880D46DF
S31500039F2085E733680133336080F31088E0682023C4
S31500039F30A362C36A434502D04146FFF701FFEFF32D
S31500039F40108272B63368013B33600023E36082F309
S31500039F50108800F0EDFC6AE7E3694FF0000989E732
S31500039F603B6F7A6FA3615A67136796E7D7F8A41016
S31500039F70D1F830C00C63CCF82C40C4E90B1C81E744
S31500039F8031680131316083F31088D2F8A410202799
S31500039F900B464BB11869012803D1986A874228BF3B
S31500039FA00746DB6A9942F4D1EFF3108072B6336841
S31500039FB0C2F89C70B84503F1FF3328BFB846336037
S31500039FC04DE7E3694BB9D9F82C3043453FF472AFFB
S31500039FD041464846FFF7B4FE6CE7204601F0CCF94C
S31500039FE0EFF3108272B6A3690BB1DB6AA36282F345
S31500039FF01088E8E76010072070100720F8B51646AA
S3150003A0000F463822002104461D4601F0A8FEB20081
S3150003A010069BB3FBF2F303FB0252C4E908556760E0
S3150003A020E261A660A5616361E360EFF3108172B636
S3150003A0300A4A0B48136820600A4843B9246304603C
S3150003A04064630133136081F310880020F8BD006850
S3150003A050456B44632C63C4E90C05F2E744100720FF
S3150003A06055455551481007202DE9F8430346EFF3AC
S3150003A070108E72B61D69C06A15B300284AD11E6ACE
S3150003A0809F6856F8044B0C60012F0BD9013F8C4691
S3150003A0903A46314651F8044B4CF8044F013AF9D18C
S3150003A0A006EB8706DA695969B24208BF9E691E62E2
S3150003A0B0013D01311D6159618EF31088BDE8F883B6
S3150003A0C0002A7AD0594D2E68002E76D1584C246832
S3150003A0D0C4E91F16D4F8B010E3660131C4F8B01012
S3150003A0E05449A16600286DD19C62C4E91C44013021
S3150003A0F0D862052323630123A3632B68E264013338
S3150003A1002B608EF31088204600F0A6FCD4F884005A
S3150003A110BDE8F8839E6AD6F88020012A59D01F6AC3
S3150003A120D3F8089057F8042B0A60B9F1010F0BD93D
S3150003A13009F1FF3842463C4654F8045B41F8045F94
S3150003A140013AF9D107EB8807384DD3F81C802A6802
S3150003A150596AF46F01322A602A68B84508BF9F69B5
S3150003A1601F62013A0F462A60B9F1010F226847F8C8
S3150003A170042B0BD909F1FF3904344A4654F804CBAE
S3150003A18041F804CF013AF9D107EB8907B84508BF6F
S3150003A1909F695F62013841D19862D8622B680024B7
S3150003A1A00133B466C6F884402B608EF310883046BC
S3150003A1B000F0DCFB2046BDE8F8838EF310880A2006
S3150003A1C0BDE8F883996A21674E6F666734674C6703
S3150003A1D08DE7F46F9A6825680D60012A07D9043460
S3150003A1E0013A54F8045B41F8045F013AF9D10138A6
S3150003A1F01AD0326F716F9A6251670A670B4AD86237
S3150003A200136800240133B466C6F8844013608EF3E2
S3150003A2101088304600F0AAFB2046D1E7326F716FF3
S3150003A2209A6251670A67B8E79862E7E770100720F2
S3150003A2306010072011B4030070B50546EFF3108CC8
S3150003A24072B66B69C06A13B300284CD1013B6B61CC
S3150003A2502B696A6A0C6801332B61AB681646012BBE
S3150003A26046F8044B0BD903F1FF3E0431734651F80C
S3150003A270044B42F8044F013BF9D106EB8E06EB691A
S3150003A280B34208BFAE696E628CF3108870BD002AB4
S3150003A29050D02D4B1E68002E4CD12C4C2468C4E99B
S3150003A2A01F16D4F8B010E5660131C4F8B01028497A
S3150003A2B0A166002844D0A96A21674E6F6667346792
S3150003A2C04C6701300521E86221630121A163196806
S3150003A2D0E264013119608CF31088204600F0BCFB60
S3150003A2E0D4F8840070BD0138AE6A27D0336F726F1D
S3150003A2F0AB625A671367AB68E8620022B266F26F15
S3150003A30008681060012B07D90431013B51F8044B4F
S3150003A31042F8044F013BF9D10B4A13680024013379
S3150003A320C6F8844013608CF31088304600F01EFB99
S3150003A330204670BD8CF310880B2070BDA862DAE747
S3150003A340AC62C4E91C44BCE7701007206010072008
S3150003A35011B4030010B5EFF3108C72B6046944B957
S3150003A36082688A421FD2013282608CF310882046AB
S3150003A37010BD631EC26814D0116F546FC1604C6761
S3150003A38021670B4903610B68002401339466C2F805
S3150003A39084400B608CF31088104600F0E7FA2046E1
S3150003A3A010BDC360EDE78CF310882124204610BD51
S3150003A3B070100720002330B4C0E901120360C360A4
S3150003A3C0036143618361EFF3108172B60B4A0C4C50
S3150003A3D0136804600B4C4BB9406120608061013304
S3150003A3E0136081F31088002030BC70472468A56988
S3150003A3F0A0616861C0E90545F1E700BF4C1007207D
S3150003A400414D4553501007202DE9F041EFF31081DC
S3150003A41072B6204A13680024013B04601360002BC4
S3150003A4202ED11D4A13601D4EC46833680569002783
S3150003A43001333360C760076181F310889DB14FF024
S3150003A4400108013DEFF3108272B63368A766013344
S3150003A450C4F8848020463360246F82F3108800F0AA
S3150003A46085FA002DEDD1EFF3108272B63368013B06
S3150003A470336082F3108800F05BFA0020BDE8F081B8
S3150003A480D0E90532044C9A6153612268824208BFBF
S3150003A4902360C8E74C1007205010072070100720D0
S3150003A4A0F8B5EFF3108272B683682BB1013B836074
S3150003A4B082F310880020F8BD31B3174B1C681CBB10
S3150003A4C0164C174E2468D4F8B050E0660135C4F82C
S3150003A4D0B0500569A666DDB1C6682667776F6767FC
S3150003A4E03C67746701350561062020630120A0637C
S3150003A4F01868E1640130186082F31088204600F082
S3150003A500ABFAD4F88400F8BD82F310880D20F8BDA9
S3150003A510C460C4E91C44E5E77010072060100720F7
S3150003A52099B4030038B5EFF3108172B6036933B9F2
S3150003A53083680133836081F31088002038BD013BB3
S3150003A540C26814D0146F556FC46065672C67094CD5
S3150003A55003612368002501339566C2F8845023609E
S3150003A56081F31088104600F001FA002038BDC3605D
S3150003A570EDE700BF701007202DE9F84F0A9D0B9EEB
S3150003A5800C9FDDF838B004468A469146EF213246E1
S3150003A5902846984601F0E3FBB4220021204601F049
S3150003A5A0DEFB2023C4F89C300D9B66619F4206F1B7
S3150003A5B0FF36364BE5604FF003023544C4E9119884
S3150003A5C0C4E906BBC4E915343149C4F828A025619A
S3150003A5D0E762C4F8947004BFE763C4F89870226313
S3150003A5E0204600F09DFDEFF3108072B6294A2A4BF0
S3150003A5F0236013686BBB2949C4E922440C60013309
S3150003A6001360274A1368013313600F9B012B2BD169
S3150003A610EFF30582234B1B681343B3F1F03F07D2D5
S3150003A62080F31088204600F0A1F90020BDE8F88FDA
S3150003A6301D4B1D683DB3EB6AEE6BEB6380F310882D
S3150003A640204600F093F9002DEFD0EE630020BDE81D
S3150003A650F88F12490968D1F88C50C1F88C40C5F8B7
S3150003A6608840C4E92215CAE780F31088EFF3108106
S3150003A67072B61368013B136081F3108800F058F932
S3150003A6800020BDE8F88F2E46D8E700BF81AC030053
S3150003A69009A8030058100720445248545C100720A9
S3150003A6A070100720E403FE1F64100720EFF31082E7
S3150003A6B072B6036B013B012B03D982F31088112079
S3150003A6C0704710490B6810B4013B002404600B600B
S3150003A6D083B1D0E922310C4CC3F88C10C1F8883011
S3150003A6E02168814208BF236082F3108800205DF849
S3150003A6F0044B704704490B6082F3108800205DF811
S3150003A700044B7047581007205C100720EFF31083A3
S3150003A71072B6024A106883F31088704760100720E8
S3150003A7200E490F4B0F48104A10B500240C60202128
S3150003A730196004601460214680220C4801F00FFB67
S3150003A7400B490C4A0C600C4913680C600B480C4906
S3150003A750046043F0C57313600C6010BD64100720DA
S3150003A7606810072060100720F410072074100720D4
S3150003A7705C1007205410072070100720581007207C
S3150003A7806C10072038B50346EFF3108172B6026BDF
S3150003A790032A09D0426B012A05BF00224263122015
S3150003A7A0192081F3108838BDEFF30584134A126824
S3150003A7B02243B2F1F03F12D3114A1468CCB1E26AD4
S3150003A7C0E56BE2630F4802680132026081F3108889
S3150003A7D0184600F0CBF874B1E563002038BD094A8A
S3150003A7E013680133136081F3108800F0BFF800206B
S3150003A7F038BD2546E6E7204638BD00BFE403FE1F05
S3150003A8006410072070100720114B10B51C68D4E99B
S3150003A810113098470F4B1B680BB120469847EFF34F
S3150003A820108172B60C4A01232363A36313680020C5
S3150003A8300133E064136081F31088EFF3148323F08C
S3150003A840040383F314882046BDE8104000F004B9DE
S3150003A850601007206C1007207010072010B5EFF367
S3150003A860108272B6124B1C6864B1EFF3058311496B
S3150003A87009680B4306D110B982F3108810BD0E4B3D
S3150003A880196819B182F31088132010BDC4F8841017
S3150003A8901968E06401311960042101232163A3636C
S3150003A8A082F31088204600F0D7F8D4F8840010BD50
S3150003A8B060100720E403FE1F7010072010B5EFF3A6
S3150003A8C0108372B6046B7CB1621E012A07D9032C6E
S3150003A8D024D001224263002402E00A687AB11424D8
S3150003A8E083F31088204610BDEFF305820D490968EE
S3150003A8F00A4315D10C4A0D4912688242EDD0032250
S3150003A9000263012282630022C2640A6801320A607A
S3150003A91083F3108800F0A0F8204610BD0024DFE77B
S3150003A9200249ECE7E403FE1F6010072070100720BE
S3150003A9300A4B1B688BB90A4A0A4B12681B689A4270
S3150003A9400BD0094B4FF080525A60EFF3058323B9BE
S3150003A950EFF3108362B683F31088704770100720F5
S3150003A960601007206410072000ED00E0F8B50446E8
S3150003A970EFF3108572B6436E002B3AD04C3000F0DD
S3150003A98091FA2E4AA16B1368013B1360236B31BB0B
S3150003A990B3B92B492B4B1B6885F310880968994279
S3150003A9A00DD013685BB9284B4FF080525A60EFF312
S3150003A9B0058323B9EFF3108362B683F31088F8BDDA
S3150003A9C0636B8BB9E06A2149236351F82030B3B135
S3150003A9D0596A0C625C62616223621949DAE7013BD8
S3150003A9E0012BD6D9636B33B103230021C4E90C31A0
S3150003A9F0CFE7C364C5E71249A3632363CAE7144ECB
S3150003AA0041F820403368134F012181400B433360E3
S3150003AA103B688342C4E90844BBD9094938600B68DB
S3150003AA204BB1DB6B8342B5D90C6085F31088136891
S3150003AA30002BC4D1B7E70C60ACE700BF701007204A
S3150003AA40641007206010072000ED00E07410072053
S3150003AA50F410072068100720F8B5374B04461D6825
S3150003AA60EFF3108672B685423AD0344A1368013B37
S3150003AA701360A36B012B14D0314B86F310881B682C
S3150003AA80AB420DD013685BB92E4B4FF080525A6020
S3150003AA90EFF3058323B9EFF3108362B683F31088CC
S3150003AAA0F8BD216AE06A4FF0000C8C42C4F838C046
S3150003AAB025D0636A244F4B62196257F82030A342AC
S3150003AAC01AD01F4B1968A142D7D12049096857F8F4
S3150003AAD02110196086F310881368002BE0D1D3E7A1
S3150003AAE0EB6C013B033303D805F14C0000F0B0F9DE
S3150003AAF0174BE2691A60B8E747F82010E1E71549F2
S3150003AB00114F834047F820C0086820EA03030B600F
S3150003AB1033B193FAA3F3B3FA83F30C490B60D0E78B
S3150003AB200A492020086006490B6086F310881368DB
S3150003AB30002BB5D1A8E700BF6010072070100720CF
S3150003AB406410072000ED00E074100720681007204A
S3150003AB50A4110720F410072070B50446EFF31086FE
S3150003AB6072B64C3000F09EF9236B022B3CD0012BBE
S3150003AB703AD03F4D2A6801322A600222002B39D18E
S3150003AB8022630122A2632A68E36401322A6086F300
S3150003AB901088EFF30583374A1268134358D04FF0F2
S3150003ABA0E023D3F8343FD80705D5EFF31483B0EE8B
S3150003ABB0400A590750D52046FFF74EFFEFF310839F
S3150003ABC072B683F310882C4B1B680BB1204698474B
S3150003ABD0EFF3108272B62B68013B2B6082F3108869
S3150003ABE0FFF7A6FE002070BD86F31088FFF7A0FED0
S3150003ABF0002070BD0123A363D4F8B010A36E2263B3
S3150003AC0086F310880BB120469847EFF3108372B68C
S3150003AC100022A26383F31088EFF30583154A1268B3
S3150003AC20134320D04FF0E023D3F8343FDA070BD594
S3150003AC30EFF31483B0EE400A5B0705D4EFF31483F6
S3150003AC4023F0040383F31488EFF3108372B6B8E793
S3150003AC500A4B1B68A342A2D1EFF3148323F0040328
S3150003AC6083F31488A7E7054B1B68A342DAD1E5E70C
S3150003AC7070100720E403FE1F6C10072060100720E6
S3150003AC80EFF3108C72B6026B042A07D0826ED0F8EB
S3150003AC90B0108CF3108802B110477047034A13684B
S3150003ACA0013313608CF31088FFF760BE7010072022
S3150003ACB0F8B504460F46164600212C221D4601F020
S3150003ACC04EF8069BA360079B6760C4E9033665617C
S3150003ACD0EFF3108572B6134A134B2360136863B9F7
S3150003ACE001331360089B1149012BC4E909440C6025
S3150003ACF00FD085F310880020F8BD0C49013309688D
S3150003AD001360089B886A8C62012B4462C4E90910AC
S3150003AD10EFD104F1080000F09BF885F310880020BA
S3150003AD20F8BD00BFFC1007204D4954410011072010
S3150003AD30EFF3108C72B6036A002B33D0234A1268E2
S3150003AD409A4230B400F1080111D8214C24689C4280
S3150003AD500DD9204D2D689D4231D85A1B92100132D0
S3150003AD608468202C0BD9203C2244826008E01A4ACE
S3150003AD7012688A4202D08268202A1DD8C26882607D
S3150003AD808269914212D0C469546122611C688C4263
S3150003AD9004BF93611A60002303628CF310880020BA
S3150003ADA030BC70478CF31088002070471A688A42BB
S3150003ADB0F1D100221A60EEE7203A8260E0E7641BD5
S3150003ADC0A4109A1A013404EBA202C9E798110720CA
S3150003ADD09411072004110720101107201048114A67
S3150003ADE0114B124910B50024046014601048114A2F
S3150003ADF00C601460214680220460184600F0AFFF01
S3150003AE000D490E4A03460E480B60136080330D4905
S3150003AE100D4A03600D4B0C6014601C6010BD00BF2F
S3150003AE20A0110720A4110720141107200C110720D5
S3150003AE301011072008110720981107200411072075
S3150003AE40941107209C11072000110720FC100720EE
S3150003AE500268531ED91C01D8816901B17047202AA3
S3150003AE600D4A0E491268096894BF9B007C2313445C
S3150003AE70994208D91A685AB1516908615061C0E903
S3150003AE8004218361EAE7064A12685B1A1344F1E771
S3150003AE90C0E904001860F4E70411072094110720A1
S3150003AEA098110720836963B1026990420AD0416908
S3150003AEB051610A611968814204BF93611A600023D4
S3150003AEC0836170471A688242F9D100221A60F6E755
S3150003AED0EFF3108372B6024A106883F31088704743
S3150003AEE0A011072010B472B6184A194B1168194AF3
S3150003AEF0196013681848194C1949046043F0010393
S3150003AF0013600B68174AA2FB03235B09013BB3F1EA
S3150003AF10807F0AD24FF0E02213485361F0240021C8
S3150003AF20072380F82340916113610F4BF022002120
S3150003AF30DA7783F8222083F82310EFF3148C2CF0AE
S3150003AF40040C8CF314885DF8044B70470000000072
S3150003AF50F8100720001000E038100720A4B30720DC
S3150003AF60D806FE1F1F85EB5100ED00E0114B124C76
S3150003AF7012481349002222609A809A821A801A8202
S3150003AF809860D9609861D961EFF3088282F30988E2
S3150003AF900C48B0F8202192B2012142F48052A0F865
S3150003AFA020219980998262B6074B4FF080525A60EE
S3150003AFB0FEE700BF000D004070100720A0A3072086
S3150003AFC09FAB07200060004000ED00E070B423490A
S3150003AFD0234D244C244A254E4AF2025C1FE08B89FA
S3150003AFE0C3F3C03313601368012B0FD1B1F8FE33DB
S3150003AFF09BB23360A1F8FEC38B8960F3CF338B8199
S3150003B000336843F425439BB2A1F8FE33BFF34F8F56
S3150003B01030BFBFF36F8F62B61368012B0BD072B6C6
S3150003B0202B68236020680028D9D0114B4FF00062AB
S3150003B03070BC5A60704772B6B1F8FE339BB2336088
S3150003B040A1F8FEC38B8943F400438B81336843F431
S3150003B05025439BB2A1F8FE3362B6E0E700E0014068
S3150003B0606410072060100720AC110720A8110720E1
S3150003B07000ED00E025480168002945D0EFF3098378
S3150003B080A3F1200383F3098803F1200323E9F00FD7
S3150003B0901EF0100F07D1A3F1400383F3098803F1D0
S3150003B0A0400323ED108A43F804ED8B60184C2368A4
S3150003B0B013B18B6100232360164E72B633680BB14E
S3150003B0C0036001E0FFF782FF366862B670680130FD
S3150003B0D07060B069206010484FF000014161F1686B
S3150003B0E081613169C161B36853F804EB1EF0100F37
S3150003B0F001D1B3EC108AB3E8F00F83F309884FF05C
S3150003B100010141617047FEE7014CD5E76010072056
S3150003B110A411072064100720000D004000F028B892
S3150003B120026922F00702A2F144026FF002031360E0
S3150003B13002F104024FF00003136053609360D3607F
S3150003B14013615361C36893614FF00003D3611362C4
S3150003B15053629362D36213634FF0FF335363916376
S3150003B1604FF08073D363A2F104028260704700BF7D
S3150003B170244925480A680368013210B50A60DBB919
S3150003B180224C2168224A1368186800B3214B012216
S3150003B1901A6000F0F7F9236823BB1F4B1B6853B1F2
S3150003B1A01E4A1268934206D01D4B1B681BB91D4BE2
S3150003B1B04FF080525A6010BD013B144C0360A3B993
S3150003B1C0134A13681868012121600028DED1164846
S3150003B1D000680433834213600CD00E4B1B6831B1F5
S3150003B1E0002BD6D100F098F9D7E72168CAE7002BE0
S3150003B1F0D3D0CEE70D48074B00681B6810600029C3
S3150003B200EED1F4E7A0110720A41107200C110720A3
S3150003B2100411072008110720641007206010072077
S3150003B2207010072000ED00E0941107209811072005
S3150003B23038B5EFF3108372B61B4A846E944202D07C
S3150003B24083F3108838BDD0F8B0208A42F8D1C26E95
S3150003B250002AF5D0154914688C42F1D151690029A9
S3150003B260EED0002484661469DCB101395161B1B1B1
S3150003B270D0E91C15A0424D67296710D0026B072A37
S3150003B280DED10B49C0F884200A6801320A6083F3D1
S3150003B2901088FFF76BFBEFF3108372B6D0E71161EB
S3150003B2A0ECE70121D160E9E731B203004E4456448D
S3150003B2B07010072010B5EFF3108372B61A4A846E26
S3150003B2C0944202D083F3108810BDD0F8B0208A428E
S3150003B2D0F8D1C26E002AF5D0144914688C42F1D114
S3150003B2E0D1690029EED0002401398466D161C1B148
S3150003B2F0D0E91C144C6721679469844211D0026B10
S3150003B3000D2ADFD10A490A681D240132C0F8844098
S3150003B3100A6083F31088FFF729FBEFF3108372B6F5
S3150003B320D0E79161EBE700BFB5B203004554554D35
S3150003B3307010072070B50446EFF3108372B60D4EF6
S3150003B340D0F8A400326801323260012558B1856015
S3150003B35083F31088FEF74EFDEFF3108372B6D4F82D
S3150003B360A4000028F2D13268013A326083F31088D0
S3150003B37070BD00BF70100720F8B5EFF3108C72B6DE
S3150003B380C569012D26D98369022D1A6F1DD01F4F5A
S3150003B3903C68013419463C6005E0C569226F2146C5
S3150003B3A023468A421AD0D66ADC6AA64238BF1346B7
S3150003B3B08CF31088EFF3108C72B684698C42ECD14F
S3150003B3C0C669AE4220D03546E8E7DB6AD16A9942C0
S3150003B3D038BF82618CF310880020F8BD3968934228
S3150003B3E001F1FF31396009D0D3E91C4161670C676C
S3150003B3F0516FC3E91C210B67536783618CF3108874
S3150003B400FFF796FA0020F8BD126FCAE770100720FF
S3150003B41010B5EFF3108372B61C4A846E944202D0C1
S3150003B42083F3108810BDD0F8B0208A42F8D1C26EDB
S3150003B430002AF5D0164914688C42F1D1D16A002945
S3150003B440EED0002401398466D162E9B1D0E91C1437
S3150003B4504C672167946A844216D0016B0529DFD1B4
S3150003B4600C4914690A68002C02F1010214BF0B246B
S3150003B4700A24C0F884400A6083F31088FFF776FA3B
S3150003B480EFF3108372B6CBE79162E6E711B40300DC
S3150003B490554555517010072010B5EFF3108372B65A
S3150003B4A01A4A846E944202D083F3108810BDD0F8F2
S3150003B4B0B0208A42F8D1C26E002AF5D01449146826
S3150003B4C08C42F1D111690029EED00024013984663A
S3150003B4D01161C1B1D0E91C144C672167D468844259
S3150003B4E011D0026B062ADFD10A490A680D240132FC
S3150003B4F0C0F884400A6083F31088FFF737FAEFF346
S3150003B500108372B6D0E7D160EBE700BF99B40300AE
S3150003B510414D455370100720144B1B68EFF31082FF
S3150003B52072B613490020086093B1196B81B9D3E948
S3150003B530071010B40F4C99619842216003D0D96A61
S3150003B540DB6B994207D082F310885DF8044B704792
S3150003B55082F310887047084B084C43F82100206893
S3150003B560074953F820300B60EDE700BF6010072052
S3150003B5700C110720A4110720741007206810072058
S3150003B580641007202DE9F04F83B0EFF3108A72B6EB
S3150003B590374A1768002F5DD1364E3368002B59D0D2
S3150003B5A00123DFF8D880DFF8D8B0DFF8D89013602E
S3150003B5B0314B1B681868009008B1C0F818D0D8F84A
S3150003B5C0000043F8047B2C4A37608342136004BFB0
S3150003B5D0DBF8003013608AF31088EFF3108A72B633
S3150003B5E0009C002C31D001AD12E0203B2360A56105
S3150003B5F024610194C9F800408AF31088EFF3108A96
S3150003B60072B6019BC9F800709C422CD0009CE4B131
S3150003B610236901979C4222D06069586100930361B4
S3150003B620C3F818D02368202BDFD862682260D4E9D8
S3150003B6300230B2B1A56124610194C9F800408AF3CE
S3150003B6401088002BDAD09847D8E73368002BAFD1A0
S3150003B650074A13608AF3108803B0BDE8F08F00979A
S3150003B660E0E7A261E9E7A7612046FFF7F1FBCDE733
S3150003B6709C110720081107200411072094110720A5
S3150003B68098110720101107207BB972B90029BEBF94
S3150003B69000204FF0004106E008BF00281CBF6FF0F2
S3150003B6A000414FF0FF3000F0D3B9ADF1080C6DE95E
S3150003B6B004CE002909DB002B1ADB00F04DF8DDF878
S3150003B6C004E0DDE9022304B07047404261EB410127
S3150003B6D0002B1BDB00F040F8DDF804E0DDE9022374
S3150003B6E004B0404261EB4101524263EB43037047AE
S3150003B6F0524263EB430300F02FF8DDF804E0DDE983
S3150003B700022304B0404261EB41017047524263EBAE
S3150003B710430300F021F8DDF804E0DDE9022304B079
S3150003B720524263EB4303704753B94AB9002908BF32
S3150003B73000281CBF4FF0FF314FF0FF3000F088B9EF
S3150003B740ADF1080C6DE904CE00F006F8DDF804E06F
S3150003B750DDE9022304B070472DE9F047089D0F4643
S3150003B76004468C46002B48D18A42164661D9B2FA62
S3150003B77082F34BB1C3F1200201FA03FC20FA02F271
S3150003B7809E4042EA0C0C9C404FEA164EB7B2BCFBF5
S3150003B790FEF1220C0EFB11CC42EA0C4201FB07F030
S3150003B7A0904209D9B21801F1FF3C80F0EE80904235
S3150003B7B040F2EB8002393244121AA4B2B2FBFEF015
S3150003B7C00EFB102244EA024400FB07F7A74209D9FD
S3150003B7D0341900F1FF3280F0DA80A74240F2D780B5
S3150003B7E03444023840EA0140E41B00211DB1DC4029
S3150003B7F00023C5E90043BDE8F0878B4206D90DB1A6
S3150003B800C5E9000100210846BDE8F087B3FA83F1D4
S3150003B810002948D1BB4202D3824200F20781841A2F
S3150003B82067EB030201209446002DE4D0C5E9004CE2
S3150003B830E1E7002A00F09280B2FA82F3002B40F08F
S3150003B840A8808A1A4FEA164E1FFA86FC0121200C9D
S3150003B850B2FBFEF70EFB172240EA02420CFB07F08F
S3150003B860904207D9B21807F1FF3802D2904200F28C
S3150003B870E2804746121AA4B2B2FBFEF00EFB102278
S3150003B88044EA02440CFB00FCA44507D9341900F131
S3150003B890FF3202D2A44500F2CB801046A4EB0C047F
S3150003B8A040EA0740A2E7C1F120068B4022FA06FCD4
S3150003B8B04CEA030C07FA01F420FA06F3F7404FEAC1
S3150003B8C01C49234300FA01F81FFA8CFEB7FBF9F073
S3150003B8D01C0C09FB107744EA074400FB0EF7A7424A
S3150003B8E002FA01F20AD91CEB040400F1FF3A80F0D4
S3150003B8F09B80A74240F2988002386444E41B9FB2BF
S3150003B900B4FBF9F309FB134447EA044403FB0EFEB5
S3150003B910A64509D91CEB040403F1FF3780F08280A6
S3150003B920A6457FD9023B644443EA0040A4EB0E04D8
S3150003B930A0FB02E7BC427346B94663D360D05DB150
S3150003B940B8EB030264EB090404FA06F622FA01F3E0
S3150003B9501E43CC40C5E9006400214CE76208480851
S3150003B96042EAC1710B0C43EA00438AB242EA03423C
S3150003B970B3FBF6F1E407B4463746B6461F23B0FBDE
S3150003B980F6F0D21B41EA004161E7614614E710462F
S3150003B99028E7C3F1200120FA01F29E4027FA01F1BC
S3150003B9A09F403A434FEA164E1FFA86FCB1FBFEF759
S3150003B9B00EFB1710110C41EA004107FB0CF88845F2
S3150003B9C004FA03F43AD9711807F1FF3001D2884516
S3150003B9D01FD8A1EB0801B1FBFEF808FB0CF70EFB21
S3150003B9E0181192B242EA0142BA422FD2B21808F1B2
S3150003B9F0FF31C6D2BA42C4D2A8F102013244C0E72B
S3150003BA00F0459CD2BEEB020367EB0C070138B9463F
S3150003BA1095E7A6EB08084144B81EB1FBFEF808FB00
S3150003BA200CF7DCE73B467FE7504667E70846FBE64D
S3150003BA303444023832E7023F32441BE7A1EB0801E4
S3150003BA403846B1FBFEF808FB0CF7C8E7414698E712
S3150003BA50704700BF38B5104B1D682A6B0446B2B950
S3150003BA60182000F067FA0246286320B90B4B0C48EE
S3150003BA70462100F0F7F90B490B4BC0E900130B4BBA
S3150003BA8083600B23838100210120C2E90401002383
S3150003BA901461536138BD00BFF403FE1F30BD0400BB
S3150003BAA047BD04000E33CDAB34126DE6ECDE050064
S3150003BAB0002310B50446C0E90033C0E904338360AC
S3150003BAC081814366C2818361194608225C3000F096
S3150003BAD046F90D4B63620D4BA3620D4BE3620D4BAF
S3150003BAE023630D4B24629C4206D003F16802944201
S3150003BAF002D0D0339C4205D104F15800BDE8104072
S3150003BB0000F094B910BD00BFA5BC0300C7BC030079
S3150003BB10FFBC030025BD0300B0110720024A0349F9
S3150003BB20034800F06BB800BFE803FE1F79C70300A4
S3150003BB30F803FE1F41680C4B994210B5044601D029
S3150003BB4000F01AFEA168094B994202D0204600F084
S3150003BB5013FEE168064B994204D02046BDE8104027
S3150003BB6000F00ABE10BD00BFB0110720181207204F
S3150003BB70801207200C4B0D4A0D4810B504211A609C
S3150003BB800022FFF795FF0A4B01221C46092103F108
S3150003BB906800FFF78DFF04F1D0000222BDE81040D4
S3150003BBA01221FFF785BF00BFE81207201DBB030064
S3150003BBB0B0110720014800F03AB900BFF11207207F
S3150003BBC0014800F035B900BFF112072010B504464D
S3150003BBD0FFF7F0FF236A1BB1BDE81040FFF7F0BF84
S3150003BBE0044B2362044B1B68002BF5D1FFF7C2FFFE
S3150003BBF0F2E700BF35BB0300E81207202DE9F8433F
S3150003BC000746884614460026D4E90195B9F1010989
S3150003BC1005D52468002CF7D13046BDE8F883AB89F7
S3150003BC20012B07D9B5F90E30013303D0294638461F
S3150003BC30C04706436835E9E70CB430B5184B0C1E0C
S3150003BC401D689DB008DA8B232B604FF0FF301DB0C3
S3150003BC50BDE8304002B070474FF40273ADF81430BC
S3150003BC604FF000031B9314BF04F1FF3323460493E1
S3150003BC7007934FF6FF7302900690ADF81630209A9D
S3150003BC8021AB02A92846019300F06AFA431CBCBF04
S3150003BC908B232B60002CDAD0029B00221A70D6E786
S3150003BCA0F403FE1F10B50C46B1F90E1000F094F81C
S3150003BCB00028ABBF636DA3891B1823F48053ACBF65
S3150003BCC06365A38110BD2DE9F0411F468B89DB0512
S3150003BCD005460C46164605D5B1F90E100223002279
S3150003BCE000F068F8A389B4F90E1023F48053A381F6
S3150003BCF032463B462846BDE8F04100F07FB810B512
S3150003BD000C46B1F90E1000F055F8B4F90C30421C8C
S3150003BD100BBF23F4805343F48053A381A38118BF3D
S3150003BD20606510BDB1F90E1000F034B8884210B545
S3150003BD3001EB020402D98442234607D8431EA142DB
S3150003BD4007D011F8012B03F8012FF8E702448242CA
S3150003BD5000D110BD13F8011D02F8011DF7E70244D7
S3150003BD600346934200D1704703F8011BF9E710B568
S3150003BD706AB10139841810F8012B11F8013F9A4270
S3150003BD8003D1A04201D0002AF5D1D01A10BD104626
S3150003BD90FCE7FFFF38B5064D0023044608462B6033
S3150003BDA001F056F9431C02D12B6803B1236038BD59
S3150003BDB0EC12072038B5074D044608461146002203
S3150003BDC02A601A4601F005F9431C02D12B6803B118
S3150003BDD0236038BDEC12072038B5074D04460846E4
S3150003BDE0114600222A601A4601F09DF8431C02D12F
S3150003BDF02B6803B1236038BDEC12072038B5074D15
S3150003BE0004460846114600222A601A4601F0F3F852
S3150003BE10431C02D12B6803B1236038BDEC12072003
S3150003BE20014B1868704700BFF403FE1F7047704745
S3150003BE30704710F8012B11F8013B012A28BF9A42DB
S3150003BE40F7D0D01A70470A44914200F1FF3300D16C
S3150003BE50704710B511F8014B03F8014F9142F9D120
S3150003BE6010BDFFFF1FB514461A46094B1B6805464E
S3150003BE70D8684CB1074B0091CDE9013406492B46EE
S3150003BE8000F0A2FC00F014FD044B1C46F3E700BFD0
S3150003BE90F403FE1FA0BD0400ADBD0400DBBD04001A
S3150003BEA038B50546002941D051F8043C0C1F002B38
S3150003BEB0B8BFE41800F0E8F81D4A136833B96360A5
S3150003BEC014602846BDE8384000F0E4B8A34208D918
S3150003BED0206821188B4201BF19685B680918216025
S3150003BEE0EDE71A465B680BB1A342FAD911685018FD
S3150003BEF0A0420BD120680144501883421160E0D15F
S3150003BF0018685B68536008441060DAE702D90C23AB
S3150003BF102B60D6E7206821188B4204BF19685B683B
S3150003BF20636004BF091821605460CAE738BD00BFC7
S3150003BF30F8120720024B0146186800F025B800BF27
S3150003BF40F403FE1F70B50F4E0C463168054611B952
S3150003BF5000F04CFC30602146284600F047FC431CA9
S3150003BF6003D14FF0FF34204670BDC41C24F00304F4
S3150003BF70A042F8D0211A284600F038FC0130F2D14D
S3150003BF80EFE700BFF41207202DE9F843CD1C25F097
S3150003BF90030508350C2D38BF0C25002D064601DB9D
S3150003BFA0A94204D90C2333600020BDE8F883DFF8E7
S3150003BFB0D48000F069F8D8F800301C4644BB294603
S3150003BFC03046FFF7BFFF431C044658D1D8F800405C
S3150003BFD02746002F43D1002C4BD0236839463046E1
S3150003BFE004EB030900F002FC814542D121686D1A76
S3150003BFF029463046FFF7A6FF01303AD023682B4483
S3150003C0002360D8F800305A6862BBC8F800700FE0A6
S3150003C0102268521B20D40B2A17D96119A342256023
S3150003C02018BF5960636808BFC8F8001062514B60B7
S3150003C030304600F02FF804F10B00231D20F0070013
S3150003C040C21A1CBF1B1AA350AFE76268A3420CBFF8
S3150003C050C8F800205A60EBE723466468AEE73C461F
S3150003C0607F68B6E71A465B68A342FBD10023536099
S3150003C070DEE70C233360304600F00CF894E70560E6
S3150003C080D6E700BFF81207200148FFF7D0BE00BF6E
S3150003C090F01207200148FFF7CBBE00BFF0120720BE
S3150003C0A02DE9F0478E681F46BE4282460C469046EF
S3150003C0B0334653D8B1F90C0010F4906F2BD0656951
S3150003C0C02368096905EB4505A3EB010905EBD5755E
S3150003C0D07B1C6D104B44AB422A4684BF1D462A4641
S3150003C0E0430527D511465046FFF74EFF064658B37C
S3150003C0F021694A46FFF7A7FEA38923F4906343F019
S3150003C1008003A381266165614E44A5EB090526607C
S3150003C110A5603E463B461F4620683A464146FFF722
S3150003C12005FEA3689B1BA36023683B442360002092
S3150003C130BDE8F087504600F0C2FB06460028E1D171
S3150003C14021695046FFF7ACFE0C23CAF80030A389D9
S3150003C15043F04003A3814FF0FF30E9E73E46DBE7B8
S3150003C1602DE9F04F98468B891B069DB007460D4671
S3150003C170144610D50B6973B94021FFF705FF2860F4
S3150003C180286130B90C233B604FF0FF301DB0BDE88A
S3150003C190F08F40236B610023099320238DF8293008
S3150003C1A0CDF80C803023DFF89C818DF82A304FF0D0
S3150003C1B0010923469A4613F8012B0AB1252AF9D118
S3150003C1C0BAEB040B0BD05B46224629463846FFF7EB
S3150003C1D067FF013000F0A780099A5A4409929AF83A
S3150003C1E00030002B00F09F8000234FF0FF32CDE993
S3150003C1F005230AF1010A049307938DF853301A9322
S3150003C2005446052214F8011B4E4800F001FB049A1C
S3150003C210D8B9D00644BF20238DF85330110744BF45
S3150003C2202B238DF853309AF800302A2B15D0079A12
S3150003C230544600204FF00A0C214611F8013B303BCF
S3150003C240092B4BD9B0B1079214E0A0EB080309FA06
S3150003C25003F313430493A246D2E7039B191D1B68FA
S3150003C2600391002BBBBF5B4242F002020793079385
S3150003C270B8BF049223782E2B0AD163782A2B32D1A6
S3150003C280039B1A1D1B68039243EAE3730234059367
S3150003C290DFF8C0A021780322504600F0B9FA38B17E
S3150003C2A0049BA0EB0A00402282401343013404930B
S3150003C2B014F8011B24488DF82810062200F0A8FA6A
S3150003C2C0002836D0214B1BBB039B073323F0070300
S3150003C2D008330393099B334409936AE70CFB023241
S3150003C2E00C460120A8E700230134059319464FF0B5
S3150003C2F00A0C204610F8012B303A092A03D9002BE1
S3150003C300C6D00591C4E70CFB012104460123F0E7DF
S3150003C31003AB00932A460E4B04A93846AFF30080BD
S3150003C320421C0646D6D1AB895B063FF52DAF09986D
S3150003C3302CE703AB00932A46054B04A9384600F0C5
S3150003C34079F8EDE7DCBD0400E6BD0400000000005B
S3150003C350A1C00300E2BD04002DE9F0471646984646
S3150003C3608A680B69DDF820909342B8BF13463360A1
S3150003C37091F8432007460C460AB10133336023681C
S3150003C380990642BF336802333360256815F0060504
S3150003C39006D104F1190AE36832689B1AAB4226DC1C
S3150003C3A094F843302268003B18BF012392062BD42E
S3150003C3B004F1430241463846C84701301ED023687C
S3150003C3C0226903F00603042B02BFE5683368ED1AFE
S3150003C3D0A3680CBF25EAE57500259342C4BF9B1AE3
S3150003C3E0ED1800261A34B5421AD1002008E00123BD
S3150003C3F0524641463846C847013003D14FF0FF3015
S3150003C400BDE8F0870135C6E7E1185A1C302081F8EC
S3150003C4104300224494F8451082F843100233C7E7D9
S3150003C4200123224641463846C8470130E6D0013645
S3150003C430D9E7FFFF2DE9FF470F7E0C9E782F914624
S3150003C44080460C469A4601F1430207D8622F0AD862
S3150003C450002F00F0D280582F00F0B78004F1420677
S3150003C46084F842703AE0A7F16303152BF6D801A1CD
S3150003C47051F823F0CDC40300E1C403005DC40300F7
S3150003C4805DC403005DC403005DC40300E1C403008F
S3150003C4905DC403005DC403005DC403005DC4030003
S3150003C4A0E1C503000BC5030097C503005DC4030084
S3150003C4B05DC4030003C603005DC403000BC503008C
S3150003C4C05DC403005DC403009FC5030033681A1DE2
S3150003C4D01B68326004F1420684F8423001239DE072
S3150003C4E033682068191D3160060601D51D6803E00F
S3150003C4F04506FBD5B3F90050002D03DA2D236D4213
S3150003C50084F8433059480A2310E021683368080643
S3150003C51053F8045B02D4490648BFADB26F2F5348A4
S3150003C520336059D10823002184F843106668A66056
S3150003C530002E05DB21682E4321F0040121604DD036
S3150003C5401646B5FBF3F103FB1157C75D06F8017DEC
S3150003C5502F46BB420D46F4D9082B0BD12368DF07C0
S3150003C56008D5236961689942DEBF302306F8013C8A
S3150003C57006F1FF36921B2261CDF800A04B4603AAB3
S3150003C58021464046FFF7E8FE01304CD14FF0FF301D
S3150003C59004B0BDE8F087236843F0200323603448E2
S3150003C5A0782784F84570236831681F0651F8045BC1
S3150003C5B002D45F0648BFADB23160D90744BF43F02A
S3150003C5C0200323601DB11023ADE72848E9E723685C
S3150003C5D023F020032360F6E70A23A4E71646BBE706
S3150003C5E0336825686169181D30602E061B6801D5FE
S3150003C5F0196002E06806FBD51980002323611646FD
S3150003C600BAE733681A1D32601E6862680021304635
S3150003C61000F0FEF808B1801B6060636823610023A5
S3150003C62084F84330A8E72369324649464046D04753
S3150003C6300130ABD023689B0713D4E068039B984271
S3150003C640B8BF1846A4E70123324649464046D047B9
S3150003C65001309BD00135E36803995B1AAB42F2DCE8
S3150003C660EBE7002504F11906F5E700BFEDBD04006D
S3150003C670FEBD0400B1F90C202DE9F041160705466D
S3150003C6800C4651D44B68002B02DC0B6C002B49DDA6
S3150003C690E66A002E46D0002312F480522F682B60E0
S3150003C6A031D0626DA389590705D56368D21A636BC6
S3150003C6B00BB1236CD21A0023E66A216A2846B047D7
S3150003C6C0421CB4F90C3006D129681D2946D8294ADB
S3150003C6D0CA40D60742D500226260D9042269226085
S3150003C6E004D5421C01D12B6803B96065616B2F60C9
S3150003C6F0C1B104F14403994202D02846FFF7D0FBA7
S3150003C700002363630EE0216A01232846B0470246ED
S3150003C710501CC7D12B68002BC4D01D2B01D0162B60
S3150003C7201AD12F6000201EE00F69002FFAD093075D
S3150003C7300E6808BF4B690F6018BF0023A6EB0708F6
S3150003C7408B60B8F1000FEDDD216AA66A43463A46CF
S3150003C7502846B047002808DCB4F90C3043F0400300
S3150003C760A3814FF0FF30BDE8F0810744A8EB000832
S3150003C770E7E700BF0100402038B50B6905460C46C4
S3150003C78013B90025284638BD18B1036A0BB9FFF75C
S3150003C7901DFAB4F90C30002BF3D0626ED00704D423
S3150003C7A0990502D4A06DFFF742FB28462146FFF701
S3150003C7B061FF636EDA070546E4D4A3899B05E1D4DA
S3150003C7C0A06DFFF735FBDDE70EB403B5014603ABFA
S3150003C7D0054853F8042B0068019300F0C7F802B02C
S3150003C7E05DF804EB03B07047F403FE1F38B5064D3E
S3150003C7F00023044608462B60E5F74CF9431C02D197
S3150003C8002B6803B1236038BDEC120720FFFFFFFF3F
S3150003C81001F0FF01102A2BDB10F0070F08D010F8E8
S3150003C820013B013A8B422DD010F0070F42B3F6D1EC
S3150003C830F0B441EA012141EA014122F007047FF005
S3150003C84000070023F0E80256083C85EA010586EA5C
S3150003C850010685FA47F5A3FA87F586FA47F6A5FA98
S3150003C86087F68EB9EED1F0BC01F0FF0102F00702A4
S3150003C87032B110F8013B013A83EA010313B1F8D14F
S3150003C8800020704701387047002D06BF3546033830
S3150003C890073815F0010F07D1013015F4807F02BF69
S3150003C8A0013015F4C03F0130F0BC0138704700BFBA
S3150003C8B008B5062000F02CFA012000F0CDFA2DE988
S3150003C8C0F041074614460D4621B9BDE8F04111462D
S3150003C8D0FFF75ABB2AB9FFF7E3FA25462846BDE810
S3150003C8E0F08100F031FA8442064602D8B4EB500FC9
S3150003C8F0F4D821463846FFF747FB804608B9454634
S3150003C900ECE7B4422246294628BF3246FFF79BFA94
S3150003C91029463846FFF7C4FAF1E79368013B002B33
S3150003C92010B4936008DA9469A34201DB0A2903D1A0
S3150003C9305DF8044B00F032B91368581C1060197087
S3150003C94008465DF8044B7047F8B506460F4614468D
S3150003C950D518AC4201D1002007E014F8011B3A4672
S3150003C9603046FFF7DAFF431CF3D1F8BD2DE9F04F4C
S3150003C9700D469DB014469846064618B1036A0BB990
S3150003C980FFF724F96B6ED90705D4AB899A0502D450
S3150003C990A86DFFF74CFAAB891B0701D52B699BB929
S3150003C9A02946304600F038F970B16B6EDC0704D5C2
S3150003C9B04FF0FF301DB0BDE8F08FAB899805F7D473
S3150003C9C0A86DFFF735FAF3E70023099320238DF8C3
S3150003C9D02930CDF80C803023DFF8AC818DF82A306E
S3150003C9E04FF0010923469A4613F8012B0AB1252A6B
S3150003C9F0F9D1BAEB040B0BD05B46224629463046E7
S3150003CA00FFF7A2FF013000F0A780099A5A44099262
S3150003CA109AF80030002B00F09F8000234FF0FF327E
S3150003CA20CDE905230AF1010A049307938DF85330E0
S3150003CA301A935446052214F8011B5348FFF7E8FEE0
S3150003CA40049AD8B9D10644BF20238DF8533013076F
S3150003CA5044BF2B238DF853309AF800302A2B15D078
S3150003CA60079A544600204FF00A0C214611F8013B61
S3150003CA70303B092B4BD9B0B1079214E0A0EB080366
S3150003CA8009FA03F313430493A246D2E7039B191D42
S3150003CA901B680391002BBBBF5B4242F00202079364
S3150003CAA00793B8BF049223782E2B0AD163782A2BD7
S3150003CAB032D1039B1A1D1B68039243EAE3730234C4
S3150003CAC00593DFF8D4A0217803225046FFF7A0FE92
S3150003CAD038B1049BA0EB0A00402282401343013481
S3150003CAE0049314F8011B29488DF828100622FFF732
S3150003CAF08FFE00283FD0264B1BBB039B073323F037
S3150003CB00070308330393099B3B4409936AE70CFB2A
S3150003CB1002320C460120A8E7002301340593194687
S3150003CB204FF00A0C204610F8012B303A092A03D994
S3150003CB30002BC6D00591C4E70CFB01210446012353
S3150003CB40F0E703AB00932A46124B04A93046AFF332
S3150003CB5000800746781CD6D16B6ED90705D4AB89FE
S3150003CB609A0502D4A86DFFF763F9AB895B063FF517
S3150003CB701FAF09981EE703AB00932A46054B04A98A
S3150003CB803046FFF757FCE4E7DCBD0400E6BD0400CE
S3150003CB900000000049C90300E2BD0400F8B50E46D3
S3150003CBA01446054618B1036A0BB9FFF70FF8A369D4
S3150003CBB0A360A3891A0701D5236943B921462846E9
S3150003CBC000F02AF818B14FF0FF373846F8BD23684E
S3150003CBD02269981A6369F6B28342374605DC214611
S3150003CBE02846FFF7C9FD0028EDD1A368013BA360E2
S3150003CBF023685A1C22601E706269431C9A4204D041
S3150003CC00A389DB07E1D50A2EDFD121462846FFF7A4
S3150003CC10B3FD0028D9D0D6E738B5284B05461868A2
S3150003CC200C4618B1036A0BB9FEF7D0FFB4F90C3002
S3150003CC301A0721D4D80607D409222A6043F04003F1
S3150003CC40A3814FF0FF3030E0590712D5616B41B134
S3150003CC5004F14403994202D02846FFF721F9002341
S3150003CC6063630022B4F90C3062602269226023F008
S3150003CC70240343F00803A38122693AB99A0501D52F
S3150003CC80180603D52146284600F08AF8B4F90C3075
S3150003CC9013F001020AD00022A26062695242A26125
S3150003CCA0226942B913F08000C8D138BD990758BF2D
S3150003CCB06269A260F4E70020F7E700BFF403FE1FF2
S3150003CCC01F2938B505460C4604D9162303604FF0D1
S3150003CCD0FF3038BDC26B12B152F821304BB928462A
S3150003CCE000F030F8224601462846BDE8384000F0F9
S3150003CCF017B8012B0AD0591C03D116230360012050
S3150003CD00E7E7002142F82410204698470020E0E791
S3150003CD10024B01461868FFF7D3BF00BFF403FE1F9B
S3150003CD2038B5074D00230446084611462B6000F02C
S3150003CD30B1F8431C02D12B6803B1236038BD00BF91
S3150003CD40EC12072000F0AAB951F8043C181F002B77
S3150003CD50BCBF0B58C018704770B50C46B1F90E101E
S3150003CD60002996B015461E460ADAA18911F08001FC
S3150003CD7013D14FF48062002031602A6016B070BD73
S3150003CD806A4600F047F80028EFDB019901F4704189
S3150003CD90A1F5005359425941EBE700214022EAE746
S3150003CDA08B8973B59E0705460C4607D504F14703E1
S3150003CDB0236023610123636102B070BD01AB6A4640
S3150003CDC0FFF7CAFF009E28463146FFF7DDF8B4F9A0
S3150003CDD00C3038B99A05EFD423F0030343F002036A
S3150003CDE0A381E3E743F08003A381019B2060C4E9A9
S3150003CDF00406002BE0D0B4F90E10284600F01CF808
S3150003CE000028D9D0A38923F0030343F00103A381A8
S3150003CE10D2E7FFFF38B5074D0023044608461146FF
S3150003CE202B6000F05EF9431C02D12B6803B123602B
S3150003CE3038BD00BFEC12072038B5064D0023044663
S3150003CE4008462B6000F052FA431C02D12B6803B14B
S3150003CE50236038BDEC120720014608B5024A4FF09D
S3150003CE60FF3000F003F800BF2600020007B5CDE946
S3150003CE70002100F02FFA00280CBF1824202400F00C
S3150003CE8029FA20B16D4620462946ABBE0446009DCD
S3150003CE90F9E7FFFF062908B50CBF024A024AFFF766
S3150003CEA0E5FF00BF23000200260002000A4B10B56F
S3150003CEB00446186818B1036A0BB9FEF787FE132CEC
S3150003CEC007D8064850F83420013202D000EBC400DC
S3150003CED010BD0020FCE700BFF403FE1FFC12072071
S3150003CEE0F8B50446FEF79CFF132605460027304691
S3150003CEF03946ABBE06462E602046F8BD431C01D11B
S3150003CF00FFF7EEBF704730B585B0CDE90101039257
S3150003CF10062401AD20462946ABBE04462046FFF74C
S3150003CF20EDFF05B030BD70B50E461446FFF7BEFFE4
S3150003CF30054630B9FEF774FF092303604FF0FF304F
S3150003CF4070BD006822463146FFF7DDFF431CF5D06E
S3150003CF506B68201A03446B60F2E7F7B50C46164676
S3150003CF60FFF7A4FF054640B9FEF75AFF09230360FE
S3150003CF704FF0FF34204603B0F0BD022E03D9FEF76F
S3150003CF804FFF1623F3E7012E12D14368E418F6D4B4
S3150003CF902B680A26CDE900346F4630463946ABBEC8
S3150003CFA006463046FFF7AAFF0028E1DB6C60E1E79F
S3150003CFB0022EEDD1036800930C266F4630463946A0
S3150003CFC0ABBE06463046FFF799FF431CD0D0044458
S3150003CFD0DEE7FFF7C2BF30B585B0CDE901010392A5
S3150003CFE0052401AD20462946ABBE04462046FFF77D
S3150003CFF085FF05B030BD70B50E461546FFF756FFE3
S3150003D000044630B9FEF70CFF092303604FF0FF30E7
S3150003D01070BD00682A463146FFF7DDFF031EF5DBC8
S3150003D0206268E81A0244AB426260F1D1BDE870401F
S3150003D0300020FFF755BF37B50224019001AD204606
S3150003D0402946ABBE04462046FFF758FF03B030BD62
S3150003D05038B50546FFF72AFF044630B9FEF7E0FE6A
S3150003D060092303604FF0FF3038BD013D012D09D878
S3150003D070094B9A681B699A4204D14FF0FF33036048
S3150003D0800020F1E72068FFF7D6FF0028ECD14FF028
S3150003D090FF332360E8E700BFFC1207200120704737
S3150003D0A070B50C46FFF702FF054630B9FEF7B8FE2A
S3150003D0B0092303604FF0FF3070BD636843F40053E8
S3150003D0C063604FF48063A3640C2630462946ABBEE7
S3150003D0D005462846FFF712FF431CEBD020610020CC
S3150003D0E0EAE70B4610B50021044658221846FEF718
S3150003D0F036FE01462046BDE81040FFF7D1BF38B5DE
S3150003D1000D460446582200212846FEF728FE2046EF
S3150003D110002100F011F8431C04460BD06B6843F45E
S3150003D12001436B602946FFF7BBFF05462046FFF721
S3150003D1308FFF2C46204638BD2DE9F043DFF8A89033
S3150003D14097B007460E46002459F8343001334FEAA8
S3150003D150C40833D00134142CF6D1FEF761FE18232C
S3150003D1603AE0C6F30045B20740F2016348BF45F013
S3150003D17002051E4218BF45F00405330748BF25F0D4
S3150003D1800405384648BF45F00805009700F0CBF87C
S3150003D190CDE901506E46012528463146ABBE05460C
S3150003D1A0002D06DBC844002349F83450C8F8043080
S3150003D1B015E02846FFF794FE044610E006F42063C4
S3150003D1C0B3F5206FCDD169463846FFF798FF013096
S3150003D1D0C7D0FEF725FE112303604FF0FF34204628
S3150003D1E017B0BDE8F08300BFFC1207202DE9F74313
S3150003D1F006460F46294800211546FFF79DFF2A4696
S3150003D200044600213046FEF7AAFD631C14D02046CF
S3150003D210FFF74CFE4FF00C08814640464946ABBE2D
S3150003D22080464046FFF76AFE032802DDC31EAB4273
S3150003D23007DC2046FFF70CFF4FF0FF3003B0BDE8D5
S3150003D240F08304220DEB02012046FFF76CFE032850
S3150003D250EFDD9DF80430532BEBD19DF80530482BB9
S3150003D260E7D19DF80630462BE3D19DF80730422BD4
S3150003D270DFD1012239462046FFF76FFE0028D8DBAF
S3150003D2802A4631462046FFF74EFE05462046FFF75F
S3150003D290DFFE2846FFF732FED0E700BF0FBE0400CD
S3150003D2A037B50A4D0A4C0021012201A829602260E4
S3150003D2B0FFF79CFF002807DD9DF8043003F0010209
S3150003D2C003F002032A60236003B030BD4804FE1F47
S3150003D2D04404FE1F10B5044C2368002B01DAFFF744
S3150003D2E0DFFF206810BD00BF4804FE1F70B5FFF7BF
S3150003D2F0DDFD0924054620B9FEF792FD04600020F2
S3150003D30070BD20462946ABBE0446012C2046F7D005
S3150003D310FEF786FD13250446002628463146ABBE96
S3150003D32005462560EBE7034613F8012B002AFBD1DC
S3150003D330181A01387047FFFF00000702322E372EF6
S3150003D340300000004275696C742077697468205256
S3150003D350656E657361732053796E657267792028EC
S3150003D360544D2920536F667477617265205061634B
S3150003D3706B6167652076657273696F6E20322E372F
S3150003D3802E302B6275696C642E30646332613035DE
S3150003D3903231626164303439356331323739623060
S3150003D3A03533326438373236623366663934323966
S3150003D3B06200FFFFF8B500BFF8BC08BC9E46704785
S3150003D3C0F8B500BFF8BC08BC9E467047F5080000D8
S3150003D3D09D090000450B0000650C0000E90C0000E8
S3150003D3E0000100000000000000000101010101012D
S3150003D3F0000100010001010100010100000101011A
S3150003D400000000000001010000010101000101010B
S3150003D4100000000000000000000101FF39CF0000FA
S3150003D42039D100008DD40000CDD4000051D50000C1
S3150003D43091D5000015D60000A5D60000546F75637C
S3150003D440682050616E656C2054687265616400FFE4
S3150003D450675F64315F6973725F73656D6170686F6F
S3150003D460726500FF6431206865617000C9E00000E1
S3150003D47035E1000039E30000B5E1000035E20000C4
S3150003D480B5E20000B9E3000039E4000035E5000029
S3150003D490B5E40000B5E500001DE600006A706567A7
S3150003D4A05F6576656E74730045E60000C1E70000AC
S3150003D4B083E8000045E90000DDE90000A7EA000073
S3150003D4C015EB000063EB00008BEB000053465F494E
S3150003D4D032432064657669636520636F756E7420D5
S3150003D4E06D7574657800FFFF49EF000015F00000C5
S3150003D4F06DF0000095F00000FFFFFF00FFFFFFFF48
S3150003D500FFFFFF00FFFFFF11FFFFFF22FFFFFF33B8
S3150003D510FFFFFF44FFFFFF55FFFFFF66FFFFFF7798
S3150003D520FFFFFF88FFFFFF99FFFFFFAAFFFFFFBB78
S3150003D530FFFFFFCCFFFFFFDDFFFFFFEEFFFFFFFF58
S3150003D5404D34010071350100DD350100153601004A
S3150003D550F536010073665F67785F6472765F6D7494
S3150003D5607800000073665F67785F6472765F736541
S3150003D5706D00FFFFD14301000D4601006746010020
S3150003D580C1460100354801001949010004000101A3
S3150003D5900100100001010101400001010102000127
S3150003D5A001010103FFFFFFFFA15E010025600100EA
S3150003D5B0B9600100F16101001D63010059630100B7
S3150003D5C0775E010035800100D18201002B850100C1
S3150003D5D0B9840100178401009783010021870100A4
S3150003D5E073870100F985010015880100CB870100C7
S3150003D5F0F9940100B59501002D960100B998010033
S3150003D600699901005D9A0100299B01009196010029
S3150003D610A59701002598010015990100F1990100CC
S3150003D620E596010039970100F19A0100020403040B
S3150003D6300404FFFF399F010065A00100CDA001008E
S3150003D64035A101007DA10100C1A101002DA20100A8
S3150003D65005A201002DBF0100B1C101000DC30100E8
S3150003D66055C30100FBC301009BC4010029C501008A
S3150003D67017C60100A5C60100000102000008020347
S3150003D680000201FF69DE010019DF010059DF010015
S3150003D69085DF0100ADDF0100C5DF0100DDDF01002D
S3150003D6A02DE1010005E2010041E30100D9E3010098
S3150003D6B00DE301002BE3010021E4010015E5010060
S3150003D6C08DE50100B5E50100C1E601000100020098
S3150003D6D00300FFFF000001000200FFFF010002003C
S3150003D6E00400FFFF00000100000002005DED0100E1
S3150003D6F049EE0100D1EF01000DF1010009F201002D
S3150003D700B5F3010001F4010065F401000DF5010014
S3150003D710FDF5010089F60100B1F60100C9F6010025
S3150003D720E1F601003DF7010055F701006DF7010031
S3150003D73085F7010095F70100A5F70100BDF7010084
S3150003D740CDF70100DDF70100F5F701000DF8010043
S3150003D75035F80100C5F8010040420F000000000043
S3150003D76040420F0000000000040000000200000019
S3150003D770002D310100366E0130040201020A1E003B
S3150003D780D0FE0100FFFFFFFFFFFFFF3636FFFF8ED0
S3150003D790FFFFFFFFFF808D815F4953839FFFFFFFDD
S3150003D7A0FFFFFFFFD0F4D6FFDCFFFFFFFFFFFFE520
S3150003D7B0EEFFFFC34245466B8C8988FFFFFFFFFFE1
S3150003D7C0FFFFFFFF4F6D82848685FFFF1CE001404C
S3150003D7D00070044004700440087004400005000013
S3150003D7E0010002000800FFFF010000000000000026
S3150003D7F00000000001FFFFFF000303030300010114
S3150003D80001000000A08601000000000000000000E7
S3150003D8101D3102001CD80300F4D70300AC07FE1F1A
S3150003D820F8D7030074D503000903000301010000C0
S3150003D830000000003CD8030000000000EC07FE1FB8
S3150003D84028D8030034D603003CD8030001000000A7
S3150003D8500008FE1F48D80300E8D4030002000000B6
S3150003D860801A0600480001000000030303030000BA
S3150003D87044DA030024DA0300000000007CDA030024
S3150003D88050DA03007C02FE1F5CD80300F801FE1F7A
S3150003D89084D80300A8D40300090600008CD803002B
S3150003D8A050D80300F000400198D803002808FE1F53
S3150003D8B0A8D80300CCD30300ACD80300F000400182
S3150003D8C0030000000A000000B8D80300F530020088
S3150003D8D0D4D803004008FE1FBCD803001CD40300A1
S3150003D8E0446973706C61792053656D6170686F72FA
S3150003D8F0650000005461702053656D6170686F7236
S3150003D9006500000047466F726365475549205468B2
S3150003D9107265616400FFFFFF00000002FF0303005E
S3150003D92000000000000000000C4C042018D903007E
S3150003D930C4D5030028D90300344C042034D903008A
S3150003D9406CD403000201000000200003030303FF5D
S3150003D950000CFE1F00014001000100000200000050
S3150003D96000000000000000002003E0012003000087
S3150003D97002000000000000004001F0000600040061
S3150003D98000004801400104000400000002000001F9
S3150003D99000000000000000FF000000020002000279
S3150003D9A000808080000000000000000000000000EE
S3150003D9B0FFFFFFFF0000000000000000FFFFFFFF66
S3150003D9C0000000000303030000000000D4D9030095
S3150003D9D044D90300A44C042050D9030054D60300B1
S3150003D9E0D4D903003002FE1F00000000000000002F
S3150003D9F0000CFE1F008C0020000000000000000049
S3150003DA00000C03200040010038D903000100000088
S3150003DA105C02FE1F6D0000FF0000000024DA030015
S3150003DA2000000000084D042010DA0300A0D603000E
S3150003DA306C02FE1F6E0000FF0000000044DA0300C4
S3150003DA4000000000184D042030DA0300A0D60300BE
S3150003DA5001FFFFFF02000000801A0600000001001C
S3150003DA60000003030303000044DA030024DA03007F
S3150003DA70000000007CDA030050DA0300384D04206E
S3150003DA8054DA0300A8D50300675F73665F693263E0
S3150003DA905F6275733000FFFF53535020436F6D6D04
S3150003DAA06F6E20496E69742053656D000080000017
S3150003DAB0000000000080000001000000008000005C
S3150003DAC002000000004000000400000000400000C7
S3150003DAD00500000000400000060000000080000072
S3150003DAE0080000000080000009000000004000005C
S3150003DAF00A000000008000000E0000000080000005
S3150003DB000F000000000001040001000000000104F2
S3150003DB1001010000000001040201000000000104ED
S3150003DB2003010000000401040401000000040104D1
S3150003DB3005010000000C01040601000004040000B6
S3150003DB4007010000000001000801000000000100B9
S3150003DB5009010000000001000A0100000040000066
S3150003DB600B010000000000000C010000040400008B
S3150003DB700D010000040000000F010000000C010469
S3150003DB800202000000000000030200000000010C76
S3150003DB90040200000000010C050200000000010C55
S3150003DBA0060200000000010C07020000000001004D
S3150003DBB00003000000040104010300000004010443
S3150003DBC00203000000000000030300000004010438
S3150003DBD0040300000004010405030000000C010413
S3150003DBE00603000004040000070300000000000011
S3150003DBF008030000040400000903000000000000FD
S3150003DC000A030000000000000B03000000000000F0
S3150003DC100C030000000C01190D030000000C011990
S3150003DC200E030000000C01190F0300000040000062
S3150003DC3000040000000001100104000000000110B0
S3150003DC400204000000040117030400000004011786
S3150003DC5004040000000C011705040000000C011762
S3150003DC600604000000000113070400000000010C75
S3150003DC70080400000000010C09040000040400006D
S3150003DC800D0400000000010C0E0400000000010C4E
S3150003DC900F040000000C011100050000000C011127
S3150003DCA001050000000C011102050000000C011122
S3150003DCB003050000000C011104050000000C01110E
S3150003DCC00505000000000000060500000000000036
S3150003DCD007050000000001070B050000000001070F
S3150003DCE00C05000004040000000600000404000004
S3150003DCF00106000004040000020600000000000004
S3150003DD0003060000000000000406000000000000F7
S3150003DD1005060000000C011906060000000C011997
S3150003DD2007060000000000000806000004000000CB
S3150003DD3009060000040000000A06000004000000B3
S3150003DD400B060000000000000D06000000000000A6
S3150003DD500E060000000C01190F060000000C011747
S3150003DD6000070000000C011701070000000C011753
S3150003DD7002070000000C011703070000000C01173F
S3150003DD8004070000000C0117050700000004010545
S3150003DD90060700000004010507070000040400004D
S3150003DDA0000800000404000001080000000C01192B
S3150003DDB002080000000C011903080000000C0119F9
S3150003DDC0040800000404000006080000000C011902
S3150003DDD000090000000C011901090000000C0119DB
S3150003DDE005090000000C011906090000000C0119C1
S3150003DDF007090000000C011908090000000C0119AD
S3150003DE00000A0000000C0119010A0000000C0119A8
S3150003DE10080A0000000C0119090A0000000C011988
S3150003DE200A0A000000000114000B000000000114A0
S3150003DE30010B000071000000ACDA030000000000D3
S3150003DE4000C130008500780000000000392C003442
S3150003DE50020000006403128100000000200000009D
S3150003DE6023000000100000003E280000860000008A
S3150003DE704800000055000000001800000882270033
S3150003DE80C200000001000600000000EF00000000D1
S3150003DE900000013F00000000010000000F312B0CC1
S3150003DEA00E084EF1370710030E090000000E140387
S3150003DEB0110731C148080F0C31360F00000000006E
S3150003DEC0EF7B00001CE70000CE9C0000D574000029
S3150003DED000000000FFFF0000170000001084000090
S3150003DEE0DBDE00000CE60000DCFF000076FF00002E
S3150003DEF000000000D7BD0000EF7B0000FFFF00001D
S3150003DF001CE700000000000018C60000FFFF000029
S3150003DF10000000001084000018C600000CE6000094
S3150003DF2014A50000EF7B0000FFFF0000EF7B00005D
S3150003DF30C0FF3F00E0FF3F00C0FF3F0000000000BE
S3150003DF4000000000000000000000000000000000C8
S3150003DF50E0FF0100E0FF0300E0FF030000F8070015
S3150003DF6000380700003C0700003C0F00001C0E00B1
S3150003DF70001E1E00001E1E00000E1C00000F3C00AB
S3150003DF80000F3C0000073800800778008007780000
S3150003DF90C0037000C0FFFF00C0FFFF00E0FFFF00EB
S3150003DFA0E001E001E001E001F000C001F000C00380
S3150003DFB0F000C00378008007FF07FC1FFF07FC3F44
S3150003DFC0FF07FC1FF0FF0F00F0FF0F00F0FF0F002D
S3150003DFD00000000000000000000000000000000038
S3150003DFE000FF0000E0FF0300F8FF0F00FC810F00B5
S3150003DFF038001E0000001E0000001E0000001C006A
S3150003E00000001C00C07F1C00F0FF1F00FCFF1F0068
S3150003E0107E801F001E001C001E001C000F001C003B
S3150003E0200F001E000F001E000F801F001EC03F00C2
S3150003E0303EF0FF01FCFFF801F87FF001E00F00005E
S3150003E040C0006000E000E000E0017000C00378005B
S3150003E050C0077C0080FF3F0000FE0F0000F80300AE
S3150003E06000000000000000000000000000000000A7
S3150003E070E0FF0100E0FF0300E0FF030000F80700F4
S3150003E08000380700003C0700003C0F00001C0E0090
S3150003E090001E1E00001E1E00000E1C00000F3C008A
S3150003E0A0000F3C00000738008007780080077800DF
S3150003E0B0C0037000C0FFFF00C0FFFF00E0FFFF00CA
S3150003E0C0E001E001E001E001F000C001F000C0035F
S3150003E0D0F000C00378008007FF07FC1FFF07FC3F23
S3150003E0E0FF07FC1F1800180038001C0038001C002E
S3150003E0F078001E00F0810F00E0FF0700C0FF030059
S3150003E10000FF000000000000000000000000000007
S3150003E11000FF0000E0FF0300F8FF0F00FC810F0083
S3150003E12038001E0000001E0000001E0000001C0038
S3150003E13000001C00C07F1C00F0FF1F00FCFF1F0037
S3150003E1407E801F001E001C001E001C000F001C000A
S3150003E1500F001E000F001E000F801F001EC03F0091
S3150003E1603EF0FF01FCFFF801F87FF001E00F00002D
S3150003E170E0FF0100E0FF0300E0FF030000F80700F3
S3150003E18000380700003C0700003C0F00001C0E008F
S3150003E190001E1E00001E1E00000E1C00000F3C0089
S3150003E1A0000F3C00000738008007780080077800DE
S3150003E1B0C0037000C0FFFF00C0FFFF00E0FFFF00C9
S3150003E1C0E001E001E001E001F000C001F000C0035E
S3150003E1D0F000C00378008007FF07FC1FFF07FC3F22
S3150003E1E0FF07FC1F0000C0030000E0010000F00071
S3150003E1F00000F000000078000000780000007800BE
S3150003E200000078000000F80F0000F01F0000E00790
S3150003E21000FF0000E0FF0300F8FF0F00FC810F0082
S3150003E22038001E0000001E0000001E0000001C0037
S3150003E23000001C00C07F1C00F0FF1F00FCFF1F0036
S3150003E2407E801F001E001C001E001C000F001C0009
S3150003E2500F001E000F001E000F801F001EC03F0090
S3150003E2603EF0FF01FCFFFC01F87FF801E00F7800A8
S3150003E27000003C0000001E0000000F0000000F001D
S3150003E280008007000080070000800F000000FF01E8
S3150003E2900000FF010000FC0000000400000F0080E6
S3150003E2A01F00E01F00F81F00FE03007F00800F0021
S3150003E2B000010000000000000000FE7080FF73E014
S3150003E2C0FF7FF0037FF8007C7C007C3C00783E00F7
S3150003E2D0781E00701E00700F00200F00000F000054
S3150003E2E00F00000F00000F00000F00000F00000FCB
S3150003E2F000000F00000F00001E00001E00001E009D
S3150003E300003C00007C0060F800F8F003FFE0FF7FAC
S3150003E310C0FF1F00FE01FFFF00000200000700C050
S3150003E3200F00F00F00F80F00FE01803F008007008A
S3150003E330800100000000000000007F38C0FF7BF072
S3150003E340FF7FF8817F7C007E3C007C1E00781E00E8
S3150003E350781E00780F00380F00000F00000F000032
S3150003E3600F00000F00000F00001E00001E00003CFF
S3150003E37000307C007CF8017FF0FF3FC0FF0F00FFF9
S3150003E38000FFFFFF00300000FC0000FE0100FF035A
S3150003E39080FF07C0870FE0011E70001C000000000D
S3150003E3A0000000000000FE7080FF73E0FF7FF003B3
S3150003E3B07FF8007C7C007C3C00783E00781E007071
S3150003E3C01E00700F00200F00000F00000F00000F4B
S3150003E3D000000F00000F00000F00000F00000F00E9
S3150003E3E0000F00001E00001E00001E00003C00007F
S3150003E3F07C0060F800F8F003FFE0FF7FC0FF1F001A
S3150003E400FE01FFFF003800007C0000FF0080FF01D3
S3150003E410C0FF03E0C30FF0001F70001C00000000E4
S3150003E4200000000000007F38C0FF7BF0FF7FF8810B
S3150003E4307F7C007E3C007C1E00781E00781E0078E0
S3150003E4400F00380F00000F00000F00000F00000F31
S3150003E45000000F00001E00001E00003C00307C0080
S3150003E4607CF8017FF0FF3FC0FF0F00FF00FFFFFFB7
S3150003E470003800007C0000FE0000FE0000FE0000E5
S3150003E4807C0000380000000000000000000000FED1
S3150003E4907080FF73E0FF7FF0037FF8007C7C007CD5
S3150003E4A03C00783E00781E00701E00700F00200F9F
S3150003E4B000000F00000F00000F00000F00000F0008
S3150003E4C0000F00000F00000F00000F00001E0000E9
S3150003E4D01E00001E00003C00007C0060F800F8F0FF
S3150003E4E003FFE0FF7FC0FF1F00FE01FF003C0000AB
S3150003E4F07E0000FE0000FE0000FE00007E00003CE1
S3150003E50000000000000000000000007F38C0FF7B11
S3150003E510F0FF7FF8817F7C007E3C007C1E00781E26
S3150003E52000781E00780F00380F00000F00000F0060
S3150003E530000F00000F00000F00001E00001E000069
S3150003E5403C00307C007CF8017FF0FF3FC0FF0F00EA
S3150003E550FF00FFFF70001CF0011FE0870F80EF072D
S3150003E56000FF0300FE01007C0000380000000000ED
S3150003E570000000FE7080FF73E0FF7FF0037FF8006A
S3150003E5807C7C007C3C00783E00781E00701E007088
S3150003E5900F00200F00000F00000F00000F00000FF8
S3150003E5A000000F00000F00000F00000F00000F0017
S3150003E5B0001E00001E00001E00003C00007C0060E0
S3150003E5C0F800F8F003FFE0FF7FC0FF1F00FE01FF26
S3150003E5D070001CF0001FE0C30FC0FF0380FF0100A3
S3150003E5E0FF00007C00003800000000000000007FF0
S3150003E5F038C0FF7BF0FF7FF8817F7C007E3C007C88
S3150003E6001E00781E00781E00780F00380F00000FDA
S3150003E61000000F00000F00000F00000F00001E0097
S3150003E620001E00003C00307C007CF8017FF0FF3FB9
S3150003E630C0FF0F00FF00FFFF70001C00F0011F006A
S3150003E640E0C30F00C0EF030080FF010000FF0000DE
S3150003E650007C0000003800000000000000000000FD
S3150003E660FFFF0100FFFF0700FFFF1F00F0003F0051
S3150003E670F0007C00F000F800F000F000F000F0017C
S3150003E680F000E001F000E001F000C001F000C0037B
S3150003E690F000C003F000C003F000C003F000C003A5
S3150003E6A0F000C003F000C003F000C001F000E00179
S3150003E6B0F000E001F000F001F000F000F000F800D7
S3150003E6C0F0007C00F0003F00FFFF1F00FFFF070084
S3150003E6D0FFFF010000FC073E00FC0F3E00FC0F1F7E
S3150003E6E000000F1F00000F0F00000F0F00000F07A1
S3150003E6F000008F0700008F0300008F03C00F8F01F8
S3150003E700F03F0F00F87F0F00FCF00F003CC00F0036
S3150003E7101E800F001E800F000E800F000F000F00DB
S3150003E7200F000F000F000F000F000F000F000F0068
S3150003E7300F000F000F000F001E800F001E800F003A
S3150003E7403EC00F007CE00F00FCFF7F00F87F7F00D8
S3150003E750F03F7F00C00F0000F0FF0F00F0FF1F0027
S3150003E760F0FF0F00000000000000000000000000A2
S3150003E7700000000000000000FFFF0100FFFF07008C
S3150003E780FFFF1F00F0003F00F0007C00F000F800E0
S3150003E790F000F000F000F001F000E001F000E0010D
S3150003E7A0F000C001F000C003F000C003F000C00396
S3150003E7B0F000C003F000C003F000C003F000C00384
S3150003E7C0F000C001F000E001F000E001F000F0010C
S3150003E7D0F000F000F000F800F0007C00F0003F00CD
S3150003E7E0FFFF1F00FFFF0700FFFF010000F03F00D0
S3150003E7F000F03F0000F03F0000003C0000003C003A
S3150003E80000FCFF0300FEFF0300FCFF0300003C00C7
S3150003E81000003C00803F3C00E0FF3C00F0FF3D0071
S3150003E820F8C03F007C003F003E003E001E003E0055
S3150003E8301E003C000F003C000F003C000F003C0094
S3150003E8400F003C000F003C000F003C000F003C0093
S3150003E8501E003E001E003E003E003F00FCC03F007F
S3150003E860F8FFFB01F0FFF903E0FFF801803F00002A
S3150003E870E0FF3F00E0FF3F00E0FF3F000000000035
S3150003E880000000000000000000000000000000007F
S3150003E890FFFFFF00FFFFFF00FFFFFF00F000E000A8
S3150003E8A0F000E000F000E000F000E000F000E0001F
S3150003E8B0F000E000F0000000F0C00100F0C001002D
S3150003E8C0F0C00100F0FF0100F0FF0100F0FF0100BE
S3150003E8D0F0C00100F0C00100F0C0C101F000E0018A
S3150003E8E0F000E001F000E001F000E001F000E001DB
S3150003E8F0F000E001F000E001FFFFFF01FFFFFF0171
S3150003E900FFFFFF01F8FF0FF8FF0FF8FF0F000000EE
S3150003E910000000000000000000007F00E0FF01F09F
S3150003E920FF07F8C00F7C000F3E001E1E003E0F00BF
S3150003E9303C0F003C0F003CFFFF7FFFFF7FFFFF3FC5
S3150003E9400700000F00000F00000F00000F00001E5D
S3150003E95000003E001CFC803FF8FF3FE0FF0F80FFF6
S3150003E96000FFFFFF300030007000380070003800F1
S3150003E970F0003C00E0031F00C0FF0F0080FF07000C
S3150003E98000FE01000000000000000000000000007F
S3150003E99000000000FFFFFF00FFFFFF00FFFFFF0077
S3150003E9A0F000E000F000E000F000E000F000E0001E
S3150003E9B0F000E000F000E000F0000000F0C001000D
S3150003E9C0F0C00100F0C00100F0FF0100F0FF0100FC
S3150003E9D0F0FF0100F0C00100F0C00100F0C0C1016A
S3150003E9E0F000E001F000E001F000E001F000E001DA
S3150003E9F0F000E001F000E001F000E001FFFFFF019D
S3150003EA00FFFFFF01FFFFFF0118000C1C001C3C0069
S3150003EA100E78000FF88007F0FF07C0FF01007F00A4
S3150003EA20000000000000000000007F00E0FF01F08E
S3150003EA30FF07F8C00F7C000F3E001E1E003E0F00AE
S3150003EA403C0F003C0F003CFFFF7FFFFF7FFFFF3FB4
S3150003EA500700000F00000F00000F00000F00001E4C
S3150003EA6000003E001CFC803FF8FF3FE0FF0F80FFE5
S3150003EA7000FFFFFF0078000000FC000000FC000020
S3150003EA8000FC000000FC000000FC00000078000011
S3150003EA90000000000000000000000000000000006D
S3150003EAA0FFFFFF00FFFFFF00FFFFFF00F000E00096
S3150003EAB0F000E000F000E000F000E000F000E0000D
S3150003EAC0F000E000F0000000F0C00100F0C001001B
S3150003EAD0F0C00100F0FF0100F0FF0100F0FF0100AC
S3150003EAE0F0C00100F0C00100F0C0C101F000E00178
S3150003EAF0F000E001F000E001F000E001F000E001C9
S3150003EB00F000E001F000E001FFFFFF01FFFFFF015E
S3150003EB10FFFFFF01001C00003E00007F00007F0096
S3150003EB20007F00003E00001C000000000000000003
S3150003EB300000007F00E0FF01F0FF07F8C00F7C0034
S3150003EB400F3E001E1E003E0F003C0F003C0F003C14
S3150003EB50FFFF7FFFFF7FFFFF3F0700000F00000F50
S3150003EB6000000F00000F00001E00003E001CFC808A
S3150003EB703FF8FF3FE0FF0F80FF00FFFFFFFFFF00AF
S3150003EB80FFFFFF00FFFFFF00F000E000F000E000E2
S3150003EB90F000E000F000E000F000E000F0C0E1006B
S3150003EBA0F0C00100F0C00100F0C00100F0C0010098
S3150003EBB0F0FF0100F0FF0100F0FF0100F0C00100CB
S3150003EBC0F0C00100F0C0C101F0C0E101F0C0E101F5
S3150003EBD0F000E001F000E001F000E001F000E001E8
S3150003EBE0F000E001FFFFFF01FFFFFF01FFFFFF0151
S3150003EBF000003C0000001E0000000F0000000F0094
S3150003EC0000800700008007000080070000800700DF
S3150003EC100080FF000000FF010000FE00007F00E00F
S3150003EC20FF03F0FF07F8C00F3C001F1E001E1E0067
S3150003EC303C0F003C0F003CFFFF7FFFFF7FFFFF3FC2
S3150003EC400700000F00000F00000F00000F00001F59
S3150003EC5000001E00003E001CFC803FF8FF3FE0FF63
S3150003EC600F80DF0700E00300F00100F000007800EA
S3150003EC7000780000780000780000F80F00F01F000D
S3150003EC80E007FFFF60001800F0011E00C0870F00B9
S3150003EC9080FF070000FF030000FE010000FC0000E8
S3150003ECA0003000000000000000000000FFFFFF002E
S3150003ECB0FFFFFF00FFFFFF00F000E000F000E000B1
S3150003ECC0F000E000F000E000F000E000F000E000FB
S3150003ECD0F0000000F0C00100F0C00100F0C0010028
S3150003ECE0F0FF0100F0FF0100F0FF0100F0C001009A
S3150003ECF0F0C00100F0C0C101F000E001F000E00146
S3150003ED00F000E001F000E001F000E001F000E001B6
S3150003ED10F000E001FFFFFF01FFFFFF01FFFFFF011F
S3150003ED2038000EF8800FF0E107E0F703C0FF00009C
S3150003ED307F00003E00001C00000000000000007F72
S3150003ED4000E0FF01F0FF07F8C00F7C000F3E001E36
S3150003ED501E003E0F003C0F003C0F003CFFFF7FFFF1
S3150003ED60FF7FFFFF3F0700000F00000F00000F00AB
S3150003ED70000F00001E00003E001CFC803FF8FF3F12
S3150003ED80E0FF0F80FF00FFFF0070000000F80000A7
S3150003ED9000FC030000FE070000DF0F00C00F1F008A
S3150003EDA0E0033E00E0003800000000000000000021
S3150003EDB00000000000FCE10080FFF700C0FFFF0039
S3150003EDC0E007FE00F001F800F800F8007C00F00010
S3150003EDD03C00F0003C00F0001E0040001E00000056
S3150003EDE01E0000000E0000000F0000000F000000D0
S3150003EDF00F0000000F0000000FE0FF030EE0FF0707
S3150003EE001EE0FF031E00E0001E00E0003C00E000E1
S3150003EE103C00E0007C00E0007800E000F001F00038
S3150003EE20E003FC00C0FF7F0080FF3F0000FE0300FD
S3150003EE3000180000007E000000FF000080FF0100B4
S3150003EE40C0FF0300E0C30700F0000F0038000E0008
S3150003EE50000000000000000000000000803FF801F1
S3150003EE60E0FFF803F0FFF901F8C03B007C003F0028
S3150003EE703E003E001E003E001F003C000F003C000B
S3150003EE800F003C000F003C000F003C000F003C004D
S3150003EE900F003C000E003C001E003E003E003E00FC
S3150003EEA07C003F00F8C03F00F0FF3D00E0FF3C0060
S3150003EEB0803F3C0000003C0000003C0000003C009A
S3150003EEC000003C0000003C0000001E0000001E0085
S3150003EED0F8800F00F8FF0700F8FF030080FF00002B
S3150003EEE07000300070003800F0003800E0003C008D
S3150003EEF0E0031F00C0FF0F0080FF070000FC0100B6
S3150003EF0000000000000000000000000000FCE1001B
S3150003EF1080FFF700C0FFFF00E007FE00F001F800E6
S3150003EF20F800F8007C00F0003C00F0003C00F00024
S3150003EF301E0040001E0000001E0000000E00000020
S3150003EF400F0000000F0000000F0000000F0000007C
S3150003EF500FE0FF030EE0FF071EE0FF031E00E000C5
S3150003EF601E00E0003C00E0003C00E0007C00E00006
S3150003EF707800E000F001F000E003FC00C0FF7F0032
S3150003EF8080FF3F0000FE03001800180038001C0035
S3150003EF9038001C0078001E00F0810F00E0FF070018
S3150003EFA0C0FF030000FF0000000000000000000097
S3150003EFB000000000803FF801E0FFF803F0FFF901CD
S3150003EFC0F8C03B007C003F003E003E001E003E00B2
S3150003EFD01F003C000F003C000F003C000F003C00EC
S3150003EFE00F003C000F003C000F003C000E003C00ED
S3150003EFF01E003E003E003E007C003F00F8C03F007E
S3150003F000F0FF3D00E0FF3C00803F3C0000003C0079
S3150003F01000003C0000003C0000003C0000003C00F7
S3150003F02000001E0000001E00F8800F00F8FF070016
S3150003F030F8FF030080FF00000078000000FC0000DA
S3150003F04000FC010000FC010000FC010000FC0000C4
S3150003F050007800000000000000000000000000002F
S3150003F06000FCE10080FFF700C0FFFF00E007FE00A1
S3150003F070F001F800F800F8007C00F0003C00F00016
S3150003F0803C00F0001E0040001E0000001E000000B1
S3150003F0900E0000000F0000000F0000000F0000002C
S3150003F0A00F0000000FE0FF030EE0FF071EE0FF0363
S3150003F0B01E00E0001E00E0003C00E0003C00E00013
S3150003F0C07C00E0007800E000F001F000E003FC00C3
S3150003F0D0C0FF7F0080FF3F0000FE0300003C0000EE
S3150003F0E0007E0000007E0000007E0000007E00001F
S3150003F0F0007E0000003C000000000000000000004D
S3150003F10000000000803FF801E0FFF803F0FFF9017B
S3150003F110F8C03B007C003F003E003E001E003E0060
S3150003F1201F003C000F003C000F003C000F003C009A
S3150003F1300F003C000F003C000F003C000E003C009B
S3150003F1401E003E003E003E007C003F00F8C03F002C
S3150003F150F0FF3D00E0FF3C00803F3C0000003C0028
S3150003F16000003C0000003C0000003C0000003C00A6
S3150003F17000001E0000001E00F8800F00F8FF0700C5
S3150003F180F8FF030080FF000000FCE10080FFF700AA
S3150003F190C0FFFF00E007FE00F001F800F800F800EA
S3150003F1A07C00F0003C00F0003C00F0001E00400034
S3150003F1B01E0000001E0000000E0000000F000000ED
S3150003F1C00F0000000F0000000F0000000FE0FF0318
S3150003F1D00EE0FF071EE0FF031E00E0001E00E00036
S3150003F1E03C00E0003C00E0007C00E0007800E0002A
S3150003F1F0F001F000E003FC00C0FF7F0080FF3F004A
S3150003F20000FE0300000000000000000000000000F4
S3150003F21000F8000000F8000000780000007C000001
S3150003F220003C0000003C0000001C0000001C000025
S3150003F230000E000000E0000000E0000000F0000007
S3150003F240007000000078000000780000007C0000D9
S3150003F250007C0000003E00000000000000000000EB
S3150003F26000000000803FF801E0FFF803F0FFF9011A
S3150003F270F8C03B007C003F003E003E001E003E00FF
S3150003F2801F003C000F003C000F003C000F003C0039
S3150003F2900F003C000F003C000F003C000E003C003A
S3150003F2A01E003E003E003E007C003F00F8C03F00CB
S3150003F2B0F0FF3D00E0FF3C00803F3C0000003C00C7
S3150003F2C000003C0000003C0000003C0000003C0045
S3150003F2D000001E0000001E00F8800F00F8FF070064
S3150003F2E0F8FF030080FF00000030000000FC000070
S3150003F2F000FE010000FF030080FF0700C0870F0028
S3150003F300E0011E0070001C00000000000000000069
S3150003F3100000000000000000FF03FF03FF87FF0358
S3150003F320FF03FF0378007800780078007800780000
S3150003F3307800780078007800780078007800780004
S3150003F340780078007800780078007800F8FF7F006E
S3150003F350F8FF7F00F8FF7F007800780078007800D8
S3150003F36078007800780078007800780078007800D4
S3150003F37078007800780078007800780078007800C4
S3150003F380FF03FF03FF87FF03FF03FF0300380000AC
S3150003F390007C000000FE010000FF030080EF070071
S3150003F3A0E0870F00F0011F0070001C000000000042
S3150003F3B000000000000000007F0000007F00000046
S3150003F3C07F00000070000000700000007000000065
S3150003F3D070000000700000007000000070E0030081
S3150003F3E070F80F0070FE1F00701F3E0070073C0090
S3150003F3F0F0033800F0017800F0007800F0007800A0
S3150003F400F0007800F0007800700078007000780053
S3150003F4107000780070007800700078007000780043
S3150003F420700078007000780070007800FF07FF0313
S3150003F430FF87FF03FF07FF03FE07FE07FE0FFF0716
S3150003F440FE07FE07F000F000F000F000F000F00009
S3150003F450FFFFFF0FFFFFFF0FFFFFFF0FF000F0009F
S3150003F460F000F000F000F000F000F000F0FFFF0005
S3150003F470F0FFFF00F0FFFF00F000F000F000F000E7
S3150003F480F000F000F000F000F000F000F000F000F3
S3150003F490F000F000F000F000F000F000F000F000E3
S3150003F4A0FE07FE07FE0FFF07FE07FE07FC0100002F
S3150003F4B0FC010000FC010000C0010000C0010000C7
S3150003F4C0FEFF0100FFFF0100FEFF0100C001000077
S3150003F4D0C0810F00C0E13F00C0F97F00C07DF80086
S3150003F4E0C01DF000C00FE000C007E001C003E0014B
S3150003F4F0C003E001C003E001C003E001C001E00175
S3150003F500C001E001C001E001C001E001C001E0016A
S3150003F510C001E001C001E001C001E001C001E0015A
S3150003F520FC1FFC0FFC1FFE0FFC1FFC0F000003F06B
S3150003F530FF03FCFF03FEFF000C00000000000000B9
S3150003F54000000000FEFF07FFFF0FFEFF07000F008E
S3150003F550000F00000F00000F00000F00000F000057
S3150003F5600F00000F00000F00000F00000F00000F38
S3150003F57000000F00000F00000F00000F00000F0037
S3150003F580000F00000F00000F00000F00000F000027
S3150003F5900F00FFFF0FFFFF0FFFFF0FFF008003F0BA
S3150003F5A0FF03FCFF01FE7F000E00000000000000C9
S3150003F5B000000000FE0F00FE0F00FE0F00000E000D
S3150003F5C0000E00000E00000E00000E00000E0000EC
S3150003F5D00E00000E00000E00000E00000E00000ECE
S3150003F5E000000E00000E00000E00000E00000E00CC
S3150003F5F0FFFF3FFFFF3FFFFF3FFFFFFFFCFF03FC54
S3150003F600FF03FCFF030000000000000000000000F1
S3150003F61000000000FEFF07FFFF0FFEFF07000F00BD
S3150003F620000F00000F00000F00000F00000F000086
S3150003F6300F00000F00000F00000F00000F00000F67
S3150003F64000000F00000F00000F00000F00000F0066
S3150003F650000F00000F00000F00000F00000F000056
S3150003F6600F00FFFF0FFFFF0FFFFF0FFFFCFF03FE60
S3150003F670FF03FCFF03000000000000000000000081
S3150003F68000FE0F00FE0F00FE0F00000E00000E002E
S3150003F690000E00000E00000E00000E00000E00001B
S3150003F6A00E00000E00000E00000E00000E00000EFD
S3150003F6B000000E00000E00000E00000E00FFFF3FCC
S3150003F6C0FFFF3FFFFF3FFFFF0600060E00070E008A
S3150003F6D0071E80077CE003F8FF01F0FF00C03F0030
S3150003F6E0000000000000000000000000FEFF07FF0E
S3150003F6F0FF0FFEFF07000F00000F00000F00000FB3
S3150003F70000000F00000F00000F00000F00000F00A5
S3150003F710000F00000F00000F00000F00000F000095
S3150003F7200F00000F00000F00000F00000F00000F76
S3150003F73000000F00000F00000F00FFFF0FFFFF0F79
S3150003F740FFFF0FFF0600070700070E80071E800353
S3150003F7507CE003F8FF01F0FF00C01F00000000007B
S3150003F7600000000000FE0F00FE0F00FE0F00000E5B
S3150003F77000000E00000E00000E00000E00000E003A
S3150003F780000E00000E00000E00000E00000E00002A
S3150003F7900E00000E00000E00000E00000E00000E0C
S3150003F7A000FFFF3FFFFF3FFFFF3FFFFFFEFF07FF98
S3150003F7B0FF0FFEFF07000F00000F00000F00000FF2
S3150003F7C000000F00000F00000F00000F00000F00E5
S3150003F7D0000F00000F00000F00000F00000F0000D5
S3150003F7E00F00000F00000F00000F00000F00000FB6
S3150003F7F000000F00000F00000F00FFFF0FFFFF0FB9
S3150003F800FFFF0F800700C00300C00100E00100F006
S3150003F8100000F00000F00000F00000F03F00E03FC1
S3150003F82000C01F00000F00000F00000F00000F00B4
S3150003F830000F00000F0000000000000000000000A1
S3150003F8400000FE0F00FE0F00FE0F00000E00000E6C
S3150003F85000000E00000E00000E00000E00000E0059
S3150003F860000E00000E00000E00000E00000E000049
S3150003F8700E00000E00000E00000E00000E00FFFF3B
S3150003F8803FFFFF3FFFFF3F000F00800700C003005D
S3150003F890E00100E00100E00000E00000E00100E01C
S3150003F8A03F00C03F00801F00000F00801F00801F25
S3150003F8B000801F00801F00801F00000F0000000053
S3150003F8C0000000000000000000FEFF07FFFF0FFE20
S3150003F8D0FF07000F00000F00000F00000F00000FCE
S3150003F8E000000F00000F00000F00000F00000F00C4
S3150003F8F0000F00000F00000F00000F00000F0000B4
S3150003F9000F00000F00000F00000F00000F00000F94
S3150003F91000000F00000F00FFFF0FFFFF0FFFFF0F99
S3150003F920FE0F00FE0F00FE0F00000E00000E00008B
S3150003F9300E00000E00000E00000E00000E00000E6A
S3150003F94000000E00000E00000E00000E00000E0068
S3150003F950000E00000E00000E00000E00FFFF3FFF2A
S3150003F960FF3FFFFF3FFFFFFFFE07FC1FFE0FFC3FAE
S3150003F970FE07FC1FF0008003F0008003F000800305
S3150003F980F0008003F0008003F0008003F0008003A2
S3150003F990F0008003F0008003F0008003F000800392
S3150003F9A0F0008003F0008003F0008003F000800382
S3150003F9B0F0C08103F0C08103F0C08103F0C081036E
S3150003F9C0F0C08103F0C08103F0C0C103F0C0C103DE
S3150003F9D0FECFFF03FFCFFF01FE8FFF0000007E0077
S3150003F9E0E001E001E003E001E003E001E003E00100
S3150003F9F0E003E001E001E001000000000000000078
S3150003FA000000000000000000FC81FF01FE83FF01EF
S3150003FA10FC83FF01C003C001C003C001C003C001D2
S3150003FA20C003C001C003C001C003C001C003C001BD
S3150003FA30C003C001C003C001C003C001C003C001AD
S3150003FA40C003C001C003C001C003C001C003C0019D
S3150003FA50C003C001C003C001FE7FC001FF7FC00118
S3150003FA60FE7FC0010000C0010000C0010000E001EC
S3150003FA700000E0010000E001000CE001003EF000A0
S3150003FA8000FEFF0000FC7F0000E01F0000C0010035
S3150003FA9000E0070000F00F0000F81F0000FC3F0025
S3150003FAA0003E7C00800FF0000003E0000000000031
S3150003FAB0000000000000000000000000C0FFFF017E
S3150003FAC0E0FFFF01C0FFFF01008007000080070081
S3150003FAD00080070000800700008007000080070001
S3150003FAE000800700008007000080070000800700F1
S3150003FAF000800700008007000080070000800700E1
S3150003FB0007800700078007000780070007800700B4
S3150003FB1007800700078007000780070007C0030068
S3150003FB200FC003003FF00100FEFF0100FC7F000051
S3150003FB30E01F000000700000F80000FC0100FE0753
S3150003FB4080DF0FC00F1FE0033EE000380000000017
S3150003FB500000000000F8FF03F8FF03F8FF0300C0EE
S3150003FB600300C00300C00300C00300C00300C003BA
S3150003FB7000C00300C00300C00300C00300C00300AD
S3150003FB80C00300C00300C00300C00300C00300C0DD
S3150003FB900300C00300C00300C00300C00300C0038A
S3150003FBA000C00300C00304C0031EE0017EF001FE93
S3150003FBB0FF00F87F00C03F00FF07FF03FF8FFF032F
S3150003FBC0FF07FF03F0007C00F0003E00F0001F007B
S3150003FBD0F0800F00F0C00700F0E00300F0F0010032
S3150003FBE0F0F80000F07C0000F03E0000F0FF00009B
S3150003FBF0F0FF0300F0FF0700F0E70700F0810F00B6
S3150003FC00F0000F00F0001E00F0001E00F0001E00C2
S3150003FC10F0003C00F0003C00F0007800F000F80033
S3150003FC20FF1FF007FF1FF007FF1FC00700000000BC
S3150003FC3000000000000000000000000000F80000C3
S3150003FC4000F8000000780000007C0000003C000083
S3150003FC50003C0000001C0000001C0000000E000019
S3150003FC60FF000000FF000000FF000000F00000009E
S3150003FC70F0000000F0000000F0000000F0000000BB
S3150003FC80F0000000F0C0FF01F0C0FF01F0C0FF016B
S3150003FC90F0003E00F0001F00F0C00F00F0E0070088
S3150003FCA0F0F00300F0F80000F07C0000F0FE000026
S3150003FCB0F0FF0100F0FF0100F0EF0300F0C30700BF
S3150003FCC0F0810F00F0001F00F0001E00F0003E0060
S3150003FCD0F0007C00FF87FF03FF87FF03FF87FF0317
S3150003FCE0000000000000000000000000000000000B
S3150003FCF0007C0000007C0000007C0000003C00004B
S3150003FD00003E0000001E0000000E0000000E000072
S3150003FD100006000000FFFFFF0040000000F00000A7
S3150003FD2000FC000000FF010080FF0000E01F000050
S3150003FD30F8070000F80000001800000000000000AB
S3150003FD400000000000000000FFFF0000FFFF0100AD
S3150003FD50FFFF0000E0010000E0010000E0010000F9
S3150003FD60E0010000E0010000E0010000E001000006
S3150003FD70E0010000E0010000E0010000E0010000F6
S3150003FD80E0010000E0010000E0014000E001E001C5
S3150003FD90E001E001E001E001E001E001E001E00152
S3150003FDA0E001E001E001E001E001E001E001E00142
S3150003FDB0FFFFFF01FFFFFF01FFFFFF01000001003F
S3150003FDC0C00300F00300F80700FE0380FF00E01FF6
S3150003FDD000E00300400000000000000000FC1F00DC
S3150003FDE0FE1F00FC1F00001E00001E00001E000078
S3150003FDF01E00001E00001E00001E00001E00001E46
S3150003FE0000001E00001E00001E00001E00001E0053
S3150003FE10001E00001E00001E00001E00001E000043
S3150003FE201E00001E00001E00001E00001E00001E15
S3150003FE3000001E00FEFF3FFFFF7FFEFF3FFFFFFFA9
S3150003FE40FFFF0000FFFF0100FFFF0000E0010000CD
S3150003FE50E0010000E0010000E0010000E001000015
S3150003FE60E0010000E0010000E0010000E001000005
S3150003FE70E0010000E0010000E0010000E0010000F5
S3150003FE80E0014000E001E001E001E001E001E00102
S3150003FE90E001E001E001E001E001E001E001E00151
S3150003FEA0E001E001E001E001FFFFFF01FFFFFF01C9
S3150003FEB0FFFFFF010000000000000000000000003B
S3150003FEC00000000000F8000000F80000007C0000BD
S3150003FED0007C0000003C0000001C0000001E000027
S3150003FEE0000E0000000E0000FC1F00FE1F00FC1F9A
S3150003FEF000001E00001E00001E00001E00001E0063
S3150003FF00001E00001E00001E00001E00001E000052
S3150003FF101E00001E00001E00001E00001E00001E24
S3150003FF2000001E00001E00001E00001E00001E0032
S3150003FF30001E00001E00001E00001E00001E00FE24
S3150003FF40FF3FFFFF7FFEFF3F0000000000000000B1
S3150003FF5000000000003E00003E00001F00001F00DE
S3150003FF60000F00000700800700800300800300FFE6
S3150003FF700000E003FFFFE003FFFFE103FFFFE001F3
S3150003FF80E001F001E001F000E001F000E0017000A3
S3150003FF90E0017800E0013800E0013800E0010000EC
S3150003FFA0E0010000E0010000E0010000E0010000C4
S3150003FFB0E0010000E0014000E001E001E001E001B2
S3150003FFC0E001E001E001E001E001E001E001E00120
S3150003FFD0E001E001E001E001E001E001FFFFFF01D4
S3150003FFE0FFFFFF01FFFFFF01FE0FF8FE0FF8FE0FF5
S3150003FFF078000E7C000E3C000E3C000E1C000E1E0C
S31500040000000E0E000E0E000E06000E00000E00007E
S315000400100E00000E00000E00000E00000E00000E82
S3150004002000000E00000E00000E00000E00000E0080
S31500040030000E00000E00000E00000E00000E00FF71
S31500040040FF3FFFFF3FFFFF3FFFFF0000FFFF0100F1
S31500040050FFFF0000E0010000E0010000E0010000F5
S31500040060E0010000E0010000E0C10300E0E1070058
S31500040070E0E10700E0E10F00E0E10700E0E107004E
S31500040080E0C10300E0010000E0014000E001E001FE
S31500040090E001E001E001E001E001E001E001E0014E
S315000400A0E001E001E001E001E001E001E001E0013E
S315000400B0FFFFFF01FFFFFF01FFFFFF01FE0F00FE31
S315000400C00F00FE0F00000E00000E00000E00000ED2
S315000400D000000E00000E00000E00000E00000E3C94
S315000400E0000E7E000E7F000E7F000E7F000E7E0047
S315000400F00E3C000E00000E00000E00000E00000E66
S3150004010000000E00000E00000E00000E00000E009F
S31500040110000E00FFFF3FFFFF3FFFFF3FFEFF010012
S31500040120FEFF0300FEFF0100C0030000C003000041
S31500040130C0030000C0030000C0030000C083010028
S31500040140C0E30300C0F30100C0FF0000C07F00004D
S31500040150C01F0000C00F0000F0030000F803800079
S31500040160FE03C003FF03C003CE03C003C403C003DE
S31500040170C003C003C003C003C003C003C003C0035D
S31500040180C003C003FEFFFF03FEFFFF03FEFFFF03E2
S31500040190FC1F00FE1F00FC1F00001E00001E0000C6
S315000401A01E00001E00001E00001E00001E06009E0B
S315000401B00F00DE0F00FE0300FE01007E00003F007C
S315000401C0C01F00E01F00F81F00F81E00381E0010B4
S315000401D01E00001E00001E00001E00001E00001E61
S315000401E000001E00001E00FEFF3FFFFF7FFEFF3FD4
S315000401F00000040000001E0000801F0000E01F0035
S3150004020000F01F0000FC0300007F0000000F000048
S3150004021000030000000000000000000000000000D1
S31500040220FF00FF03FF81FF03FF01FF03F8037000D4
S31500040230F8037000F8077000F8077000780F700074
S31500040240781F7000781E7000783E7000783C70004D
S31500040250787C70007878700078F0700078F071001F
S3150004026078E0710078E0730078C0730078C0770096
S315000402707880770078807F0078007F0078007E00A1
S3150004028078007E0078007C00FF077C00FF0F780072
S31500040290FF077800000070000000040000001E0044
S315000402A000801F0000E01F0000F01F0000FC030098
S315000402B0007F0000000F00000003000000000000A3
S315000402C0000000007FE007007FF80F007FFE1F009C
S315000402D0700E3C0070073800F0037800F0017800D7
S315000402E0F0017800F0007800F0007800F000780063
S315000402F0F0007800F0007800F0007800F000780054
S31500040300F0007800F0007800F0007800F000780043
S31500040310F0007800FE07FF03FF07FF07FE07FF0351
S31500040320FF00FF03FF81FF03FF01FF03F8037000D3
S31500040330F8037000F8077000F8077000780F700073
S31500040340781F7000781E7000783E7000783C70004C
S31500040350787C70007878700078F0700078F071001E
S3150004036078E0710078E0730078C0730078C0770095
S315000403707880770078807F0078007F0078007E00A0
S3150004038078007E0078007C00FF077C00FF0F780071
S31500040390FF07780000007000000000000000000065
S315000403A00000000000F8000000F80000007C0000D7
S315000403B0007C0000003C0000001C0000001E000041
S315000403C0000E0000000E00007FE007007FF80F001B
S315000403D07FFE1F00700E3C0070073800F0037800A3
S315000403E0F0017800F0017800F0007800F000780061
S315000403F0F0007800F0007800F0007800F000780053
S31500040400F0007800F0007800F0007800F000780042
S31500040410F0007800F0007800FE07FF03FF07FF07EF
S31500040420FE07FF03000000000000000000000000BB
S315000404300000000000F8000000F80000007C000046
S31500040440007C0000003C0000001C0000001E0000B0
S31500040450000E0000000E000060001800F0011E00EF
S31500040460C0870F0080FF070000FF030000FE0100A5
S3150004047000FC000000300000000000000000000046
S31500040480FF00FF03FF81FF03FF01FF03F803700072
S31500040490F8037000F8077000F8077000780F700012
S315000404A0781F7000781E7000783E7000783C7000EB
S315000404B0787C70007878700078F0700078F07100BD
S315000404C078E0710078E0730078C0730078C0770034
S315000404D07880770078807F0078007F0078007E003F
S315000404E078007E0078007C00FF077C00FF0F780010
S315000404F0FF0778000000700060001800F0011E007D
S31500040500C0870F0080FF070000FF030000FE010004
S3150004051000FC0000003000000000000000000000A5
S315000405207FE007007FF80F007FFE1F00700E3C007F
S3150004053070073800F0037800F0017800F0017800C5
S31500040540F0007800F0007800F0007800F000780001
S31500040550F0007800F0007800F0007800F0007800F1
S31500040560F0007800F0007800F0007800F0007800E1
S31500040570FE07FF03FF07FF07FE07FF0300FFFFFF5A
S3150004058000FFFFFF00FFFFFFE0FF1F00E0FF1F006B
S31500040590E0FF1F0000000000000000000000000053
S315000405A00000000000FE010080FF0700E0FF0F00CE
S315000405B0F0033F00F8003C00780078003C00F000AF
S315000405C03C00F0001E00E0011E00E0011E00E001F8
S315000405D00F00C0010F00C0030F00C0030F00C003CB
S315000405E00F00C0030F00C0030F00C0030F00C003B9
S315000405F00F00C0011E00E0011E00E0011E00E00124
S315000406003C00F0003C00F00078007800F8003C0064
S31500040610F0033F00E0FF0F0080FF070000FE01002B
S31500040620F0FF0FF0FF0FF0FF0F00000000000000C6
S31500040630000000000000FF00C0FF03F0FF0FF88178
S315000406401F7C003E3C003C1E00781E00780F00F024
S315000406500F00F00F00F00F00F00F00F00F00F00F86
S3150004066000F00F00F01E00781E00783C003C7C0071
S315000406703EF8811FF0FF0FC0FF0300FF00FFFFFFDE
S31500040680300030007000380070003800F0003C0084
S31500040690E0031F00C0FF0F0080FF070000FE0100FB
S315000406A000000000000000000000000000FE010041
S315000406B080FF0700E0FF0F00F0033F00F8003C0056
S315000406C0780078003C00F0003C00F0001E00E001D9
S315000406D01E00E0011E00E0010F00C0010F00C00370
S315000406E00F00C0030F00C0030F00C0030F00C003B8
S315000406F00F00C0030F00C0030F00C0011E00E0017D
S315000407001E00E0011E00E0013C00F0003C00F00089
S3150004071078007800F8003C00F0033F00E0FF0F008B
S3150004072080FF070000FE010018001838001C38007E
S315000407301C78001EF0810FE0FF07C0FF0300FF00D6
S3150004074000000000000000000000FF00C0FF03F0EE
S31500040750FF0FF8811F7C003E3C003C1E00781E0003
S31500040760780F00F00F00F00F00F00F00F00F00F00C
S315000407700F00F00F00F00F00F01E00781E00783C0A
S31500040780003C7C003EF8811FF0FF0FC0FF0300FF12
S3150004079000FFFFFF0070E00000F8F00100FCF80025
S315000407A0007E7C00001F3E00800F0F00C083070000
S315000407B0C0810100000000000000000000000000ED
S315000407C000FE010080FF0700E0FF0F00F0033F007A
S315000407D0F8003C00780078003C00F0003C00F00093
S315000407E01E00E0011E00E0011E00E0010F00C00132
S315000407F00F00C0030F00C0030F00C0030F00C003A7
S315000408000F00C0030F00C0030F00C0030F00C00198
S315000408101E00E0011E00E0011E00E0013C00F000A5
S315000408203C00F00078007800F8003C00F0033F003C
S31500040830E0FF0F0080FF070000FE01000038700093
S315000408407CF8007E7C003F3E800F1FC08707E0C116
S3150004085003E0C00000000000000000000000FF00EC
S31500040860C0FF03F0FF0FF8811F7C003E3C003C1ED6
S3150004087000781E00780F00F00F00F00F00F00F0054
S31500040880F00F00F00F00F00F00F00F00F01E0078DC
S315000408901E00783C003C7C003EF8811FF0FF0FC030
S315000408A0FF0300FF00FFFFFF00FFFF01C0FFFF0182
S315000408B0F0FFFF01F871C0017C70C0013C70C001FB
S315000408C01E70C0011E70C0010F70C0010F700000C1
S315000408D00F7000000F70000007F01F0007F03F00C4
S315000408E007F01F0007700000077000000F7000007B
S315000408F00F70C0010F70C0030F70C0031E70C003D9
S315000409001E70C0033C70C0037C70C003F871C00342
S31500040910F0FFFF03C0FFFF0300FFFF03E0033F00F8
S31500040920F8CF7F00FCFFFF003EFEE1011EFCE00164
S315000409300EFCC0010F78C0030F78C0030F78C00304
S315000409400FF8FF030FF8FF030FF8FF030F780000FB
S315000409500F7800000F7800000F7800000F78000071
S315000409600F7800000EFC00001EFC80013EFEE10331
S31500040970FCFFFF01F8CFFF00E0033F000000040086
S3150004098000000F0000801F0000E01F0000F81F0099
S3150004099000FE0300007F0000800F0000000100003D
S315000409A0000000000000000000000000FFFF03003C
S315000409B0FFFF0F00FFFF1F00F0003F00F0007C0068
S315000409C0F0007800F0007800F000F000F000F0008D
S315000409D0F0007800F0007800F0007C00F0003E00A3
S315000409E0F0FF1F00F0FF0700F0FF0100F0E0030036
S315000409F0F0800700F0000F00F0001E00F0001E005B
S31500040A00F0003C00F0003C00F0007800F0007800B4
S31500040A10F000F000FF1FE007FF1FE00FFF1F800735
S31500040A2000000400000F00C00F00E01F00F80F00D4
S31500040A30FE03807F00800F0000010000000000001C
S31500040A4000FE001FFFC07FFEF07FE0F831E03C00AF
S31500040A50E01E00E00E00E00700E00300E00300E013
S31500040A600100E00100E00100E00100E00100E00116
S31500040A7000E00100E00100E00100E00100FFFF03E7
S31500040A80FFFF03FFFF03FFFFFFFF0300FFFF0F004E
S31500040A90FFFF1F00F0003F00F0007C00F00078002C
S31500040AA0F0007800F000F000F000F000F0007800AC
S31500040AB0F0007800F0007C00F0003E00F0FF1F001C
S31500040AC0F0FF0700F0FF0100F0E00300F0800700EC
S31500040AD0F0000F00F0001E00F0001E00F0003C00C5
S31500040AE0F0003C00F0007800F0007800F000F00020
S31500040AF0FF1FE007FF1FE00FFF1F80070000000035
S31500040B0000000000000000000000000000F00100EA
S31500040B1000F8000000F800000078000000780000EB
S31500040B20003C0000003C0000001C0000000C00001B
S31500040B30FE001FFFC07FFEF07FE0F831E03C00E0DE
S31500040B401E00E00E00E00700E00300E00300E00101
S31500040B5000E00100E00100E00100E00100E0010026
S31500040B60E00100E00100E00100E00100FFFF03FFF7
S31500040B70FF03FFFF03000000000000000000000068
S31500040B8000C00700C00700E00300E00300E0010026
S31500040B90E00100E0000070000070000070001C001E
S31500040BA0F0011F00E0830F00C0EF070080FF030081
S31500040BB000FE0000007C0000003800000000000079
S31500040BC000000000FFFF0300FFFF0F00FFFF1F00F0
S31500040BD0F0003F00F0007C00F0007800F0007800A0
S31500040BE0F000F000F000F000F0007800F00078006B
S31500040BF0F0007C00F0003E00F0FF1F00F0FF07004D
S31500040C00F0FF0100F0E00300F0800700F0000F00A1
S31500040C10F0001E00F0001E00F0003C00F0003C0056
S31500040C20F0007800F0007800F000F000FF1FE00705
S31500040C30FF1FE00FFF1F800738000EF8800FF0C378
S31500040C4007C0F70380FF0100FF00003E00001C0000
S31500040C50000000000000FE001FFFC07FFEF07FE0E2
S31500040C60F831E03C00E01E00E00E00E00700E0037F
S31500040C7000E00300E00100E00100E00100E0010003
S31500040C80E00100E00100E00100E00100E00100E015
S31500040C900100FFFF03FFFF03FFFF03FF0000010046
S31500040CA0C00300E00700F80700FE0780FF00C01F2E
S31500040CB000E00300400000000000000000C01F1E0A
S31500040CC0F0FF1EF8FF1F7CE01F1E801F1E001F0F73
S31500040CD0001E0F001C0F00000F00001F0000FE0086
S31500040CE000FE0F00FCFF00F8FF03F0FF0780FF0F74
S31500040CF000F01F00801F00003E07003C07003C0F69
S31500040D00003C0F003C1F003C1F001E7F001EFF819D
S31500040D100FFFFF07EFFF03077F00FFFF000001003F
S31500040D20C00300E00700F80700FE0780FF00C01FAD
S31500040D3000E00300400000000000000000C01F0E99
S31500040D40F8FF1EFCFF1F3EE01F1E801F0E001F0F34
S31500040D50001E1E000C3E0000FE1F00FCFF01FCFFEF
S31500040D6007F0FF0F00FF1F00801F00003E06003C37
S31500040D700F003C0F001E3F001EFF800FFFFF0FEF0A
S31500040D80FF030EFF00FFFFFF000E00003F00807F01
S31500040D9000C0FF00E0FF01F0E1037C8007180007B4
S31500040DA0000000000000000000C01F1EF0FF1EF837
S31500040DB0FF1F7CE01F1E801F1E001F0F001E0F005A
S31500040DC01C0F00000F00001F0000FE0000FE0F00B5
S31500040DD0FCFF00F8FF03F0FF0780FF0F00F01F0081
S31500040DE0801F00003E07003C07003C0F003C0F003C
S31500040DF03C1F003C1F001E7F001EFF810FFFFF07E4
S31500040E00EFFF03077F00FFFF000E00001F00807F37
S31500040E1000C0FF00E0FB01F8E1037CC0071C0007EB
S31500040E20000000000000000000C01F0EF8FF1EFCBA
S31500040E30FF1F3EE01F1E801F0E001F0F001E1E0018
S31500040E400C3E0000FE1F00FCFF01FCFF07F0FF0F35
S31500040E5000FF1F00801F00003E06003C0F003C0FF1
S31500040E60001E3F001EFF800FFFFF0FEFFF030EFF64
S31500040E7000FFFFFFC01F1EF0FF1EF8FF1F7CE01FD0
S31500040E801E801F1E001F0F001E0F001C0F00000FE8
S31500040E9000001F0000FE0000FE0F00FCFF00F8FF2C
S31500040EA003F0FF0780FF0F00F01F00801F00003EC5
S31500040EB007003C07003C0F003C0F003C1F003C1F92
S31500040EC0001E7F001EFF810FFFFF078FFF0307FE33
S31500040ED000001E00001E00007E0000FE0100FC0152
S31500040EE000E00300C003C0E003E0FF01E0FF008070
S31500040EF07F00FFFFC01F0EF8FF1EFCFF1F3EE01F12
S31500040F001E801F0E001F0F001E1E000C3E0000FE5A
S31500040F101F00FCFF01FCFF07F0FF0F00FF1F00800E
S31500040F201F00003E06003C0F003C0F001E3F001E43
S31500040F30FF800FFFFF0F8FFF030EFC00001C000055
S31500040F401C0000FC0000FC0100FC0300C00300C000
S31500040F5003C0C003E0FF01E0FF01007F00FFFFFFC5
S31500040F601C00077CC007F8F003F0FB01E07F00805B
S31500040F703F00001F00000E00000000000000C01F1C
S31500040F801EF0FF1EF8FF1F7CE01F1E801F1E001FA1
S31500040F900F001E0F001C0F00000F00001F0000FEB4
S31500040FA00000FE0F00FCFF00F8FF03F0FF0780FFC0
S31500040FB00F00F01F00801F00003E07003C07003CA6
S31500040FC00F003C0F003C1F003C1F001E7F001EFF4D
S31500040FD0810FFFFF07EFFF03077F00FF1C00077C5D
S31500040FE08007F8E103E0FF01C0FF00807F00001FD7
S31500040FF000000E00000000000000C01F0EF8FF1ED7
S31500041000FCFF1F3EE01F1E801F0E001F0F001E1E4A
S31500041010000C3E0000FE1F00FCFF01FCFF07F0FF72
S315000410200F00FF1F00801F00003E06003C0F003C1F
S315000410300F001E3F001EFF800FFFFF0FEFFF030E82
S31500041040FF00FFFFFFFFFFFFFFFFFFFFFF0F3CF067
S315000410500F3CF00F3CF00F3CF00F3CF00F3CF00F50
S315000410603CF00F3CF0073CE0003C00003C00003C38
S3150004107000003C00003C00003C00003C00003C003A
S31500041080003C00003C00003C00003C00003C00002A
S315000410903C00F8FF1FF8FF1FF8FF1F0000000000C8
S315000410A000000000000000007C00003E00003E003E
S315000410B0001E00001E00000F00000F0000070000C5
S315000410C00700FFFF800300C00300C00300C0030045
S315000410D0C00300C00300C00300C00300C00300FF38
S315000410E0FF1FFFFF3FFFFF1FC00300C00300C00335
S315000410F000C00300C00300C00300C00300C0030017
S31500041100C00300C00300C00300C003008003608066
S315000411100770800FFE00FF7F00FE1F00F80300002B
S315000411200000000000000000F80000F8000078004D
S31500041130007C00003C00003C00001C00001E000077
S315000411400C00FFFF30000CF8000FE0C307C0FF03DC
S3150004115080FF0100FF00007E000018000000000070
S315000411600000FFFFFFFFFFFFFFFFFF0F3CF00F3CF8
S31500041170F00F3CF00F3CF00F3CF00F3CF00F3CF04E
S315000411800F3CF0073CE0003C00003C00003C000043
S315000411903C00003C00003C00003C00003C00003CDD
S315000411A000003C00003C00003C00003C00003C0009
S315000411B0F8FF1FF8FF1FF8FF1FFFFFFF00003E00A8
S315000411C0001F00001F00000F00000F800307C083EC
S315000411D007C08303C08303C00300C00300C0030029
S315000411E0C00300C00300FFFF1FFFFF3FFFFF1FC038
S315000411F00300C00300C00300C00300C00300C00313
S3150004120000C00300C00300C00300C00300C0030005
S31500041210C00300800360800770800FFE00FF7F001C
S31500041220FE1F00F803FFFFFFFFFFFFFFFFFFFFFFA7
S31500041230FF0F3CF00F3CF00F3CF00F3CF00F3CF07E
S315000412400F3CF00F3CF00F3CF0073CE0003C000084
S315000412503C00003C00F0FF0FF0FF0FF0FF0F003CD6
S3150004126000003C00003C00003C00003C00003C0048
S31500041270003C00003C00F8FF1FF8FF1FF8FF1FFFAB
S31500041280800300C00300C00300C00300C00300C005
S315000412900300C00300C00300C00300FFFF1FFFFFDD
S315000412A03FFFFF1FC00300C00300C00300C00300CC
S315000412B0FCFF03FEFF03FCFF03C00300C00300C0E2
S315000412C00300C00300C0030080030080036080079E
S315000412D070800FFE00FF7F00FE1F00F803FFFFFF74
S315000412E00000180080FF1F00E0FF1F00F0FF07004A
S315000412F06000000000000000000000000000000084
S31500041300FF03FF03FF87FF03FF03FF03380070009B
S315000413103800700038007000380070003800700023
S315000413203800700038007000380070003800700013
S315000413303800700038007000380070003800700003
S3150004134038007000380070003800700038007000F3
S31500041350380070007800780078007800780078000B
S3150004136070003C00F0003C00E0031F00C0FF0F00CB
S3150004137080FF070000FE010000000C0080FF1F0034
S31500041380E0FF0F00F0FF0300700000000000000003
S3150004139000000000000000007FC03F007FC03F0047
S315000413A07FC03F00780038007800380078003800A5
S315000413B07800380078003800780038007800380063
S315000413C078003800780038007800380078003C004F
S315000413D078003C0078003C0078003E0078003F002E
S315000413E0F0803F00F0C13B00F0FFFB03E0FFF90390
S315000413F0C07FF803003F0000E0FF1F00E0FF1F006E
S31500041400E0FF1F00000000000000000000000000D4
S315000414100000000000000000FF03FF03FF87FF0336
S31500041420FF03FF03380070003800700038007000B6
S315000414303800700038007000380070003800700002
S3150004144038007000380070003800700038007000F2
S3150004145038007000380070003800700038007000E2
S31500041460380070003800700038007000780078008A
S31500041470780078007800780070003C00F0003C00AA
S31500041480E0031F00C0FF0F0080FF070000FE0100FD
S31500041490E0FF1F00E0FF1F00E0FF1F000000000048
S315000414A00000000000000000000000007FC03F00B4
S315000414B07FC03F007FC03F007800380078003800C6
S315000414C07800380078003800780038007800380052
S315000414D07800380078003800780038007800380042
S315000414E078003C0078003C0078003C0078003E0020
S315000414F078003F00F0803F00F0C13B00F0FFFB03A3
S31500041500E0FFF903C07FF803003F0000300030001D
S315000415107000380070003800F0003C00E0031F0043
S31500041520C0FF0F0080FF070000FE0100000000005E
S31500041530000000000000000000000000FF03FF039D
S31500041540FF87FF03FF03FF033800700038007000B5
S3150004155038007000380070003800700038007000E1
S3150004156038007000380070003800700038007000D1
S3150004157038007000380070003800700038007000C1
S3150004158038007000380070003800700038007000B1
S3150004159078007800780078007800780070003C00C5
S315000415A0F0003C00E0031F00C0FF0F0080FF0700AF
S315000415B000FE0100300018003800380078001C00D6
S315000415C0F0001E00F0011F00E0FF0F0080FF030083
S315000415D000FE000000000000000000000000000003
S315000415E07FC03F007FC03F007FC03F0078003800C7
S315000415F07800380078003800780038007800380021
S315000416007800380078003800780038007800380010
S315000416107800380078003C0078003C0078003C00F4
S3150004162078003E0078003F00F0803F00F0C13B00A8
S31500041630F0FFFB03E0FFF903C07FF803003F00005F
S315000416400078000000FE010000FF03000087070089
S315000416508003070080030700800307008003070058
S315000416600087070000FF030000FE01000078000069
S31500041670000000000000000000000000FF03FF035C
S31500041680FF87FF03FF03FF03380070003800700074
S3150004169038007000380070003800700038007000A0
S315000416A03800700038007000380070003800700090
S315000416B03800700038007000380070003800700080
S315000416C03800700038007000380070003800700070
S315000416D078007800780078007800780070003C0084
S315000416E0F0003C00E0031F00C0FF0F0080FF07006E
S315000416F000FE0100007C000000FF000080FF0100E6
S3150004170080C70300C0830300C0810300C0810300B7
S31500041710C083030080C7030080FF010000FF0000B0
S31500041720007C000000000000000000000000000033
S315000417307FC03F007FC03F007FC03F007800380075
S3150004174078003800780038007800380078003800CF
S3150004175078003800780038007800380078003800BF
S315000417607800380078003C0078003C0078003C00A3
S3150004177078003E0078003F00F0803F00F0C13B0057
S31500041780F0FFFB03E0FFF903C07FF803003F00000E
S315000417900070E00000F8F00100FCF800007E7C0018
S315000417A0001F3E00800F0F00C0830700C0810100A8
S315000417B0000000000000000000000000000000001F
S315000417C0FF03FF03FF87FF03FF03FF0338007000D7
S315000417D0380070003800700038007000380070005F
S315000417E0380070003800700038007000380070004F
S315000417F0380070003800700038007000380070003F
S31500041800380070003800700038007000380070002E
S315000418103800700078007800780078007800780046
S3150004182070003C00F0003C00E0031F00C0FF0F0006
S3150004183080FF070000FE010000387000007CF800FD
S31500041840007EFC00003F3E00800F1F00C08707009B
S31500041850E0C10300E0C0000000000000000000003A
S31500041860000000007FC03F007FC03F007FC03F00F4
S31500041870780038007800380078003800780038009E
S31500041880780038007800380078003800780038008E
S31500041890780038007800380078003C0078003C0076
S315000418A078003C0078003E0078003F00F0803F005E
S315000418B0F0C13B00F0FFFB03E0FFF903C07FF80330
S315000418C0003F0000FF03FF03FF87FF03FF03FF033F
S315000418D0380070003800700038007000380070005E
S315000418E0380070003800700038007000380070004E
S315000418F0380070003800700038007000380070003E
S31500041900380070003800700038007000380070002D
S31500041910380070003800700078007800780078008D
S315000419207800780070003C00F0003C00E0031F00E3
S31500041930C0FF0F0080FF030000FE010000E000006E
S315000419400070000000780000003C0000003C00002D
S31500041950003C0000003C000000FC0F0000F80F00F3
S3150004196000F007007FC03F007FC03F007FC03F00FC
S31500041970780038007800380078003800780038009D
S31500041980780038007800380078003800780038008D
S31500041990780038007800380078003C0078003C0075
S315000419A078003C0078003E0078003F00F0803F005D
S315000419B0F0C13B00F0FFFB03E0FFF903C07FF8032F
S315000419C0003FF0000000780000003C0000001E000C
S315000419D000000E0000000F0000000F0000000F00C2
S315000419E00000FE030000FE030000FC0100C000002E
S315000419F000F0030000F8070000FC0F0000FE1F00C3
S31500041A00001F3E0080077800C0017000000000003F
S31500041A10000000000000000000000000FF07F83F7F
S31500041A20FF07F83FFF07F83F3800000738000007B4
S31500041A3038008007780080077800800778E08107FF
S31500041A4078E0810778E0810370F0830370F0830304
S31500041A5070F0C303F0F8C703F0B8C703F038C70340
S31500041A60F03CC701F01CCF01E01CCE01E01ECE0104
S31500041A70E01EFE01E00EFC01E00FFC01E00FFC019C
S31500041A80E007FC00E007F800C007F800C003F80010
S31500041A90C003F00000C0000000F0030000F80700D7
S31500041AA000FC0F0000FE1F00001F3E0080077800A8
S31500041AB0C0017000000000000000000000000000EB
S31500041AC0FF03E03FFF03F03FFF03E03F3C00000F4E
S31500041AD03C00000F3C00000738E0010778E081076E
S31500041AE078F0810778F0830370F0830370F8C303FA
S31500041AF0F0F8C703F038C701E03CCF01E01CEF0162
S31500041B00E01DEE01E01FFE00C00FFE00C00FFC004A
S31500041B10C00FFC00C0077C00C00778008003780073
S31500041B2000E0000000F0010000FC030000FE0700D6
S31500041B3000FF0F00800F3F00C0037C00C00170004F
S31500041B40000000000000000000000000000000008B
S31500041B50FE07FE07FF0FFE0FFE07FE07F000F0006C
S31500041B60E0017800E0017800C0033C00C0073E00B5
S31500041B7080071E00000F0F00000F0F00009E0700D5
S31500041B8000FE070000FC030000F8010000F8010055
S31500041B9000F0000000F0000000F0000000F000007B
S31500041BA000F0000000F0000000F0000000F000006B
S31500041BB000F0000000F00000E0FF7F00E0FF7F007F
S31500041BC0E0FF7F0000E0000000F0010000F80300E1
S31500041BD000FE070000BF1F00800F3F00C0077C0007
S31500041BE0C0017000000000000000000000000000BA
S31500041BF0FF0FFE0FFF0FFE0FFF0FFE0FF000F000AA
S31500041C00F000F000E000F000E0017800E001780068
S31500041C10C0033C00C0033C0080071E0080071E0072
S31500041C20000F0F00000F0F00009E0700009E070024
S31500041C3000FC030000FC030000F8010000F80100AA
S31500041C4000F0000000F000000070000000780000C2
S31500041C5000380000003C0000001C0000001E0000CC
S31500041C60000F0000C0070000FC030000FC01000098
S31500041C707C00000080031C00C0073E00C00F3F002C
S31500041C80C00F3F00C0073E0080031C000000000098
S31500041C90000000000000000000000000FE07FE0730
S31500041CA0FF0FFE0FFE07FE07F000F000E0017800CC
S31500041CB0E0017800C0033C00C0073E0080071E0018
S31500041CC0000F0F00000F0F00009E070000FE070024
S31500041CD000FC030000F8010000F8010000F0000019
S31500041CE000F0000000F0000000F0000000F000002A
S31500041CF000F0000000F0000000F0000000F000001A
S31500041D0000F00000E0FF7F00E0FF7F00E0FF7F00BF
S31500041D1000000100800700E00700F80700FC070048
S31500041D20FF00C01F00C00300C00000000000000048
S31500041D3000000000FEFF1FFEFF3FFEFF1F0E001FF8
S31500041D400E800F0E80070EC0070EE0030EE0010E94
S31500041D50F0010EF800007800007C00003E00001E32
S31500041D6000000F00800F00C00700C0033CE0033CE6
S31500041D70F0013CF0003CF8003C7C003C3C003C3E5E
S31500041D80003CFFFF3FFFFF3FFFFF3FFF0000010056
S31500041D90800300E00700F80700FE0700FF00C01FED
S31500041DA000E00300400000000000000000FEFF1FEA
S31500041DB0FEFF1FFEFF1F1E801F1EC00F1EE0071E14
S31500041DC0E0030EF00100F800007C00003E00003F36
S31500041DD000801F00C00F00C0071CE0033CF0013C5C
S31500041DE0F8003C7C003C7E003CFFFF3FFFFF3FFECB
S31500041DF0FF1FFFFF001E00003F00003F00003F00E2
S31500041E00003F00003F00001E00000000000000002C
S31500041E100000000000FEFF1FFEFF3FFEFF1F0E0036
S31500041E201F0E800F0E80070EC0070EE0030EE001A2
S31500041E300EF0010EF800007800007C00003E000061
S31500041E401E00000F00800F00C00700C0033CE00323
S31500041E503CF0013CF0003CF8003C7C003C3C003C7F
S31500041E603E003CFFFF3FFFFF3FFFFF3F001E000019
S31500041E703F00007F00007F00007F00003F00001E3F
S31500041E8000000000000000000000FEFF1FFEFF1F10
S31500041E90FEFF1F1E801F1EC00F1EE0071EE0030E5E
S31500041EA0F00100F800007C00003E00003F00801FA7
S31500041EB000C00F00C0071CE0033CF0013CF8003CE6
S31500041EC07C003C7E003CFFFF3FFFFF3FFEFF1FFF01
S31500041ED038000E78800FF0E107E0FF01C0FF0080B4
S31500041EE07F00003E00001C00000000000000FEFF12
S31500041EF01FFEFF3FFEFF1F0E001F0E800F0E800702
S31500041F000EC0070EE0030EE0010EF0010EF800000D
S31500041F107800007C00003E00001E00000F00800FC9
S31500041F2000C00700C0033CE0033CF0013CF0003C69
S31500041F30F8003C7C003C3C003C3E003CFFFF3FFF7D
S31500041F40FF3FFFFF3FFFFFFF38000E78800FF0E1F1
S31500041F5007E0FF01C0FF00807F00003E00001C0078
S31500041F60000000000000FEFF1FFEFF1FFEFF1F1EF5
S31500041F70801F1EC00F1EE0071EE0030EF00100F8CE
S31500041F8000007C00003E00003F00801F00C00F00E0
S31500041F90C0071CE0033CF0013CF8003C7C003C7E9E
S31500041FA0003CFFFF3FFFFF3FFEFF1FFF00FFFFFF59
S31500041FB030DF0300250000001E001E25C4DF0300D9
S31500041FC01E0001001E03191F40E003002900000043
S31500041FD01E001E29E4E00300220001001E0319234B
S31500041FE070E103001D000B001E001E2810E2030012
S31500041FF017000B001E03192298E2030029000100B2
S315000420001E02182A18E30300220001001E031723E8
S3150004201084E30300290001001E02182A04E40300D5
S31500042020220001001E03172370E4030028000100A8
S315000420301E021829ECE40300210001001E031722E6
S3150004204054E50300290001001E021829D0E5030007
S31500042050220001001E03172238E6030028000000B0
S315000420601E011A27D4E60300200001001E031E21C8
S3150004207058E70300250000001E011A25ECE70300BB
S31500042080200001001E031A2170E803002500000049
S315000420901E01192504E903001E0001001E03171F73
S315000420A064E90300290000001E01192908EA030057
S315000420B0220001001E03172374EA0300280000000F
S315000420C01E01192814EB0300210001001E03172228
S315000420D07CEB03001D000B001E0119281CEC0300F9
S315000420E017000B001E03172284EC030028000000CF
S315000420F01E01192720ED0300220001001E031722EA
S3150004210088ED0300290001001E021B2A30EE03009D
S3150004211022000A001E031A2CE0EE03002900010027
S315000421201E021B2A88EF030022000A001E031A2C33
S3150004213038F00300280001001E021B29DCF003000E
S3150004214021000A001E031A2B88F103001E000D004D
S315000421501E021B2B34F2030023000A001E031A2D51
S31500042160E8F20300290000001E011A298CF303007B
S315000421702B0000001E011A2B38F403001D0000007A
S315000421801E001C1DACF40300200000001E001C20D1
S315000421902CF50300260000001E0414259CF50300FC
S315000421A0200000001E04161FFCF503002500000095
S315000421B01E0414256CF603001E0000001E04161EE1
S315000421C0C8F60300290000001E04142944F703007E
S315000421D0220000001E041622ACF703001D000B00AB
S315000421E01E04142824F8030021000B001E04162CD8
S315000421F0A8F80300280000001E04142820F9030090
S31500042200170000001E04161768F903001D000100DC
S315000422101E001E1EE0F9030021000A001E01192BF0
S315000422208CFA0300290001001E02192A34FB03005C
S3150004223022000A001E04162CB8FB03001D000D0024
S315000422401E011B2A60FC030020000D001E011A2D2E
S3150004225014FD0300000000001E00010118FD030028
S31500042260290000001E011929BCFD03002B000000F3
S315000422701E04172B40FE03001D000D001E01192A23
S31500042280E8FE030020000D001E04172D70FF030056
S315000422901F0000001E011B1EE8FF030021000000B2
S315000422A01E031820480004001D0000001E01191D0D
S315000422B0BC000400200000001E0317201C010400BB
S315000422C01D0000001E011A1D9001040020000000DC
S315000422D01E041720F0010400290001001E011A2A19
S315000422E098020400220000001E011B2220030400A1
S315000422F01D000D001E011A2AC803040017000D0054
S315000423001E011B2458040400280001001E011A287B
S31500042310F8040400220000001E011B217C050400B1
S31500042320000000001E0001018005040000000000FA
S315000423301E00010184050400000000001E000101C6
S3150004234088050400250001001E021A262006040042
S315000423501E0001001E02181F800604002900010049
S315000423601E021A2A28070400220001001E0218234E
S3150004237094070400290001001E021A2A3C080400DE
S31500042380220001001E021823A80804001D000000F4
S315000423901E011A1D1C090400170001001E011A184B
S315000423A07C090400290000001E011C29200A0400DF
S315000423B0220000001E031722880A04001D000D00D7
S315000423C01E011C2A300B040017000D001E031724DF
S315000423D09C0B0400280000001E011C27380C040076
S315000423E0220000001E0317219C0C04002900010092
S315000423F01E03162A1C0D0400220001001E041623C7
S31500042400880D0400290001001E03162A080E040084
S31500042410220001001E041623740E04001E000C0084
S315000424201E03162AF40E040017000C001E041623BD
S31500042430600F0400290001001E031629DC0F0400A6
S31500042440220001001E041622441004001D000D0083
S315000424501E02182AC41004001D000D001E02182AAC
S3150004246044110400280000001E021827BC110400B1
S31500042470220001001E021823281204001D00000079
S315000424801E02181D801204001E0001001E02181FE1
S31500042490E0120400260001001E011A267813040027
S315000424A0200001001E011A20F81304002500010073
S315000424B01E011A26901404001E0001001E011A1F94
S315000424C00C150400290001001E011A2AB415040083
S315000424D0220001001E011A23401604002C000100EC
S315000424E01E011A2DF4160400260001001E011A27E7
S315000424F090170400290001001E011A2A3818040046
S31500042500220001001E011A23C41804001D000B003A
S315000425101E011A286419040017000B001E011A2252
S31500042520EC190400290001001EFF1E2A941A040057
S31500042530220001001EFF1E23201B040029000000A8
S315000425401E011C29C41B040022000B001E011C2CA6
S31500042550741C0400270000001E011C27101D040023
S31500042560290000001E0416298C1D04002200000008
S315000425701E041622F41D0400280000001E0416285A
S315000425806C1E0400210000001E041621D01E040047
S31500042590280000001E041627481F0400220000001D
S315000425A01E041621AC1F0400000000001E000101D9
S315000425B0800000392C0000017F010000B01F0400D8
S315000425C00000000000FFFFFF00FFFFFF00FFFFFF0A
S315000425D000FFFFFF00FFFFFF00FFFFFF00FFFFFFFD
S315000425E000FFFFFF00FFFFFF00FFFFFF00FFFFFFED
S315000425F000FFFFFF00FFFFFF00FFFFFF00FFFFFFDD
S3150004260000FFFFFF00FFFFFF00FFFFFF00FFFFFFCC
S3150004261000FFFFFF00FFFFFF00FFFFFF00FFFFFFBC
S3150004262000FFFFFF00FFFFFF00FFFFFF00FFFFFFAC
S3150004263000FFFFFF00FFFFFF00FFFFFF00FFFFFF9C
S3150004264000FFFFFF00FFFFFF3C7E7FFFFF7F7E3C16
S31500042650000000000018183C3C3C3C3C3C3C3C3C24
S315000426603C3C3C3C3E7E3CFF001800003C00003CE9
S3150004267000003C00003C00003C0000FF38C0FF792D
S31500042680F0FF7FF8FF7F7C3C7E3C3C7C1E3C781E42
S315000426903C780F3C780F3C380F3C000F3C000F3C55
S315000426A0000F3C000F3C001E3C003E3C003C3C3806
S315000426B0FC3C7EF8FF3FF0FF1FE0FF0F00FF010028
S315000426C03C00003C00003C00003C00003C000018BC
S315000426D000FFFFFF803F00E0FF00F0FF03F8E00388
S315000426E07880033C80033C80033C80033C00003C30
S315000426F000003C00007C0000780000780000F00038
S3150004270000FFFF01FFFF01FFFF01E00100E0010000
S31500042710E00100E00100F00000F00000F80000789D
S3150004272000007C00043E000FDFFF0FFFFF07FEFFE3
S3150004273001FFFFFF00FFFFFFFE07FE07FF0FFE0F6F
S31500042740FE07FE07F000F000E0017800E0017800E3
S31500042750C0033C00C0073E0080071E00F80FFF01BF
S31500042760F80FFF01F89FFF0100FC030000FC0300C3
S3150004277000F8010000F8010000F00000F8FFFF0176
S31500042780F8FFFF01F8FFFF0100F0000000F0000071
S3150004279000F0000000F0000000F0000000F000006F
S315000427A0E0FF7F00E0FF7F00E0FF7F000F0F0F0FC9
S315000427B00F0F0F0F0F0F0F0F0F0F0F0F0F0F00003D
S315000427C000000000000F0F0F0F0F0F0F0F0F0F0F5A
S315000427D00F0F0F0F0F0F0FFF80FF0FE0FF0FF0FF1C
S315000427E00FF0000F78000F78000F78000FF8000E36
S315000427F0F80100FC0300FE0700DE1F009F7F000FA8
S31500042800FF000FFC031EF0073EE00FFC801FF801DB
S315000428101FF0073EC00F3C803F3C007E1E00F81FA1
S3150004282000F00F00E0071CC0033C80073C80073C17
S3150004283080073CC003FCFF03FCFF01FC7F00FFFF95
S315000428400E701FF83FFC3FFC1FF80E7000FC0300DF
S3150004285000FF0F00C0FF3F00E0077E00F000F0001D
S315000428607800E0013C00C0031CF083031EFC8707CC
S315000428700EFE0F070E0F06078707000E8707000ECA
S315000428808703000E8703000E8703000E8703000EDE
S315000428908703000E8707000E8707000E0E0F060734
S315000428A00EFE0F071EFC87071CF083033C00C003C3
S315000428B07800E001F000F000E0077E00C0FF3F0072
S315000428C000FF0F0000FC0300C01F00F83F00FC7F60
S315000428D0003CF0000CE00000E00000E000F0EF0037
S315000428E0FCFF00FEFF001FF0000FE00007E00007FA
S315000428F0F0000FF8001FFE01FEFF07FCCF07F003F0
S3150004290003FFFFFFE08003F0C003F0C00378E0019B
S3150004291078F0003CF0001E78001E7C000F3C000F8F
S315000429203C001E7C001E78003CF0007CF00078E041
S3150004293001F0E003F0C003E08003FFFFFEFF7FFF2A
S31500042940FF7FFEFF7F000070000070000070000033
S3150004295070000070000070000070000070000070CD
S3150004296000FFFFFF00FC030000FF0F00C0FF3F0055
S31500042970E0077E00F000F0007800E0013C00C003B0
S315000429801C0080031EFE81070EFF07070EFF0F07BC
S3150004299007070F0E07070E0E07070E0E07070E0E84
S315000429A007070F0E07FF0F0E07FF070E07FF010E9F
S315000429B007C7030E0E8707070E070F071E078E07A6
S315000429C01C068E033C00C0037800E001F000F00012
S315000429D0E0077E00C0FF3F0000FF0F0000FC03007D
S315000429E0FFFFFFFFFFFFFFFFF001F807FC0F1E1FAD
S315000429F00F1C0F3C073C073C0F3C0F1C1E1FFC0F13
S31500042A00F807F001000C00001E00001E00001E0066
S31500042A10001E00001E00001E00FFFF1FFFFF3FFFF9
S31500042A20FF3FE0FF01001E00001E00001E00001E06
S31500042A3000001E00001E00000C0000000000000044
S31500042A40000000FFFF3FFFFF3FFFFF3FE007FC1FC3
S31500042A50FE3F1E3C0E780E700E700E780078003C19
S31500042A60003E001F800FC007F001F8E07CE03EE066
S31500042A70FFFFFFFFFFFFFFFFF007FC1FFE3F1E3CAB
S31500042A800E780E780E780078003CC01FE01FC03F19
S31500042A900078007000F000F000F000700E7CFF3F3C
S31500042AA0FE1FF007000C001E801FE01FF03FFC0312
S31500042AB07F001F000300FFFF00FFFFFFC0FFFFF0C2
S31500042AC0FFFFF8FFFFFC3F1EFE3F1EFE3F1EFF3FBB
S31500042AD01EFF3F1EFF3F1EFF3F1EFF3F1EFE3F1E03
S31500042AE0FE3F1EFC3F1EF83F1EE03F1E003F1E0039
S31500042AF03C1E003C1E003C1E003C1E003C1E003CCE
S31500042B001E003C1E003C1E003C1E003C1E003C1EDB
S31500042B10003C1E003C1E003C1E003C1E003C1E00E9
S31500042B203C1E003C1E003C1E003C1E003C1E001CBD
S31500042B301CFFFFFF3C7EFFFFFFFF7E3C7000700022
S31500042B407000F003F007F00F000F000F030FFF0FE4
S31500042B50FF07FC010003E003FC03FE03BE0382033C
S31500042B608003800380038003800380038003800343
S31500042B708003800380038003FEFFFEFFFEFFFFFF4A
S31500042B80C00F00F03F00F87F007CF8001EE0010E45
S31500042B90C0010FC003078003078003078003078073
S31500042BA0030780030FC0030EC0011EE0017CF8007A
S31500042BB0F87F00F03F00C00F00FFFFFF071C000F67
S31500042BC03C000F3C001E78003C78003CF00078E0A6
S31500042BD00178E001F0C003F0C003F8E00178E001F9
S31500042BE03CF0003C78001E78001F3C000F3C0007B8
S31500042BF01C00FFFFE0000000FC000000FF000000D6
S31500042C00EF000000E0000000E0000000E00000002B
S31500042C10E0000000E0000000E0000000E00000002A
S31500042C20E0000000E0000000E0000002E000000711
S31500042C30FF1FC007FF1FE0030000F80000003E006E
S31500042C4000001F0000C0070000F0010000F8800724
S31500042C50003E8007800FC007C007E007F001F007B9
S31500042C60F80078073800380708001C0700000E072C
S31500042C7000000F070000FF1F0080FF3F0000FF3F1A
S31500042C80000000070000000700000007000000071E
S31500042C90E0000000FC000000FF000000EF00000060
S31500042CA0E0000000E0000000E0000000E00000009A
S31500042CB0E0000000E0000000E0000000E00000008A
S31500042CC0E0000006E0008007E000C007FF1FF001F7
S31500042CD0FF1FF80000003E0000800F0000C0070040
S31500042CE000F00100007C0000003EF807800FFE0F94
S31500042CF0E0030E0EF0010E1C78000E1C38000E1CAC
S31500042D000000001E0000000E0000000F0000C007B7
S31500042D100000E0030000F0000000783800003C38B2
S31500042D2000001E380000FF3F0000FF3FFE010000C8
S31500042D30FF07000087070000030E0000030E0000D3
S31500042D40000E000000070000F0030000F00300007E
S31500042D50F0070000000E0000000E0000000E000048
S31500042D60000E0003030EC003FF07E003FF07F8008D
S31500042D70FC017E0000001F0000C0070000E0030005
S31500042D8000F80000003EC003001FC003C007E003B4
S31500042D90F001F003F800F8033C00BC031C009C039C
S31500042DA000008E0300008703008087030080FF0F66
S31500042DB000C0FF1F0080FF1F000080030000800387
S31500042DC00000800300008003000F00801F00801FA6
S31500042DD000801F00801F00801F00000F00000000FD
S31500042DE0000000000000000000000700000F0000C3
S31500042DF00F00000F00000F00C00F00F00F00F803D3
S31500042E0000FC00003E00001E00000F00000FC00181
S31500042E100FC0030FC0031EC0033EE003FCFF03F80C
S31500042E20FF00E01F00FFFFFF80000000C00300005A
S31500042E30C00F0000C03F0000C07F000000FE01007C
S31500042E4000F00700008007000000060000000000F4
S31500042E500000000000000000E0FF0100E0FF0300A6
S31500042E60E0FF030000F8070000380700003C0700F5
S31500042E70003C0F00001C0E00001E1E00001E1E005B
S31500042E80000E1C00000F3C00000F3C000007380039
S31500042E908007780080077800C0037000C0FFFF0039
S31500042EA0C0FFFF00E0FFFF00E001E001E001E001F8
S31500042EB0F000C001F000C003F000C00378008007F2
S31500042EC0FF07FC1FFF07FC3FFF07FC1F000008006D
S31500042ED000001C0000003F0000C03F0000F03F005F
S31500042EE000FC070000FE0000001F000000020000B6
S31500042EF0000000000000000000000000E0FF0100E8
S31500042F00E0FF0300E0FF030000F8070000380700B5
S31500042F10003C0700003C0F00001C0E00001E1E00B3
S31500042F20001E1E00000E1C00000F3C00000F3C009B
S31500042F30000738008007780080077800C003700017
S31500042F40C0FFFF00C0FFFF00E0FFFF00E001E0015B
S31500042F50E001E001F000C001F000C003F000C0038E
S31500042F6078008007FF07FC1FFF07FC3FFF07FC1FD5
S31500042F7000E0000000F0010000F8030000FE0F006E
S31500042F8000BF1F00800F3E00C0077C00C001700018
S31500042F900000000000000000000000000000000027
S31500042FA0E0FF0100E0FF0300E0FF030000F8070074
S31500042FB000380700003C0700003C0F00001C0E0010
S31500042FC0001E1E00001E1E00000E1C00000F3C000A
S31500042FD0000F3C000007380080077800800778005F
S31500042FE0C0037000C0FFFF00C0FFFF00E0FFFF004A
S31500042FF0E001E001E001E001F000C001F000C003DF
S31500043000F000C00378008007FF07FC1FFF07FC3FA2
S31500043010FF07FC1F0000300000FF3F00C0FF3F0019
S31500043020C0FF0F00E00000000000000000000000E8
S3150004303000000000E0FF0100E0FF0300E0FF0300E2
S3150004304000F8070000380700003C0700003C0F00AA
S31500043050001C0E00001E1E00001E1E00000E1C009A
S31500043060000F3C00000F3C00000738008007780082
S3150004307080077800C0037000C0FFFF00C0FFFF0098
S31500043080E0FFFF00E001E001E001E001F000C00123
S31500043090F000C003F000C00378008007FF07FC1FA0
S315000430A0FF07FC3FFF07FC1F80073C00C00F3E00E4
S315000430B0C00F7E00C00F7E00C00F7E0080073C005C
S315000430C000000000000000000000000000000000F6
S315000430D0E0FF0100E0FF0300E0FF030000F8070043
S315000430E000380700003C0700003C0F00001C0E00DF
S315000430F0001E1E00001E1E00000E1C00000F3C00D9
S31500043100000F3C000007380080077800800778002D
S31500043110C0037000C0FFFF00C0FFFF00E0FFFF0018
S31500043120E001E001E001E001F000C001F000C003AD
S31500043130F000C00378008007FF07FC1FFF07FC3F71
S31500043140FF07FC1F00F0000000FC030000FE070060
S31500043150000E0F0000070E0000070E0000070E0009
S3150004316000070E00000E0F0000FE070000FC03001F
S3150004317000F0010000000000000000000000000054
S31500043180E0FF0100E0FF0300E0FF030000F8070092
S3150004319000380700003C0700003C0F00001C0E002E
S315000431A0001E1E00001E1E00000E1C00000F3C0028
S315000431B0000F3C000007380080077800800778007D
S315000431C0C0037000C0FFFF00C0FFFF00E0FFFF0068
S315000431D0E001E001E001E001F000C001F000C003FD
S315000431E0F000C00378008007FF07FC1FFF07FC3FC1
S315000431F0FF07FC1FC0FFFF07C0FFFF07C0FFFF0755
S3150004320000DE010700DE010700DE010700CE01072C
S3150004321000CF010700CF010700C7010080C70100E6
S3150004322080C7010080C77F00C0C3FF00C0C37F0002
S31500043230C0C30100C0C10100E0FF0100E0FF0107B7
S31500043240E0FF010FF0C0010FF0C0010FF0C0010F45
S3150004325070C0010F78C0010F78C0010FFFC3FF0FC4
S31500043260FFC3FF0FFFC3FF0F00FE7080FF73E0FF75
S315000432707FF0037FF8007E7C007C3C00783E00787B
S315000432801E00781E00700F00700F00000F00000F64
S3150004329000000F00000F00000F00000F00000F00D9
S315000432A0000F00000F00001E00001E00001E00009C
S315000432B03C00007C0060F800F8F003FFE0FF7FC0EC
S315000432C0FF1F00FF0100380000380000F80100F875
S315000432D00300F807008007008007808107C0FF030A
S315000432E0C0FF0300FE00FFFF80000000C0030000D3
S315000432F0C00F0000E01F0000C07F000000FF0100B7
S3150004330000F8070000C007000000020000000000EB
S315000433100000000000000000FFFFFF00FFFFFF00A9
S31500043320FFFFFF00F000E000F000E000F000E00026
S31500043330F000E000F000E000F000E000F000000023
S31500043340F0C00100F0C00100F0C00100F0FF010070
S31500043350F0FF0100F0FF0100F0C00100F0C0010021
S31500043360F0C0C101F000E001F000E001F000E0016E
S31500043370F000E001F000E001F000E001F000E001FF
S31500043380FFFFFF01FFFFFF01FFFFFF010000040035
S3150004339000000F0000C00F0000E01F0000F80F003F
S315000433A000FE0300807F0000800F00000001000083
S315000433B0000000000000000000000000FFFFFF0006
S315000433C0FFFFFF00FFFFFF00F000E000F000E00059
S315000433D0F000E000F000E000F000E000F000E000A3
S315000433E0F0000000F0C00100F0C00100F0C00100D0
S315000433F0F0FF0100F0FF0100F0FF0100F0C0010042
S31500043400F0C00100F0C0C101F000E001F000E001ED
S31500043410F000E001F000E001F000E001F000E0015E
S31500043420F000E001FFFFFF01FFFFFF01FFFFFF01C7
S315000434300070000000F8000000FC030000FE070016
S3150004344000DF0F00C00F1F00E0033E00E00038005D
S315000434500000000000000000000000000000000062
S31500043460FFFFFF00FFFFFF00FFFFFF00F000E0008B
S31500043470F000E000F000E000F000E000F000E00002
S31500043480F000E000F0000000F0C00100F0C0010010
S31500043490F0C00100F0FF0100F0FF0100F0FF0100A1
S315000434A0F0C00100F0C00100F0C0C101F000E0016D
S315000434B0F000E001F000E001F000E001F000E001BE
S315000434C0F000E001F000E001FFFFFF01FFFFFF0154
S315000434D0FFFFFF0180031E00C0073F00E0073F0017
S315000434E0E0073F00C0073F0080031E000000000005
S315000434F0000000000000000000000000FFFFFF00C5
S31500043500FFFFFF00FFFFFF00F000E000F000E00017
S31500043510F000E000F000E000F000E000F000E00061
S31500043520F0000000F0C00100F0C00100F0C001008E
S31500043530F0FF0100F0FF0100F0FF0100F0C0010000
S31500043540F0C00100F0C0C101F000E001F000E001AC
S31500043550F000E001F000E001F000E001F000E0011D
S31500043560F000E001FFFFFF01FFFFFF01FFFFFF0186
S31500043570100000780000FC0000FC0300FC0F00E0D3
S315000435803F00007F0000F80000400000000000003B
S3150004359000000000FEFF07FFFF0FFEFF07000F00FD
S315000435A0000F00000F00000F00000F00000F0000C6
S315000435B00F00000F00000F00000F00000F00000FA7
S315000435C000000F00000F00000F00000F00000F00A6
S315000435D0000F00000F00000F00000F00000F000096
S315000435E00F00FFFF0FFFFF0FFFFF0FFF008000001C
S315000435F0C00300F00300FC0300FE03807F00E00F1D
S3150004360000E001006000000000000000000000006F
S31500043610FEFF07FFFF0FFEFF07000F00000F00006D
S315000436200F00000F00000F00000F00000F00000F36
S3150004363000000F00000F00000F00000F00000F0035
S31500043640000F00000F00000F00000F00000F000025
S315000436500F00000F00000F00000F00000F00FFFF17
S315000436600FFFFF0FFFFF0FFF000600801F00C03F84
S3150004367000E07F00F0FF00F8F0013CC0030E800379
S31500043680000000000000000000000000FEFF07FF2D
S31500043690FF0FFEFF07000F00000F00000F00000FD2
S315000436A000000F00000F00000F00000F00000F00C5
S315000436B0000F00000F00000F00000F00000F0000B5
S315000436C00F00000F00000F00000F00000F00000F96
S315000436D000000F00000F00000F00FFFF0FFFFF0F99
S315000436E0FFFF0FFF38C0017CE003FCF003FCF0038E
S315000436F07CE00338C0010000000000000000000068
S315000437000000FEFF07FFFF0FFEFF07000F00000F7C
S3150004371000000F00000F00000F00000F00000F0054
S31500043720000F00000F00000F00000F00000F000044
S315000437300F00000F00000F00000F00000F00000F25
S3150004374000000F00000F00000F00000F00000F0024
S31500043750FFFF0FFFFF0FFFFF0FFFFFFFFEFF03003B
S31500043760FEFF0F00FEFF3F00E0017E00E001F800CF
S31500043770E001F001E001E001E001E003E001C00343
S31500043780E001C003E0018003E0018007E001800757
S31500043790FF7F8007FF7F8007FF7F8007E0018007A8
S315000437A0E0018007E0018003E001C003E001C003FB
S315000437B0E001E003E001E001E001F001E001F800CE
S315000437C0E0017E00FEFF3F00FEFF0F00FEFF030048
S315000437D00000180080FF1F00E0FF1F00F0FF070035
S315000437E0600000000000000000000000000000006F
S315000437F0FF00FF03FF81FF03FF01FF03F8037000CF
S31500043800F8037000F8077000F8077000780F70006E
S31500043810781F7000781E7000783E7000783C700047
S31500043820787C70007878700078F0700078F0710019
S3150004383078E0710078E0730078C0730078C0770090
S315000438407880770078807F0078007F0078007E009B
S3150004385078007E0078007C00FF077C00FF0F78006C
S31500043860FF0778000000700080000000C00300001D
S31500043870E0070000E01F0000E07F000000FF0100F9
S3150004388000F8030000C0070000000200000000006A
S315000438900000000000FE010080FF0700E0FF0F00AB
S315000438A0F0033F00F8003C00780078003C00F0008C
S315000438B03C00F0001E00E0011E00E0011E00E001D5
S315000438C00F00C0010F00C0030F00C0030F00C003A8
S315000438D00F00C0030F00C0030F00C0030F00C00396
S315000438E00F00C0011E00E0011E00E0011E00E00101
S315000438F03C00F0003C00F00078007800F8003C0042
S31500043900F0033F00E0FF0F0080FF070000FE010008
S315000439100000040000000F0000801F0000E01F00EC
S3150004392000F81F0000FE0300007F0000800F000067
S3150004393000010000000000000000000000FE01007D
S3150004394080FF0700E0FF0F00F0033F00F8003C0093
S31500043950780078003C00F0003C00F0001E00E00116
S315000439601E00E0011E00E0010F00C0010F00C003AD
S315000439700F00C0030F00C0030F00C0030F00C003F5
S315000439800F00C0030F00C0030F00C0011E00E001BA
S315000439901E00E0011E00E0013C00F0003C00F000C7
S315000439A078007800F8003C00F0033F00E0FF0F00C9
S315000439B080FF070000FE01000030000000FC00004C
S315000439C000FE010000FF030080FF0700C0870F0010
S315000439D0E0011E0070001C00000000000000000052
S315000439E00000000000FE010080FF0700E0FF0F005A
S315000439F0F0033F00F8003C00780078003C00F0003B
S31500043A003C00F0001E00E0011E00E0011E00E00183
S31500043A100F00C0010F00C0030F00C0030F00C00356
S31500043A200F00C0030F00C0030F00C0030F00C00344
S31500043A300F00C0011E00E0011E00E0011E00E001AF
S31500043A403C00F0003C00F00078007800F8003C00F0
S31500043A50F0033F00E0FF0F0080FF070000FE0100B7
S31500043A600000180080FF1F00E0FF1F00F0FF0700A2
S31500043A7060000000000000000000000000FE0100DD
S31500043A8080FF0700E0FF0F00F0033F00F8003C0052
S31500043A90780078003C00F0003C00F0001E00E001D5
S31500043AA01E00E0011E00E0010F00C0010F00C0036C
S31500043AB00F00C0030F00C0030F00C0030F00C003B4
S31500043AC00F00C0030F00C0030F00C0011E00E00179
S31500043AD01E00E0011E00E0013C00F0003C00F00086
S31500043AE078007800F8003C00F0033F00E0FF0F0088
S31500043AF080FF070000FE0100C0010E00E0031F0066
S31500043B00E0871F00E0871F00E0031F00C0010E00CE
S31500043B1000000000000000000000000000FE01009C
S31500043B2080FF0700E0FF0F00F0033F00F8003C00B1
S31500043B30780078003C00F0003C00F0001E00E00134
S31500043B401E00E0011E00E0010F00C0010F00C003CB
S31500043B500F00C0030F00C0030F00C0030F00C00313
S31500043B600F00C0030F00C0030F00C0011E00E001D8
S31500043B701E00E0011E00E0013C00F0003C00F000E5
S31500043B8078007800F8003C00F0033F00E0FF0F00E7
S31500043B9080FF070000FE01000280010780030FC0BA
S31500043BA0031FE0033EF0017CF800F87C00F03F00C0
S31500043BB0E01F00C00F00C00F00E01F00F03F00F838
S31500043BC07C007CF8003EF0011FE0030FC003078071
S31500043BD003FFFFFF00FE610080FFF700E0FFFF0028
S31500043BE0F0037F00F8003C0078007E003C00FE00F5
S31500043BF03C00FF001E80FF011E80E7011EC0E70196
S31500043C000FE0C3010FE0C1030FF0C1030FF8C003B7
S31500043C100F78C0030F7CC0030F3EC0030F1EC00302
S31500043C200F1FC0019E0FE0019E07E001DE07E001C1
S31500043C30FC03F000FC01F000F8017800F8003C00F9
S31500043C40F8033F00FCFF0F00BCFF070018FE01004D
S31500043C5080000000C0030000E0070000E01F000031
S31500043C60E07F000000FF010000F8030000C0070029
S31500043C700000020000000000000000000000000038
S31500043C80FF03FF03FF87FF03FF03FF0338007000F2
S31500043C90380070003800700038007000380070007A
S31500043CA0380070003800700038007000380070006A
S31500043CB0380070003800700038007000380070005A
S31500043CC0380070003800700038007000380070004A
S31500043CD03800700078007800780078007800780062
S31500043CE070003C00F0003C00E0031F00C0FF0F0022
S31500043CF080FF070000FE01000000040000001E0013
S31500043D0000801F0000E01F0000F01F0000FC0300FD
S31500043D10007F0000000F0000000300000000000008
S31500043D200000000000000000FF03FF03FF87FF03FD
S31500043D30FF03FF033800700038007000380070007D
S31500043D4038007000380070003800700038007000C9
S31500043D5038007000380070003800700038007000B9
S31500043D6038007000380070003800700038007000A9
S31500043D703800700038007000380070007800780051
S31500043D80780078007800780070003C00F0003C0071
S31500043D90E0031F00C0FF0F0080FF070000FE0100C4
S31500043DA00030000000FC000000FE010000FF0300DC
S31500043DB080FF0700C0870F00E0011E0070001C0092
S31500043DC000000000000000000000000000000000E9
S31500043DD0FF03FF03FF87FF03FF03FF0338007000A1
S31500043DE03800700038007000380070003800700029
S31500043DF03800700038007000380070003800700019
S31500043E003800700038007000380070003800700008
S31500043E1038007000380070003800700038007000F8
S31500043E203800700078007800780078007800780010
S31500043E3070003C00F0003C00E0031F00C0FF0F00D0
S31500043E4080FF070000FE0100C0010E00E0031F0012
S31500043E50E0871F00E0871F00E0031F00C0010E007B
S31500043E600000000000000000000000000000000048
S31500043E70FF03FF03FF87FF03FF03FF033800700000
S31500043E803800700038007000380070003800700088
S31500043E903800700038007000380070003800700078
S31500043EA03800700038007000380070003800700068
S31500043EB03800700038007000380070003800700058
S31500043EC03800700078007800780078007800780070
S31500043ED070003C00F0003C00E0031F00C0FF0F0030
S31500043EE080FF070000FE01000000080000003C00FF
S31500043EF000003F0000C03F0000E03F0000F807005C
S31500043F0000FE0000001E0000000600000000000085
S31500043F100000000000000000FE07FE07FF0FFE0F72
S31500043F20FE07FE07F000F000E0017800E0017800EB
S31500043F30C0033C00C0073E0080071E00000F0F00B0
S31500043F40000F0F00009E070000FE070000FC0300A0
S31500043F5000F8010000F8010000F0000000F0000085
S31500043F6000F0000000F0000000F0000000F0000087
S31500043F7000F0000000F0000000F0000000F0000077
S31500043F80E0FF7F00E0FF7F00E0FF7F00FF7F00FF90
S31500043F90FF00FF7F00E00100E00100E00100E0FF18
S31500043FA003E0FF0FE0FF1FE0013EE0013CE0017883
S31500043FB0E00178E00178E00178E00178E00178E05A
S31500043FC0013CE0013EE0FF1FE0FF0FE0FF03E001DC
S31500043FD000E00100E00100E00100FF7F00FFFF00B8
S31500043FE0FF7F00FF00F8030000FE0F0000FF1F0024
S31500043FF0800F3E00C0033C00C0017800E001780059
S31500044000E0017800E0017800E0017800E001780042
S31500044010E0017800E0013C00E0811F00E0E10F00D0
S31500044020E0E10F00E0E11F00E0013F00E00178005D
S31500044030E001F000E001F000E001F000E001E00141
S31500044040E001E001E001E001E001E001E001F0004F
S31500044050E001F000E0017800E0017E00FFE13F00AE
S31500044060FFE01F0000E0030080000000C001000024
S31500044070E0070000E01F0000E07F000000FF0100F1
S3150004408000F8030000C00700000002000000000062
S315000440900000000000FF0000E0FF0300F8FF0F002F
S315000440A0FC810F0038001E0000001E0000001E00E8
S315000440B000001C0000001C00C07F1C00F0FF1F0055
S315000440C0FCFF1F007E801F001E001C001E001C003B
S315000440D00F001C000F001E000F001E000F801F00A3
S315000440E01EC03F003EF0FF01FCFFF801F87FF0011F
S315000440F0E00F0000000001000080030000E007005C
S3150004410000F8070000FE070080FF0000C01F000043
S31500044110E003000040000000000000000000000072
S3150004412000FF0000E0FF0300F8FF0F00FC810F0012
S3150004413038001E0000001E0000001E0000001C00C7
S3150004414000001C00C07F1C00F0FF1F00FCFF1F00C6
S315000441507E801F001E001C001E001C000F001C0099
S315000441600F001E000F001E000F801F001EC03F0020
S315000441703EF0FF01FCFFF801F87FF001E00F0000BC
S3150004418000180000007E000000FF000080FF010010
S31500044190C0FF0300E0C30700F0000F0038000E0064
S315000441A000000000000000000000000000FF000006
S315000441B0E0FF0300F8FF0F00FC810F0038001E002B
S315000441C000001E0000001E0000001C0000001C0071
S315000441D0C07F1C00F0FF1F00FCFF1F007E801F0035
S315000441E01E001C001E001C000F001C000F001E00F9
S315000441F00F001E000F801F001EC03F003EF0FF018F
S31500044200FCFFF801F87FF001E00F000000000C004D
S31500044210C0FF0F00F0FF0F00F8FF0300300000009E
S3150004422000000000000000000000000000FF000085
S31500044230E0FF0300F8FF0F00FC810F0038001E00AA
S3150004424000001E0000001E0000001C0000001C00F0
S31500044250C07F1C00F0FF1F00FCFF1F007E801F00B4
S315000442601E001C001E001C000F001C000F001E0078
S315000442700F001E000F801F001EC03F003EF0FF010E
S31500044280FCFFF801F87FF001E00F0000E0000700F2
S31500044290F0810F00F0C30F00F0C30F00F0810F0090
S315000442A0E00007000000000000000000000000001D
S315000442B000FF0000E0FF0300F8FF0F00FC810F0081
S315000442C038001E0000001E0000001E0000001C0036
S315000442D000001C00C07F1C00F0FF1F00FCFF1F0035
S315000442E07E801F001E001C001E001C000F001C0008
S315000442F00F001E000F001E000F801F001EC03F008F
S315000443003EF0FF01FCFFF801F87FF001E00F00002A
S31500044310007C000000FF000080FF010080C703004E
S31500044320C0830300C0810300C0810300C08303006F
S3150004433080C7030080FF010000FF0000007C00002E
S31500044340000000000000000000FF0000E0FF030082
S31500044350F8FF0F00FC810F0038001E0000001E004D
S3150004436000001E0000001C0000001C00C07F1C0092
S31500044370F0FF1F00FCFF1F007E801F001E001C00B4
S315000443801E001C000F001C000F001E000F001E0064
S315000443900F801F001EC03F003EF0FF01FCFFF80126
S315000443A0F87FF001E00F0000E0073F00FCDF7F002C
S315000443B0FEFFFF003EFCF1010EF8E00100F8C0012B
S315000443C00078C0030078C0030078C00380FFFF03B1
S315000443D0F0FFFF03FCFFFF037E7800001E78000059
S315000443E00F7800000F7800000F7800000F780000A7
S315000443F00FFC00000FFC80011FFFE103FEEFFF012D
S31500044400FCC7FF00F8013F00007F38C0FF7BF0FFC8
S315000444107FF8817F7C007E3C007C1E00781E00783D
S315000444201E00780F00380F00000F00000F00000F69
S3150004443000000F00000F00001E00001E00003C00DC
S31500044440307C007CF8017FF0FF3FC0FF0F00FF01C6
S31500044450001C00001C0000FC0000FC0100FC030022
S31500044460C00300C003C0C003C0FF03C0FF01007F38
S3150004447000FFFFFF400000E00000F00300F00F0023
S31500044480F03F0080FF0000FC0100E0030000010093
S315000444900000000000007F00E0FF01F0FF07F8C005
S315000444A00F7C000F3E001E1E003E0F003C0F003C1A
S315000444B00F003CFFFF7FFFFF7FFFFF3F0700000F5A
S315000444C000000F00000F00000F00001E00003E0059
S315000444D01CFC803FF8FF3FE0FF0F80FF00FFFFFF5B
S315000444E000000100C00300E00700F80700FE078093
S315000444F0FF00C01F00E003004000000000000000B1
S3150004450000007F00E0FF01F0FF07F8C00F7C000FFA
S315000445103E001E1E003E0F003C0F003C0F003CFFF9
S31500044520FF7FFFFF7FFFFF3F0700000F00000F0024
S31500044530000F00000F00001E00003E001CFC803F20
S31500044540F8FF3FE0FF0F80FF00FFFFFF001C0000A5
S315000445503E00007F00C0FF00E0F703F0E107F880AB
S315000445600F38000E000000000000000000007F006D
S31500044570E0FF01F0FF07F8C00F7C000F3E001E1E8F
S31500044580003E0F003C0F003C0F003CFFFF7FFFFF87
S315000445907FFFFF3F0700000F00000F00000F000021
S315000445A00F00001E00003E001CFC803FF8FF3FE0A9
S315000445B0FF0F80FF00FFFFFFF08003F8C007F8C17C
S315000445C00FF8C10FF8C107F08003000000000000D7
S315000445D0000000007F00E0FF01F0FF07F8C00F7C39
S315000445E0000F3E001E1E003E0F003C0F003C0F0055
S315000445F03CFFFF7FFFFF7FFFFF3F0700000F000028
S315000446000F00000F00000F00001E00003E001CFCFF
S31500044610803FF8FF3FE0FF0F80FF00FF0400001E0D
S3150004462000007E0000FE0100FE0300F00F00803F44
S3150004463000003C00003000000000000000FE0F00F7
S31500044640FE0F00FE0F00000E00000E00000E00001C
S315000446500E00000E00000E00000E00000E00000EFC
S3150004466000000E00000E00000E00000E00000E00FA
S31500044670000E00000E00000E00FFFF3FFFFF3FFF8D
S31500044680FF3FFFFF00400000E00000F80100FE01CC
S3150004469080FF01E03F00F00700F800001000000072
S315000446A00000000000FE0F00FE0F00FE0F00000ECB
S315000446B000000E00000E00000E00000E00000E00AA
S315000446C0000E00000E00000E00000E00000E00009A
S315000446D00E00000E00000E00000E00000E00000E7C
S315000446E000FFFF3FFFFF3FFFFF3FFFFF0006008085
S315000446F01F00C03F00E07F00F0FF00F8F0013CC05F
S31500044700030E8003000000000000000000FE0F00FE
S31500044710FE0F00FE0F00000E00000E00000E00004B
S315000447200E00000E00000E00000E00000E00000E2B
S3150004473000000E00000E00000E00000E00000E0029
S31500044740000E00000E00000E00FFFF3FFFFF3FFFBC
S31500044750FF3FFFFF38C0017CE003FCF003FCF003DD
S315000447607CE00338C001000000000000000000FEE9
S315000447700F00FE0F00FE0F00000E00000E00000EDC
S3150004478000000E00000E00000E00000E00000E00D9
S31500044790000E00000E00000E00000E00000E0000C9
S315000447A00E00000E00000E00000E00FFFF3FFFFF8C
S315000447B03FFFFF3F000000C00100C0071CE08F1F41
S315000447C080FF1F00FE0780FF01E0FF01E0E703E032
S315000447D0C10700800F00001F007F1EC0FF3FF0FFCF
S315000447E03FF8813F7C007E3C007C1E00781E0078EA
S315000447F01E00780F00F00F00F00F00F00F00701E7F
S3150004480000781E00781E00783C003C7C003EF8814F
S315000448101FF0FF0FC0FF0300FF00FFFF000018009A
S3150004482080FF1F00E0FF1F00F0FF0700600000008C
S315000448300000000000000000000000007FE0070008
S315000448407FF80F007FFE1F00700E3C0070073800D3
S31500044850F0037800F0017800F0017800F0007800A9
S31500044860F0007800F0007800F0007800F00078009E
S31500044870F0007800F0007800F0007800F00078008E
S31500044880F0007800F0007800F0007800FE07FF03DF
S31500044890FF07FF07FE07FF03400000E00100F003E7
S315000448A000F00F00F03F0080FF0000FC0100E00371
S315000448B000000100000000000000FF00C0FF03F03C
S315000448C0FF0FF8811F7C003E3C003C1E00781E0052
S315000448D0780F00F00F00F00F00F00F00F00F00F05B
S315000448E00F00F00F00F00F00F01E00781E00783C59
S315000448F0003C7C003EF8811FF0FF0FC0FF0300FF61
S3150004490000FFFFFF00000200800700C00F00F00F49
S3150004491000FC0F00FF01803F00C00700800000007C
S31500044920000000000000FF00C0FF03F0FF0FF88145
S315000449301F7C003E3C003C1E00781E00780F00F0F1
S315000449400F00F00F00F00F00F00F00F00F00F00F53
S3150004495000F00F00F01E00781E00783C003C7C003E
S315000449603EF8811FF0FF0FC0FF0300FF00FFFFFFAB
S31500044970001800007E0000FF0080FF01C0FF03E076
S31500044980C307F0000F38000E00000000000000000E
S315000449900000FF00C0FF03F0FF0FF8811F7C003EFC
S315000449A03C003C1E00781E00780F00F00F00F00F4C
S315000449B000F00F00F00F00F00F00F00F00F00F00F2
S315000449C0F01E00781E00783C003C7C003EF8811FF7
S315000449D0F0FF0FC0FF0300FF00FFFFFF00000CC045
S315000449E0FF0FF0FF0FF8FF03300000000000000087
S315000449F00000000000FF00C0FF03F0FF0FF8811F56
S31500044A007C003E3C003C1E00781E00780F00F00F30
S31500044A1000F00F00F00F00F00F00F00F00F00F0091
S31500044A20F00F00F01E00781E00783C003C7C003E2F
S31500044A30F8811FF0FF0FC0FF0300FF00E00007F03E
S31500044A40810FF0C30FF0C30FF0810FE000070000E1
S31500044A500000000000000000FF00C0FF03F0FF0F8D
S31500044A60F8811F7C003E3C003C1E00781E00780F37
S31500044A7000F00F00F00F00F00F00F00F00F00F0031
S31500044A80F00F00F00F00F01E00781E00783C003C8A
S31500044A907C003EF8811FF0FF0FC0FF0300FF00FFFC
S31500044AA0001E00001F00003F00003F00001F000022
S31500044AB01E00000000000000000000000000FFFFD0
S31500044AC03FFFFF3FFFFF3F00000000000000000023
S31500044AD0000000001E00001F00003F00003F000011
S31500044AE01F00001E00FFFFFF007F60C0FFF3F0FF02
S31500044AF0FFF8817F7C003F3C803F1EC07F1EE07F25
S31500044B000FF0FF0FF8F30FFCF10FFEF00F7FF08F9D
S31500044B103FF0CF1FF0FF0FF0FE0778FE0378FC018D
S31500044B203C7C003EFE811FFFFF0FCFFF0306FF0004
S31500044B3040000000C0010000E0070000E01F000084
S31500044B40E07F000000FF010000F8030000C007003A
S31500044B500000020000000000000000007FC03F00CB
S31500044B607FC03F007FC03F007800380078003800DF
S31500044B70780038007800380078003800780038006B
S31500044B80780038007800380078003800780038005B
S31500044B9078003C0078003C0078003C0078003E0039
S31500044BA078003F00F0803F00F0C13B00F0FFFB03BC
S31500044BB0E0FFF903C07FF803003F00000000040093
S31500044BC000001E0000801F0000E01F0000F01F0010
S31500044BD000FC0300007F0000000F0000000300003B
S31500044BE000000000000000007FC03F007FC03F00BF
S31500044BF07FC03F007800380078003800780038001D
S31500044C0078003800780038007800380078003800DA
S31500044C1078003800780038007800380078003C00C6
S31500044C2078003C0078003C0078003E0078003F00A5
S31500044C30F0803F00F0C13B00F0FFFB03E0FFF90307
S31500044C40C07FF803003F000000380000007C00002D
S31500044C5000FE010000FF030080EF0700E0870F005D
S31500044C60F0011F0070001C0000000000000000009E
S31500044C70000000007FC03F007FC03F007FC03F00B0
S31500044C80780038007800380078003800780038005A
S31500044C90780038007800380078003800780038004A
S31500044CA0780038007800380078003C0078003C0032
S31500044CB078003C0078003E0078003F00F0803F001A
S31500044CC0F0C13B00F0FFFB03E0FFF903C07FF803EC
S31500044CD0003F0000E0010F00F0830F00F0831F0087
S31500044CE0F0831F00F0831F00E0010F0000000000A6
S31500044CF000000000000000007FC03F007FC03F00AE
S31500044D007FC03F007800380078003800780038000B
S31500044D1078003800780038007800380078003800C9
S31500044D2078003800780038007800380078003C00B5
S31500044D3078003C0078003C0078003E0078003F0094
S31500044D40F0803F00F0C13B00F0FFFB03E0FFF903F6
S31500044D50C07FF803003F00000000100000003C0084
S31500044D6000003F0000807F0000E03F0000F80F00D5
S31500044D7000FE0100003E00000006000000000000E6
S31500044D8000000000FF0FFE0FFF0FFE0FFF0FFE0FC8
S31500044D90F000F000F000F000E000F000E001780020
S31500044DA0E0017800C0033C00C0033C0080071E00FD
S31500044DB080071E00000F0F00000F0F00009E070063
S31500044DC0009E070000FC030000FC030000F801003D
S31500044DD000F8010000F0000000F000000070000080
S31500044DE00078000000380000003C0000001C0000B1
S31500044DF0001E0000000F0000C0070000FC030000B6
S31500044E00FC0100007C0000007E000000FF000000A2
S31500044E10FE000000F0000000F0000000F0000000BA
S31500044E20F0000000F0000000F0000000F0F00700C1
S31500044E30F0FC1F00F0FE3F00F00F7C00F003F800CA
S31500044E40F001F001F001E001F000E001F000C00320
S31500044E50F000C003F000C003F000C003F000C0037C
S31500044E60F000C003F000E001F001E001F001F00100
S31500044E70F003F800F00F7C00F0FE3F00F0FC1F008A
S31500044E80F0F00700F0000000F0000000F000000061
S31500044E90F0000000F0000000F0000000F000000048
S31500044EA0F0000000FF3F0000FF7F0000FF3F00000E
S31500044EB080031C00C0073E00C00F3F00C00F3F0028
S31500044EC0C0073E0080031C00000000000000000034
S31500044ED000000000FF0FFE0FFF0FFE0FFF0FFE0F77
S31500044EE0F000F000F000F000E000F000E0017800CF
S31500044EF0E0017800C0033C00C0033C0080071E00AC
S31500044F0080071E00000F0F00000F0F00009E070011
S31500044F10009E070000FC030000FC030000F80100EB
S31500044F2000F8010000F0000000F00000007000002E
S31500044F300078000000380000003C0000001C00005F
S31500044F40001E0000000F0000C0070000FC03000064
S31500044F50FC0100007C000000C425040000000000E1
S31500044F601E000101C8250400000000001E00010106
S31500044F70CC250400000000001E000101D025040019
S31500044F80000000001E000101D425040000000000FA
S31500044F901E000101D8250400000000001E000101C6
S31500044FA0DC250400000000001E000101E0250400C9
S31500044FB0000000001E000101E425040000000000BA
S31500044FC01E000101E8250400000000001E00010186
S31500044FD0EC250400000000001E000101F025040079
S31500044FE0000000001E000101F4250400000000007A
S31500044FF01E000101F8250400000000001E00010146
S31500045000FC250400000000001E0001010026040027
S31500045010000000001E000101042604000000000038
S315000450201E00010108260400000000001E00010104
S315000450300C260400000000001E00010110260400D6
S31500045040000000001E0001011426040000000000F8
S315000450501E00010118260400000000001E000101C4
S315000450601C260400000000001E0001012026040086
S31500045070000000001E0001012426040000000000B8
S315000450801E00010128260400000000001E00010184
S315000450902C260400000000001E0001013026040036
S315000450A0000000001E000101342604000000000078
S315000450B01E00010138260400000000001E00010144
S315000450C03C260400000000001E00010140260400E6
S315000450D0000000001E000101442604000000000038
S315000450E01E000101482604001E0001001E0B081FB5
S315000450F068260400200003001E031723D426040098
S315000451001E0002001E04141F3427040000000000C1
S315000451101E000101382704001D0000001E011C1D8D
S31500045120AC27040021000A001E0D042BD827040016
S315000451301D0005001E041622402804002000E6FF78
S315000451401E0610064C2804001E0001001E001C1F2B
S31500045150C82804001E00F5FF1E05131304290400C5
S315000451601800FCFF1E0512123C2904001400F8FF67
S315000451701E03170C60290400000000001E00010134
S31500045180642904001E0001001E001C1FE0290400FF
S315000451901E00E5FF1E061003E82904001E00F0FFAA
S315000451A01E060E0E042A04001B00FDFF1E0416181C
S315000451B04C2A04002100F4FF1E071015782A040067
S315000451C02100F5FF1E071016A42A04002200E7FF9B
S315000451D01E090E09B82A0400000000001E00010181
S315000451E0BC2A04001D000A001E031827342B0400E1
S315000451F01200F6FF1E0A08083C2B040000000C00EF
S315000452001E080C0C542B04002100F4FF1E07101575
S31500045210802B04001E00F5FF1E051213BC2B040090
S315000452201800FCFF1E051212F42B040023000600CE
S315000452301EFF1E27902C0400230006001EFF1E27B7
S315000452402C2D0400230006001E001D27C82D040073
S315000452501E0001001E06121F282E0400290000004D
S315000452601E001E29CC2E0400290000001E001E2943
S31500045270702F0400290000001E001E2914300400AB
S31500045280260000001E001E25A8300400270000008A
S315000452901E001E27443104002C0000001E001E2C94
S315000452A0F43104001D0000001E001C1D68320400B9
S315000452B01E000C001E02182AE83204002900000011
S315000452C01E0119298C330400290000001E01192926
S315000452D030340400290000001E011929D4340400C6
S315000452E0270000001E01192770350400290000005C
S315000452F01E041429EC350400290000001E04142998
S3150004530068360400290000001E041429E43604004B
S31500045310270000001E0414275C3704001D0000004B
S315000453201E011B1DD0370400260001001E011A268B
S3150004533068380400290001001E021A2A10390400E4
S31500045340290001001E021A2AB839040029000100A6
S315000453501E021A2A603A0400260001001E021A26BA
S31500045360F83A0400270001001E021A28983B04009C
S315000453701800FCFF1E051213D43B04001F00020094
S315000453801E021A1F503C0400290001001E011A2A9D
S31500045390F83C0400290001001E011A2AA03D04005D
S315000453A0290001001E011A2A483E040027000100B4
S315000453B01E011A28E83E0400290000001E011C29CB
S315000453C08C3F04001D0000001E02171DE43F04006C
S315000453D0200001001E00192168400400220001007B
S315000453E01E031923F4400400220001001E0319239E
S315000453F080410400220001001E0319230C4204000C
S31500045400200001001E0319208C4204002000010024
S315000454101E03192110430400250001001E0319264A
S31500045420A8430400170001001E011A1808440400CA
S3150004543017000C001E031723744404002200010005
S315000454401E031723E0440400220001001E03172351
S315000454504C450400220001001E031723B84504002E
S31500045460200001001E0317211C4604002200000030
S315000454701E04162284460400220000001E0416227E
S31500045480EC460400220000001E04162254470400C1
S31500045490200000001E041620B44704002100010069
S315000454A01E0318221C480400200000001E011B1FB6
S315000454B098480400220001001E021823044904002F
S315000454C0220001001E021823704904002200010074
S315000454D01E021823DC490400200001001E021820C5
S315000454E03C4A0400200001001E021821A04A0400C0
S315000454F01A00FDFF1E041617E84A040018000200ED
S315000455001E021818304B0400220001001E011A2343
S31500045510BC4B0400220001001E011A23484C04005F
S31500045520220001001E011A23D44C040020000100AD
S315000455301E011A21584D040022000B001E011C2CCA
S31500045540084E040020000A001E001A2AB04E040069
S3150004555020000B001E011C2A800000392C0080004C
S31500045560FF000000584F0400B025040000FFFFFFB1
S315000455703C7E7E3C3C3C3C3C3C3C3C3C3C3C3C3CDD
S31500045580181800000000003C7E7FFFFF7F7E3CFF72
S315000455903FFC3FFC3F7C3E7C3E7C3E7C3E7C3E7C2E
S315000455A03E7C1E781E781C381C381C380070E000BF
S315000455B000F0E0000070F000007870000038700021
S315000455C00038700000387800003C3800F8FFFF0F00
S315000455D0FCFFFF0FF8FFFF0F000E1E00000E1E005B
S315000455E0000F0E0000070E0000070F00000707005B
S315000455F080070700FFFFFF01FFFFFF03FFFFFF0117
S31500045600C0810300C0C10300E0C10100E0C0010085
S31500045610E0E00100F0E0000070E0000070F000003F
S3150004562070600000000E00001E00001E00001E0038
S31500045630001E00001E00E07F0EF8FF1EFCFF1F3E4A
S31500045640DE1F1E1E1F0E1E1E0F1E1E1E1E0CFE1EFF
S3150004565000FE7F00FCFF03F8FF0FC0FF1F00FE1FC4
S31500045660001E3E061E3C0F1E3C0F1E1C1F1E1E7FE8
S315000456709E1FFFFF0FEFFF038EFF00001E00001E9C
S3150004568000001E00001E00001E00000E00FFFFFFAB
S31500045690F0010000F8070000FC0F00001E1E0000C9
S315000456A00E1C80030F1CC003073CE003073CF001FB
S315000456B00F1CF8000E1C7C001E1E3E00FC0F1F0073
S315000456C0F8870F00F0C1070000E0030000F00000B7
S315000456D0007C0000003EF800001FFE01800FFF035F
S315000456E0C0878707E0830307F081030FF8C0030E22
S315000456F07CC0030E3C80030F1C80030700808707D1
S315000457000000FF030000FE010000F800803F00E0F7
S31500045710FF00F0FF03F8E0037880033C80033C803D
S31500045720033C80033C00003C00003C000078000081
S31500045730F80000F00100F00100F8037EFC077EBECD
S315000457400F7F1E1F070F3E070FBE070FFC0307F848
S31500045750030FF0030FE0030FF0071FF80FFE7F7F20
S31500045760FC3FFEF80F7CE00700FFFFFF3F3F3F3F93
S315000457703F3F1E1E1E1E1E1E1E0CFFFF0038003C51
S31500045780003F801FC007C003E001F001F00078006D
S315000457903C003C001C001E001E000E000E000F0004
S315000457A00F000F000F000F000F000F000F000E0078
S315000457B01E001E001E003C003C0078007800F0002D
S315000457C0F001E003C007800F001F003E003C0010FC
S315000457D007000F003F007E00FC00F000E001E0033C
S315000457E0C00380078007000F000F001E001E001E66
S315000457F0001C003C003C003C003C003C003C003CDF
S31500045800001C001C001E001E001E000F000F800757
S315000458108007C003E003F001F8007C003E001F008F
S315000458200F000200001E00001E00001E00001E00E5
S31500045830001E00001E000E1E1C7E8C1FFEED1FFEA9
S31500045840FF1FF0FF01001E00003F00807F00C0F331
S3150004585000E0F301F0E103F0C003F0C0036080014F
S31500045860000E00001E00001E00001E00001E0000A8
S315000458701E00001E00001E00001E00FFFF3FFFFF6B
S315000458803FFFFF3F001E00001E00001E00001E001A
S31500045890001E00001E00001E00001E00000E00FF79
S315000458A0F801F801FC01FC00FC007C007E003E00CF
S315000458B03E001E001E000F000F000700FFFF3FFF03
S315000458C0FF3FFFFF3FFFFFFF3C7EFFFFFFFF7E3CE6
S315000458D000000E00000F00000F0080070080070084
S315000458E0C00300C00300C00100E00100E00100F0B5
S315000458F00000F000007800007800003C00003C0046
S31500045900001C00001E00001E00000F00000F008097
S315000459100700800700C00300C00300C00300E001C5
S3150004592000E00100F00000F00000780000780000BC
S315000459303800003C00003C00001E00001E00000F62
S3150004594000000F0000070000801F00E07F00F0FF4A
S3150004595000F8F0017CE0033CC0031E80071E8007AC
S315000459600F00070F000F0F000F0F000F0F000F0F90
S31500045970000F07000E07000E07000F07000F0F00A9
S315000459800F0F000F0F000F0F000F0F00071E8007E9
S315000459901E80073CC0037CE003F8F001F0FF00E042
S315000459A07F00801F00FFFFFF000700E00F00FC0FD1
S315000459B000FF0F007F0F000F0F00000F00000F0005
S315000459C0000F00000F00000F00000F00000F000082
S315000459D00F00000F00000F00000F00000F00000F63
S315000459E000000F00000F00000F00000F00000F0062
S315000459F0000F00000F00000F00FFFF07FFFF07FF67
S31500045A00FF07FFFFC01F00F87F00FEFF003FF00105
S31500045A100FE0030FC0030F80030F80070E800700FB
S31500045A20800700C00300C00300E00300F00100F09B
S31500045A300100F800007C00003E00001F00801F00EB
S31500045A40C00F00E00700F00307F8010FFC000F7E0B
S31500045A50000F3F000FFFFF0FFFFF0FFFFF07FFFFC2
S31500045A60E01F00F87F00FEFF003EF0011EC0031E8B
S31500045A70C0031E80070E800700800700800700C051
S31500045A800300C00300F00180FF00C07F0080FF0117
S31500045A9000E00300C00700800700800700000F0035
S31500045AA0000F00000F00000F0080070280070FC0E0
S31500045AB0033FE003FFFF01FCFF00E01F00FFFFFFC1
S31500045AC000E00000F00000F80000FC0000FC00000C
S31500045AD0FE0000FF0080EF0080E700C0E300E0E383
S31500045AE000E0E100F0E000F8E0007CE0003CE000CB
S31500045AF03EE0001FE000FFFF3FFFFF3FFFFF3F00C8
S31500045B00E00000E00000E00000E00000E00000E04B
S31500045B100000FF1F00FF1F00FF1FFFFFF8FF07F82D
S31500045B20FF07F8FF07380000380000380000380087
S31500045B30003C00003C00003C00003C7F00FCFF01F0
S31500045B40FCFF03FCE00738800700000F00000F008D
S31500045B50000F00001E00001E00001E00001E0000B4
S31500045B600F00000F04800F1E80077EE003FEFF0374
S31500045B70F8FF00C03F00FFFF00E00300FC0700FF42
S31500045B8007C03F00E00700F00100F80000780000BD
S31500045B903C00001C00001E00001E00000E3F00EF2B
S31500045BA0FF00FFFF01FFE0033FC0071F800F1F0038
S31500045BB00F0F000F0F000F0F000F0F000F0E000F37
S31500045BC01E000F1E800F3CC007F8E003F0FF01E043
S31500045BD0FF00803F00FFFFFFFFFF07FFFF07FFFFF8
S31500045BE00707800707C00307C00307E00107E001B2
S31500045BF000E00100F00000F00000780000780000EA
S31500045C007C00003C00003C00001E00001E00000F4B
S31500045C1000000F00000F00800700800700C003008B
S31500045C20C00300C00300E00100E00100E00000FF43
S31500045C30801F00E07F00F8FF01F8F0013CC0031E5E
S31500045C4080071E80071E80071E80071E80071E8091
S31500045C50073CC003F8F001F0FF00E07F00F8FF0105
S31500045C607CE0033EC0071E80070F000F0F000F0FD6
S31500045C70000F0F000F0F000F0F000F1E80073EC00E
S31500045C80077CE003F8FF01F0FF00801F00FFFFFF21
S31500045C90C01F00F07F00F8FF007CF0013EC0031F28
S31500045CA080070F80070F00070F000F0F000F0F006C
S31500045CB00F0F000F0F800F1F800F1EC00F7CF00FF9
S31500045CC0FCFF0FF07F0FC00F07008007008007005E
S31500045CD0800300C00300E00100F00100F800007E2C
S31500045CE000C03F00FE0F00FE03007E0000FFFFFF22
S31500045CF03C7EFFFFFFFF7E3C00000000000000002A
S31500045D003C7EFFFFFFFF7E3CF000F801FC03FC0332
S31500045D10FC03FC03F801F000000000000000000092
S31500045D200000000000000000F801F801FC01FC007E
S31500045D30FC007C007E003E003E001E001E000F009C
S31500045D400F00070000000000003800007E00803FBE
S31500045D5000E00F00F80300FF00C03F00F00F00FC56
S31500045D600300FE00003F00007F0000FE0100F8076C
S31500045D7000E01F00807F0000FE0100F80700C01F3E
S31500045D8000007F00007C000030FFFFFFFFFF3FFFA5
S31500045D90FF3FFFFF3F00000000000000000000007E
S31500045DA000000000000000000000FFFF3FFFFF3F6F
S31500045DB0FFFF3FFF0000000E00003F0000FE000052
S31500045DC0FC0300E00F00803F0000FE0100F807001E
S31500045DD0E01F00803F00007E00007F00C03F00F00F
S31500045DE00F00FC0300FF00C03F00F00F00FC0100A1
S31500045DF07F00001F0000060000FFFFFFE01F00FCFD
S31500045E007F00FFFF001FF0010FE0010FC0030FC06A
S31500045E10030FC00300C00300E00100F00100FC0012
S31500045E20007F00C03F00C00F00C00300C00300C0D5
S31500045E300300C00300800100000000000000000011
S31500045E4000000000C00300E00700E00700E00700D0
S31500045E50E00700E00700C00300FFFFFF00F80700AB
S31500045E6000FE1F0080FF7F00C00FFC00E001F00170
S31500045E70F000C0037800800338F080071CF81D0783
S31500045E801CFC1F070E1E1F070E0E0F070E0F0F0E0C
S31500045E900F070F0E87070F0E87030707878307076A
S31500045EA08783070787C3870787E7CF038EFFFE012C
S31500045EB00E7FFE000E1E78001C0000003C00000051
S31500045EC078000000F0010E00E0FF0F00C0FF0F0095
S31500045ED000FE0100E0FF0100E0FF0300E0FF030015
S31500045EE000F8070000380700003C0700003C0F00DC
S31500045EF0001C0E00001E1E00001E1E00000E1C00CC
S31500045F00000F3C00000F3C000007380080077800B3
S31500045F1080077800C0037000C0FFFF00C0FFFF00C9
S31500045F20E0FFFF00E001E001E001E001F000C00154
S31500045F30F000C003F000C00378008007FF07FC1FD1
S31500045F40FF07FC3FFF07FC1FFFFF0100FFFF0700E1
S31500045F50FFFF1F00F0001F00F0003C00F0003C00B3
S31500045F60F0003800F0007800F0007800F0007800C7
S31500045F70F0003C00F0003C00F0001F00F0FF0F00B2
S31500045F80F0FF1F00F0FF3F00F0007C00F000F0007F
S31500045F90F000F000F000E001F000E001F000E001A4
S31500045FA0F000E001F000F000F000F800F0007C00E2
S31500045FB0FFFF7F00FFFF1F00FFFF070000FE70804A
S31500045FC0FF73E0FF7FF0037FF8007C7C007C3C00DD
S31500045FD0783E00781E00701E00700F00200F00002F
S31500045FE00F00000F00000F00000F00000F00000F4D
S31500045FF000000F00000F00000F00001E00001E002E
S31500046000001E00003C00007C0060F800F8F003FF6E
S31500046010E0FF7FC0FF1F00FE01FFFFFFFFFF01003F
S31500046020FFFF0700FFFF1F00F0003F00F0007C00A9
S31500046030F000F800F000F000F000F001F000E001DC
S31500046040F000E001F000C001F000C003F000C0035E
S31500046050F000C003F000C003F000C003F000C0036A
S31500046060F000C003F000C001F000E001F000E00120
S31500046070F000F001F000F000F000F800F0007C0001
S31500046080F0003F00FFFF1F00FFFF0700FFFF0100B6
S31500046090FFFFFF00FFFFFF00FFFFFF00F000E0002F
S315000460A0F000E000F000E000F000E000F000E000A6
S315000460B0F000E000F0000000F0C00100F0C00100B4
S315000460C0F0C00100F0FF0100F0FF0100F0FF010045
S315000460D0F0C00100F0C00100F0C0C101F000E00111
S315000460E0F000E001F000E001F000E001F000E00162
S315000460F0F000E001F000E001FFFFFF01FFFFFF01F8
S31500046100FFFFFF01FFFFFF01FFFFFF01FFFFFF018D
S31500046110E000E001E000E001E000E001E000E00171
S31500046120E000E001E000E001E000C001E0800300DF
S31500046130E0C00300E0C00300E0FF0300E0FF03004B
S31500046140E0FF0300E0C00300E0C00300E0800300BA
S31500046150E0000000E0000000E0000000E0000000B5
S31500046160E0000000E0000000E0000000FF7F000007
S31500046170FFFF0000FF7F000000FCE10080FFF70046
S31500046180C0FFFF00E007FE00F001F800F800F80089
S315000461907C00F0003C00F0003C00F0001E004000D3
S315000461A01E0000001E0000000E0000000F0000008C
S315000461B00F0000000F0000000F0000000FE0FF03B7
S315000461C00EE0FF071EE0FF031E00E0001E00E000D5
S315000461D03C00E0003C00E0007C00E0007800E000C9
S315000461E0F001F000E003FC00C0FF7F0080FF3F00E9
S315000461F000FE0300FF03FF03FF87FF03FF03FF0304
S3150004620078007800780078007800780078007800C4
S3150004621078007800780078007800780078007800B4
S315000462207800780078007800F8FF7F00F8FF7F0098
S31500046230F8FF7F007800780078007800780078000E
S315000462407800780078007800780078007800780084
S31500046250780078007800780078007800FF03FF0360
S31500046260FF87FF03FF03FF03FEFF07FFFF0FFEFF8A
S3150004627007000F00000F00000F00000F00000F00C2
S31500046280000F00000F00000F00000F00000F0000B9
S315000462900F00000F00000F00000F00000F00000F9A
S315000462A000000F00000F00000F00000F00000F0099
S315000462B0000F00000F00FFFF0FFFFF0FFFFF0FFF90
S315000462C0C0FFFF01E0FFFF01C0FFFF0100800700E0
S315000462D00080070000800700008007000080070098
S315000462E00080070000800700008007000080070088
S315000462F00080070000800700008007000080070078
S315000463000080070007800700078007000780070052
S31500046310078007000780070007800700078007003B
S3150004632007C003000FC003003FF00100FEFF010099
S31500046330FC7F0000E01F0000FF07FF03FF8FFF0341
S31500046340FF07FF03F0007C00F0003E00F0001F0092
S31500046350F0800F00F0C00700F0E00300F0F0010049
S31500046360F0F80000F07C0000F03E0000F0FF0000B2
S31500046370F0FF0300F0FF0700F0E70700F0810F00CD
S31500046380F0000F00F0001E00F0001E00F0001E00DA
S31500046390F0003C00F0003C00F0007800F000F8004B
S315000463A0FF1FF007FF1FF007FF1FC007FFFF0000D6
S315000463B0FFFF0100FFFF0000E0010000E001000014
S315000463C0E0010000E0010000E0010000E00100003F
S315000463D0E0010000E0010000E0010000E00100002F
S315000463E0E0010000E0010000E0010000E0014000DF
S315000463F0E001E001E001E001E001E001E001E0018B
S31500046400E001E001E001E001E001E001E001E0017A
S31500046410E001E001FFFFFF01FFFFFF01FFFFFF01B6
S31500046420FE00F007FF01F80FFE01F807F803FC0170
S31500046430F803FC01F803FC01F807FE01F807FE0166
S315000464407807EE01780FEF01780FEF01788EE701F8
S31500046450789EE701789CE30178FCE30178FCE3018C
S3150004646038F8E10138F8C10138F8C10138F0C00143
S3150004647038F0C0013800C0013800C0013800C0013E
S315000464803800C0013800C001FF03FC0FFF03FE0FF4
S31500046490FF03FC0FFF00FF03FF81FF03FF01FF0360
S315000464A0F8037000F8037000F8077000F80770002E
S315000464B0780F7000781F7000781E7000783E7000A8
S315000464C0783C7000787C70007878700078F0700002
S315000464D078F0710078E0710078E0730078C073009A
S315000464E078C077007880770078807F0078007F0016
S315000464F078007E0078007E0078007C00FF077C0030
S31500046500FF0F7800FF0778000000700000FE01000E
S3150004651080FF0700E0FF0F00F0033F00F8003C0097
S31500046520780078003C00F0003C00F0001E00E0011A
S315000465301E00E0011E00E0010F00C0010F00C003B1
S315000465400F00C0030F00C0030F00C0030F00C003F9
S315000465500F00C0030F00C0030F00C0011E00E001BE
S315000465601E00E0011E00E0013C00F0003C00F000CB
S3150004657078007800F8003C00F0033F00E0FF0F00CD
S3150004658080FF070000FE0100FFFF0700FFFF1F005A
S31500046590FFFF3F00E0017C00E001F800E001F001AC
S315000465A0E001E001E001E001E001E001E001E001D9
S315000465B0E001E001E001E001E001F001E001F800A2
S315000465C0E0017C00E0FF7F00E0FF1F00E0FF070022
S315000465D0E0010000E0010000E0010000E00100002D
S315000465E0E0010000E0010000E0010000E00100001D
S315000465F0FFFF0000FFFF0100FFFF000000FE010097
S3150004660080FF0700E0FF1F00F0033F00F8007C0056
S31500046610780078003C00F0003E00F0001E00E00127
S315000466201E00E0010E00C0010F00C0030F00C003EE
S315000466300F00C0030F00C0030F00C0030F00C00308
S315000466400F00C0030E00C0011E00E0011E00E001A1
S315000466503E00F0013C00F0007C007800F8007C006D
S31500046660F0033F00E0FF1F00C0FF070000FF01002A
S3150004667080070000C0030000E0014000F0FFE000D6
S31500046680F0FFFF01F0FFFF00F0803F00FFFF030073
S31500046690FFFF0F00FFFF1F00F0003F00F0007C002B
S315000466A0F0007800F0007800F000F000F000F00050
S315000466B0F0007800F0007800F0007C00F0003E0066
S315000466C0F0FF1F00F0FF0700F0FF0100F0E00300F9
S315000466D0F0800700F0000F00F0001E00F0001E001E
S315000466E0F0003C00F0003C00F0007800F000780078
S315000466F0F000F000FF1FE007FF1FE00FFF1F8007F9
S31500046700C01F1EF0FF1EF8FF1F7CE01F1E801F1E09
S31500046710001F0F001E0F001C0F00000F00001F00BB
S3150004672000FE0000FE0F00FCFF00F8FF03F0FF0769
S3150004673080FF0F00F01F00801F00003E07003C078B
S31500046740003C0F003C0F003C1F003C1F001E7F0056
S315000467501EFF810FFFFF07EFFF03077F00FFFFFF09
S31500046760FFFFFFFFFFFFFFFFFF0F3CF00F3CF00FA3
S315000467703CF00F3CF00F3CF00F3CF00F3CF00F3CAC
S31500046780F0073CE0003C00003C00003C00003C00FC
S31500046790003C00003C00003C00003C00003C0000C3
S315000467A03C00003C00003C00003C00003C00F8FFBC
S315000467B01FF8FF1FF8FF1FFFFF03FF03FF87FF03F9
S315000467C0FF03FF03380070003800700038007000C3
S315000467D0380070003800700038007000380070000F
S315000467E038007000380070003800700038007000FF
S315000467F038007000380070003800700038007000EF
S315000468003800700038007000380070007800780096
S31500046810780078007800780070003C00F0003C00B6
S31500046820E0031F00C0FF0F0080FF070000FE010009
S31500046830FF0FF81FFF0FFC3FFF0FF81FF000C00308
S31500046840F000C003F000C001E001E001E001E00156
S31500046850C001E000C003F000C003F0008003700034
S31500046860800778008007780000073800000F3C0096
S31500046870000F3C00000E1C00001E1E00001E1E0021
S31500046880001C0E00003C0F00003C0F0000380700FF
S3150004689000F8070000F8070000F0030000F003000A
S315000468A000F0030000E00100FF07F83FFF07F83F90
S315000468B0FF07F83F38000007380000073800800754
S315000468C0780080077800800778E0810778E0810700
S315000468D078E0810370F0830370F0830370F0C303E0
S315000468E0F0F8C703F0B8C703F038C703F03CC70194
S315000468F0F01CCF01E01CCE01E01ECE01E01EFE011D
S31500046900E00EFC01E00FFC01E00FFC01E007FC00D7
S31500046910E007F800C007F800C003F800C003F00061
S31500046920FE0FFE07FE0FFE07FE0FFE07E001F8004E
S31500046930E0037800C0033C0080073E00800F1F0080
S31500046940000F0F00009E070000FE070000FC030076
S3150004695000F8010000F0010000F8010000F8010051
S3150004696000FC030000BE0700009E0F00000F0F008E
S3150004697080071E00C0073E00C0033C00E00178000B
S31500046980F001F800F000F000FF07FF0FFF07FF0F0C
S31500046990FF07FF0FFE07FE07FF0FFE0FFE07FE07AA
S315000469A0F000F000E0017800E0017800C0033C004C
S315000469B0C0073E0080071E00000F0F00000F0F00E7
S315000469C0009E070000FE070000FC030000F801001B
S315000469D000F8010000F0000000F0000000F00000E4
S315000469E000F0000000F0000000F0000000F00000DD
S315000469F000F0000000F0000000F00000E0FF7F005F
S31500046A00E0FF7F00E0FF7F00FEFF1FFEFF3FFEFF6B
S31500046A101F0E001F0E800F0E80070EC0070EE00328
S31500046A200EE0010EF0010EF800007800007C000074
S31500046A303E00001E00000F00800F00C00700C003C8
S31500046A403CE0033CF0013CF0003CF8003C7C003C9C
S31500046A503C003C3E003CFFFF3FFFFF3FFFFF3FFF84
S31500046A60FF1FFF1FFF1F0F000F000F000F000F0077
S31500046A700F000F000F000F000F000F000F000F0094
S31500046A800F000F000F000F000F000F000F000F0084
S31500046A900F000F000F000F000F000F000F000F0074
S31500046AA00F000F000F000F000F000F000F00FF1F55
S31500046AB0FF1FFF1F0700000F00000F00001E00004D
S31500046AC01E00003C00003C000038000078000078FE
S31500046AD00000F00000F00000E00100E00100C00347
S31500046AE000C00300C00300800700800700000F00F9
S31500046AF0000F00001E00001E00001C00003C0000E9
S31500046B003C0000780000780000F00000F00000E08F
S31500046B100100E00100C00100C00300C003008007BB
S31500046B2000800700000F00000F00000EFF1FFF1F6C
S31500046B30FF1F001E001E001E001E001E001E001E5B
S31500046B40001E001E001E001E001E001E001E001E4B
S31500046B50001E001E001E001E001E001E001E001E3B
S31500046B60001E001E001E001E001E001E001E001E2B
S31500046B70001E001E001E001E001EFF1FFF1FFF1F1B
S31500046B80000300800700C00700C00F00E01F00E0FC
S31500046B901F00F03C00F03C007878007878003CF068
S31500046BA0003CF0001EE0011EE0010FC0030FC0030D
S31500046BB0078003FFFFFFFFFFFFFFFFFFFFFFFFFF4E
S31500046BC004001E007E00FF01FE03F00FC03F003EDE
S31500046BD00030FFFF00FF0000E0FF0300F8FF0F0096
S31500046BE0FC810F0038001E0000001E0000001E007D
S31500046BF000001C0000001C00C07F1C00F0FF1F00EA
S31500046C00FCFF1F007E801F001E001C001E001C00CF
S31500046C100F001C000F001E000F001E000F801F0037
S31500046C201EC03F003EF0FF01FCFFF801F87FF001B3
S31500046C30E00F00007F000000FF000000FF000000DE
S31500046C40F0000000F0000000F0000000F00000007A
S31500046C50F0000000F0000000F0F00700F0FC1F0058
S31500046C60F0FE3F00F00F7C00F007F800F003F000A0
S31500046C70F001E001F000E001F000C001F000C00303
S31500046C80F000C003F000C003F000C003F000C0032E
S31500046C90F000C003F000C003F000E001F001E001E1
S31500046CA0F003F000F007F8007E0F7C007FFE3F0043
S31500046CB07EFC1F0000F00700007F38C0FF7BF0FF5A
S31500046CC07FF8817F7C007E3C007C1E00781E007865
S31500046CD01E00780F00380F00000F00000F00000F91
S31500046CE000000F00000F00001E00001E00003C0004
S31500046CF0307C007CF8017FF0FF3FC0FF0F00FF00EF
S31500046D0000F03F0000F03F0000F03F0000003C00B0
S31500046D1000003C0000003C0000003C0000003C0079
S31500046D2000003C0000003C00803F3C00E0FF3C00CB
S31500046D30F0FF3D00F8C03F007C803F003E003F006E
S31500046D401E003E001E003C000F003C000F003C00ED
S31500046D500F003C000F003C000F003C000F003C00FD
S31500046D600F003C001E003C001E003E003E003F009B
S31500046D707C803F00F8C0FB01F0FFF903E0FFF80157
S31500046D80803F0000007F00E0FF01F0FF07F8C00F1E
S31500046D907C000F3E001E1E003E0F003C0F003C0F01
S31500046DA0003CFFFF7FFFFF7FFFFF3F0700000F0050
S31500046DB0000F00000F00000F00001E00003E001C24
S31500046DC0FC803FF8FF3FE0FF0F80FF0000F807005C
S31500046DD0FE3F00FF3F800F3C800700C00300C00356
S31500046DE000C00300C00300C00300C00300C00300CA
S31500046DF0FFFF07FFFF0FFFFF07C00300C00300C02C
S31500046E000300C00300C00300C00300C00300C003A6
S31500046E1000C00300C00300C00300C00300C0030099
S31500046E20C00300FFFF07FFFF0FFFFF07803FF801C6
S31500046E30E0FFF803F0FFF901F8C03B007C003F00D7
S31500046E403E003E001E003E001F003C000F003C00BA
S31500046E500F003C000F003C000F003C000F003C00FC
S31500046E600F003C000E003C001E003E003E003E00AB
S31500046E707C003F00F8C03F00F0FF3D00E0FF3C000F
S31500046E80803F3C0000003C0000003C0000003C0049
S31500046E9000003C0000003C0000001E0000001E0034
S31500046EA0F8800F00F8FF0700F8FF030080FF0000DA
S31500046EB07F0000007F0000007F00000070000000DB
S31500046EC070000000700000007000000070000000F8
S31500046ED07000000070E0030070F80F0070FE1F00E1
S31500046EE0701F3E0070073C00F0033800F001780084
S31500046EF0F0007800F0007800F0007800F0007800E8
S31500046F0070007800700078007000780070007800D7
S31500046F1070007800700078007000780070007800C7
S31500046F2070007800FF07FF03FF87FF03FF07FF03D7
S31500046F30000F00000F00000F00000F00000F0000FC
S31500046F400F00000000000000000000000000FE0F1B
S31500046F5000FE0F00FE0F00000E00000E00000E00E3
S31500046F60000E00000E00000E00000E00000E0000D1
S31500046F700E00000E00000E00000E00000E00000EB3
S31500046F8000000E00000E00000E00FFFF3FFFFF3F53
S31500046F90FFFF3FFF00C00300E00300E00300E0033F
S31500046FA000E00300C0030000000000000000000031
S31500046FB00000F8FF03F8FF03F8FF0300C00300C056
S31500046FC00300C00300C00300C00300C00300C003E5
S31500046FD000C00300C00300C00300C00300C00300D8
S31500046FE0C00300C00300C00300C00300C00300C008
S31500046FF00300C00300C00300C00300C00300C003B5
S3150004700000C00304C0031EE0017EF001FEFF00F889
S315000470107F00C03F00FFFFFFFF000000FF000000ED
S31500047020FF000000F0000000F0000000F000000087
S31500047030F0000000F0000000F0000000F0C0FF01C6
S31500047040F0C0FF01F0C0FF01F0003E00F0001F0099
S31500047050F0C00F00F0E00700F0F00300F0F80000C5
S31500047060F07C0000F0FE0000F0FF0100F0FF0100DC
S31500047070F0EF0300F0C30700F0810F00F0001F00DB
S31500047080F0001E00F0003E00F0007C00FF87FF03C6
S31500047090FF87FF03FF87FF03FC1F00FE1F00FC1F83
S315000470A000001E00001E00001E00001E00001E0040
S315000470B0001E00001E00001E00001E00001E000030
S315000470C01E00001E00001E00001E00001E00001E02
S315000470D000001E00001E00001E00001E00001E0010
S315000470E0001E00001E00001E00001E00001E00FE02
S315000470F0FF3FFFFF7FFEFF3F3F3CF0017FFEF803AB
S315000471007FFFFC07F8E38F07F8E10707F8C00707D6
S31500047110F8C0030FF8C0030F78C0030F78C0010F3F
S3150004712078C0010F78C0010F78C0010F78C0010F35
S3150004713078C0010F78C0010F78C0010F78C0010F25
S3150004714078C0010F78C0010FFFC30F3FFFC30F7F45
S31500047150FFC30F3F7FE007007FF80F007FFE1F008D
S31500047160700E3C0070073800F0037800F0017800D8
S31500047170F0017800F0007800F0007800F000780064
S31500047180F0007800F0007800F0007800F000780055
S31500047190F0007800F0007800F0007800F000780045
S315000471A0F0007800FE07FF03FF07FF07FE07FF0353
S315000471B000FF00C0FF03F0FF0FF8811F7C003E3C78
S315000471C0003C1E00781E00780F00F00F00F00F0040
S315000471D0F00F00F00F00F00F00F00F00F00F00F0BA
S315000471E01E00781E00783C003C7C003EF8811FF0AF
S315000471F0FF0FC0FF0300FF007EF007007FFC1F00A7
S315000472007EFE3F00700F7C00F003F800F001F001F1
S31500047210F001E001F000E001F000C003F000C0035B
S31500047220F000C003F000C003F000C003F000C00388
S31500047230F000E001F001E001F001F001F003F800D4
S31500047240F00F7C00F0FE3F00F0FC1F00F0F007009A
S31500047250F0000000F0000000F0000000F000000064
S31500047260F0000000F0000000F0000000F000000054
S31500047270FF3F0000FF7F0000FF3F0000803FF80152
S31500047280E0FFF803F0FFF901F8C03B007C003F0083
S315000472903E003E001E003E001F003C000F003C0066
S315000472A00F003C000F003C000F003C000F003C00A8
S315000472B00F003C000E003C001E003E003E003E0057
S315000472C07C003F00F8C03F00F0FF3F00E0FF3C00B9
S315000472D0803F3C0000003C0000003C0000003C00F5
S315000472E000003C0000003C0000003C0000003C00A4
S315000472F000003C0000F0FF0300F8FF0300F0FF036A
S31500047300FE001FFFC07FFEF07FE0F831E03C00E0A6
S315000473101E00E00E00E00700E00300E00300E001C9
S3150004732000E00100E00100E00100E00100E00100EE
S31500047330E00100E00100E00100E00100FFFF03FFBF
S31500047340FF03FFFF03FFFFFFC01F0EF8FF1EFCFF36
S315000473501F3EE01F1E801F0E001F0F001E1E000C86
S315000473603E0000FE1F00FCFF01FCFF07F0FF0F00BC
S31500047370FF1F00801F00003E06003C0F003C0F006C
S315000473801E3F001EFF800FFFFF0FEFFF030EFF00DF
S31500047390800300C00300C00300C00300C00300C094
S315000473A00300C00300C00300C00300FFFF1FFFFF6C
S315000473B03FFFFF1FC00300C00300C00300C003005B
S315000473C0C00300C00300C00300C00300C00300C024
S315000473D00300C00300C00300800360800770800FB1
S315000473E0FE00FF7F00FE1F00F803FFFF7FC03F0083
S315000473F07FC03F007FC03F00780038007800380027
S3150004740078003800780038007800380078003800B2
S3150004741078003800780038007800380078003800A2
S3150004742078003C0078003C0078003C0078003E0080
S3150004743078003F00F0803F00F0C13B00F0FFFB0303
S31500047440E0FFF903C07FF803003F0000FF0FFE0FC3
S31500047450FF0FFE0FFF0FFE0F7800F000F000F000A4
S31500047460F000F000E0017800E0017800E0013C0063
S31500047470C0033C00C0033C0080071E0080071E00BA
S3150004748000070F00000F0F00000F0F00009E0700FB
S31500047490009E0700009C030000FC030000FC0300A0
S315000474A000F8010000F8010000F00000FF03E03FCF
S315000474B0FF03F03FFF03E03F3C00000F3C00000FDA
S315000474C03C00000738E0010778E0810778F081077F
S315000474D078F0830370F0830370F8C303F0F8C703EE
S315000474E0F038C701E03CCF01E01CEF01E01DEE01DE
S315000474F0E01FFE00C00FFE00C00FFC00C00FFC0022
S31500047500C0077C00C007780080037800FF07FF03EC
S31500047510FF07FF03FF07FF03F0013C00E0013E0005
S31500047520E0031F00C0870F0080CF070000FF0300A1
S3150004753000FE010000FC000000FC000000FE01004B
S3150004754000FF030080CF0700C0C70700C0830F00F9
S31500047550E0011F00F0003E0078007C00FF83FF037B
S31500047560FF83FF03FF83FF03FF0FFE0FFF0FFE0FD3
S31500047570FF0FFE0FF000F000F000F000E000F00056
S31500047580E0017800E0017800C0033C00C0033C0041
S3150004759080071E0080071E00000F0F00000F0F005B
S315000475A0009E0700009E070000FC030000FC030089
S315000475B000F8010000F8010000F0000000F00000EF
S315000475C0007000000078000000380000003C000055
S315000475D0001C0000001E0000000F0000C007000091
S315000475E0FC030000FC0100007C000000FEFF1FFEFF
S315000475F0FF1FFEFF1F1E801F1EC00F1EE0071EE09A
S31500047600030EF00100F800007C00003E00003F007D
S31500047610801F00C00F00C0071CE0033CF0013CF8CB
S31500047620003C7C003C7E003CFFFF3FFFFF3FFEFF2B
S315000476301FFFFFFF00F00100FC0100FE01001F0018
S31500047640000F008007008007008007008007008085
S31500047650070080070080070080070080070080037A
S3150004766000800300C00300C00300F00100FF000017
S315000476707F0000FF0000F00100C00300C00300808B
S31500047680030080030080070080070080070080074E
S31500047690008007008007008007008007008007003D
S315000476A0800700000F00001F0000FE0100FC01001F
S315000476B0F001FFFF070F0F0F0F0F0F0F0F0F0F0F25
S315000476C00F0F0F0F0F0F0F0F0F0F0F0F0F0F0F0FC0
S315000476D00F0F0F0F0F0F0F0F0F0F0F0F0F0F0FFFC0
S315000476E01F00007F0000FF0000F00100E00100C061
S315000476F00300C00300C00300C00300C00300C003AE
S3150004770000C00300C00300C0030080030080030020
S31500047710800700800700001F0000FE0100FC010036
S31500047720FE01001F0080070080070080030080031D
S3150004773000C00300C00300C00300C00300C0030070
S31500047740C00300C00300C00300C00300C00300E080
S315000477500100F00100FF00007F00001F0000FFFF92
S31500047760000010F8073CFEFF3FFFFF1F07F8070263
S315000477700000FFFF6C550400000000001E0001011C
S31500047780705504001E0001001E0B081F90550400CE
S315000477901E00F0FF1E07100EAC5504001E0001006B
S315000477A01E001C1E24560400200003001E0416237B
S315000477B0905604001E0001001E011C1F0C570400F5
S315000477C01E0001001E03181F6C5704001E00F0FF64
S315000477D01E0B060E7C57040021000B001E070E2A02
S315000477E0D057040021000B001E080E2A245804005A
S315000477F01E00F7FF1E041614605804001A00FDFF4D
S315000478001E041615A0580400070007001E090A0ED8
S31500047810BC5804001000F3FF1E041603C8580400E5
S31500047820070001001E0A0808D058040021000700BA
S315000478301E041428485904001E0001001E04141FC7
S31500047840A85904001F0000001E05131E045A040054
S315000478501E0000001E04141E605A04001E000100CF
S315000478601E04141FC05A04001E0000001E03161E28
S315000478701C5B04001D0001001E04151E785B040039
S315000478801F0001001E04141FD85B04001D00010024
S315000478901E05131D305C04001E0001001E05141F86
S315000478A0905C04001E0002001E04141FF05C040019
S315000478B0170001001E0A0818085D040017000700D7
S315000478C01E090A1E445D04001A00FEFF1E03171754
S315000478D08C5D04001500F8FF1E04160DB45D04004B
S315000478E01A00FEFF1E041717FC5D04001E000100AB
S315000478F01E06121F5C5E04001A0004001E011C1EF4
S31500047900D45E04001D0000001E001E1D485F040016
S315000479101D0000001E01191DBC5F04001E000100AD
S315000479201E02181F1C6004001D0000001E011A1D03
S31500047930906004001D0000001E01191D046104006E
S315000479401D0000001E01191D786104001E000100BF
S315000479501E021B1FF46104001D0000001E011A1DF7
S31500047960686204001D0000001E04141DC0620400A9
S315000479701D0001001E02191E386304001D000000CC
S315000479801E011B1DAC6304001D0000001E01191D11
S31500047990206404001D0000001E001C1D94640400E5
S315000479A01D0001001E011A1E0C6504001E000100C4
S315000479B01E021A1F886504001D0000001E01191D01
S315000479C0FC6504001E0007001E021A248C660400CF
S315000479D01D0000001E011C1D006704001E0001009E
S315000479E01E03161F606704001D0000001E02181DFA
S315000479F0B86704001D0001001E011A1E3068040049
S31500047A001D0001001E001E1EA86804001D000100C2
S31500047A101EFF1E1E206904001D0000001E011C1D01
S31500047A20946904001D0000001E011C1D086A040060
S31500047A301D0000001E04161D606A040020000A00D2
S31500047A401E080D2AB46A0400210007001E04142827
S31500047A502C6B040020000A001E080D2A806B04000B
S31500047A601E00F4FF1E051211B46B0400F9FF0A0090
S31500047A701EFF2003C06B04002200E7FF1E060E094A
S31500047A80D46B0400170001001E031918346C04009B
S31500047A90200001001E001A21B86C04001700010022
S31500047AA01E031718006D0400200001001E031A218E
S31500047AB0846D0400170001001E031718CC6D040022
S31500047AC0200000001E0416202C6E040017000A0075
S31500047AD01E031A21B06E0400200000001E011A20A5
S31500047AE0306F0400210000001E041621946F040068
S31500047AF021000A001E04122B187004002000000046
S31500047B001E011A2098700400200000001E0417208D
S31500047B10F8700400170000001EFF1F1754710400BC
S31500047B20170000001E011B17B071040017000100A6
S31500047B301E021818F871040017000A001E001A2104
S31500047B407C72040017000A001E031A210073040045
S31500047B50170000001E0317174873040017000100DE
S31500047B601E041618907304001D0001001E02181E40
S31500047B70EC730400170001001E011A184C7404006B
S31500047B80170001001E011C18AC7404001700010044
S31500047B901EFF1E180C750400170000001E011A179C
S31500047BA06875040017000B001E011C21EC75040007
S31500047BB0170000001E0416173476040020000A007D
S31500047BC01E05112AB476040021000A001E0D042B9A
S31500047BD0E076040020000A001E07112A60770400DC
S31500047BE01100F5FF1E031606800000392C00200044
S31500047BF07E000000747704005855040083F8FCF8EE
S31500047C000007F8F4F080D0C0A8CCB09878FFA8900C
S31500047C1068FFB09470FFB8A080FFD0C4B0A3F8F892
S31500047C20F80083F8FCF80082F8FCF80009E0DCD0E0
S31500047C3080B09070FF90BCD8FF68B4F8FF58B0F8D5
S31500047C40FF58B0F8FF68B8F8FF98B8D0FFB0907046
S31500047C50FFE8E4E08082F8FCF8000FF8FCF800F88E
S31500047C60FCF800D0C4B0CCA8B0B0FF60B4F8FF48AC
S31500047C70D8A0FF38E870FF00E848FF00E848FF3066
S31500047C80E870FF40D8A0FF68B8F8FFA8A498FFD80A
S31500047C90D0C0CCF8FCF800F8FCF80004F8FCF800B6
S31500047CA0E0DCD080A8B4B8FF58B0F8FF38EC70FF19
S31500047CB08500E848FF0438E870FF58B0F8FFB0A81C
S31500047CC098FFF0E8E080F8FCF80003F8F4F033B02D
S31500047CD09878FF68B8F8FF38EC70FF8700E848FF2B
S31500047CE00338E870FF68B8F8FFB09470FFF8FCF842
S31500047CF00002D0C0A8CC98C0E0FF50DCA0FF8900E9
S31500047D00E848FF0280C4F8FFA8BCC8FFE0D4C8A4B2
S31500047D1002B8A488FF68B8F8FF38EC70FF8900E859
S31500047D2048FF0260E4A0FF80C0F8FFC8B098FF01D6
S31500047D30B8A488FF68B8F8FF8B00E848FF0168B864
S31500047D40F8FFB8A488FF01B8A080FF68B8F8FF8BD5
S31500047D5000E848FF0160B4F8FFB8A080FF02B8A0AD
S31500047D6080FF68B8F8FF38EC70FF8900E848FF0226
S31500047D7018E860FF80C0F8FFC8B098FF02D0C0A81A
S31500047D80CC98C0E0FF28E470FF8900E848FF028031
S31500047D90C4F8FFA8BCC8FFE0D4C88303F8F4F00015
S31500047DA0B09878FF68B8F8FF20E860FF8700E848D5
S31500047DB0FF0338E870FF68B8F8FFB09470FFF8FC6A
S31500047DC0F80004F8FCF800E0DCD0CCA8B4B8FF58FE
S31500047DD0B0F8FF18E860FF8500E848FF0438E8704B
S31500047DE0FF58B0F8FFB0A898FFF0E8E080F8FCF878
S31500047DF0000FF8FCF800F8FCF800D0C4B0CCA8B02A
S31500047E00B0FF60B4F8FF48D8A0FF30E870FF00E880
S31500047E1048FF00E848FF30E870FF80C4F8FF60B40C
S31500047E20F8FFA8A498FFD8D0C0CCF8FCF800F8FC5A
S31500047E30F80082F8FCF80009E0DCD0CCB09070FFC2
S31500047E4090BCD8FF68B8F8FF58B0F8FF50ACF8FFFC
S31500047E5068B8F8FF98B8D0FFB09070FFE8E4E08007
S31500047E6082F8FCF80083F8FCF80007F8F4F033D045
S31500047E70C0A8CCB89C80FFA89068FFB09470FFB8E7
S31500047E80A080FFD0C4B0CCF8F8F80083F8FCF80062
S31500047E9001000616FC7B04009402000000000000AA
S31500047EA000000000000000001000100083F8FCF839
S31500047EB00007F8F4F0FFD0C0A8B3B09878FFA890F4
S31500047EC068FFB09470FFB8A080FFD0C4B0B3F8F8D0
S31500047ED0F80083F8FCF80082F8FCF80009E0DCD02E
S31500047EE080B09070FF90BCD8FF68B4F8FF58B0F823
S31500047EF0FF58B0F8FF68B8F8FF98B8D0FFB0907094
S31500047F00FFE8E4E03382F8FCF8000FF8FCF800F828
S31500047F10FCF800D0C4B0B3A8B0B0FF60B4F8FF90CA
S31500047F20CCF8FFD8ECF8FFF8FCF8FFF8FCF8FFD023
S31500047F30E8F8FF88C8F8FF68B8F8FFA8A498FFD83F
S31500047F40D0C0B3F8FCF800F8FCF80004F8FCF8001C
S31500047F50E0DCD080A8B4B8FF58B0F8FFE8F4F8FF26
S31500047F6085F8FCF8FF04E0F0F8FF58B0F8FFB0A875
S31500047F7098FFF0E8E033F8FCF80003F8F4F033B0C7
S31500047F809878FF68B8F8FFF0F8F8FF87F8FCF8FF70
S31500047F9003E0F0F8FF68B8F8FFB09470FFF8FCF857
S31500047FA00002D0C0A8B398C0E0FFA8D4F8FF89F8AF
S31500047FB0FCF8FF0280C4F8FFA8BCC8FFE0D4C88060
S31500047FC002B8A488FF68B8F8FFF0F8F8FF89F8FC4F
S31500047FD0F8FF02C8E4F8FF80C0F8FFC8B098FF01B4
S31500047FE0B8A488FF68B8F8FF8BF8FCF8FF0168B8F6
S31500047FF0F8FFB8A488FF01B8A080FF68B8F8FF8B23
S31500048000F8FCF8FF0160B4F8FFB8A080FF02B8A03E
S3150004801080FF68B8F8FFF0F8F8FF89F8FCF8FF026B
S31500048020C8E4F8FF80C0F8FFC8B098FF02D0C0A823
S31500048030B398C0E0FFA8D4F8FF89F8FCF8FF0280E3
S31500048040C4F8FFA8BCC8FFE0D4C88003F8F4F00065
S31500048050B09878FF68B8F8FFF0F8F8FF87F8FCF8EE
S31500048060FF03E0F0F8FF68B8F8FFB09470FFF8FC7F
S31500048070F80004F8FCF800E0DCD080A8B4B8FF5897
S31500048080B0F8FFE8F4F8FF85F8FCF8FF04E0F0F830
S31500048090FF58B0F8FFB0A898FFF0E8E033F8FCF812
S315000480A0000FF8FCF800F8FCF800D0C4B0B3A8B090
S315000480B0B0FF60B4F8FF90CCF8FFD0E8F8FFF8FC06
S315000480C0F8FFF8FCF8FFC8E4F8FF80C4F8FF60B4D2
S315000480D0F8FFA8A498FFD8D0C0B3F8FCF800F8FCC1
S315000480E0F80082F8FCF80009E0DCD080B09070FF5C
S315000480F090BCD8FF68B8F8FF58B0F8FF50ACF8FF4A
S3150004810068B8F8FF98B8D0FFB09070FFE8E4E08054
S3150004811082F8FCF80083F8FCF80007F8F4F033D092
S31500048120C0A8B3B89C80FFA89068FFB09470FFB84D
S31500048130A080FFD0C4B0B3F8F8F80083F8FCF800C8
S3150004814001000616AC7E0400940200000000000044
S315000481500000000000000000100010008F901A0FAD
S31500048160901A17BED8E697DE75DE74DE53DE31DE6E
S3150004817010D611DE32DE32DE11D60FDE2DB5901AA0
S315000481800F901AD8E6F9FF97FF55FF33FF11FFF05A
S31500048190FEF0FE11FF33FF76FF54FF10FFEEDD9075
S315000481A01A0F901A97DE97FF57FF58FF57FF36FFAF
S315000481B016FF36FF58FF9AFF91B6D3DE13FFCFD5CD
S315000481C0901A0F901A96DE97FF9AFFDFFFDFF7BF2C
S315000481D0F7DFF7DFFFFFFF7BDF25252D9E55FFCF5A
S315000481E0D5901A0F901A96DE98FF9BFFDFFFDEFFED
S315000481F0BEF7BEF7FFFF7BDF0425E20C4FAE34FF6C
S31500048200CFD5901A0F901A75DEB9FF91AEAA55FF15
S31500048210FFDFFFFFFF18C72635031DA1044EA63452
S31500048220FFCED5901A0F901A74DEB9FF70A6E21429
S315000482300E76DFFF17BF8845C10CC214728EF5E6B1
S31500048240F1FEADD5901A0F901A53DEB8FF70A6A1B1
S3150004825004C214B39EAA55A00404250E76DFF7576C
S31500048260FF6CFE6BD5901A0F901A33DE97FFB2BEE1
S315000482704635031DE214E2140425EC65FFFFFFFFF7
S31500048280D3FE08FE49D5901A0F901A32DE33FF9AB0
S31500048290FF7BDF0425031DC2140E76FFFFDEFFDF1E
S315000482A0F791FEC6FD28D5901A0F901AEFD5D0FE89
S315000482B037FFFFFF7BDF25255186DFF7FFFFDFF75B
S315000482C0FFF790FEC5FD28D5901A0F901ACED58DCE
S315000482D0FEB1FE36FF79FF70B6F5E657FFD3FE9181
S315000482E0FE90FEEAFDC5FD28D5901A0F901ACDDD45
S315000482F0ACFE6BFE8DFED0FE33FFF1FE6CFE08FE77
S31500048300C6FDC5FDC5FDE5FD27DD901A09901A0DCC
S31500048310B5ACDD8BD58CD5AED5CED5ADD56BD54923
S31500048320D58228D50227DDA9B4901A8F901AFFFFAB
S315000483300100020E5C810400D2010000000000006E
S315000483400000000000000000100010008F901A0FBB
S31500048350901A17BED8E697DE75DE74DE53DE32DE7B
S3150004836010DE10D6EFD5EFD5CED5CDDD0DB5901AEE
S315000483700F901AD8E6F9FF97FF75FF53FF12FFF027
S31500048380FECFFECEFEADFE8CFE8CFEACFEACDD90CA
S315000483901A0F901A97DE97FF37FF37F716F7F5F699
S315000483A0F5F6F4F6D4F6D3F6D3F66EFE4AFE8BD57E
S315000483B0901A03901A75DE75FF37F7865DE7045E3B
S315000483C0E792F629FE6BD5901A04901A74DE53FFD1
S315000483D016F75DE7853CE7045DE791F628FE6AD566
S315000483E0901A04901A53DE12FFF5F65DE7853CE712
S315000483F0045DE770F607FE4AD5901A04901A32DE39
S31500048400F0FEF5F65DE7853CE7045DE770F607FEEA
S3150004841049D5901A04901A10DECFFEF4F65DE7856E
S315000484203CE7045DE770F6E6FD49D5901A04901A18
S3150004843010D6CEFED4F65DE7853CE7045DE76FF61D
S31500048440E6FD29D5901A04901AEFD5ADFED3F65D54
S31500048450E7853CE7045DE74FF6C5FD28D5901A0489
S31500048460901AEFD58CFED3F65EE7855DE7047FE7C9
S315000484704FF6C5FD28D5901A05901ACED58CFE6EFA
S31500048480FE92F691F68270F6066FF64FF64FF6EA0E
S31500048490F5C5FD28D5901A09901ACDDDACFE4AFE25
S315000484A029FE28FE07FE07FEE6FDE6FD82C5FD025F
S315000484B0E5FD27DD901A09901A0DB5ACDD8BD56B59
S315000484C0D56AD54AD549D549D529D58228D502278D
S315000484D0DDA9B4901A8F901A0100020E4C83040091
S315000484E08C010000000000000000000000000000F5
S315000484F010001000546F74616C2047466F726365F8
S3150004850000FFFFFF0000000000000000F4840400E8
S315000485100C000000646973706C61795F31000000BF
S31500048520646973706C61795F315F63616E766173E0
S3150004853000000000746F74616C0000007469746C50
S315000485406500000077696E646F7731003485040036
S315000485501F00030000100050000000008800000007
S3150004856001000000070000001A0000000D280200A8
S31500048570000000000000000014003200DB0063006D
S315000485800000000000000000E4000000BC03FE1F21
S315000485903C8504001E00020000C0005000000000DC
S315000485A07400000001000000070000001A0000002B
S315000485B09D270200000000000000000000000000EB
S315000485C0EF0031004C85040000000000700000003C
S315000485D0A803FE1F4485040080000100000000403B
S315000485E0000000006C010000020000000200000010
S315000485F01A000000A528020000000000E92E02006F
S3150004860000000000EF003F01000000009085040018
S315000486100000000068D40620D4850400244E0420FB
S315000486200000000000000000670000006D2F73C208
S31500048630B200000025632532642E253033642025DC
S315000486407300FFFF77696E646F77310000010102E2
S3150004865001020203010202030203030401020203EC
S3150004866002030304020303040304040501020203D0
S3150004867002030304020303040304040502030304BC
S3150004868003040405030404050405050601020203A4
S31500048690020303040203030403040405020303049C
S315000486A00304040503040405040505060203030480
S315000486B0030404050304040504050506030404056C
S315000486C00405050604050506050606070001030755
S315000486D00F1F3F7F49320200393102007D3102000B
S315000486E0D9320200BD3102006D31020002000310CE
S315000486F0040000001C00000013000000030E00101C
S31500048700FFFFFFFFFFFFFFFFFFFFFFFFFFFFFFFF6F
S31500048710523746533747323748334130314346435D
S3150004872057533134343141313030000000000000F9
S3150004873002B06400F000000001000810F3E0BFB6C8
S31500048740057933498B43F24F1693A05D1E7A1DD8E3
S31500048750700D7A8242786A5EC35C0B19040050116C
S3150004876000000040FFFF0008FFC110081FFF1B05A3
S315000487707F0028073F002F063E8047804C806A0012
S3150004878064806B00820056806E00BD80B0808300DA
S315000487906F005B80700072007100730074007500D6
S315000487A08A8086808D80CF8076006C006D00B580CF
S315000487B07B007A007C00A0807700780079009080A6
S315000487C09A80978084009D80A3807D00D580D88080
S315000487D0A6808500AD80A980DE807E007F008000B3
S315000487E0810000000607021000000000FFFF0000E1
S315000487F0002000000001000000000100FFFF3F0010
S31500048800008000000001000006070110000010406F
S31500048810FFFF104040000000040000000A0004109E
S31500048820070B0B0F0000FE1FFFFFFF1F00000020B9
S31500048830FFFF032000000420FFFF072000E00F20B5
S31500048840FFFF0F2001070010080040000050004001
S315000488500803011000520040015F00100100000CE3
S3150004886000000040011F001001000001000C004040
S315000488700003001001000001000D00400107001074
S315000488800100000100E07F40000300100100100019
S3150004889000C07F40E0010310B0010310C0010310C3
S315000488A0200003105400031030000F10700403104E
S315000488B000080710100003104604031041050310B6
S315000488C040070310000C0310400407104204031071
S315000488D044040310D0050310E0050B10F005031043
S315000488E00F07071040090310000E0711400E03106E
S315000488F0600E03106000071010040310B007071081
S31500048900800403100200001003000001003005403B
S3150004891007030300000F00100A00200000000740B0
S31500048920000F0010020000010020074002000010A2
S315000489300E000001008007403F1F1F1F0F0F0F0F7F
S3150004894007070707070700000003001001001000CF
S31500048950F08F0740000300100400000100200440CB
S315000489600003001002000001004008400007001048
S315000489700600000100500840000700100200001025
S315000489800000054000070010020000040020064015
S315000489900200001002000002004006400707000023
S315000489A0000700110200000100E00440010300106A
S315000489B0C00004000008044008030110000D044030
S315000489C0040002100200000200C005402B2B000028
S315000489D07F007F003F000F007F006F001F000F0025
S315000489E0040001100C00200000000440070B0B0BD0
S315000489F00B03030303030303FFCFFFC7FFFFFFFFBD
S31500048A00FF30FF30FFFFFFFFFFFFFFFFFFFFFF38D1
S31500048A10FFFFFFFFFFFFFF00FF3F7F00FFFFE301B4
S31500048A20FFFF0307FF0003000400021001002000FB
S31500048A300010084003000000FFFFFF0F03000000C2
S31500048A40000300100100000200000064011700107A
S31500048A500100001000000940001F00200100000270
S31500048A600000064001030010010000010044064016
S31500048A700103001001000001004506400103001037
S31500048A800100000800500640000300100200000424
S31500048A9000580640FFFFFFFFFFFFFFFFFFFFFFFF3A
S31500048AA0FFFFFFFFFFFFFFFFFFFFFFFFFFFFFFFFCC
S31500048AB0FFFFFFFFFFFFFFFFFFFFFFFFFFFFFFFFBC
S31500048AC0FFFFFFFFFFFFFFFFFFFFFFFFFFFFFFFFAC
S31500048AD0FFFFFFFFFFFFFFFFFFFFFFFFFFFFFFFF9C
S31500048AE0FFFFFFFFFFFFFFFF725ABC9E010000005D
S31500048AF001000000FFFFFFFF01000000010000006D
S31500048B00FFFFFFFFFFFFFFFFFFFFFFFF0100000066
S31500048B1001000000FFFFFFFF01000000010000004C
S31500048B20FFFFFFFFFFFFFFFFFFFFFFFF0100000046
S31500048B3001000000FFFFFFFF01000000010000002C
S31500048B40FFFFFFFFFFFFFFFFFFFFFFFF0100000026
S31500048B5001000000FFFFFFFF01000000010000000C
S31500048B60FFFFFFFFFFFFFFFFFFFFFFFF0100000006
S31500048B7001000000FFFFFFFF0100000001000000EC
S31500048B80FFFFFFFFFFFFFFFFFFFFFFFF01000000E6
S31500048B9001000000FFFFFFFF0100000001000000CC
S31500048BA0FFFFFFFFFFFFFFFFFFFFFFFF01000000C6
S31500048BB001000000FFFFFFFF0100000001000000AC
S31500048BC0FFFFFFFFFFFFFFFFFFFFFFFF01000000A6
S31500048BD001000000FFFFFFFF01000000010000008C
S31500048BE0FFFFFFFFFFFFFFFFFFFFFFFF0100000086
S31500048BF001000000FFFFFFFF01000000010000006C
S31500048C00FFFFFFFFFFFFFFFFFFFFFFFF0100000065
S31500048C100100000001000000FFFFFFFF010000004B
S31500048C200100000001000000FFFFFFFF010000003B
S31500048C3001000000FFFFFFFF01000000010000002B
S31500048C40FFFFFFFFFFFFFFFFFFFFFFFF0100000025
S31500048C5001000000FFFFFFFF01000000010000000B
S31500048C60FFFFFFFFFFFFFFFFFFFFFFFF0100000005
S31500048C7001000000FFFFFFFF0100000001000000EB
S31500048C80FFFFFFFFFFFFFFFFFFFFFFFF03000012D1
S31500048C900D0020007E00000068AD04000000000006
S31500048CA002100521FF541CFF5016FF490EFF410612
S31500048CB0FF3900FE3200F72A00EF2200660C00009E
S31500048CC00043F27144F272FF8CFF038CFF0382FAB5
S31500048CD00082FA0070E70070E7005AD1005AD1000A
S31500048CE043BB0043BB00FFFF000005EE0000A64E99
S31500048CF000000026CE0000CA2A0000004AAA00008E
S31500048D00EC080004FFFFFFFFFFFFFF680000906808
S31500048D100035C300000000B840005F99000060FF02
S31500048D20FFFFFFFFFFFF0C0002F60200A255000042
S31500048D30001AE00000BE3800000036C30000DA1B4B
S31500048D4000000052A60000F1020000FF000000002F
S31500048D50CC0F000000000000FF14000000005BD8E8
S31500048D60FFF0990F0041FF690A26BB4A008EE40012
S31500048D7000000000007DF927000000000012CEF17B
S31500048D80720C000000000A77ECE95D0000000000A8
S31500048D900D9BFF5A000000000000C1C9000B000033
S31500048DA00000A8C801CD9C250846F571002AA3E257
S31500048DB0FFDA730200000000FF1400000000000048
S31500048DC0C80F00000039D1F0A50C00000000C03E19
S31500048DD0000009E76012BA8D0000004CB3000000E1
S31500048DE040DE000044DF000003D12B00000058C61B
S31500048DF000002AF70000629D0000000040DF00002A
S31500048E0045DF0009DA1C0000000008E66012BA8C8F
S31500048E1000788739D1F0A50C0039D1F1A50D13DD01
S31500048E2019E76012BA8D0000000000008E7140DE62
S31500048E30000044DF000000000020D80758C60000E8
S31500048E402AF70000000000A45B0040DF000045DFB5
S31500048E500000000031CD010008E66012BA8C000063
S31500048E600000BA4500000039D1F1A50D000013A792
S31500048E70EFE564000000000000A2BE1344FC1400E9
S31500048E8000000000D4730034FE140000000000AAA1
S31500048E90B650E78D00000000000048FFF975000099
S31500048EA00000000015CFFFC401000000773900C49C
S31500048EB0E955FB69000035FF293EFF4B0086F33177
S31500048EC0009DC50064FF0D0006C3E858FD4000463A
S31500048ED0FF38000013D9FFB5000002C5D2320D4990
S31500048EE0D6FFFC9A2B00119AEEF9DB841E68C67431
S31500048EF08CFF0382FA0070E7005AD10043BB00FFDF
S31500048F000000697D000CE834006ABD0000CE6400F0
S31500048F1016FF1D004FEC00006ECB00007FBB000067
S31500048F207FBB00006ECB00004FEB000016FF1C0059
S31500048F3000D06200006CBC00000DE9330000697DBE
S31500048F401DC5050000C16B00004BDA000005EE3EAE
S31500048F500000AD8600007AC1000059E0000048F226
S31500048F60000048F2000059E000007AC10000AC8617
S31500048F700005ED40004ADB0100C06C001DC605007B
S31500048F800000BA3B00005638D26A582478E5FFFE42
S31500048F90B72E007DEDEE130010E62994870000112C
S31500048FA000040D000000000E84080000000000000C
S31500048FB01CFF100000000000001CFF100000000051
S31500048FC000001CFF1000000064FFFFFFFFFFFFFF0F
S31500048FD0540000001CFF100000000000001CFF10DD
S31500048FE00000000000001CFF100000000000000E3E
S31500048FF08008000000FFFFFF0089EE360090FE8621
S315000490000000A26E0040E71409CD35000000000000
S3150004901044FFFFFFE0FFFFFF97EB2597EB25FFFFDC
S31500049020000000002AE70100000000779C00000011
S315000490300000C44F0000000013F50B000000005DA3
S31500049040B60000000000AA690000000005F01D003B
S3150004905000000044D00000000000908300000000DF
S3150004906000DD36000000002AE70100000000779DBD
S315000490700000000000C3500000000013F40B0000C1
S3150004908000005DB60000000000AA6A0000000000AF
S31500049090000055D6F8D24B00000044FB5D0867FA81
S315000490A0370000C2AC000000B9B30009FD6500003A
S315000490B00074F60227FF4600000053FF1A31FF3EF4
S315000490C00000004AFF2426FF4600000054FF19074B
S315000490D0FC6500000076F40100BFAB000000BDB0E3
S315000490E0000042FB5F0868FA3500000055D7F9D343
S315000490F04A0000FF002883F588000008FFFFFF8868
S315000491000000000000F4880000000000F48800005D
S31500049110000000F4880000000000F488000000004D
S3150004912000F4880000000000F4880000000000F449
S31500049130880000000000F488000094FFFFFFFFFF92
S31500049140E8FFFFFF0030B3F0F0BD3200001EF688E2
S315000491501318A0EF1B00002900000009F96E000097
S315000491600000000000EB8500000000000034FF4E04
S31500049170000000000002C2D202000000000086F7D0
S3150004918032000000000069FE55000000000062FD88
S3150004919071000000000062FD78000000000035FE4A
S315000491A0FEEEFBFFFFFF24FF0027ADEEF3C94F00E1
S315000491B00002CB911A0E83FD410000080000000056
S315000491C0F0960000000000000EFA7E000000000881
S315000491D039BED71300000024FFFFE234000000006C
S315000491E00007277CF75F000000000000009DE900EF
S315000491F000210000000090F6014CF56B130C57F5A6
S315000492008800005BBFEFF5D06B0100FF0000000093
S3150004921027F6E0000000000003C9FFE0000000009C
S31500049220007BFCAAE0000000002FF98384E0000024
S315000492300006D0C00388E000000085E8190088E035
S31500049240000036F943000088E00000ABFFFFFFFF93
S31500049250FFFFFF70000000000088E000000000002F
S31500049260000088E00000000000000088E00000FF25
S315000492700045FFFFFFFFFF80000058FE05000000C9
S315000492800000006AEC000000000000007DD500002C
S3150004929000000000008FE7D1F6D9760400003D8275
S315000492A01F1065FB86000000000000009BF503000C
S315000492B0000000000073FF0D001800000000ABE280
S315000492C00051ED5C0F1379FE50000266C4F1F3C43D
S315000492D0480000FF00001499E9F9CF5300000BD6AB
S315000492E0AB280A668400007ED90500000000000051
S315000492F0D87C0000000000000BFF5D8FEDE9A2158D
S31500049300001DFFDF680C2DD5BA001BFF6F0000009F
S3150004931055FF1404F67800000035FF3000B1C9008B
S31500049320000060FC12002DF6851331E08D0000006C
S3150004933038C1F7E9800500FF34FFFFFFFFFFFFFE9A
S3150004934024000000000003CA8A0000000000007127
S31500049350D806000000000011F355000000000000CC
S3150004936076E304000000000000DF82000000000035
S315000493700026FF4600000000000064FE1000000006
S3150004938000000094E700000000000000B3CE0000D7
S315000493900000000000C7BF00000000FF000068D600
S315000493A0F7DC5A0000005FFB520B46F3450000ABA6
S315000493B0B800000095A6000078D401000090BF0014
S315000493C000049AA11215EA83000016BFFFF5E0E037
S315000493D0110001C8DF344DBC9707002DFF3900008A
S315000493E0008ABE0130FF2900000048FF2501B7C8E6
S315000493F034082ECAE10A000C85DBF8E39F1F00FF40
S31500049400001195E4F5B92F000002C2C224127AF1C4
S31500049410220034FF35000000B49D0035FF2F000004
S315000494200074E50009E3B41E0B59D3FF06002DB7FB
S31500049430EFEB8869FF0900000000000083F60000D6
S315000494400000000000BEC500000000000029FD6BFE
S315000494500000915B0830D4CA0500005ED5FAE79394
S315000494600F0000FF97EB2597EB2500000000000096
S3150004947000000000000000000097EB2597EB25FF95
S315000494800097EB250097EB25000000000000000084
S315000494900000000000000000000000000089EE3615
S315000494A00090FE860000A26E0040E71409CD350048
S315000494B0000000000000000000044EAF4E00000053
S315000494C02C8CE9E188180F69CAF09B3F01000064FF
S315000494D0FFAA0F00000000000F6ACBEF9A3E0100BE
S315000494E0000000002C8DE9E187180000000000044C
S315000494F04FB04EFF64FFFFFFFFFFFFFF5400000065
S315000495000000000000000000000000000000000051
S31500049510000000000000000064FFFFFFFFFFFFFFE4
S3150004952054FFFFFF5CA9480300000000001E8EE6FE
S31500049530E4862600000000000345A1F2C4630B0084
S315000495400000000014B3FF5400000244A0F2C564F6
S315000495500B1E8DE6E587260000005CAA4903000081
S31500049560000000FF004ED0F8E5900614D0500944E0
S31500049570F8810000000000B5BA0000000001D89888
S31500049580000000006BF62400000034F95D000000C2
S3150004959000C9AD000000001CFF4600000000117C5D
S315000495A01700000000000000000000004CF36900F2
S315000495B00000004CF36A000000000000025AB5E8FF
S315000495C0F9E5A7380000000000001ECCC6551606B3
S315000495D02271E97D000000001AE47C01000000000D
S315000495E0001EE254000000C08B00000000000000D2
S315000495F0004ED6000049E206000690F0D6957500A6
S3150004960002EF2300A778000095C51A39F95800001F
S31500049610C54700E7300021F71C0006FB280000C4FC
S315000496204B04FE0F0062C500002DF5020000E72B77
S315000496300EFF06007AB400005ACF000044DB000097
S31500049640FA1E0050ED242FD5EA1B2FDF500000C769
S315000496505D00019AF3C726ADF8DA560000006ECE17
S315000496600300000000000000000000000007D4937F
S315000496700100000000000000000000000020D5C228
S315000496804D130828785A000000000000000970C530
S31500049690F0F6D7942500000000FFFFFF0000001F2E
S315000496A0FFE40100000000000074D0FB3B00000052
S315000496B0000000C97AC09100000000001FFF2F744B
S315000496C0E4010000000074DF0025FF3B00000000F9
S315000496D0C9900000D4910000001FFF40000084E4FC
S315000496E001000074FFFFFFFFFFFF3B0000C993006A
S315000496F0000000D891001FFF4A0000000090E4011A
S3150004970074F7090000000048FF3BC9B800000000D8
S315000497100009F79160FFFFFFF5D98C110060FF1C6B
S31500049720000D3FDBC40060FF1C00000060FF2360E7
S31500049730FF1C0000006BFE1660FF1C001049E59A32
S315000497400060FFFFFFFFFFA90E0060FF1C00092C4D
S315000497509FE32960FF1C00000001CFAD60FF1C00E1
S31500049760000000A8D360FF1C00000004DAB160FF0B
S315000497701C000930ABF83960FFFFFFFADEA32D00A9
S315000497800000003FB3EEF8D1710400006EFA7A18B7
S315000497900955DB230032FC6F00000000020000A51F
S315000497A0E50300000000000000E9A100000000003D
S315000497B0000007FF830000000000000007FF83008D
S315000497C000000000000000EBA00000000000000004
S315000497D000ACE302000000000000003BFE6800004D
S315000497E00000150300007CF975150A4FE1700000AE
S315000497F0004ABCF1F7D2730460FFFFFEEDBC5900CA
S31500049800000060FF1C031E74F6A1000060FF1C002C
S3150004981000004DFF600060FF1C00000000C7CD0083
S3150004982060FF1C0000000085FD0A60FF1C000000AC
S31500049830006BFF1F60FF1C000000006CFF1E60FF32
S315000498401C000000008AFB0860FF1C00000000D01A
S31500049850C50060FF1C00000059FF560060FF1C0293
S315000498601F79F896000060FFFFFEEEBB5300000070
S3150004987060FFFFFFFFFFFF6C60FF1C00000000009D
S3150004988060FF1C000000000060FF1C0000000000D8
S3150004989060FF1C000000000060FFFFFFFFFF980050
S315000498A060FF1C000000000060FF1C0000000000B8
S315000498B060FF1C000000000060FF1C0000000000A8
S315000498C060FF1C000000000060FFFFFFFFFFFF9C1D
S315000498D060FFFFFFFFFFFF6C60FF1C00000000003D
S315000498E060FF1C000000000060FF1C000000000078
S315000498F060FF1C000000000060FF1C000000000068
S3150004990060FFFFFFFFFF9C0060FF1C0000000000DB
S3150004991060FF1C000000000060FF1C000000000047
S3150004992060FF1C000000000060FF1C000000000037
S3150004993000000034AAE9FAE1931A000062FA851FCE
S315000499400630C468002DFA7700000000020000A16A
S31500049950E80400000000000000E8A2000000000087
S31500049960000006FF830000000000000007FF8300DC
S315000499700000F8FFFFE800EAA0000000000078E815
S3150004998000A8E3020000000078E80036FD6F00003E
S31500049990000078E8000074FC831E0938C8D900006A
S315000499A00043B6EEF9DD901860FF1C000000006469
S315000499B0FF1C60FF1C0000000064FF1C60FF1C000D
S315000499C000000064FF1C60FF1C0000000064FF1C14
S315000499D060FF1C0000000064FF1C60FFFFFFFFFF28
S315000499E0FFFFFF1C60FF1C0000000064FF1C60FFFB
S315000499F01C0000000064FF1C60FF1C0000000064E3
S31500049A00FF1C60FF1C0000000064FF1C60FF1C00BC
S31500049A1000000064FF1C60FF1C0000000064FF1CC3
S31500049A2060FF1C60FF1C60FF1C60FF1C60FF1C6065
S31500049A30FF1C60FF1C60FF1C60FF1C60FF1C60FFB6
S31500049A401C60FF1C000000000070FF1400000000F2
S31500049A500070FF14000000000070FF1400000000F6
S31500049A600070FF14000000000070FF1400000000E6
S31500049A700070FF14000000000070FF1400000000D6
S31500049A800070FF14000000000074FF0C001F0000AB
S31500049A900092E9002DFA640A37EC84000055CDF7EC
S31500049AA0EC89040060FF1C00000055FE600060FFA6
S31500049AB01C00002FF590000060FF1C0015E0BD049B
S31500049AC0000060FF1C05C1DF1300000060FF1C9846
S31500049AD0FF430000000060FF84FFF69B00000000C7
S31500049AE060FFFF8772FD3000000060FFAF0106DBF8
S31500049AF0C100000060FF20000050FF54000060FF1A
S31500049B001C000000BFDF080060FF1C00000031FDE0
S31500049B107A0060FF1C000000009DF31A60FF1C0021
S31500049B200000000060FF1C000000000060FF1C0035
S31500049B300000000060FF1C000000000060FF1C0025
S31500049B400000000060FF1C000000000060FF1C0015
S31500049B500000000060FF1C000000000060FF1C0005
S31500049B600000000060FF1C000000000060FF1C00F5
S31500049B700000000060FFFFFFFFFFFF4860FF910049
S31500049B800000000079FF7860FCE80300000000D3C1
S31500049B90FC7860DBE3460000002EEAD47860E98CAA
S31500049BA0A10000008894E17860F531F2090001E033
S31500049BB039EC7860FF00D456003CDB00F37860FF94
S31500049BC00077B100958000F47860FF001BF714E875
S31500049BD02400F47860FF0000BBA8C70000F4786096
S31500049BE0FF00005EFF6B0000F47860FF00000BC707
S31500049BF0140000F47860FF00000000000000F47810
S31500049C0060FF740000000064FF0860FFEF140000AA
S31500049C100064FF0860E2CD9500000064FF0860F56B
S31500049C204BFB29000064FF0860FF01C5B600006411
S31500049C30FF0860FF0937FE470064FF0860FF0C0059
S31500049C40A4D40361FF0860FF0C001DF6675AFF08E1
S31500049C5060FF0C000081E457FF0860FF0C00000B56
S31500049C60E4B1FF0860FF0C0000005EFFFF0860FF20
S31500049C700C00000001CBFF0800000059C5F4F2BE39
S31500049C804C00000000008DF6680F126FF97C00008E
S31500049C900044FF5B000000006AFE380000B1DE00ED
S31500049CA00000000003E8A40000EF9D00000000008F
S31500049CB000AAE40008FF820000000000008EFD02F6
S31500049CC007FF8300000000000090FC0100EAA100E9
S31500049CD00000000000AEE00000ABE302000000005C
S31500049CE005EC9F00003BFE640000000073FD32009B
S31500049CF0000083F86C101274FB7700000000005318
S31500049D00C3F4F3BF4A00000060FFFFFFF7DDA82A93
S31500049D100060FF1C000B33BAF11E60FF1C0000003C
S31500049D2013FF7A60FF1C00000000F29160FF1C0024
S31500049D30000021FF6E60FF1C000C3BCAE11060FFAF
S31500049D40FFFFF6D88C170060FF1C0000000000001F
S31500049D5060FF1C00000000000060FF1C0000000003
S31500049D60000060FF1C00000000000060FF1C0000F3
S31500049D700000000000000058C5F4F2BE4C000000CC
S31500049D8000008AF6680F126FF97A00000042FF5A43
S31500049D90000000006AFD360000B0DC000000000090
S31500049DA003E6A20000EE9C000000000000A9E30008
S31500049DB008FF810000000000008EFD0108FF8400FA
S31500049DC0000000000091FD0100ECA300000000006B
S31500049DD000AFE30000AFE4020000000006EDA500BA
S31500049DE00042FF630000000073FF3900000090F793
S31500049DF0690F1171FA83000000000063D2FEFECEE3
S31500049E005900000000000000007CFB29000000004F
S31500049E10000000000008C0DD450912010000000032
S31500049E2000000A7DD8F8ED2360FFFFFFF9DD931CDF
S31500049E300060FF1C000B3BCEE00B60FF1C00000023
S31500049E4036FF5560FF1C00000016FF6B60FF1C0008
S31500049E50000047FF4860FF1C000D46DDCD0360FF90
S31500049E60FFFFFFF895100060FF1C0077FC2C000034
S31500049E7060FF1C0007DEBE000060FF1C000054FFEC
S31500049E80550060FF1C000000C2E10960FF1C0000D1
S31500049E900032FE81000030B3EAF6D078090027F3D9
S31500049EA086140B54DF3A0095E90000000003000015
S31500049EB097F71100000000000040FED03D000000AE
S31500049EC000000059E9FFCD5E03000000000965D3D8
S31500049ED0FFCC1700000000000169FEA1000000008D
S31500049EE0000000B9DC00370400000000BDC60FEC1A
S31500049EF0C8480C1476FD4D002395DAF8F4BC3B00F3
S31500049F0080FFFFFFFFFFFFFFFF2400000000F09427
S31500049F100000000000000000F094000000000000B3
S31500049F200000F0940000000000000000F09400001F
S31500049F30000000000000F094000000000000000093
S31500049F40F0940000000000000000F09400000000FF
S31500049F5000000000F0940000000000000000F094EF
S31500049F600000000000000000F09400000000000063
S31500049F700000F0940000000070FF10000000006470
S31500049F80FF0C70FF100000000064FF0C70FF10004F
S31500049F9000000064FF0C70FF100000000064FF0C5A
S31500049FA070FF100000000064FF0C70FF100000003A
S31500049FB00064FF0C6FFF100000000064FF0B67FFD6
S31500049FC0140000000069FE034AFF2D000000008310
S31500049FD0E5000FF57A00000001D1A000007EF560CF
S31500049FE00F1E9FF4250000006CD5FAF1B73100006E
S31500049FF0D8C1000000000069FF1C87FB0F000000A9
S3150004A00000B4CC0036FF5500000009F67C0001E4DC
S3150004A0109F0000004AFF2D000095E701000095DC33
S3150004A02000000044FF340000DF8D00000004EF7DD3
S3150004A0300029FF3E00000000A3C60071EB030000E8
S3150004A040000052FC12B79E00000000000BF765F7F3
S3150004A0504F000000000000B1E8F509000000000010
S3150004A0600060FFAF000000007DFF10000000B4EAAE
S3150004A07001000000D09D48FF40000003F1FF2C00C2
S3150004A0800006FA6912FF70000035EDCE6C0000324E
S3150004A090FF3500DCA1000075B696AC000063F90636
S3150004A0A000A7D10000B67E5EEB010094CC000071DF
S3150004A0B0FA0603F24222FF2D00C59800003BFF3149
S3150004A0C035FA0A00E36C02F46300000AFB5D6CC710
S3150004A0D00000A4A624FF2F000000D089A28A000055
S3150004A0E065DE50F6040000009AB8DA4D000026FF3B
S3150004A0F092C60000000065F1FD11000000E7EF9232
S3150004A100000000002FFFD200000000A8FF5E000040
S3150004A1103AFF6A0000001FF97900ACE60900009BCB
S3150004A120E3090024FA760021FB6100000091ED109A
S3150004A1309ED20200000013F0A3FB480000000000BA
S3150004A1407BFFBE000000000000B0F9DA0500000045
S3150004A150003EFE4DF97100000001CAB10090EE12F6
S3150004A16000005AFE2E0015F2900007E0A50000003C
S3150004A1707EFA2575FB230000000CE8B000C6CD006E
S3150004A18000000035FF5A004BFF41000000A6DB0328
S3150004A1900000CFB400001CFB6300000054FE28003E
S3150004A1A089E20500000002D7970DF06C000000005C
S3150004A1B0005EF587E808000000000004DEFF750075
S3150004A1C000000000000080FF1300000000000000F3
S3150004A1D078FF0C0000000000000078FF0C0000006F
S3150004A1E00000000078FF0C0000000000000078FF6B
S3150004A1F00C00000000A0FFFFFFFFFFFFD9000000D6
S3150004A20000000048FF5D000000000007DBC20000FC
S3150004A210000000007BFB2D00000000001EF58F00EF
S3150004A2200000000000ADE70E000000000046FF5CE1
S3150004A230000000000006D9C100000000000078FB01
S3150004A2402C00000000001CF48E000000000000AA90
S3150004A250E60D000000000025FFFFFFFFFFFFFFF4EF
S3150004A26050FFFFE850D0000050D0000050D000004E
S3150004A27050D0000050D0000050D0000050D0000054
S3150004A28050D0000050D0000050D0000050D0000044
S3150004A29050D0000050D0000050D0000050FFFFE81E
S3150004A2A0997600000000004CC3000000000009F28B
S3150004A2B0130000000000B25D000000000065AA0063
S3150004A2C00000000019F0050000000000CB44000067
S3150004A2D00000007E91000000000031DE0000000056
S3150004A2E00000E32B00000000009778000000000047
S3150004A2F04AC5000000000008F2150000000000B086
S3150004A3005F000000000063AC000000000018F106C6
S3150004A31070FFFFC400005CC400005CC400005CC4A1
S3150004A32000005CC400005CC400005CC400005CC4A3
S3150004A33000005CC400005CC400005CC400005CC493
S3150004A34000005CC400005CC400005CC470FFFFC471
S3150004A350000065FF5500000000D08FBF0000003BE1
S3150004A360DF06E82A0000A581008E950016F8230072
S3150004A37031F20D7BC4000000D36A73440000004D23
S3150004A3806AFFFFFFC8FFFFFFFFFFFFFFC8FFFFFFD6
S3150004A390A9CF010013E85B00004FDF061E89D5F83C
S3150004A3A0E289043EAC330840F36D0000000000A4CB
S3150004A3B0C4000C66ADDDFCE233E8D1682998E8C830
S3150004A3C0C905000094E8EA8B00000094E8B7D31DA1
S3150004A3D0106EF3E821BCF6E18270E8FF88F4000011
S3150004A3E0000000000088F40000000000000088F46B
S3150004A3F00000000000000088F300000000000000D8
S3150004A40088EF33C1F7E171000088FCBB2F096EFEAB
S3150004A410670088F604000000B9D70088F40000003D
S3150004A420007CFD0588F4000000006FFF1988F40025
S3150004A4300000008CFA0788F400000003DDB90088E8
S3150004A440FE9E23119FF8340088B85DDBF8C63B00F6
S3150004A45000FFFFFF000030B4F2F5B52B0032F5A67D
S3150004A4601919822400C1D8030000000011FE8100DE
S3150004A4700000000026FF64000000000013FF7C00BB
S3150004A4800000000000CDD001000000000041FB9F49
S3150004A490160F755C00003DBFF5F2B33600000000F0
S3150004A4A0000000FC8400000000000000FC840000A2
S3150004A4B00000000000FC8400000000000000FA8494
S3150004A4C000003CC5F8DE63EF84003AF9A11320923C
S3150004A4D0FF8400C4D702000000FC840EFE81000045
S3150004A4E00000FC8421FF6700000000FC8409FF7A59
S3150004A4F000000000FC8400D6C000000005FC8400B7
S3150004A50058FF7D1224B2F784000068DCF9CA3AC306
S3150004A51084FFFFFF000034BEF7E78804000034F729
S3150004A52084132ED7820000C3B70000004DF3071131
S3150004A530FE620000001AFF2827FFFFFFFFFFFFFF50
S3150004A5403813FF6300000000000000CBB8000000D1
S3150004A550000000003BF8931F0E465B00000033B575
S3150004A560F3EFC76100FFFFFF000057DEF787001215
S3150004A570F68A0E14003BFF3900000044FF34000045
S3150004A5806CFBFFFFFF100044FF3400000044FF345F
S3150004A59000000044FF3400000044FF34000000447F
S3150004A5A0FF3400000044FF3400000044FF34000080
S3150004A5B00044FF340000FFFF000062D5FBFFFFFFED
S3150004A5C0B8005DF74A0C66FD390000C8A800000013
S3150004A5D0CD8D0000CFAB000000D08B000078F94F82
S3150004A5E00C69F82B000006E3D4F6CA430000008188
S3150004A5F0A80000000000000099C815000000000033
S3150004A600002CF9F3FFFFEFBC2B00BE6F0000011D09
S3150004A610CEBD25FF2C00000000B3C70BEAB62B07FE
S3150004A6202089FB4E0029AAE7F8DDAC3800FFFFFFBE
S3150004A63088F400000000000088F400000000000018
S3150004A64088F400000000000088F300000000000009
S3150004A65088EB1BAFF4DF640088F5C1360D90FD224C
S3150004A66088F91500001AFF6188F400000002FF79DA
S3150004A67088F400000000FF7C88F400000000FF7CE2
S3150004A68088F400000000FF7C88F400000000FF7CD2
S3150004A69088F400000000FF7C92E81D92E81D00008B
S3150004A6A00000000088F40088F40088F40088F400B0
S3150004A6B088F40088F40088F40088F40088F400FF25
S3150004A6C000008EE81D00008EE81D0000000000005A
S3150004A6D000000000000080F800000080F800000080
S3150004A6E080F800000080F800000080F80000008078
S3150004A6F0F800000080F800000080F800000080F8F0
S3150004A70000000080F800000085E9000A0CC4B500CA
S3150004A71088F8CD2900FFFFFF88F000000000000044
S3150004A72088F000000000000088F00000000000002F
S3150004A73088F000000000000088F0000000ABDF1481
S3150004A74088F0000073F42E0088F0003EFA540000EE
S3150004A75088F019E79E00000088F3C4F2E80F0000B1
S3150004A76088FFDB21E896000088FA26005EFD3600A5
S3150004A77088F0000001C4CE0388F00000002FFC70AE
S3150004A78088F40088F40088F40088F40088F40088CB
S3150004A790F40088F40088F40088F40088F40088F44F
S3150004A7A0007AFA0B26E0C4FF88C031C4F7DA4A12ED
S3150004A7B09DF1E26D0088F3BB2914BCEFCF5B0C7EE0
S3150004A7C0FF2D88F708000051FF60000008FE71881D
S3150004A7D0F40000003AFF44000000EE8988F400000B
S3150004A7E00038FF44000000EC8C88F400000038FFB9
S3150004A7F044000000EC8C88F400000038FF4400009C
S3150004A80000EC8C88F400000038FF44000000EC8C57
S3150004A81088F400000038FF44000000EC8CFFFFFFC2
S3150004A82088C02BBAF5DF640088F3C1300C90FD2292
S3150004A83088F70900001AFF6188F400000002FF7916
S3150004A84088F400000000FF7C88F400000000FF7C10
S3150004A85088F400000000FF7C88F400000000FF7C00
S3150004A86088F400000000FF7C000036BDF6EDA11957
S3150004A870000036F8910F1EC1DD1100C5CD000000A1
S3150004A88017F88512FE7B00000000BED027FF630088
S3150004A890000000A4E612FF7900000000BDD100C844
S3150004A8A0C900000015F6880039F98F0F1EBFE013A2
S3150004A8B0000037BDF6EEA21A00FFFFFF88C137C1BC
S3150004A8C0F7E173000088F7BD2F096EFE670088F66E
S3150004A8D004000000B9D70088F4000000007CFD05E0
S3150004A8E088F4000000006FFF1988F4000000008C53
S3150004A8F0FA0788F400000003DDB90088FF932111EC
S3150004A9009FF8340088EE5CD8F8C63B000088F20055
S3150004A91000000000000088F4000000000000008829
S3150004A920F40000000000000088F4000000000000AD
S3150004A93000FFFFFF00003CC5F8DF6CBE84003AF957
S3150004A940A113229AFF8400C4D702000000FC840EDF
S3150004A950FE8100000000FC8421FF6700000000FC6B
S3150004A9608409FF7A00000000FC8400D6C0000000C1
S3150004A97003FC840058FF7D1222AEFC84000068DCD0
S3150004A980F9CB3EF08400000000000000FA840000C9
S3150004A9900000000000FC8400000000000000FC84AD
S3150004A9A000000000000000FC84FFFFFF88BD33CCDC
S3150004A9B0F52888E3B2280A0188FB1800000088F409
S3150004A9C00000000088F40000000088F40000000085
S3150004A9D088F40000000088F40000000088F40000F9
S3150004A9E00000FFFF0021B2EFF2B33100CCB3131D18
S3150004A9F0813204FC720000000000ADF47B170000F5
S3150004AA00000878E1FBA0110000000255EFB4000035
S3150004AA1000000086EC30D1480821CFA60A75D5F986
S3150004AA20E49710FF0003741900000017FF380000B4
S3150004AA30002AFF38000087FBFFFFFF940044FF381D
S3150004AA4000000044FF3800000044FF3800000044C2
S3150004AA50FF3800000044FF3800000037FF400000C4
S3150004AA60000EF4960A16000056DDF7A0A8D80000DA
S3150004AA700028FF50A8D800000028FF50A8D80000DE
S3150004AA800028FF50A8D800000028FF50A8D80000CE
S3150004AA900028FF50A5D900000028FF508FEF0100C1
S3150004AAA0003CFF504CFF670943C6FF500188E8F29B
S3150004AAB0A717F3509BE7010000006DF60D42FF3B1C
S3150004AAC0000000C0AC0002E68E000016FD54000033
S3150004AAD08FE0000066F209000036FF3400B9A400D6
S3150004AAE0000000DC840FFA4C0000000083D057EE0F
S3150004AAF005000000002AFFC59C000000000000D1EC
S3150004AB00FF44000000FFFFFF6EFD11000059FF59CE
S3150004AB1000000CFB5A29FF4F00009CED9D000047E6
S3150004AB20FF1800E48F0000DF84E0000086D60000F2
S3150004AB309FCF0022F618FE2400C59400005AFD118A
S3150004AB4065BB00D2680AFA51000016FE4CA67A00CC
S3150004AB508FA941FD11000000D084E339004CE57A49
S3150004AB60CD000000008BD8F304000DFBD78B00004A
S3150004AB70000046FFB8000000C6FF490000FFFFFFC3
S3150004AB803AFE5B00003DFF48009CE50C00C5B000A2
S3150004AB900013EC864FF72100000062F8DD82000006
S3150004ABA0000016FBFE1800000000A0C6E495000095
S3150004ABB0003CFD3558FD380004D2A50000BED10482
S3150004ABC072F61D000028F97798E90300000068F77B
S3150004ABD00D38FF47000000B8AF0000D7A200000DF3
S3150004ABE0F959000078F2090057F70C00001BFD57CD
S3150004ABF000A6AE00000000B8AE04EF580000000046
S3150004AC0058F649F60B0000000008EFD8AC00000027
S3150004AC1000000098FF570000000000005DF50B00DF
S3150004AC200000000000AC9E00000000040960F3234D
S3150004AC300000000043F9CF3E0000000000FFFFFFC4
S3150004AC4000F0FFFFFFFFF5040000000029F977007C
S3150004AC5000000001C2D3050000000062FE3B0000B4
S3150004AC60000014EC9B0000000000A1EA12000000A2
S3150004AC700040FF5D0000000007D8BE000000000091
S3150004AC8063FFFFFFFFFFFF30000063E9E70000E713
S3150004AC9076030000FC37000000F23B000000E644A7
S3150004ACA0000000DD4C000341FA2D0064FFA0000003
S3150004ACB0034CFC23000000DE4B000000E0480000CB
S3150004ACC000EE40000000FC38000000FA39000000E5
S3150004ACD0DC7D03000057E7E758B458B458B458B4B9
S3150004ACE058B458B458B458B458B458B458B458B4FA
S3150004ACF058B458B458B458B458B458B470F9BE0BD0
S3150004AD0000001BEC5A000000C46F000000C8650078
S3150004AD100000CF5A000000D550000000B8A20D0074
S3150004AD200033F5D80000ABAF110000D3500000008B
S3150004AD30D351000000CC60000000C56C000000C6C2
S3150004AD407000001FF0550070F8B606000050E6D6F5
S3150004AD502E0000450223E8294CE64132EB1A05434E
S3150004AD60000039DDE44D00FF000000000000000093
S3150004AD7004000000A08C04000D0000000501030D72
S3150004AD80C88C04000D00F8FF08010605E88C0400D1
S3150004AD900B0000000900090B4C8D04000D00020095
S3150004ADA00900080FC48D04000C0000000F000E0CEF
S3150004ADB06C8E04000C0000000B000B0CF08E0400DB
S3150004ADC00D00F8FF04010305008F04000D000300C5
S3150004ADD005010410408F04000D0003000500041053
S3150004ADE0808F04000D00F9FF08010606A48F0400F5
S3150004ADF00A00FFFF09000909F88F04000200040095
S3150004AE0004000406109004000500FCFF060005017A
S3150004AE1018900400020000000401030220900400BC
S3150004AE200D00030006000710909004000B000000BC
S3150004AE300900090BF49004000B0000000901070B3C
S3150004AE40449104000B0000000900090BA8910400BA
S3150004AE500B0000000900090B0C9204000B00000013
S3150004AE600900090B709204000B0000000900090B8D
S3150004AE70D49204000B0000000900090B3893040067
S3150004AE800B0000000900090B9C9304000B00000052
S3150004AE900900090B009404000B0000000900090BCB
S3150004AEA0649404000900000004010309809404006A
S3150004AEB0090004000400040DB49404000900FEFF14
S3150004AEC009000907F49404000800FDFF09000905B8
S3150004AED0249504000900FEFF09000907649504008F
S3150004AEE00C0000000800070CB89504000C000300D1
S3150004AEF00F000F0F9C9604000C0000000A000A0CB9
S3150004AF00149704000C0000000B01090C8097040040
S3150004AF100C0000000A000A0CF89704000C0000005C
S3150004AF200B010A0C709804000C0000000901080CBF
S3150004AF30D09804000C0000000901080C30990400A4
S3150004AF400C0000000B000A0CA89904000C00000079
S3150004AF500C010A0C209A04000C0000000501030CE5
S3150004AF60449A04000C0000000900080CA49A04008A
S3150004AF700C0000000A010A0C1C9B04000C000000D3
S3150004AF800901080C7C9B04000C0000000D010B0C4D
S3150004AF90009C04000C0000000C010A0C789C0400C0
S3150004AFA00C0000000C000C0C089D04000C000000B2
S3150004AFB00A01090C749D04000C0003000C000C0F1C
S3150004AFC0289E04000C0000000A01090C949E04004B
S3150004AFD00C0000000A00090C009F04000C0000008D
S3150004AFE00A000A0C789F04000C0000000C010A0CED
S3150004AFF0F09F04000C00000009000A0C68A004007D
S3150004B0000C0000000E000E0C10A104000C00000041
S3150004B0100900090C7CA104000C00000009FF0A0CBD
S3150004B020F4A104000C0000000A00090C60A204004C
S3150004B0300D00030005010410A0A204000D00030086
S3150004B0400600071010A304000D00030005000410F9
S3150004B05050A304000C00FBFF0901070784A30400A6
S3150004B060FFFF02000900090190A304000D00F6FF8A
S3150004B0700A0304039CA3040009000000090107094C
S3150004B080DCA304000D0000000A01090D54A4040009
S3150004B09009000000080008099CA404000D00000033
S3150004B0A00A00090D14A50400090000000900090995
S3150004B0B068A504000D0000000500060DB8A50400EF
S3150004B0C0090004000900090D30A604000D00000063
S3150004B0D00A01080D98A604000D0000000401030DE2
S3150004B0E0C0A604000D00040004FF051118A70400FF
S3150004B0F00D0000000901080D80A704000D000000E2
S3150004B1000501030DA8A70400090000000F010D099D
S3150004B11020A80400090000000A01080968A8040020
S3150004B120090000000A000909BCA80400090004007B
S3150004B1300A01090D34A90400090004000A00090DD6
S3150004B140ACA904000900000006010609E4A90400EC
S3150004B150090000000800070924AA04000C000000E6
S3150004B1600600060C6CAA0400090000000A0108097E
S3150004B170B4AA0400090000000800090908AB040089
S3150004B180090000000D000D0980AB04000900000051
S3150004B19008000809C8AB0400090004000800090DEA
S3150004B1A040AC0400090000000800080988AC04004B
S3150004B1B00D00030005000510D8AC04000D000500C1
S3150004B1C004010212FCAC04000D0003000500051086
S3150004B1D04CAD04000800FBFF0900090356657273B1
S3150004B1E0696F6E2000000000677569782074696DC8
S3150004B1F065720000475549582053797374656D206C
S3150004B2004576656E742051756575650047554958D0
S3150004B2102053797374656D2050726F746563746915
S3150004B2206F6E0000475549582053797374656D2035
S3150004B230546872656164000049444154000000008A
S3150004B240494844520000000067414D410000000097
S3150004B250504C54450000000074524E530000000048
S3150004B26049454E4400FFFFFF00010203040506079B
S3150004B270080A0B0C0D0E0F101112141516171819B7
S3150004B2801A1B1C1E1F2021222324252628292A2B8B
S3150004B2902C2D2E2F3031333435363738393A3B3C62
S3150004B2A03D3F404142434445464748494A4B4C4E3C
S3150004B2B04F505152535455565758595A5B5C5D5E1C
S3150004B2C05F6061626465666768696A6B6C6D6E6F00
S3150004B2D0707172737475767778797A7B7C7D7E7FEC
S3150004B2E080808182838485868788898A8B8C8D8EEB
S3150004B2F08F90909192939495969798999A9A9B9CED
S3150004B3009D9E9FA0A1A1A2A3A4A5A6A7A7A8A9AAFA
S3150004B310ABACACADAEAFB0B1B1B2B3B4B5B5B6B714
S3150004B320B8B8B9BABBBBBCBDBEBEBFC0C1C1C2C33F
S3150004B330C4C4C5C6C6C7C8C9C9CACBCBCCCDCDCE75
S3150004B340CFCFD0D1D1D2D2D3D4D4D5D6D6D7D7D8BD
S3150004B350D9D9DADADBDCDCDDDDDEDEDFDFE0E0E115
S3150004B360E2E2E3E3E4E4E5E5E6E6E7E7E8E8E8E97C
S3150004B370E9EAEAEBEBECECECEDEDEEEEEEEFEFF0FA
S3150004B380F0F0F1F1F2F2F2F3F3F3F4F4F4F5F5F587
S3150004B390F6F6F6F6F7F7F7F8F8F8F8F9F9F9F9FA28
S3150004B3A0FAFAFAFBFBFBFBFBFCFCFCFCFCFDFDFDDB
S3150004B3B0FDFDFDFDFEFEFEFEFEFEFEFEFFFFFFFFA3
S3150004B3C0FFFFFFFFFFFFFFFFFFFFFFFFFFFFFFFF83
S3150004B3D00010161B2023272A2D30323537393B3DE2
S3150004B3E04041434547494B4C4E5051535456575987
S3150004B3F05A5B5D5E60616263656667686A6B6C6D05
S3150004B4006E707172737475767778797A7B7C7D7ECB
S3150004B41080808182838485868788898A8B8C8D8EB9
S3150004B4208F9090919293949596969798999A9B9BC0
S3150004B4309C9D9E9FA0A0A1A2A3A3A4A5A6A7A7A8DE
S3150004B440A9AAAAABACADADAEAFB0B0B1B2B2B3B40B
S3150004B450B5B5B6B7B7B8B9B9BABBBBBCBDBDBEBF47
S3150004B460C0C0C1C1C2C3C3C4C5C5C6C7C7C8C9C98C
S3150004B470CACBCBCCCCCDCECECFD0D0D1D1D2D3D3D8
S3150004B480D4D4D5D6D6D7D7D8D9D9DADADBDBDCDD2E
S3150004B490DDDEDEDFE0E0E1E1E2E2E3E3E4E5E5E68A
S3150004B4A0E6E7E7E8E8E9EAEAEBEBECECEDEDEEEEED
S3150004B4B0EFF0F0F1F1F2F2F3F3F4F4F5F5F6F6F752
S3150004B4C0F7F8F8F9F9FAFAFBFBFCFCFDFDFEFEFFC2
S3150004B4D0000108100902030A11182019120B0405A9
S3150004B4E00C131A21283029221B140D06070E151CCD
S3150004B4F0232A313839322B241D160F171E252C33D7
S3150004B5003A3B342D261F272E353C3D362F373E3FFA
S3150004B51010000000110000001200000000000000EE
S3150004B52008000000070000000900000006000000F3
S3150004B5300A000000050000000B00000004000000E3
S3150004B5400C000000030000000D00000002000000D3
S3150004B5500E000000010000000F00000000010000C2
S3150004B56003010000070100000A0100000E010000AB
S3150004B57012010000160100001A0100001E0100005D
S3150004B58022010000260100002A0100002E0100000D
S3150004B59032010000360100003B0100003F010000BB
S3150004B5A044010000480100004D0100005101000063
S3150004B5B0560100005B010000600100006501000007
S3150004B5C06A0100006F0100007401000079010000A7
S3150004B5D07E01000084010000890100008E01000044
S3150004B5E0940100009A0100009F010000A5010000DB
S3150004B5F0AB010000B1010000B7010000BD0100006D
S3150004B600C3010000CA010000D0010000D7010000F8
S3150004B610DD010000E4010000EB010000F10100007F
S3150004B620F801000000020000070200000E020000FC
S3150004B630150200001D020000240200002C02000076
S3150004B640340200003C020000440200004C020000E8
S3150004B650540200005C020000650200006D02000056
S3150004B660760200007F0200008802000091020000BA
S3150004B6709A020000A3020000AD020000B602000018
S3150004B680C0020000CA020000D4020000DE0200006C
S3150004B690E8020000F2020000FD02000008030000B8
S3150004B6A0120300001D0300002903000034030000F8
S3150004B6B03F0300004B030000570300006303000030
S3150004B6C06F0300007B03000087030000940300005F
S3150004B6D0A1030000AE030000BB030000C803000082
S3150004B6E0D6030000E3030000F10300000004000099
S3150004B6F00E0400001C0400002B0400003A040000A1
S3150004B700490400005804000068040000780400009E
S3150004B7108804000098040000A8040000B90400008E
S3150004B720CA040000DB040000EC040000FE04000070
S3150004B730100500002205000034050000470500003E
S3150004B7405A0500006D050000800500009405000000
S3150004B750A8050000BC050000D0050000E5050000B2
S3150004B760FA05000010060000250600003B0600004E
S3150004B77052060000680600007F06000096060000D8
S3150004B780AE060000C6060000DE060000F60600004F
S3150004B7900F07000029070000420700005C070000AD
S3150004B7A07607000091070000AC070000C7070000F9
S3150004B7B0E3070000000800001C0800003908000028
S3150004B7C0560800007408000092080000B108000042
S3150004B7D0D0080000F008000010090000300900003D
S3150004B7E0510900007209000094090000B60900001E
S3150004B7F0D9090000FC090000200A0000440A0000E0
S3150004B800690A00008E0A0000B40A0000DA0A000081
S3150004B810010B0000280B0000500B0000780B000001
S3150004B820A10B0000CB0B0000F50B0000200C000060
S3150004B8304B0C0000770C0000A40C0000D10C000097
S3150004B840FE0C00002D0D00005C0D00008C0D0000A8
S3150004B850BC0D0000ED0D00001F0E0000520E00008E
S3150004B860850E0000B90E0000ED0E0000230F000047
S3150004B870590F00008F0F0000C70F000000100000D2
S3150004B8803910000073100000AD100000E91000002C
S3150004B8902511000063110000A1110000E011000051
S3150004B8A02012000061120000A2120000E51200003E
S3150004B8B0281300006D130000B2130000F9130000F2
S3150004B8C04014000088140000D21400001C15000067
S3150004B8D068150000B415000002160000501600009A
S3150004B8E0A0160000F116000043170000961700008A
S3150004B8F0EA1700004018000097180000EE18000030
S3150004B90048190000A2190000FD1900005A1A000087
S3150004B910B91A0000181B0000791B0000DB1B00008D
S3150004B9203F1C0000A41C00000A1D0000721D00003C
S3150004B930DB1D0000461E0000B21E00001F1F000093
S3150004B9408F1F0000FF1F000072200000E620000089
S3150004B9505B210000D32100004B220000C622000018
S3150004B96042230000C023000040240000C22400003B
S3150004B97045250000CA25000051260000DA260000ED
S3150004B98065270000F2270000812800001129000025
S3150004B990A4290000392A0000D02A0000692B0000DF
S3150004B9A0042C0000A12C0000412D0000E22D000013
S3150004B9B0862E00002D2F0000D52F000080300000B9
S3150004B9C02E310000DD3100009032000044330000C7
S3150004B9D0FB330000B5340000723500003136000038
S3150004B9E0F2360000B73700007E3800004839000000
S3150004B9F0143A0000E43A0000B63B00008C3C000018
S3150004BA00643D00003F3E00001E3F0000FF3F000073
S3150004BA10E4400000CC410000B7420000A643000009
S3150004BA20974400008D4500008546000081470000CC
S3150004BA3081480000844900008A4A0000954B0000B2
S3150004BA40A34C0000B54D0000CB4E0000E44F0000AF
S3150004BA5002510000235200004953000072540000B2
S3150004BA60A0550000D25600000858000043590000B3
S3150004BA70825A0000C55B00000D5D00005A5E00009E
S3150004BA80AB5F0000016100005C620000BB63000064
S3150004BA902065000089660000F76700006B690000F6
S3150004BAA0E46A0000626C0000E56D00006E6F000041
S3150004BAB0FC7000009072000029740000C875000034
S3150004BAC06D77000018790000C97A00007F7C0000B9
S3150004BAD03C7E0000FF7F0000C981000099830000BE
S3150004BAE06F8500004C8700002F8900001A8B000028
S3150004BAF00B8D0000038F00000291000008930000E4
S3150004BB00159500002A970000469900006A9B0000DC
S3150004BB10969D0000C99F000004A2000047A40000EF
S3150004BB2092A60000E5A8000041AB0000A5AD000008
S3150004BB3011B0000086B2000004B500008BB7000007
S3150004BB401BBA0000B4BC000057BF000003C20000CB
S3150004BB50B8C4000077C7000040CA000012CD000038
S3150004BB60EFCF0000D6D20000C8D50000C4D800002C
S3150004BB70CADB0000DCDE0000F8E1000020E500007E
S3150004BB8053E8000091EB0000DBEE000030F2000009
S3150004BB9092F50000FFF8000079FC0000FFFF0000AA
S3150004BBA09203010032070100DF0A0100980E01002A
S3150004BBB05F12010034160100161A0100061E010068
S3150004BBC004220100112601002B2A0100552E010032
S3150004BBD08D320100D53601002C3B0100923F010055
S3150004BBE0084401008E480100244D0100CB51010098
S3150004BBF0825601004A5B0100236001000D650100C5
S3150004BC00096A0100176F01003774010069790100A0
S3150004BC10AE7E01000684010070890100EE8E0100EB
S3150004BC2080940100259A0100DF9F0100ADA5010063
S3150004BC3090AB010088B1010095B70100B8BD0100C1
S3150004BC40F1C3010040CA0100A6D0010022D70100B9
S3150004BC50B6DD010061E4010024EB0100FFF10100FF
S3150004BC60F3F80100FFFF010025070200640E02003D
S3150004BC70BE150200311D0200BF240200682C02001A
S3150004BC802C3402000D3C020009440200224C02003E
S3150004BC9057540200AB5C02001B650200AA6D020049
S3150004BCA058760200257F0200118802001D910200C9
S3150004BCB0499A020096A3020004AD020094B602005B
S3150004BCC047C002001BCA020013D402002FDE020082
S3150004BCD06FE80200D3F202005CFD02000C080300C8
S3150004BCE0E1120300DD1D0300002903004B340300A9
S3150004BCF0BF3F03005B4B030021570300116303009E
S3150004BD002B6F0300717B0300E38703008194030018
S3150004BD104CA1030045AE03006DBB0300C3C803007A
S3150004BD2049D60300FFE30300E6F10300FFFF030027
S3150004BD305245454E54206D616C6C6F632073756378
S3150004BD40636565646564002F646174612F6A656E5A
S3150004BD506B696E732F776F726B73706163652F47B0
S3150004BD604E552D746F6F6C636861696E2F61726DC9
S3150004BD702D31342F7372632F6E65776C69622D6370
S3150004BD80796777696E2F6E65776C69622F6C696265
S3150004BD90632F7374646C69622F72616E642E630020
S3150004BDA02C2066756E6374696F6E3A200061737336
S3150004BDB0657274696F6E2022257322206661696C30
S3150004BDC065643A2066696C6520222573222C206CF2
S3150004BDD0696E65202564257325730A00232D302B8F
S3150004BDE02000686C4C006566674546470030313272
S3150004BDF033343536373839414243444546003031C9
S3150004BE003233343536373839616263646566003AED
S3150004BE1073656D69686F7374696E672D66656174A1
S3110004BE207572657300FFFFFF0000000050
S30D0004BE2C2CF9FE7F0100000061
S3150004BE3401000000010000000200000003000000ED
S3150004BE4404000000050000000600000007000000CE
S3150004BE5408000000090000000C00000010000000A7
S3150004BE64180000002000000000000000000000008C
S3150004BE7400000000000000000000000000000000B4
S3150004BE8400000000000000000000000000000000A4
S3150004BE940000000000000000384D042000000000EB
S3150004BEA4000CFE1F00014001000100000200000016
S3150004BEB40000000000000000FFFFFFFF0000000078
S3150004BEC4B44C0420E0D9030040D503000000080064
S3150004BED4000000000000000000000000000010083C
S3150004BEE40000000000000000000000000200000042
S3150004BEF48C4D042000000000000000000000000037
S3150004BF040000000000000000000000000000000023
S3150004BF140000000000000000000000000000000013
S3150004BF240000000000000000C04D0420E44D04207D
S3150004BF3488DA0300A8D5030000000000E84D0420B5
S3150004BF448C8C04008C8C04008C8C04008C8C040073
S3150004BF54E87B040000000000907E04004081040095
S3150004BF6430830400D884040004850400BCDE030082
S3150004BF74D002FE1FE402FE1F00000000140012009B
S3150004BF841400140004000000000000000000000077
S3150004BF9400000000000000000F0000000F00000075
S3150004BFA40F00000014001200140014000400000022
S3150004BFB40000000000000000000000000000000073
S3150004BFC40F000000000000000F000000000006013E
S3150004BFD4000006021D00050005000000FC02FE1F09
S3150004BFE414850400208504006C03FE1FF802FE1F5A
S3150004BFF401000100020000000001000040010000ED
S3150004C004904F04202C510420B45004206854042076
S3150004C014008002000000000001000000020000008D
S3150004C02405000000060000001900000000000000DE
S3150004C03404000000050000000600000019000000CA
S3150004C044492F020000000000288604002C86040000
S3150004C05428860400F0F0F0F000000000030000005D
S3150004C064B0110720F803FE1F00000000B0110720DA
S3150004C07418120720801207200000000000000000A8
S3150004C08400000000000000000000000000000000A2
S3150004C0940000000000000000000000000000000092
S3150004C0A40000000000000000000000000000000082
S3150004C0B400000000FFFFFFFFFFFFFFFF91070000E2
S3150004C0C469070000000000000000000000000000F2
S3150004C0D40000000000000000000000000000000052
S3150004C0E40000000000000000000000000000000042
S3150004C0F40000000000000000000000000000000032
S3150004C1040000000000000000000000000000000021
S3150004C1140000000000000000000000000000000011
S3150004C1240000000000000000000000000000000001
S31540120050FFFFFFFFFFFFFFFFFFFFFFFFFFFFFFFF58
S70500021B01DC
