/*******************************************************************************/
/*  This file is auto-generated by Azure RTOS GUIX Studio. Do not edit this    */
/*  file by hand. Modifications to this file should only be made by running    */
/*  the Azure RTOS GUIX Studio application and re-generating the application   */
/*  resource file(s). For more information please refer to the Azure RTOS GUIX */
/*  Studio User Guide, or visit our web site at azure.com/rtos                 */
/*                                                                             */
/*  GUIX Studio Revision 6.4.0.0                                               */
/*  Date (dd.mm.yyyy): 27.12.2025   Time (hh:mm): 20:05                        */
/*******************************************************************************/


#include "gx_api.h"
#include "GForceGUI_resources.h"

/* Color Table                                                                 */

GX_CONST GX_COLOR display_1_theme_1_color_table[] =
{
    0x00000000,
    0x00007bef,
    0x0000e71c,
    0x00009cce,
    0x000074d5,
    0x00000000,
    0x0000ffff,
    0x00000017,
    0x00008410,
    0x0000dedb,
    0x0000e60c,
    0x0000ffdc,
    0x0000ff76,
    0x00000000,
    0x0000bdd7,
    0x00007bef,
    0x0000ffff,
    0x0000e71c,
    0x00000000,
    0x0000c618,
    0x0000ffff,
    0x00000000,
    0x00008410,
    0x0000c618,
    0x0000e60c,
    0x0000a514,
    0x00007bef,
    0x0000ffff,
    0x00007bef
};


/* Font THEME_1_VALUE_TOTAL Data Definition                                    */

static GX_CONST GX_UBYTE FONT_THEME_1_VALUE_TOTAL_char_100[148] =
{
    0xc0, 0xff, 0x3f, 0x00, 0xe0, 0xff, 0x3f, 0x00, 0xc0, 0xff, 0x3f, 0x00, 0x00, 
    0x00, 0x00, 0x00, 0x00, 0x00, 0x00, 0x00, 0x00, 0x00, 0x00, 0x00, 0x00, 0x00, 
    0x00, 0x00, 0x00, 0x00, 0x00, 0x00, 0xe0, 0xff, 0x01, 0x00, 0xe0, 0xff, 0x03, 
    0x00, 0xe0, 0xff, 0x03, 0x00, 0x00, 0xf8, 0x07, 0x00, 0x00, 0x38, 0x07, 0x00, 
    0x00, 0x3c, 0x07, 0x00, 0x00, 0x3c, 0x0f, 0x00, 0x00, 0x1c, 0x0e, 0x00, 0x00, 
    0x1e, 0x1e, 0x00, 0x00, 0x1e, 0x1e, 0x00, 0x00, 0x0e, 0x1c, 0x00, 0x00, 0x0f, 
    0x3c, 0x00, 0x00, 0x0f, 0x3c, 0x00, 0x00, 0x07, 0x38, 0x00, 0x80, 0x07, 0x78, 
    0x00, 0x80, 0x07, 0x78, 0x00, 0xc0, 0x03, 0x70, 0x00, 0xc0, 0xff, 0xff, 0x00, 
    0xc0, 0xff, 0xff, 0x00, 0xe0, 0xff, 0xff, 0x00, 0xe0, 0x01, 0xe0, 0x01, 0xe0, 
    0x01, 0xe0, 0x01, 0xf0, 0x00, 0xc0, 0x01, 0xf0, 0x00, 0xc0, 0x03, 0xf0, 0x00, 
    0xc0, 0x03, 0x78, 0x00, 0x80, 0x07, 0xff, 0x07, 0xfc, 0x1f, 0xff, 0x07, 0xfc, 
    0x3f, 0xff, 0x07, 0xfc, 0x1f
};
static GX_CONST GX_UBYTE FONT_THEME_1_VALUE_TOTAL_char_101[124] =
{
    0xf0, 0xff, 0x0f, 0x00, 0xf0, 0xff, 0x0f, 0x00, 0xf0, 0xff, 0x0f, 0x00, 0x00, 
    0x00, 0x00, 0x00, 0x00, 0x00, 0x00, 0x00, 0x00, 0x00, 0x00, 0x00, 0x00, 0x00, 
    0x00, 0x00, 0x00, 0xff, 0x00, 0x00, 0xe0, 0xff, 0x03, 0x00, 0xf8, 0xff, 0x0f, 
    0x00, 0xfc, 0x81, 0x0f, 0x00, 0x38, 0x00, 0x1e, 0x00, 0x00, 0x00, 0x1e, 0x00, 
    0x00, 0x00, 0x1e, 0x00, 0x00, 0x00, 0x1c, 0x00, 0x00, 0x00, 0x1c, 0x00, 0xc0, 
    0x7f, 0x1c, 0x00, 0xf0, 0xff, 0x1f, 0x00, 0xfc, 0xff, 0x1f, 0x00, 0x7e, 0x80, 
    0x1f, 0x00, 0x1e, 0x00, 0x1c, 0x00, 0x1e, 0x00, 0x1c, 0x00, 0x0f, 0x00, 0x1c, 
    0x00, 0x0f, 0x00, 0x1e, 0x00, 0x0f, 0x00, 0x1e, 0x00, 0x0f, 0x80, 0x1f, 0x00, 
    0x1e, 0xc0, 0x3f, 0x00, 0x3e, 0xf0, 0xff, 0x01, 0xfc, 0xff, 0xf8, 0x01, 0xf8, 
    0x7f, 0xf0, 0x01, 0xe0, 0x0f, 0x00, 0x00
};
static GX_CONST GX_UBYTE FONT_THEME_1_VALUE_TOTAL_char_102[164] =
{
    0xc0, 0x00, 0x60, 0x00, 0xe0, 0x00, 0xe0, 0x00, 0xe0, 0x01, 0x70, 0x00, 0xc0, 
    0x03, 0x78, 0x00, 0xc0, 0x07, 0x7c, 0x00, 0x80, 0xff, 0x3f, 0x00, 0x00, 0xfe, 
    0x0f, 0x00, 0x00, 0xf8, 0x03, 0x00, 0x00, 0x00, 0x00, 0x00, 0x00, 0x00, 0x00, 
    0x00, 0x00, 0x00, 0x00, 0x00, 0x00, 0x00, 0x00, 0x00, 0xe0, 0xff, 0x01, 0x00, 
    0xe0, 0xff, 0x03, 0x00, 0xe0, 0xff, 0x03, 0x00, 0x00, 0xf8, 0x07, 0x00, 0x00, 
    0x38, 0x07, 0x00, 0x00, 0x3c, 0x07, 0x00, 0x00, 0x3c, 0x0f, 0x00, 0x00, 0x1c, 
    0x0e, 0x00, 0x00, 0x1e, 0x1e, 0x00, 0x00, 0x1e, 0x1e, 0x00, 0x00, 0x0e, 0x1c, 
    0x00, 0x00, 0x0f, 0x3c, 0x00, 0x00, 0x0f, 0x3c, 0x00, 0x00, 0x07, 0x38, 0x00, 
    0x80, 0x07, 0x78, 0x00, 0x80, 0x07, 0x78, 0x00, 0xc0, 0x03, 0x70, 0x00, 0xc0, 
    0xff, 0xff, 0x00, 0xc0, 0xff, 0xff, 0x00, 0xe0, 0xff, 0xff, 0x00, 0xe0, 0x01, 
    0xe0, 0x01, 0xe0, 0x01, 0xe0, 0x01, 0xf0, 0x00, 0xc0, 0x01, 0xf0, 0x00, 0xc0, 
    0x03, 0xf0, 0x00, 0xc0, 0x03, 0x78, 0x00, 0x80, 0x07, 0xff, 0x07, 0xfc, 0x1f, 
    0xff, 0x07, 0xfc, 0x3f, 0xff, 0x07, 0xfc, 0x1f
};
static GX_CONST GX_UBYTE FONT_THEME_1_VALUE_TOTAL_char_103[140] =
{
    0x18, 0x00, 0x18, 0x00, 0x38, 0x00, 0x1c, 0x00, 0x38, 0x00, 0x1c, 0x00, 0x78, 
    0x00, 0x1e, 0x00, 0xf0, 0x81, 0x0f, 0x00, 0xe0, 0xff, 0x07, 0x00, 0xc0, 0xff, 
    0x03, 0x00, 0x00, 0xff, 0x00, 0x00, 0x00, 0x00, 0x00, 0x00, 0x00, 0x00, 0x00, 
    0x00, 0x00, 0x00, 0x00, 0x00, 0x00, 0xff, 0x00, 0x00, 0xe0, 0xff, 0x03, 0x00, 
    0xf8, 0xff, 0x0f, 0x00, 0xfc, 0x81, 0x0f, 0x00, 0x38, 0x00, 0x1e, 0x00, 0x00, 
    0x00, 0x1e, 0x00, 0x00, 0x00, 0x1e, 0x00, 0x00, 0x00, 0x1c, 0x00, 0x00, 0x00, 
    0x1c, 0x00, 0xc0, 0x7f, 0x1c, 0x00, 0xf0, 0xff, 0x1f, 0x00, 0xfc, 0xff, 0x1f, 
    0x00, 0x7e, 0x80, 0x1f, 0x00, 0x1e, 0x00, 0x1c, 0x00, 0x1e, 0x00, 0x1c, 0x00, 
    0x0f, 0x00, 0x1c, 0x00, 0x0f, 0x00, 0x1e, 0x00, 0x0f, 0x00, 0x1e, 0x00, 0x0f, 
    0x80, 0x1f, 0x00, 0x1e, 0xc0, 0x3f, 0x00, 0x3e, 0xf0, 0xff, 0x01, 0xfc, 0xff, 
    0xf8, 0x01, 0xf8, 0x7f, 0xf0, 0x01, 0xe0, 0x0f, 0x00, 0x00
};
static GX_CONST GX_UBYTE FONT_THEME_1_VALUE_TOTAL_char_104[160] =
{
    0xe0, 0xff, 0x01, 0x00, 0xe0, 0xff, 0x03, 0x00, 0xe0, 0xff, 0x03, 0x00, 0x00, 
    0xf8, 0x07, 0x00, 0x00, 0x38, 0x07, 0x00, 0x00, 0x3c, 0x07, 0x00, 0x00, 0x3c, 
    0x0f, 0x00, 0x00, 0x1c, 0x0e, 0x00, 0x00, 0x1e, 0x1e, 0x00, 0x00, 0x1e, 0x1e, 
    0x00, 0x00, 0x0e, 0x1c, 0x00, 0x00, 0x0f, 0x3c, 0x00, 0x00, 0x0f, 0x3c, 0x00, 
    0x00, 0x07, 0x38, 0x00, 0x80, 0x07, 0x78, 0x00, 0x80, 0x07, 0x78, 0x00, 0xc0, 
    0x03, 0x70, 0x00, 0xc0, 0xff, 0xff, 0x00, 0xc0, 0xff, 0xff, 0x00, 0xe0, 0xff, 
    0xff, 0x00, 0xe0, 0x01, 0xe0, 0x01, 0xe0, 0x01, 0xe0, 0x01, 0xf0, 0x00, 0xc0, 
    0x01, 0xf0, 0x00, 0xc0, 0x03, 0xf0, 0x00, 0xc0, 0x03, 0x78, 0x00, 0x80, 0x07, 
    0xff, 0x07, 0xfc, 0x1f, 0xff, 0x07, 0xfc, 0x3f, 0xff, 0x07, 0xfc, 0x1f, 0x00, 
    0x00, 0xc0, 0x03, 0x00, 0x00, 0xe0, 0x01, 0x00, 0x00, 0xf0, 0x00, 0x00, 0x00, 
    0xf0, 0x00, 0x00, 0x00, 0x78, 0x00, 0x00, 0x00, 0x78, 0x00, 0x00, 0x00, 0x78, 
    0x00, 0x00, 0x00, 0x78, 0x00, 0x00, 0x00, 0xf8, 0x0f, 0x00, 0x00, 0xf0, 0x1f, 
    0x00, 0x00, 0xe0, 0x07
};
static GX_CONST GX_UBYTE FONT_THEME_1_VALUE_TOTAL_char_105[136] =
{
    0x00, 0xff, 0x00, 0x00, 0xe0, 0xff, 0x03, 0x00, 0xf8, 0xff, 0x0f, 0x00, 0xfc, 
    0x81, 0x0f, 0x00, 0x38, 0x00, 0x1e, 0x00, 0x00, 0x00, 0x1e, 0x00, 0x00, 0x00, 
    0x1e, 0x00, 0x00, 0x00, 0x1c, 0x00, 0x00, 0x00, 0x1c, 0x00, 0xc0, 0x7f, 0x1c, 
    0x00, 0xf0, 0xff, 0x1f, 0x00, 0xfc, 0xff, 0x1f, 0x00, 0x7e, 0x80, 0x1f, 0x00, 
    0x1e, 0x00, 0x1c, 0x00, 0x1e, 0x00, 0x1c, 0x00, 0x0f, 0x00, 0x1c, 0x00, 0x0f, 
    0x00, 0x1e, 0x00, 0x0f, 0x00, 0x1e, 0x00, 0x0f, 0x80, 0x1f, 0x00, 0x1e, 0xc0, 
    0x3f, 0x00, 0x3e, 0xf0, 0xff, 0x01, 0xfc, 0xff, 0xfc, 0x01, 0xf8, 0x7f, 0xf8, 
    0x01, 0xe0, 0x0f, 0x78, 0x00, 0x00, 0x00, 0x3c, 0x00, 0x00, 0x00, 0x1e, 0x00, 
    0x00, 0x00, 0x0f, 0x00, 0x00, 0x00, 0x0f, 0x00, 0x00, 0x80, 0x07, 0x00, 0x00, 
    0x80, 0x07, 0x00, 0x00, 0x80, 0x0f, 0x00, 0x00, 0x00, 0xff, 0x01, 0x00, 0x00, 
    0xff, 0x01, 0x00, 0x00, 0xfc, 0x00
};
static GX_CONST GX_UBYTE FONT_THEME_1_VALUE_TOTAL_char_106[126] =
{
    0x00, 0x00, 0x04, 0x00, 0x00, 0x0f, 0x00, 0x80, 0x1f, 0x00, 0xe0, 0x1f, 0x00, 
    0xf8, 0x1f, 0x00, 0xfe, 0x03, 0x00, 0x7f, 0x00, 0x80, 0x0f, 0x00, 0x00, 0x01, 
    0x00, 0x00, 0x00, 0x00, 0x00, 0x00, 0x00, 0x00, 0xfe, 0x70, 0x80, 0xff, 0x73, 
    0xe0, 0xff, 0x7f, 0xf0, 0x03, 0x7f, 0xf8, 0x00, 0x7c, 0x7c, 0x00, 0x7c, 0x3c, 
    0x00, 0x78, 0x3e, 0x00, 0x78, 0x1e, 0x00, 0x70, 0x1e, 0x00, 0x70, 0x0f, 0x00, 
    0x20, 0x0f, 0x00, 0x00, 0x0f, 0x00, 0x00, 0x0f, 0x00, 0x00, 0x0f, 0x00, 0x00, 
    0x0f, 0x00, 0x00, 0x0f, 0x00, 0x00, 0x0f, 0x00, 0x00, 0x0f, 0x00, 0x00, 0x0f, 
    0x00, 0x00, 0x0f, 0x00, 0x00, 0x1e, 0x00, 0x00, 0x1e, 0x00, 0x00, 0x1e, 0x00, 
    0x00, 0x3c, 0x00, 0x00, 0x7c, 0x00, 0x60, 0xf8, 0x00, 0xf8, 0xf0, 0x03, 0xff, 
    0xe0, 0xff, 0x7f, 0xc0, 0xff, 0x1f, 0x00, 0xfe, 0x01
};
static GX_CONST GX_UBYTE FONT_THEME_1_VALUE_TOTAL_char_107[105] =
{
    0x00, 0x00, 0x02, 0x00, 0x00, 0x07, 0x00, 0xc0, 0x0f, 0x00, 0xf0, 0x0f, 0x00, 
    0xf8, 0x0f, 0x00, 0xfe, 0x01, 0x80, 0x3f, 0x00, 0x80, 0x07, 0x00, 0x80, 0x01, 
    0x00, 0x00, 0x00, 0x00, 0x00, 0x00, 0x00, 0x00, 0x7f, 0x38, 0xc0, 0xff, 0x7b, 
    0xf0, 0xff, 0x7f, 0xf8, 0x81, 0x7f, 0x7c, 0x00, 0x7e, 0x3c, 0x00, 0x7c, 0x1e, 
    0x00, 0x78, 0x1e, 0x00, 0x78, 0x1e, 0x00, 0x78, 0x0f, 0x00, 0x38, 0x0f, 0x00, 
    0x00, 0x0f, 0x00, 0x00, 0x0f, 0x00, 0x00, 0x0f, 0x00, 0x00, 0x0f, 0x00, 0x00, 
    0x0f, 0x00, 0x00, 0x1e, 0x00, 0x00, 0x1e, 0x00, 0x00, 0x3c, 0x00, 0x30, 0x7c, 
    0x00, 0x7c, 0xf8, 0x01, 0x7f, 0xf0, 0xff, 0x3f, 0xc0, 0xff, 0x0f, 0x00, 0xff, 
    0x00
};
static GX_CONST GX_UBYTE FONT_THEME_1_VALUE_TOTAL_char_108[126] =
{
    0x00, 0x30, 0x00, 0x00, 0xfc, 0x00, 0x00, 0xfe, 0x01, 0x00, 0xff, 0x03, 0x80, 
    0xff, 0x07, 0xc0, 0x87, 0x0f, 0xe0, 0x01, 0x1e, 0x70, 0x00, 0x1c, 0x00, 0x00, 
    0x00, 0x00, 0x00, 0x00, 0x00, 0x00, 0x00, 0x00, 0xfe, 0x70, 0x80, 0xff, 0x73, 
    0xe0, 0xff, 0x7f, 0xf0, 0x03, 0x7f, 0xf8, 0x00, 0x7c, 0x7c, 0x00, 0x7c, 0x3c, 
    0x00, 0x78, 0x3e, 0x00, 0x78, 0x1e, 0x00, 0x70, 0x1e, 0x00, 0x70, 0x0f, 0x00, 
    0x20, 0x0f, 0x00, 0x00, 0x0f, 0x00, 0x00, 0x0f, 0x00, 0x00, 0x0f, 0x00, 0x00, 
    0x0f, 0x00, 0x00, 0x0f, 0x00, 0x00, 0x0f, 0x00, 0x00, 0x0f, 0x00, 0x00, 0x0f, 
    0x00, 0x00, 0x0f, 0x00, 0x00, 0x1e, 0x00, 0x00, 0x1e, 0x00, 0x00, 0x1e, 0x00, 
    0x00, 0x3c, 0x00, 0x00, 0x7c, 0x00, 0x60, 0xf8, 0x00, 0xf8, 0xf0, 0x03, 0xff, 
    0xe0, 0xff, 0x7f, 0xc0, 0xff, 0x1f, 0x00, 0xfe, 0x01
};
static GX_CONST GX_UBYTE FONT_THEME_1_VALUE_TOTAL_char_109[105] =
{
    0x00, 0x38, 0x00, 0x00, 0x7c, 0x00, 0x00, 0xff, 0x00, 0x80, 0xff, 0x01, 0xc0, 
    0xff, 0x03, 0xe0, 0xc3, 0x0f, 0xf0, 0x00, 0x1f, 0x70, 0x00, 0x1c, 0x00, 0x00, 
    0x00, 0x00, 0x00, 0x00, 0x00, 0x00, 0x00, 0x00, 0x7f, 0x38, 0xc0, 0xff, 0x7b, 
    0xf0, 0xff, 0x7f, 0xf8, 0x81, 0x7f, 0x7c, 0x00, 0x7e, 0x3c, 0x00, 0x7c, 0x1e, 
    0x00, 0x78, 0x1e, 0x00, 0x78, 0x1e, 0x00, 0x78, 0x0f, 0x00, 0x38, 0x0f, 0x00, 
    0x00, 0x0f, 0x00, 0x00, 0x0f, 0x00, 0x00, 0x0f, 0x00, 0x00, 0x0f, 0x00, 0x00, 
    0x0f, 0x00, 0x00, 0x1e, 0x00, 0x00, 0x1e, 0x00, 0x00, 0x3c, 0x00, 0x30, 0x7c, 
    0x00, 0x7c, 0xf8, 0x01, 0x7f, 0xf0, 0xff, 0x3f, 0xc0, 0xff, 0x0f, 0x00, 0xff, 
    0x00
};
static GX_CONST GX_UBYTE FONT_THEME_1_VALUE_TOTAL_char_10a[123] =
{
    0x00, 0x38, 0x00, 0x00, 0x7c, 0x00, 0x00, 0xfe, 0x00, 0x00, 0xfe, 0x00, 0x00, 
    0xfe, 0x00, 0x00, 0x7c, 0x00, 0x00, 0x38, 0x00, 0x00, 0x00, 0x00, 0x00, 0x00, 
    0x00, 0x00, 0x00, 0x00, 0x00, 0xfe, 0x70, 0x80, 0xff, 0x73, 0xe0, 0xff, 0x7f, 
    0xf0, 0x03, 0x7f, 0xf8, 0x00, 0x7c, 0x7c, 0x00, 0x7c, 0x3c, 0x00, 0x78, 0x3e, 
    0x00, 0x78, 0x1e, 0x00, 0x70, 0x1e, 0x00, 0x70, 0x0f, 0x00, 0x20, 0x0f, 0x00, 
    0x00, 0x0f, 0x00, 0x00, 0x0f, 0x00, 0x00, 0x0f, 0x00, 0x00, 0x0f, 0x00, 0x00, 
    0x0f, 0x00, 0x00, 0x0f, 0x00, 0x00, 0x0f, 0x00, 0x00, 0x0f, 0x00, 0x00, 0x0f, 
    0x00, 0x00, 0x1e, 0x00, 0x00, 0x1e, 0x00, 0x00, 0x1e, 0x00, 0x00, 0x3c, 0x00, 
    0x00, 0x7c, 0x00, 0x60, 0xf8, 0x00, 0xf8, 0xf0, 0x03, 0xff, 0xe0, 0xff, 0x7f, 
    0xc0, 0xff, 0x1f, 0x00, 0xfe, 0x01
};
static GX_CONST GX_UBYTE FONT_THEME_1_VALUE_TOTAL_char_10b[102] =
{
    0x00, 0x3c, 0x00, 0x00, 0x7e, 0x00, 0x00, 0xfe, 0x00, 0x00, 0xfe, 0x00, 0x00, 
    0xfe, 0x00, 0x00, 0x7e, 0x00, 0x00, 0x3c, 0x00, 0x00, 0x00, 0x00, 0x00, 0x00, 
    0x00, 0x00, 0x00, 0x00, 0x00, 0x7f, 0x38, 0xc0, 0xff, 0x7b, 0xf0, 0xff, 0x7f, 
    0xf8, 0x81, 0x7f, 0x7c, 0x00, 0x7e, 0x3c, 0x00, 0x7c, 0x1e, 0x00, 0x78, 0x1e, 
    0x00, 0x78, 0x1e, 0x00, 0x78, 0x0f, 0x00, 0x38, 0x0f, 0x00, 0x00, 0x0f, 0x00, 
    0x00, 0x0f, 0x00, 0x00, 0x0f, 0x00, 0x00, 0x0f, 0x00, 0x00, 0x0f, 0x00, 0x00, 
    0x1e, 0x00, 0x00, 0x1e, 0x00, 0x00, 0x3c, 0x00, 0x30, 0x7c, 0x00, 0x7c, 0xf8, 
    0x01, 0x7f, 0xf0, 0xff, 0x3f, 0xc0, 0xff, 0x0f, 0x00, 0xff, 0x00
};
static GX_CONST GX_UBYTE FONT_THEME_1_VALUE_TOTAL_char_10c[123] =
{
    0x70, 0x00, 0x1c, 0xf0, 0x01, 0x1f, 0xe0, 0x87, 0x0f, 0x80, 0xef, 0x07, 0x00, 
    0xff, 0x03, 0x00, 0xfe, 0x01, 0x00, 0x7c, 0x00, 0x00, 0x38, 0x00, 0x00, 0x00, 
    0x00, 0x00, 0x00, 0x00, 0x00, 0xfe, 0x70, 0x80, 0xff, 0x73, 0xe0, 0xff, 0x7f, 
    0xf0, 0x03, 0x7f, 0xf8, 0x00, 0x7c, 0x7c, 0x00, 0x7c, 0x3c, 0x00, 0x78, 0x3e, 
    0x00, 0x78, 0x1e, 0x00, 0x70, 0x1e, 0x00, 0x70, 0x0f, 0x00, 0x20, 0x0f, 0x00, 
    0x00, 0x0f, 0x00, 0x00, 0x0f, 0x00, 0x00, 0x0f, 0x00, 0x00, 0x0f, 0x00, 0x00, 
    0x0f, 0x00, 0x00, 0x0f, 0x00, 0x00, 0x0f, 0x00, 0x00, 0x0f, 0x00, 0x00, 0x0f, 
    0x00, 0x00, 0x1e, 0x00, 0x00, 0x1e, 0x00, 0x00, 0x1e, 0x00, 0x00, 0x3c, 0x00, 
    0x00, 0x7c, 0x00, 0x60, 0xf8, 0x00, 0xf8, 0xf0, 0x03, 0xff, 0xe0, 0xff, 0x7f, 
    0xc0, 0xff, 0x1f, 0x00, 0xfe, 0x01
};
static GX_CONST GX_UBYTE FONT_THEME_1_VALUE_TOTAL_char_10d[102] =
{
    0x70, 0x00, 0x1c, 0xf0, 0x00, 0x1f, 0xe0, 0xc3, 0x0f, 0xc0, 0xff, 0x03, 0x80, 
    0xff, 0x01, 0x00, 0xff, 0x00, 0x00, 0x7c, 0x00, 0x00, 0x38, 0x00, 0x00, 0x00, 
    0x00, 0x00, 0x00, 0x00, 0x00, 0x7f, 0x38, 0xc0, 0xff, 0x7b, 0xf0, 0xff, 0x7f, 
    0xf8, 0x81, 0x7f, 0x7c, 0x00, 0x7e, 0x3c, 0x00, 0x7c, 0x1e, 0x00, 0x78, 0x1e, 
    0x00, 0x78, 0x1e, 0x00, 0x78, 0x0f, 0x00, 0x38, 0x0f, 0x00, 0x00, 0x0f, 0x00, 
    0x00, 0x0f, 0x00, 0x00, 0x0f, 0x00, 0x00, 0x0f, 0x00, 0x00, 0x0f, 0x00, 0x00, 
    0x1e, 0x00, 0x00, 0x1e, 0x00, 0x00, 0x3c, 0x00, 0x30, 0x7c, 0x00, 0x7c, 0xf8, 
    0x01, 0x7f, 0xf0, 0xff, 0x3f, 0xc0, 0xff, 0x0f, 0x00, 0xff, 0x00
};
static GX_CONST GX_UBYTE FONT_THEME_1_VALUE_TOTAL_char_10e[156] =
{
    0x70, 0x00, 0x1c, 0x00, 0xf0, 0x01, 0x1f, 0x00, 0xe0, 0xc3, 0x0f, 0x00, 0xc0, 
    0xef, 0x03, 0x00, 0x80, 0xff, 0x01, 0x00, 0x00, 0xff, 0x00, 0x00, 0x00, 0x7c, 
    0x00, 0x00, 0x00, 0x38, 0x00, 0x00, 0x00, 0x00, 0x00, 0x00, 0x00, 0x00, 0x00, 
    0x00, 0xff, 0xff, 0x01, 0x00, 0xff, 0xff, 0x07, 0x00, 0xff, 0xff, 0x1f, 0x00, 
    0xf0, 0x00, 0x3f, 0x00, 0xf0, 0x00, 0x7c, 0x00, 0xf0, 0x00, 0xf8, 0x00, 0xf0, 
    0x00, 0xf0, 0x00, 0xf0, 0x00, 0xf0, 0x01, 0xf0, 0x00, 0xe0, 0x01, 0xf0, 0x00, 
    0xe0, 0x01, 0xf0, 0x00, 0xc0, 0x01, 0xf0, 0x00, 0xc0, 0x03, 0xf0, 0x00, 0xc0, 
    0x03, 0xf0, 0x00, 0xc0, 0x03, 0xf0, 0x00, 0xc0, 0x03, 0xf0, 0x00, 0xc0, 0x03, 
    0xf0, 0x00, 0xc0, 0x03, 0xf0, 0x00, 0xc0, 0x03, 0xf0, 0x00, 0xc0, 0x01, 0xf0, 
    0x00, 0xe0, 0x01, 0xf0, 0x00, 0xe0, 0x01, 0xf0, 0x00, 0xf0, 0x01, 0xf0, 0x00, 
    0xf0, 0x00, 0xf0, 0x00, 0xf8, 0x00, 0xf0, 0x00, 0x7c, 0x00, 0xf0, 0x00, 0x3f, 
    0x00, 0xff, 0xff, 0x1f, 0x00, 0xff, 0xff, 0x07, 0x00, 0xff, 0xff, 0x01, 0x00

};
static GX_CONST GX_UBYTE FONT_THEME_1_VALUE_TOTAL_char_10f[132] =
{
    0x00, 0xfc, 0x07, 0x3e, 0x00, 0xfc, 0x0f, 0x3e, 0x00, 0xfc, 0x0f, 0x1f, 0x00, 
    0x00, 0x0f, 0x1f, 0x00, 0x00, 0x0f, 0x0f, 0x00, 0x00, 0x0f, 0x0f, 0x00, 0x00, 
    0x0f, 0x07, 0x00, 0x00, 0x8f, 0x07, 0x00, 0x00, 0x8f, 0x03, 0x00, 0x00, 0x8f, 
    0x03, 0xc0, 0x0f, 0x8f, 0x01, 0xf0, 0x3f, 0x0f, 0x00, 0xf8, 0x7f, 0x0f, 0x00, 
    0xfc, 0xf0, 0x0f, 0x00, 0x3c, 0xc0, 0x0f, 0x00, 0x1e, 0x80, 0x0f, 0x00, 0x1e, 
    0x80, 0x0f, 0x00, 0x0e, 0x80, 0x0f, 0x00, 0x0f, 0x00, 0x0f, 0x00, 0x0f, 0x00, 
    0x0f, 0x00, 0x0f, 0x00, 0x0f, 0x00, 0x0f, 0x00, 0x0f, 0x00, 0x0f, 0x00, 0x0f, 
    0x00, 0x0f, 0x00, 0x0f, 0x00, 0x0f, 0x00, 0x0f, 0x00, 0x1e, 0x80, 0x0f, 0x00, 
    0x1e, 0x80, 0x0f, 0x00, 0x3e, 0xc0, 0x0f, 0x00, 0x7c, 0xe0, 0x0f, 0x00, 0xfc, 
    0xff, 0x7f, 0x00, 0xf8, 0x7f, 0x7f, 0x00, 0xf0, 0x3f, 0x7f, 0x00, 0xc0, 0x0f, 
    0x00, 0x00
};
static GX_CONST GX_UBYTE FONT_THEME_1_VALUE_TOTAL_char_110[148] =
{
    0xf0, 0xff, 0x0f, 0x00, 0xf0, 0xff, 0x1f, 0x00, 0xf0, 0xff, 0x0f, 0x00, 0x00, 
    0x00, 0x00, 0x00, 0x00, 0x00, 0x00, 0x00, 0x00, 0x00, 0x00, 0x00, 0x00, 0x00, 
    0x00, 0x00, 0x00, 0x00, 0x00, 0x00, 0xff, 0xff, 0x01, 0x00, 0xff, 0xff, 0x07, 
    0x00, 0xff, 0xff, 0x1f, 0x00, 0xf0, 0x00, 0x3f, 0x00, 0xf0, 0x00, 0x7c, 0x00, 
    0xf0, 0x00, 0xf8, 0x00, 0xf0, 0x00, 0xf0, 0x00, 0xf0, 0x00, 0xf0, 0x01, 0xf0, 
    0x00, 0xe0, 0x01, 0xf0, 0x00, 0xe0, 0x01, 0xf0, 0x00, 0xc0, 0x01, 0xf0, 0x00, 
    0xc0, 0x03, 0xf0, 0x00, 0xc0, 0x03, 0xf0, 0x00, 0xc0, 0x03, 0xf0, 0x00, 0xc0, 
    0x03, 0xf0, 0x00, 0xc0, 0x03, 0xf0, 0x00, 0xc0, 0x03, 0xf0, 0x00, 0xc0, 0x03, 
    0xf0, 0x00, 0xc0, 0x01, 0xf0, 0x00, 0xe0, 0x01, 0xf0, 0x00, 0xe0, 0x01, 0xf0, 
    0x00, 0xf0, 0x01, 0xf0, 0x00, 0xf0, 0x00, 0xf0, 0x00, 0xf8, 0x00, 0xf0, 0x00, 
    0x7c, 0x00, 0xf0, 0x00, 0x3f, 0x00, 0xff, 0xff, 0x1f, 0x00, 0xff, 0xff, 0x07, 
    0x00, 0xff, 0xff, 0x01, 0x00
};
static GX_CONST GX_UBYTE FONT_THEME_1_VALUE_TOTAL_char_111[132] =
{
    0x00, 0xf0, 0x3f, 0x00, 0x00, 0xf0, 0x3f, 0x00, 0x00, 0xf0, 0x3f, 0x00, 0x00, 
    0x00, 0x3c, 0x00, 0x00, 0x00, 0x3c, 0x00, 0x00, 0xfc, 0xff, 0x03, 0x00, 0xfe, 
    0xff, 0x03, 0x00, 0xfc, 0xff, 0x03, 0x00, 0x00, 0x3c, 0x00, 0x00, 0x00, 0x3c, 
    0x00, 0x80, 0x3f, 0x3c, 0x00, 0xe0, 0xff, 0x3c, 0x00, 0xf0, 0xff, 0x3d, 0x00, 
    0xf8, 0xc0, 0x3f, 0x00, 0x7c, 0x00, 0x3f, 0x00, 0x3e, 0x00, 0x3e, 0x00, 0x1e, 
    0x00, 0x3e, 0x00, 0x1e, 0x00, 0x3c, 0x00, 0x0f, 0x00, 0x3c, 0x00, 0x0f, 0x00, 
    0x3c, 0x00, 0x0f, 0x00, 0x3c, 0x00, 0x0f, 0x00, 0x3c, 0x00, 0x0f, 0x00, 0x3c, 
    0x00, 0x0f, 0x00, 0x3c, 0x00, 0x0f, 0x00, 0x3c, 0x00, 0x1e, 0x00, 0x3e, 0x00, 
    0x1e, 0x00, 0x3e, 0x00, 0x3e, 0x00, 0x3f, 0x00, 0xfc, 0xc0, 0x3f, 0x00, 0xf8, 
    0xff, 0xfb, 0x01, 0xf0, 0xff, 0xf9, 0x03, 0xe0, 0xff, 0xf8, 0x01, 0x80, 0x3f, 
    0x00, 0x00
};
static GX_CONST GX_UBYTE FONT_THEME_1_VALUE_TOTAL_char_112[148] =
{
    0xe0, 0xff, 0x3f, 0x00, 0xe0, 0xff, 0x3f, 0x00, 0xe0, 0xff, 0x3f, 0x00, 0x00, 
    0x00, 0x00, 0x00, 0x00, 0x00, 0x00, 0x00, 0x00, 0x00, 0x00, 0x00, 0x00, 0x00, 
    0x00, 0x00, 0x00, 0x00, 0x00, 0x00, 0xff, 0xff, 0xff, 0x00, 0xff, 0xff, 0xff, 
    0x00, 0xff, 0xff, 0xff, 0x00, 0xf0, 0x00, 0xe0, 0x00, 0xf0, 0x00, 0xe0, 0x00, 
    0xf0, 0x00, 0xe0, 0x00, 0xf0, 0x00, 0xe0, 0x00, 0xf0, 0x00, 0xe0, 0x00, 0xf0, 
    0x00, 0xe0, 0x00, 0xf0, 0x00, 0x00, 0x00, 0xf0, 0xc0, 0x01, 0x00, 0xf0, 0xc0, 
    0x01, 0x00, 0xf0, 0xc0, 0x01, 0x00, 0xf0, 0xff, 0x01, 0x00, 0xf0, 0xff, 0x01, 
    0x00, 0xf0, 0xff, 0x01, 0x00, 0xf0, 0xc0, 0x01, 0x00, 0xf0, 0xc0, 0x01, 0x00, 
    0xf0, 0xc0, 0xc1, 0x01, 0xf0, 0x00, 0xe0, 0x01, 0xf0, 0x00, 0xe0, 0x01, 0xf0, 
    0x00, 0xe0, 0x01, 0xf0, 0x00, 0xe0, 0x01, 0xf0, 0x00, 0xe0, 0x01, 0xf0, 0x00, 
    0xe0, 0x01, 0xf0, 0x00, 0xe0, 0x01, 0xff, 0xff, 0xff, 0x01, 0xff, 0xff, 0xff, 
    0x01, 0xff, 0xff, 0xff, 0x01
};
static GX_CONST GX_UBYTE FONT_THEME_1_VALUE_TOTAL_char_113[93] =
{
    0xf8, 0xff, 0x0f, 0xf8, 0xff, 0x0f, 0xf8, 0xff, 0x0f, 0x00, 0x00, 0x00, 0x00, 
    0x00, 0x00, 0x00, 0x00, 0x00, 0x00, 0x00, 0x00, 0x00, 0x7f, 0x00, 0xe0, 0xff, 
    0x01, 0xf0, 0xff, 0x07, 0xf8, 0xc0, 0x0f, 0x7c, 0x00, 0x0f, 0x3e, 0x00, 0x1e, 
    0x1e, 0x00, 0x3e, 0x0f, 0x00, 0x3c, 0x0f, 0x00, 0x3c, 0x0f, 0x00, 0x3c, 0xff, 
    0xff, 0x7f, 0xff, 0xff, 0x7f, 0xff, 0xff, 0x3f, 0x07, 0x00, 0x00, 0x0f, 0x00, 
    0x00, 0x0f, 0x00, 0x00, 0x0f, 0x00, 0x00, 0x0f, 0x00, 0x00, 0x1e, 0x00, 0x00, 
    0x3e, 0x00, 0x1c, 0xfc, 0x80, 0x3f, 0xf8, 0xff, 0x3f, 0xe0, 0xff, 0x0f, 0x80, 
    0xff, 0x00
};
static GX_CONST GX_UBYTE FONT_THEME_1_VALUE_TOTAL_char_114[164] =
{
    0x30, 0x00, 0x30, 0x00, 0x70, 0x00, 0x38, 0x00, 0x70, 0x00, 0x38, 0x00, 0xf0, 
    0x00, 0x3c, 0x00, 0xe0, 0x03, 0x1f, 0x00, 0xc0, 0xff, 0x0f, 0x00, 0x80, 0xff, 
    0x07, 0x00, 0x00, 0xfe, 0x01, 0x00, 0x00, 0x00, 0x00, 0x00, 0x00, 0x00, 0x00, 
    0x00, 0x00, 0x00, 0x00, 0x00, 0x00, 0x00, 0x00, 0x00, 0xff, 0xff, 0xff, 0x00, 
    0xff, 0xff, 0xff, 0x00, 0xff, 0xff, 0xff, 0x00, 0xf0, 0x00, 0xe0, 0x00, 0xf0, 
    0x00, 0xe0, 0x00, 0xf0, 0x00, 0xe0, 0x00, 0xf0, 0x00, 0xe0, 0x00, 0xf0, 0x00, 
    0xe0, 0x00, 0xf0, 0x00, 0xe0, 0x00, 0xf0, 0x00, 0x00, 0x00, 0xf0, 0xc0, 0x01, 
    0x00, 0xf0, 0xc0, 0x01, 0x00, 0xf0, 0xc0, 0x01, 0x00, 0xf0, 0xff, 0x01, 0x00, 
    0xf0, 0xff, 0x01, 0x00, 0xf0, 0xff, 0x01, 0x00, 0xf0, 0xc0, 0x01, 0x00, 0xf0, 
    0xc0, 0x01, 0x00, 0xf0, 0xc0, 0xc1, 0x01, 0xf0, 0x00, 0xe0, 0x01, 0xf0, 0x00, 
    0xe0, 0x01, 0xf0, 0x00, 0xe0, 0x01, 0xf0, 0x00, 0xe0, 0x01, 0xf0, 0x00, 0xe0, 
    0x01, 0xf0, 0x00, 0xe0, 0x01, 0xf0, 0x00, 0xe0, 0x01, 0xff, 0xff, 0xff, 0x01, 
    0xff, 0xff, 0xff, 0x01, 0xff, 0xff, 0xff, 0x01
};
static GX_CONST GX_UBYTE FONT_THEME_1_VALUE_TOTAL_char_115[105] =
{
    0x18, 0x00, 0x0c, 0x1c, 0x00, 0x1c, 0x3c, 0x00, 0x0e, 0x78, 0x00, 0x0f, 0xf8, 
    0x80, 0x07, 0xf0, 0xff, 0x07, 0xc0, 0xff, 0x01, 0x00, 0x7f, 0x00, 0x00, 0x00, 
    0x00, 0x00, 0x00, 0x00, 0x00, 0x00, 0x00, 0x00, 0x7f, 0x00, 0xe0, 0xff, 0x01, 
    0xf0, 0xff, 0x07, 0xf8, 0xc0, 0x0f, 0x7c, 0x00, 0x0f, 0x3e, 0x00, 0x1e, 0x1e, 
    0x00, 0x3e, 0x0f, 0x00, 0x3c, 0x0f, 0x00, 0x3c, 0x0f, 0x00, 0x3c, 0xff, 0xff, 
    0x7f, 0xff, 0xff, 0x7f, 0xff, 0xff, 0x3f, 0x07, 0x00, 0x00, 0x0f, 0x00, 0x00, 
    0x0f, 0x00, 0x00, 0x0f, 0x00, 0x00, 0x0f, 0x00, 0x00, 0x1e, 0x00, 0x00, 0x3e, 
    0x00, 0x1c, 0xfc, 0x80, 0x3f, 0xf8, 0xff, 0x3f, 0xe0, 0xff, 0x0f, 0x80, 0xff, 
    0x00
};
static GX_CONST GX_UBYTE FONT_THEME_1_VALUE_TOTAL_char_116[160] =
{
    0x00, 0x78, 0x00, 0x00, 0x00, 0xfc, 0x00, 0x00, 0x00, 0xfc, 0x00, 0x00, 0x00, 
    0xfc, 0x00, 0x00, 0x00, 0xfc, 0x00, 0x00, 0x00, 0xfc, 0x00, 0x00, 0x00, 0x78, 
    0x00, 0x00, 0x00, 0x00, 0x00, 0x00, 0x00, 0x00, 0x00, 0x00, 0x00, 0x00, 0x00, 
    0x00, 0x00, 0x00, 0x00, 0x00, 0xff, 0xff, 0xff, 0x00, 0xff, 0xff, 0xff, 0x00, 
    0xff, 0xff, 0xff, 0x00, 0xf0, 0x00, 0xe0, 0x00, 0xf0, 0x00, 0xe0, 0x00, 0xf0, 
    0x00, 0xe0, 0x00, 0xf0, 0x00, 0xe0, 0x00, 0xf0, 0x00, 0xe0, 0x00, 0xf0, 0x00, 
    0xe0, 0x00, 0xf0, 0x00, 0x00, 0x00, 0xf0, 0xc0, 0x01, 0x00, 0xf0, 0xc0, 0x01, 
    0x00, 0xf0, 0xc0, 0x01, 0x00, 0xf0, 0xff, 0x01, 0x00, 0xf0, 0xff, 0x01, 0x00, 
    0xf0, 0xff, 0x01, 0x00, 0xf0, 0xc0, 0x01, 0x00, 0xf0, 0xc0, 0x01, 0x00, 0xf0, 
    0xc0, 0xc1, 0x01, 0xf0, 0x00, 0xe0, 0x01, 0xf0, 0x00, 0xe0, 0x01, 0xf0, 0x00, 
    0xe0, 0x01, 0xf0, 0x00, 0xe0, 0x01, 0xf0, 0x00, 0xe0, 0x01, 0xf0, 0x00, 0xe0, 
    0x01, 0xf0, 0x00, 0xe0, 0x01, 0xff, 0xff, 0xff, 0x01, 0xff, 0xff, 0xff, 0x01, 
    0xff, 0xff, 0xff, 0x01
};
static GX_CONST GX_UBYTE FONT_THEME_1_VALUE_TOTAL_char_117[102] =
{
    0x00, 0x1c, 0x00, 0x00, 0x3e, 0x00, 0x00, 0x7f, 0x00, 0x00, 0x7f, 0x00, 0x00, 
    0x7f, 0x00, 0x00, 0x3e, 0x00, 0x00, 0x1c, 0x00, 0x00, 0x00, 0x00, 0x00, 0x00, 
    0x00, 0x00, 0x00, 0x00, 0x00, 0x7f, 0x00, 0xe0, 0xff, 0x01, 0xf0, 0xff, 0x07, 
    0xf8, 0xc0, 0x0f, 0x7c, 0x00, 0x0f, 0x3e, 0x00, 0x1e, 0x1e, 0x00, 0x3e, 0x0f, 
    0x00, 0x3c, 0x0f, 0x00, 0x3c, 0x0f, 0x00, 0x3c, 0xff, 0xff, 0x7f, 0xff, 0xff, 
    0x7f, 0xff, 0xff, 0x3f, 0x07, 0x00, 0x00, 0x0f, 0x00, 0x00, 0x0f, 0x00, 0x00, 
    0x0f, 0x00, 0x00, 0x0f, 0x00, 0x00, 0x1e, 0x00, 0x00, 0x3e, 0x00, 0x1c, 0xfc, 
    0x80, 0x3f, 0xf8, 0xff, 0x3f, 0xe0, 0xff, 0x0f, 0x80, 0xff, 0x00
};
static GX_CONST GX_UBYTE FONT_THEME_1_VALUE_TOTAL_char_118[160] =
{
    0xff, 0xff, 0xff, 0x00, 0xff, 0xff, 0xff, 0x00, 0xff, 0xff, 0xff, 0x00, 0xf0, 
    0x00, 0xe0, 0x00, 0xf0, 0x00, 0xe0, 0x00, 0xf0, 0x00, 0xe0, 0x00, 0xf0, 0x00, 
    0xe0, 0x00, 0xf0, 0x00, 0xe0, 0x00, 0xf0, 0xc0, 0xe1, 0x00, 0xf0, 0xc0, 0x01, 
    0x00, 0xf0, 0xc0, 0x01, 0x00, 0xf0, 0xc0, 0x01, 0x00, 0xf0, 0xc0, 0x01, 0x00, 
    0xf0, 0xff, 0x01, 0x00, 0xf0, 0xff, 0x01, 0x00, 0xf0, 0xff, 0x01, 0x00, 0xf0, 
    0xc0, 0x01, 0x00, 0xf0, 0xc0, 0x01, 0x00, 0xf0, 0xc0, 0xc1, 0x01, 0xf0, 0xc0, 
    0xe1, 0x01, 0xf0, 0xc0, 0xe1, 0x01, 0xf0, 0x00, 0xe0, 0x01, 0xf0, 0x00, 0xe0, 
    0x01, 0xf0, 0x00, 0xe0, 0x01, 0xf0, 0x00, 0xe0, 0x01, 0xf0, 0x00, 0xe0, 0x01, 
    0xff, 0xff, 0xff, 0x01, 0xff, 0xff, 0xff, 0x01, 0xff, 0xff, 0xff, 0x01, 0x00, 
    0x00, 0x3c, 0x00, 0x00, 0x00, 0x1e, 0x00, 0x00, 0x00, 0x0f, 0x00, 0x00, 0x00, 
    0x0f, 0x00, 0x00, 0x80, 0x07, 0x00, 0x00, 0x80, 0x07, 0x00, 0x00, 0x80, 0x07, 
    0x00, 0x00, 0x80, 0x07, 0x00, 0x00, 0x80, 0xff, 0x00, 0x00, 0x00, 0xff, 0x01, 
    0x00, 0x00, 0xfe, 0x00
};
static GX_CONST GX_UBYTE FONT_THEME_1_VALUE_TOTAL_char_119[102] =
{
    0x00, 0x7f, 0x00, 0xe0, 0xff, 0x03, 0xf0, 0xff, 0x07, 0xf8, 0xc0, 0x0f, 0x3c, 
    0x00, 0x1f, 0x1e, 0x00, 0x1e, 0x1e, 0x00, 0x3c, 0x0f, 0x00, 0x3c, 0x0f, 0x00, 
    0x3c, 0xff, 0xff, 0x7f, 0xff, 0xff, 0x7f, 0xff, 0xff, 0x3f, 0x07, 0x00, 0x00, 
    0x0f, 0x00, 0x00, 0x0f, 0x00, 0x00, 0x0f, 0x00, 0x00, 0x0f, 0x00, 0x00, 0x1f, 
    0x00, 0x00, 0x1e, 0x00, 0x00, 0x3e, 0x00, 0x1c, 0xfc, 0x80, 0x3f, 0xf8, 0xff, 
    0x3f, 0xe0, 0xff, 0x0f, 0x80, 0xdf, 0x07, 0x00, 0xe0, 0x03, 0x00, 0xf0, 0x01, 
    0x00, 0xf0, 0x00, 0x00, 0x78, 0x00, 0x00, 0x78, 0x00, 0x00, 0x78, 0x00, 0x00, 
    0x78, 0x00, 0x00, 0xf8, 0x0f, 0x00, 0xf0, 0x1f, 0x00, 0xe0, 0x07
};
static GX_CONST GX_UBYTE FONT_THEME_1_VALUE_TOTAL_char_11a[156] =
{
    0x60, 0x00, 0x18, 0x00, 0xf0, 0x01, 0x1e, 0x00, 0xc0, 0x87, 0x0f, 0x00, 0x80, 
    0xff, 0x07, 0x00, 0x00, 0xff, 0x03, 0x00, 0x00, 0xfe, 0x01, 0x00, 0x00, 0xfc, 
    0x00, 0x00, 0x00, 0x30, 0x00, 0x00, 0x00, 0x00, 0x00, 0x00, 0x00, 0x00, 0x00, 
    0x00, 0xff, 0xff, 0xff, 0x00, 0xff, 0xff, 0xff, 0x00, 0xff, 0xff, 0xff, 0x00, 
    0xf0, 0x00, 0xe0, 0x00, 0xf0, 0x00, 0xe0, 0x00, 0xf0, 0x00, 0xe0, 0x00, 0xf0, 
    0x00, 0xe0, 0x00, 0xf0, 0x00, 0xe0, 0x00, 0xf0, 0x00, 0xe0, 0x00, 0xf0, 0x00, 
    0x00, 0x00, 0xf0, 0xc0, 0x01, 0x00, 0xf0, 0xc0, 0x01, 0x00, 0xf0, 0xc0, 0x01, 
    0x00, 0xf0, 0xff, 0x01, 0x00, 0xf0, 0xff, 0x01, 0x00, 0xf0, 0xff, 0x01, 0x00, 
    0xf0, 0xc0, 0x01, 0x00, 0xf0, 0xc0, 0x01, 0x00, 0xf0, 0xc0, 0xc1, 0x01, 0xf0, 
    0x00, 0xe0, 0x01, 0xf0, 0x00, 0xe0, 0x01, 0xf0, 0x00, 0xe0, 0x01, 0xf0, 0x00, 
    0xe0, 0x01, 0xf0, 0x00, 0xe0, 0x01, 0xf0, 0x00, 0xe0, 0x01, 0xf0, 0x00, 0xe0, 
    0x01, 0xff, 0xff, 0xff, 0x01, 0xff, 0xff, 0xff, 0x01, 0xff, 0xff, 0xff, 0x01

};
static GX_CONST GX_UBYTE FONT_THEME_1_VALUE_TOTAL_char_11b[102] =
{
    0x38, 0x00, 0x0e, 0xf8, 0x80, 0x0f, 0xf0, 0xe1, 0x07, 0xe0, 0xf7, 0x03, 0xc0, 
    0xff, 0x00, 0x00, 0x7f, 0x00, 0x00, 0x3e, 0x00, 0x00, 0x1c, 0x00, 0x00, 0x00, 
    0x00, 0x00, 0x00, 0x00, 0x00, 0x7f, 0x00, 0xe0, 0xff, 0x01, 0xf0, 0xff, 0x07, 
    0xf8, 0xc0, 0x0f, 0x7c, 0x00, 0x0f, 0x3e, 0x00, 0x1e, 0x1e, 0x00, 0x3e, 0x0f, 
    0x00, 0x3c, 0x0f, 0x00, 0x3c, 0x0f, 0x00, 0x3c, 0xff, 0xff, 0x7f, 0xff, 0xff, 
    0x7f, 0xff, 0xff, 0x3f, 0x07, 0x00, 0x00, 0x0f, 0x00, 0x00, 0x0f, 0x00, 0x00, 
    0x0f, 0x00, 0x00, 0x0f, 0x00, 0x00, 0x1e, 0x00, 0x00, 0x3e, 0x00, 0x1c, 0xfc, 
    0x80, 0x3f, 0xf8, 0xff, 0x3f, 0xe0, 0xff, 0x0f, 0x80, 0xff, 0x00
};
static GX_CONST GX_UBYTE FONT_THEME_1_VALUE_TOTAL_char_11c[168] =
{
    0x00, 0x70, 0x00, 0x00, 0x00, 0xf8, 0x00, 0x00, 0x00, 0xfc, 0x03, 0x00, 0x00, 
    0xfe, 0x07, 0x00, 0x00, 0xdf, 0x0f, 0x00, 0xc0, 0x0f, 0x1f, 0x00, 0xe0, 0x03, 
    0x3e, 0x00, 0xe0, 0x00, 0x38, 0x00, 0x00, 0x00, 0x00, 0x00, 0x00, 0x00, 0x00, 
    0x00, 0x00, 0x00, 0x00, 0x00, 0x00, 0xfc, 0xe1, 0x00, 0x80, 0xff, 0xf7, 0x00, 
    0xc0, 0xff, 0xff, 0x00, 0xe0, 0x07, 0xfe, 0x00, 0xf0, 0x01, 0xf8, 0x00, 0xf8, 
    0x00, 0xf8, 0x00, 0x7c, 0x00, 0xf0, 0x00, 0x3c, 0x00, 0xf0, 0x00, 0x3c, 0x00, 
    0xf0, 0x00, 0x1e, 0x00, 0x40, 0x00, 0x1e, 0x00, 0x00, 0x00, 0x1e, 0x00, 0x00, 
    0x00, 0x0e, 0x00, 0x00, 0x00, 0x0f, 0x00, 0x00, 0x00, 0x0f, 0x00, 0x00, 0x00, 
    0x0f, 0x00, 0x00, 0x00, 0x0f, 0x00, 0x00, 0x00, 0x0f, 0xe0, 0xff, 0x03, 0x0e, 
    0xe0, 0xff, 0x07, 0x1e, 0xe0, 0xff, 0x03, 0x1e, 0x00, 0xe0, 0x00, 0x1e, 0x00, 
    0xe0, 0x00, 0x3c, 0x00, 0xe0, 0x00, 0x3c, 0x00, 0xe0, 0x00, 0x7c, 0x00, 0xe0, 
    0x00, 0x78, 0x00, 0xe0, 0x00, 0xf0, 0x01, 0xf0, 0x00, 0xe0, 0x03, 0xfc, 0x00, 
    0xc0, 0xff, 0x7f, 0x00, 0x80, 0xff, 0x3f, 0x00, 0x00, 0xfe, 0x03, 0x00
};
static GX_CONST GX_UBYTE FONT_THEME_1_VALUE_TOTAL_char_11d[176] =
{
    0x00, 0x18, 0x00, 0x00, 0x00, 0x7e, 0x00, 0x00, 0x00, 0xff, 0x00, 0x00, 0x80, 
    0xff, 0x01, 0x00, 0xc0, 0xff, 0x03, 0x00, 0xe0, 0xc3, 0x07, 0x00, 0xf0, 0x00, 
    0x0f, 0x00, 0x38, 0x00, 0x0e, 0x00, 0x00, 0x00, 0x00, 0x00, 0x00, 0x00, 0x00, 
    0x00, 0x00, 0x00, 0x00, 0x00, 0x80, 0x3f, 0xf8, 0x01, 0xe0, 0xff, 0xf8, 0x03, 
    0xf0, 0xff, 0xf9, 0x01, 0xf8, 0xc0, 0x3b, 0x00, 0x7c, 0x00, 0x3f, 0x00, 0x3e, 
    0x00, 0x3e, 0x00, 0x1e, 0x00, 0x3e, 0x00, 0x1f, 0x00, 0x3c, 0x00, 0x0f, 0x00, 
    0x3c, 0x00, 0x0f, 0x00, 0x3c, 0x00, 0x0f, 0x00, 0x3c, 0x00, 0x0f, 0x00, 0x3c, 
    0x00, 0x0f, 0x00, 0x3c, 0x00, 0x0f, 0x00, 0x3c, 0x00, 0x0e, 0x00, 0x3c, 0x00, 
    0x1e, 0x00, 0x3e, 0x00, 0x3e, 0x00, 0x3e, 0x00, 0x7c, 0x00, 0x3f, 0x00, 0xf8, 
    0xc0, 0x3f, 0x00, 0xf0, 0xff, 0x3d, 0x00, 0xe0, 0xff, 0x3c, 0x00, 0x80, 0x3f, 
    0x3c, 0x00, 0x00, 0x00, 0x3c, 0x00, 0x00, 0x00, 0x3c, 0x00, 0x00, 0x00, 0x3c, 
    0x00, 0x00, 0x00, 0x3c, 0x00, 0x00, 0x00, 0x3c, 0x00, 0x00, 0x00, 0x1e, 0x00, 
    0x00, 0x00, 0x1e, 0x00, 0xf8, 0x80, 0x0f, 0x00, 0xf8, 0xff, 0x07, 0x00, 0xf8, 
    0xff, 0x03, 0x00, 0x80, 0xff, 0x00, 0x00
};
static GX_CONST GX_UBYTE FONT_THEME_1_VALUE_TOTAL_char_11e[168] =
{
    0x70, 0x00, 0x30, 0x00, 0x70, 0x00, 0x38, 0x00, 0xf0, 0x00, 0x38, 0x00, 0xe0, 
    0x00, 0x3c, 0x00, 0xe0, 0x03, 0x1f, 0x00, 0xc0, 0xff, 0x0f, 0x00, 0x80, 0xff, 
    0x07, 0x00, 0x00, 0xfc, 0x01, 0x00, 0x00, 0x00, 0x00, 0x00, 0x00, 0x00, 0x00, 
    0x00, 0x00, 0x00, 0x00, 0x00, 0x00, 0xfc, 0xe1, 0x00, 0x80, 0xff, 0xf7, 0x00, 
    0xc0, 0xff, 0xff, 0x00, 0xe0, 0x07, 0xfe, 0x00, 0xf0, 0x01, 0xf8, 0x00, 0xf8, 
    0x00, 0xf8, 0x00, 0x7c, 0x00, 0xf0, 0x00, 0x3c, 0x00, 0xf0, 0x00, 0x3c, 0x00, 
    0xf0, 0x00, 0x1e, 0x00, 0x40, 0x00, 0x1e, 0x00, 0x00, 0x00, 0x1e, 0x00, 0x00, 
    0x00, 0x0e, 0x00, 0x00, 0x00, 0x0f, 0x00, 0x00, 0x00, 0x0f, 0x00, 0x00, 0x00, 
    0x0f, 0x00, 0x00, 0x00, 0x0f, 0x00, 0x00, 0x00, 0x0f, 0xe0, 0xff, 0x03, 0x0e, 
    0xe0, 0xff, 0x07, 0x1e, 0xe0, 0xff, 0x03, 0x1e, 0x00, 0xe0, 0x00, 0x1e, 0x00, 
    0xe0, 0x00, 0x3c, 0x00, 0xe0, 0x00, 0x3c, 0x00, 0xe0, 0x00, 0x7c, 0x00, 0xe0, 
    0x00, 0x78, 0x00, 0xe0, 0x00, 0xf0, 0x01, 0xf0, 0x00, 0xe0, 0x03, 0xfc, 0x00, 
    0xc0, 0xff, 0x7f, 0x00, 0x80, 0xff, 0x3f, 0x00, 0x00, 0xfe, 0x03, 0x00
};
static GX_CONST GX_UBYTE FONT_THEME_1_VALUE_TOTAL_char_11f[176] =
{
    0x18, 0x00, 0x18, 0x00, 0x38, 0x00, 0x1c, 0x00, 0x38, 0x00, 0x1c, 0x00, 0x78, 
    0x00, 0x1e, 0x00, 0xf0, 0x81, 0x0f, 0x00, 0xe0, 0xff, 0x07, 0x00, 0xc0, 0xff, 
    0x03, 0x00, 0x00, 0xff, 0x00, 0x00, 0x00, 0x00, 0x00, 0x00, 0x00, 0x00, 0x00, 
    0x00, 0x00, 0x00, 0x00, 0x00, 0x80, 0x3f, 0xf8, 0x01, 0xe0, 0xff, 0xf8, 0x03, 
    0xf0, 0xff, 0xf9, 0x01, 0xf8, 0xc0, 0x3b, 0x00, 0x7c, 0x00, 0x3f, 0x00, 0x3e, 
    0x00, 0x3e, 0x00, 0x1e, 0x00, 0x3e, 0x00, 0x1f, 0x00, 0x3c, 0x00, 0x0f, 0x00, 
    0x3c, 0x00, 0x0f, 0x00, 0x3c, 0x00, 0x0f, 0x00, 0x3c, 0x00, 0x0f, 0x00, 0x3c, 
    0x00, 0x0f, 0x00, 0x3c, 0x00, 0x0f, 0x00, 0x3c, 0x00, 0x0e, 0x00, 0x3c, 0x00, 
    0x1e, 0x00, 0x3e, 0x00, 0x3e, 0x00, 0x3e, 0x00, 0x7c, 0x00, 0x3f, 0x00, 0xf8, 
    0xc0, 0x3f, 0x00, 0xf0, 0xff, 0x3d, 0x00, 0xe0, 0xff, 0x3c, 0x00, 0x80, 0x3f, 
    0x3c, 0x00, 0x00, 0x00, 0x3c, 0x00, 0x00, 0x00, 0x3c, 0x00, 0x00, 0x00, 0x3c, 
    0x00, 0x00, 0x00, 0x3c, 0x00, 0x00, 0x00, 0x3c, 0x00, 0x00, 0x00, 0x1e, 0x00, 
    0x00, 0x00, 0x1e, 0x00, 0xf8, 0x80, 0x0f, 0x00, 0xf8, 0xff, 0x07, 0x00, 0xf8, 
    0xff, 0x03, 0x00, 0x80, 0xff, 0x00, 0x00
};
static GX_CONST GX_UBYTE FONT_THEME_1_VALUE_TOTAL_char_120[164] =
{
    0x00, 0x78, 0x00, 0x00, 0x00, 0xfc, 0x00, 0x00, 0x00, 0xfc, 0x01, 0x00, 0x00, 
    0xfc, 0x01, 0x00, 0x00, 0xfc, 0x01, 0x00, 0x00, 0xfc, 0x00, 0x00, 0x00, 0x78, 
    0x00, 0x00, 0x00, 0x00, 0x00, 0x00, 0x00, 0x00, 0x00, 0x00, 0x00, 0x00, 0x00, 
    0x00, 0x00, 0xfc, 0xe1, 0x00, 0x80, 0xff, 0xf7, 0x00, 0xc0, 0xff, 0xff, 0x00, 
    0xe0, 0x07, 0xfe, 0x00, 0xf0, 0x01, 0xf8, 0x00, 0xf8, 0x00, 0xf8, 0x00, 0x7c, 
    0x00, 0xf0, 0x00, 0x3c, 0x00, 0xf0, 0x00, 0x3c, 0x00, 0xf0, 0x00, 0x1e, 0x00, 
    0x40, 0x00, 0x1e, 0x00, 0x00, 0x00, 0x1e, 0x00, 0x00, 0x00, 0x0e, 0x00, 0x00, 
    0x00, 0x0f, 0x00, 0x00, 0x00, 0x0f, 0x00, 0x00, 0x00, 0x0f, 0x00, 0x00, 0x00, 
    0x0f, 0x00, 0x00, 0x00, 0x0f, 0xe0, 0xff, 0x03, 0x0e, 0xe0, 0xff, 0x07, 0x1e, 
    0xe0, 0xff, 0x03, 0x1e, 0x00, 0xe0, 0x00, 0x1e, 0x00, 0xe0, 0x00, 0x3c, 0x00, 
    0xe0, 0x00, 0x3c, 0x00, 0xe0, 0x00, 0x7c, 0x00, 0xe0, 0x00, 0x78, 0x00, 0xe0, 
    0x00, 0xf0, 0x01, 0xf0, 0x00, 0xe0, 0x03, 0xfc, 0x00, 0xc0, 0xff, 0x7f, 0x00, 
    0x80, 0xff, 0x3f, 0x00, 0x00, 0xfe, 0x03, 0x00
};
static GX_CONST GX_UBYTE FONT_THEME_1_VALUE_TOTAL_char_121[172] =
{
    0x00, 0x3c, 0x00, 0x00, 0x00, 0x7e, 0x00, 0x00, 0x00, 0x7e, 0x00, 0x00, 0x00, 
    0x7e, 0x00, 0x00, 0x00, 0x7e, 0x00, 0x00, 0x00, 0x7e, 0x00, 0x00, 0x00, 0x3c, 
    0x00, 0x00, 0x00, 0x00, 0x00, 0x00, 0x00, 0x00, 0x00, 0x00, 0x00, 0x00, 0x00, 
    0x00, 0x80, 0x3f, 0xf8, 0x01, 0xe0, 0xff, 0xf8, 0x03, 0xf0, 0xff, 0xf9, 0x01, 
    0xf8, 0xc0, 0x3b, 0x00, 0x7c, 0x00, 0x3f, 0x00, 0x3e, 0x00, 0x3e, 0x00, 0x1e, 
    0x00, 0x3e, 0x00, 0x1f, 0x00, 0x3c, 0x00, 0x0f, 0x00, 0x3c, 0x00, 0x0f, 0x00, 
    0x3c, 0x00, 0x0f, 0x00, 0x3c, 0x00, 0x0f, 0x00, 0x3c, 0x00, 0x0f, 0x00, 0x3c, 
    0x00, 0x0f, 0x00, 0x3c, 0x00, 0x0e, 0x00, 0x3c, 0x00, 0x1e, 0x00, 0x3e, 0x00, 
    0x3e, 0x00, 0x3e, 0x00, 0x7c, 0x00, 0x3f, 0x00, 0xf8, 0xc0, 0x3f, 0x00, 0xf0, 
    0xff, 0x3d, 0x00, 0xe0, 0xff, 0x3c, 0x00, 0x80, 0x3f, 0x3c, 0x00, 0x00, 0x00, 
    0x3c, 0x00, 0x00, 0x00, 0x3c, 0x00, 0x00, 0x00, 0x3c, 0x00, 0x00, 0x00, 0x3c, 
    0x00, 0x00, 0x00, 0x3c, 0x00, 0x00, 0x00, 0x1e, 0x00, 0x00, 0x00, 0x1e, 0x00, 
    0xf8, 0x80, 0x0f, 0x00, 0xf8, 0xff, 0x07, 0x00, 0xf8, 0xff, 0x03, 0x00, 0x80, 
    0xff, 0x00, 0x00
};
static GX_CONST GX_UBYTE FONT_THEME_1_VALUE_TOTAL_char_122[172] =
{
    0x00, 0xfc, 0xe1, 0x00, 0x80, 0xff, 0xf7, 0x00, 0xc0, 0xff, 0xff, 0x00, 0xe0, 
    0x07, 0xfe, 0x00, 0xf0, 0x01, 0xf8, 0x00, 0xf8, 0x00, 0xf8, 0x00, 0x7c, 0x00, 
    0xf0, 0x00, 0x3c, 0x00, 0xf0, 0x00, 0x3c, 0x00, 0xf0, 0x00, 0x1e, 0x00, 0x40, 
    0x00, 0x1e, 0x00, 0x00, 0x00, 0x1e, 0x00, 0x00, 0x00, 0x0e, 0x00, 0x00, 0x00, 
    0x0f, 0x00, 0x00, 0x00, 0x0f, 0x00, 0x00, 0x00, 0x0f, 0x00, 0x00, 0x00, 0x0f, 
    0x00, 0x00, 0x00, 0x0f, 0xe0, 0xff, 0x03, 0x0e, 0xe0, 0xff, 0x07, 0x1e, 0xe0, 
    0xff, 0x03, 0x1e, 0x00, 0xe0, 0x00, 0x1e, 0x00, 0xe0, 0x00, 0x3c, 0x00, 0xe0, 
    0x00, 0x3c, 0x00, 0xe0, 0x00, 0x7c, 0x00, 0xe0, 0x00, 0x78, 0x00, 0xe0, 0x00, 
    0xf0, 0x01, 0xf0, 0x00, 0xe0, 0x03, 0xfc, 0x00, 0xc0, 0xff, 0x7f, 0x00, 0x80, 
    0xff, 0x3f, 0x00, 0x00, 0xfe, 0x03, 0x00, 0x00, 0x00, 0x00, 0x00, 0x00, 0x00, 
    0x00, 0x00, 0x00, 0x00, 0x00, 0x00, 0x00, 0xf8, 0x00, 0x00, 0x00, 0xf8, 0x00, 
    0x00, 0x00, 0x78, 0x00, 0x00, 0x00, 0x7c, 0x00, 0x00, 0x00, 0x3c, 0x00, 0x00, 
    0x00, 0x3c, 0x00, 0x00, 0x00, 0x1c, 0x00, 0x00, 0x00, 0x1c, 0x00, 0x00, 0x00, 
    0x0e, 0x00, 0x00
};
static GX_CONST GX_UBYTE FONT_THEME_1_VALUE_TOTAL_char_123[180] =
{
    0x00, 0xe0, 0x00, 0x00, 0x00, 0xe0, 0x00, 0x00, 0x00, 0xf0, 0x00, 0x00, 0x00, 
    0x70, 0x00, 0x00, 0x00, 0x78, 0x00, 0x00, 0x00, 0x78, 0x00, 0x00, 0x00, 0x7c, 
    0x00, 0x00, 0x00, 0x7c, 0x00, 0x00, 0x00, 0x3e, 0x00, 0x00, 0x00, 0x00, 0x00, 
    0x00, 0x00, 0x00, 0x00, 0x00, 0x00, 0x00, 0x00, 0x00, 0x80, 0x3f, 0xf8, 0x01, 
    0xe0, 0xff, 0xf8, 0x03, 0xf0, 0xff, 0xf9, 0x01, 0xf8, 0xc0, 0x3b, 0x00, 0x7c, 
    0x00, 0x3f, 0x00, 0x3e, 0x00, 0x3e, 0x00, 0x1e, 0x00, 0x3e, 0x00, 0x1f, 0x00, 
    0x3c, 0x00, 0x0f, 0x00, 0x3c, 0x00, 0x0f, 0x00, 0x3c, 0x00, 0x0f, 0x00, 0x3c, 
    0x00, 0x0f, 0x00, 0x3c, 0x00, 0x0f, 0x00, 0x3c, 0x00, 0x0f, 0x00, 0x3c, 0x00, 
    0x0e, 0x00, 0x3c, 0x00, 0x1e, 0x00, 0x3e, 0x00, 0x3e, 0x00, 0x3e, 0x00, 0x7c, 
    0x00, 0x3f, 0x00, 0xf8, 0xc0, 0x3f, 0x00, 0xf0, 0xff, 0x3d, 0x00, 0xe0, 0xff, 
    0x3c, 0x00, 0x80, 0x3f, 0x3c, 0x00, 0x00, 0x00, 0x3c, 0x00, 0x00, 0x00, 0x3c, 
    0x00, 0x00, 0x00, 0x3c, 0x00, 0x00, 0x00, 0x3c, 0x00, 0x00, 0x00, 0x3c, 0x00, 
    0x00, 0x00, 0x1e, 0x00, 0x00, 0x00, 0x1e, 0x00, 0xf8, 0x80, 0x0f, 0x00, 0xf8, 
    0xff, 0x07, 0x00, 0xf8, 0xff, 0x03, 0x00, 0x80, 0xff, 0x00, 0x00
};
static GX_CONST GX_UBYTE FONT_THEME_1_VALUE_TOTAL_char_124[164] =
{
    0x00, 0x30, 0x00, 0x00, 0x00, 0xfc, 0x00, 0x00, 0x00, 0xfe, 0x01, 0x00, 0x00, 
    0xff, 0x03, 0x00, 0x80, 0xff, 0x07, 0x00, 0xc0, 0x87, 0x0f, 0x00, 0xe0, 0x01, 
    0x1e, 0x00, 0x70, 0x00, 0x1c, 0x00, 0x00, 0x00, 0x00, 0x00, 0x00, 0x00, 0x00, 
    0x00, 0x00, 0x00, 0x00, 0x00, 0x00, 0x00, 0x00, 0x00, 0xff, 0x03, 0xff, 0x03, 
    0xff, 0x87, 0xff, 0x03, 0xff, 0x03, 0xff, 0x03, 0x78, 0x00, 0x78, 0x00, 0x78, 
    0x00, 0x78, 0x00, 0x78, 0x00, 0x78, 0x00, 0x78, 0x00, 0x78, 0x00, 0x78, 0x00, 
    0x78, 0x00, 0x78, 0x00, 0x78, 0x00, 0x78, 0x00, 0x78, 0x00, 0x78, 0x00, 0x78, 
    0x00, 0x78, 0x00, 0x78, 0x00, 0x78, 0x00, 0x78, 0x00, 0xf8, 0xff, 0x7f, 0x00, 
    0xf8, 0xff, 0x7f, 0x00, 0xf8, 0xff, 0x7f, 0x00, 0x78, 0x00, 0x78, 0x00, 0x78, 
    0x00, 0x78, 0x00, 0x78, 0x00, 0x78, 0x00, 0x78, 0x00, 0x78, 0x00, 0x78, 0x00, 
    0x78, 0x00, 0x78, 0x00, 0x78, 0x00, 0x78, 0x00, 0x78, 0x00, 0x78, 0x00, 0x78, 
    0x00, 0x78, 0x00, 0x78, 0x00, 0x78, 0x00, 0x78, 0x00, 0xff, 0x03, 0xff, 0x03, 
    0xff, 0x87, 0xff, 0x03, 0xff, 0x03, 0xff, 0x03
};
static GX_CONST GX_UBYTE FONT_THEME_1_VALUE_TOTAL_char_125[172] =
{
    0x00, 0x38, 0x00, 0x00, 0x00, 0x7c, 0x00, 0x00, 0x00, 0xfe, 0x01, 0x00, 0x00, 
    0xff, 0x03, 0x00, 0x80, 0xef, 0x07, 0x00, 0xe0, 0x87, 0x0f, 0x00, 0xf0, 0x01, 
    0x1f, 0x00, 0x70, 0x00, 0x1c, 0x00, 0x00, 0x00, 0x00, 0x00, 0x00, 0x00, 0x00, 
    0x00, 0x00, 0x00, 0x00, 0x00, 0x7f, 0x00, 0x00, 0x00, 0x7f, 0x00, 0x00, 0x00, 
    0x7f, 0x00, 0x00, 0x00, 0x70, 0x00, 0x00, 0x00, 0x70, 0x00, 0x00, 0x00, 0x70, 
    0x00, 0x00, 0x00, 0x70, 0x00, 0x00, 0x00, 0x70, 0x00, 0x00, 0x00, 0x70, 0x00, 
    0x00, 0x00, 0x70, 0xe0, 0x03, 0x00, 0x70, 0xf8, 0x0f, 0x00, 0x70, 0xfe, 0x1f, 
    0x00, 0x70, 0x1f, 0x3e, 0x00, 0x70, 0x07, 0x3c, 0x00, 0xf0, 0x03, 0x38, 0x00, 
    0xf0, 0x01, 0x78, 0x00, 0xf0, 0x00, 0x78, 0x00, 0xf0, 0x00, 0x78, 0x00, 0xf0, 
    0x00, 0x78, 0x00, 0xf0, 0x00, 0x78, 0x00, 0x70, 0x00, 0x78, 0x00, 0x70, 0x00, 
    0x78, 0x00, 0x70, 0x00, 0x78, 0x00, 0x70, 0x00, 0x78, 0x00, 0x70, 0x00, 0x78, 
    0x00, 0x70, 0x00, 0x78, 0x00, 0x70, 0x00, 0x78, 0x00, 0x70, 0x00, 0x78, 0x00, 
    0x70, 0x00, 0x78, 0x00, 0xff, 0x07, 0xff, 0x03, 0xff, 0x87, 0xff, 0x03, 0xff, 
    0x07, 0xff, 0x03
};
static GX_CONST GX_UBYTE FONT_THEME_1_VALUE_TOTAL_char_126[116] =
{
    0xfe, 0x07, 0xfe, 0x07, 0xfe, 0x0f, 0xff, 0x07, 0xfe, 0x07, 0xfe, 0x07, 0xf0, 
    0x00, 0xf0, 0x00, 0xf0, 0x00, 0xf0, 0x00, 0xf0, 0x00, 0xf0, 0x00, 0xff, 0xff, 
    0xff, 0x0f, 0xff, 0xff, 0xff, 0x0f, 0xff, 0xff, 0xff, 0x0f, 0xf0, 0x00, 0xf0, 
    0x00, 0xf0, 0x00, 0xf0, 0x00, 0xf0, 0x00, 0xf0, 0x00, 0xf0, 0x00, 0xf0, 0x00, 
    0xf0, 0xff, 0xff, 0x00, 0xf0, 0xff, 0xff, 0x00, 0xf0, 0xff, 0xff, 0x00, 0xf0, 
    0x00, 0xf0, 0x00, 0xf0, 0x00, 0xf0, 0x00, 0xf0, 0x00, 0xf0, 0x00, 0xf0, 0x00, 
    0xf0, 0x00, 0xf0, 0x00, 0xf0, 0x00, 0xf0, 0x00, 0xf0, 0x00, 0xf0, 0x00, 0xf0, 
    0x00, 0xf0, 0x00, 0xf0, 0x00, 0xf0, 0x00, 0xf0, 0x00, 0xf0, 0x00, 0xf0, 0x00, 
    0xfe, 0x07, 0xfe, 0x07, 0xfe, 0x0f, 0xff, 0x07, 0xfe, 0x07, 0xfe, 0x07
};
static GX_CONST GX_UBYTE FONT_THEME_1_VALUE_TOTAL_char_127[128] =
{
    0xfc, 0x01, 0x00, 0x00, 0xfc, 0x01, 0x00, 0x00, 0xfc, 0x01, 0x00, 0x00, 0xc0, 
    0x01, 0x00, 0x00, 0xc0, 0x01, 0x00, 0x00, 0xfe, 0xff, 0x01, 0x00, 0xff, 0xff, 
    0x01, 0x00, 0xfe, 0xff, 0x01, 0x00, 0xc0, 0x01, 0x00, 0x00, 0xc0, 0x81, 0x0f, 
    0x00, 0xc0, 0xe1, 0x3f, 0x00, 0xc0, 0xf9, 0x7f, 0x00, 0xc0, 0x7d, 0xf8, 0x00, 
    0xc0, 0x1d, 0xf0, 0x00, 0xc0, 0x0f, 0xe0, 0x00, 0xc0, 0x07, 0xe0, 0x01, 0xc0, 
    0x03, 0xe0, 0x01, 0xc0, 0x03, 0xe0, 0x01, 0xc0, 0x03, 0xe0, 0x01, 0xc0, 0x03, 
    0xe0, 0x01, 0xc0, 0x01, 0xe0, 0x01, 0xc0, 0x01, 0xe0, 0x01, 0xc0, 0x01, 0xe0, 
    0x01, 0xc0, 0x01, 0xe0, 0x01, 0xc0, 0x01, 0xe0, 0x01, 0xc0, 0x01, 0xe0, 0x01, 
    0xc0, 0x01, 0xe0, 0x01, 0xc0, 0x01, 0xe0, 0x01, 0xc0, 0x01, 0xe0, 0x01, 0xfc, 
    0x1f, 0xfc, 0x0f, 0xfc, 0x1f, 0xfe, 0x0f, 0xfc, 0x1f, 0xfc, 0x0f
};
static GX_CONST GX_UBYTE FONT_THEME_1_VALUE_TOTAL_char_128[111] =
{
    0x00, 0x00, 0x03, 0xf0, 0xff, 0x03, 0xfc, 0xff, 0x03, 0xfe, 0xff, 0x00, 0x0c, 
    0x00, 0x00, 0x00, 0x00, 0x00, 0x00, 0x00, 0x00, 0x00, 0x00, 0x00, 0xfe, 0xff, 
    0x07, 0xff, 0xff, 0x0f, 0xfe, 0xff, 0x07, 0x00, 0x0f, 0x00, 0x00, 0x0f, 0x00, 
    0x00, 0x0f, 0x00, 0x00, 0x0f, 0x00, 0x00, 0x0f, 0x00, 0x00, 0x0f, 0x00, 0x00, 
    0x0f, 0x00, 0x00, 0x0f, 0x00, 0x00, 0x0f, 0x00, 0x00, 0x0f, 0x00, 0x00, 0x0f, 
    0x00, 0x00, 0x0f, 0x00, 0x00, 0x0f, 0x00, 0x00, 0x0f, 0x00, 0x00, 0x0f, 0x00, 
    0x00, 0x0f, 0x00, 0x00, 0x0f, 0x00, 0x00, 0x0f, 0x00, 0x00, 0x0f, 0x00, 0x00, 
    0x0f, 0x00, 0x00, 0x0f, 0x00, 0x00, 0x0f, 0x00, 0x00, 0x0f, 0x00, 0xff, 0xff, 
    0x0f, 0xff, 0xff, 0x0f, 0xff, 0xff, 0x0f
};
static GX_CONST GX_UBYTE FONT_THEME_1_VALUE_TOTAL_char_129[93] =
{
    0x00, 0x80, 0x03, 0xf0, 0xff, 0x03, 0xfc, 0xff, 0x01, 0xfe, 0x7f, 0x00, 0x0e, 
    0x00, 0x00, 0x00, 0x00, 0x00, 0x00, 0x00, 0x00, 0x00, 0x00, 0x00, 0xfe, 0x0f, 
    0x00, 0xfe, 0x0f, 0x00, 0xfe, 0x0f, 0x00, 0x00, 0x0e, 0x00, 0x00, 0x0e, 0x00, 
    0x00, 0x0e, 0x00, 0x00, 0x0e, 0x00, 0x00, 0x0e, 0x00, 0x00, 0x0e, 0x00, 0x00, 
    0x0e, 0x00, 0x00, 0x0e, 0x00, 0x00, 0x0e, 0x00, 0x00, 0x0e, 0x00, 0x00, 0x0e, 
    0x00, 0x00, 0x0e, 0x00, 0x00, 0x0e, 0x00, 0x00, 0x0e, 0x00, 0x00, 0x0e, 0x00, 
    0x00, 0x0e, 0x00, 0x00, 0x0e, 0x00, 0xff, 0xff, 0x3f, 0xff, 0xff, 0x3f, 0xff, 
    0xff, 0x3f
};
static GX_CONST GX_UBYTE FONT_THEME_1_VALUE_TOTAL_char_12a[111] =
{
    0xfc, 0xff, 0x03, 0xfc, 0xff, 0x03, 0xfc, 0xff, 0x03, 0x00, 0x00, 0x00, 0x00, 
    0x00, 0x00, 0x00, 0x00, 0x00, 0x00, 0x00, 0x00, 0x00, 0x00, 0x00, 0xfe, 0xff, 
    0x07, 0xff, 0xff, 0x0f, 0xfe, 0xff, 0x07, 0x00, 0x0f, 0x00, 0x00, 0x0f, 0x00, 
    0x00, 0x0f, 0x00, 0x00, 0x0f, 0x00, 0x00, 0x0f, 0x00, 0x00, 0x0f, 0x00, 0x00, 
    0x0f, 0x00, 0x00, 0x0f, 0x00, 0x00, 0x0f, 0x00, 0x00, 0x0f, 0x00, 0x00, 0x0f, 
    0x00, 0x00, 0x0f, 0x00, 0x00, 0x0f, 0x00, 0x00, 0x0f, 0x00, 0x00, 0x0f, 0x00, 
    0x00, 0x0f, 0x00, 0x00, 0x0f, 0x00, 0x00, 0x0f, 0x00, 0x00, 0x0f, 0x00, 0x00, 
    0x0f, 0x00, 0x00, 0x0f, 0x00, 0x00, 0x0f, 0x00, 0x00, 0x0f, 0x00, 0xff, 0xff, 
    0x0f, 0xff, 0xff, 0x0f, 0xff, 0xff, 0x0f
};
static GX_CONST GX_UBYTE FONT_THEME_1_VALUE_TOTAL_char_12b[90] =
{
    0xfc, 0xff, 0x03, 0xfe, 0xff, 0x03, 0xfc, 0xff, 0x03, 0x00, 0x00, 0x00, 0x00, 
    0x00, 0x00, 0x00, 0x00, 0x00, 0x00, 0x00, 0x00, 0xfe, 0x0f, 0x00, 0xfe, 0x0f, 
    0x00, 0xfe, 0x0f, 0x00, 0x00, 0x0e, 0x00, 0x00, 0x0e, 0x00, 0x00, 0x0e, 0x00, 
    0x00, 0x0e, 0x00, 0x00, 0x0e, 0x00, 0x00, 0x0e, 0x00, 0x00, 0x0e, 0x00, 0x00, 
    0x0e, 0x00, 0x00, 0x0e, 0x00, 0x00, 0x0e, 0x00, 0x00, 0x0e, 0x00, 0x00, 0x0e, 
    0x00, 0x00, 0x0e, 0x00, 0x00, 0x0e, 0x00, 0x00, 0x0e, 0x00, 0x00, 0x0e, 0x00, 
    0x00, 0x0e, 0x00, 0xff, 0xff, 0x3f, 0xff, 0xff, 0x3f, 0xff, 0xff, 0x3f
};
static GX_CONST GX_UBYTE FONT_THEME_1_VALUE_TOTAL_char_12c[123] =
{
    0x06, 0x00, 0x06, 0x0e, 0x00, 0x07, 0x0e, 0x00, 0x07, 0x1e, 0x80, 0x07, 0x7c, 
    0xe0, 0x03, 0xf8, 0xff, 0x01, 0xf0, 0xff, 0x00, 0xc0, 0x3f, 0x00, 0x00, 0x00, 
    0x00, 0x00, 0x00, 0x00, 0x00, 0x00, 0x00, 0x00, 0x00, 0x00, 0xfe, 0xff, 0x07, 
    0xff, 0xff, 0x0f, 0xfe, 0xff, 0x07, 0x00, 0x0f, 0x00, 0x00, 0x0f, 0x00, 0x00, 
    0x0f, 0x00, 0x00, 0x0f, 0x00, 0x00, 0x0f, 0x00, 0x00, 0x0f, 0x00, 0x00, 0x0f, 
    0x00, 0x00, 0x0f, 0x00, 0x00, 0x0f, 0x00, 0x00, 0x0f, 0x00, 0x00, 0x0f, 0x00, 
    0x00, 0x0f, 0x00, 0x00, 0x0f, 0x00, 0x00, 0x0f, 0x00, 0x00, 0x0f, 0x00, 0x00, 
    0x0f, 0x00, 0x00, 0x0f, 0x00, 0x00, 0x0f, 0x00, 0x00, 0x0f, 0x00, 0x00, 0x0f, 
    0x00, 0x00, 0x0f, 0x00, 0x00, 0x0f, 0x00, 0x00, 0x0f, 0x00, 0xff, 0xff, 0x0f, 
    0xff, 0xff, 0x0f, 0xff, 0xff, 0x0f
};
static GX_CONST GX_UBYTE FONT_THEME_1_VALUE_TOTAL_char_12d[102] =
{
    0x06, 0x00, 0x07, 0x07, 0x00, 0x07, 0x0e, 0x80, 0x07, 0x1e, 0x80, 0x03, 0x7c, 
    0xe0, 0x03, 0xf8, 0xff, 0x01, 0xf0, 0xff, 0x00, 0xc0, 0x1f, 0x00, 0x00, 0x00, 
    0x00, 0x00, 0x00, 0x00, 0x00, 0x00, 0x00, 0xfe, 0x0f, 0x00, 0xfe, 0x0f, 0x00, 
    0xfe, 0x0f, 0x00, 0x00, 0x0e, 0x00, 0x00, 0x0e, 0x00, 0x00, 0x0e, 0x00, 0x00, 
    0x0e, 0x00, 0x00, 0x0e, 0x00, 0x00, 0x0e, 0x00, 0x00, 0x0e, 0x00, 0x00, 0x0e, 
    0x00, 0x00, 0x0e, 0x00, 0x00, 0x0e, 0x00, 0x00, 0x0e, 0x00, 0x00, 0x0e, 0x00, 
    0x00, 0x0e, 0x00, 0x00, 0x0e, 0x00, 0x00, 0x0e, 0x00, 0x00, 0x0e, 0x00, 0x00, 
    0x0e, 0x00, 0xff, 0xff, 0x3f, 0xff, 0xff, 0x3f, 0xff, 0xff, 0x3f
};
static GX_CONST GX_UBYTE FONT_THEME_1_VALUE_TOTAL_char_12e[120] =
{
    0xfe, 0xff, 0x07, 0xff, 0xff, 0x0f, 0xfe, 0xff, 0x07, 0x00, 0x0f, 0x00, 0x00, 
    0x0f, 0x00, 0x00, 0x0f, 0x00, 0x00, 0x0f, 0x00, 0x00, 0x0f, 0x00, 0x00, 0x0f, 
    0x00, 0x00, 0x0f, 0x00, 0x00, 0x0f, 0x00, 0x00, 0x0f, 0x00, 0x00, 0x0f, 0x00, 
    0x00, 0x0f, 0x00, 0x00, 0x0f, 0x00, 0x00, 0x0f, 0x00, 0x00, 0x0f, 0x00, 0x00, 
    0x0f, 0x00, 0x00, 0x0f, 0x00, 0x00, 0x0f, 0x00, 0x00, 0x0f, 0x00, 0x00, 0x0f, 
    0x00, 0x00, 0x0f, 0x00, 0x00, 0x0f, 0x00, 0x00, 0x0f, 0x00, 0x00, 0x0f, 0x00, 
    0xff, 0xff, 0x0f, 0xff, 0xff, 0x0f, 0xff, 0xff, 0x0f, 0x80, 0x07, 0x00, 0xc0, 
    0x03, 0x00, 0xc0, 0x01, 0x00, 0xe0, 0x01, 0x00, 0xf0, 0x00, 0x00, 0xf0, 0x00, 
    0x00, 0xf0, 0x00, 0x00, 0xf0, 0x00, 0x00, 0xf0, 0x3f, 0x00, 0xe0, 0x3f, 0x00, 
    0xc0, 0x1f, 0x00
};
static GX_CONST GX_UBYTE FONT_THEME_1_VALUE_TOTAL_char_12f[132] =
{
    0x00, 0x0f, 0x00, 0x00, 0x0f, 0x00, 0x00, 0x0f, 0x00, 0x00, 0x0f, 0x00, 0x00, 
    0x0f, 0x00, 0x00, 0x0f, 0x00, 0x00, 0x00, 0x00, 0x00, 0x00, 0x00, 0x00, 0x00, 
    0x00, 0x00, 0x00, 0x00, 0xfe, 0x0f, 0x00, 0xfe, 0x0f, 0x00, 0xfe, 0x0f, 0x00, 
    0x00, 0x0e, 0x00, 0x00, 0x0e, 0x00, 0x00, 0x0e, 0x00, 0x00, 0x0e, 0x00, 0x00, 
    0x0e, 0x00, 0x00, 0x0e, 0x00, 0x00, 0x0e, 0x00, 0x00, 0x0e, 0x00, 0x00, 0x0e, 
    0x00, 0x00, 0x0e, 0x00, 0x00, 0x0e, 0x00, 0x00, 0x0e, 0x00, 0x00, 0x0e, 0x00, 
    0x00, 0x0e, 0x00, 0x00, 0x0e, 0x00, 0x00, 0x0e, 0x00, 0x00, 0x0e, 0x00, 0xff, 
    0xff, 0x3f, 0xff, 0xff, 0x3f, 0xff, 0xff, 0x3f, 0x00, 0x0f, 0x00, 0x80, 0x07, 
    0x00, 0xc0, 0x03, 0x00, 0xe0, 0x01, 0x00, 0xe0, 0x01, 0x00, 0xe0, 0x00, 0x00, 
    0xe0, 0x00, 0x00, 0xe0, 0x01, 0x00, 0xe0, 0x3f, 0x00, 0xc0, 0x3f, 0x00, 0x80, 
    0x1f, 0x00
};
static GX_CONST GX_UBYTE FONT_THEME_1_VALUE_TOTAL_char_130[120] =
{
    0x00, 0x0f, 0x00, 0x80, 0x1f, 0x00, 0x80, 0x1f, 0x00, 0x80, 0x1f, 0x00, 0x80, 
    0x1f, 0x00, 0x80, 0x1f, 0x00, 0x00, 0x0f, 0x00, 0x00, 0x00, 0x00, 0x00, 0x00, 
    0x00, 0x00, 0x00, 0x00, 0x00, 0x00, 0x00, 0xfe, 0xff, 0x07, 0xff, 0xff, 0x0f, 
    0xfe, 0xff, 0x07, 0x00, 0x0f, 0x00, 0x00, 0x0f, 0x00, 0x00, 0x0f, 0x00, 0x00, 
    0x0f, 0x00, 0x00, 0x0f, 0x00, 0x00, 0x0f, 0x00, 0x00, 0x0f, 0x00, 0x00, 0x0f, 
    0x00, 0x00, 0x0f, 0x00, 0x00, 0x0f, 0x00, 0x00, 0x0f, 0x00, 0x00, 0x0f, 0x00, 
    0x00, 0x0f, 0x00, 0x00, 0x0f, 0x00, 0x00, 0x0f, 0x00, 0x00, 0x0f, 0x00, 0x00, 
    0x0f, 0x00, 0x00, 0x0f, 0x00, 0x00, 0x0f, 0x00, 0x00, 0x0f, 0x00, 0x00, 0x0f, 
    0x00, 0x00, 0x0f, 0x00, 0x00, 0x0f, 0x00, 0xff, 0xff, 0x0f, 0xff, 0xff, 0x0f, 
    0xff, 0xff, 0x0f
};
static GX_CONST GX_UBYTE FONT_THEME_1_VALUE_TOTAL_char_131[69] =
{
    0xfe, 0x0f, 0x00, 0xfe, 0x0f, 0x00, 0xfe, 0x0f, 0x00, 0x00, 0x0e, 0x00, 0x00, 
    0x0e, 0x00, 0x00, 0x0e, 0x00, 0x00, 0x0e, 0x00, 0x00, 0x0e, 0x00, 0x00, 0x0e, 
    0x00, 0x00, 0x0e, 0x00, 0x00, 0x0e, 0x00, 0x00, 0x0e, 0x00, 0x00, 0x0e, 0x00, 
    0x00, 0x0e, 0x00, 0x00, 0x0e, 0x00, 0x00, 0x0e, 0x00, 0x00, 0x0e, 0x00, 0x00, 
    0x0e, 0x00, 0x00, 0x0e, 0x00, 0x00, 0x0e, 0x00, 0xff, 0xff, 0x3f, 0xff, 0xff, 
    0x3f, 0xff, 0xff, 0x3f
};
static GX_CONST GX_UBYTE FONT_THEME_1_VALUE_TOTAL_char_132[120] =
{
    0xfe, 0x07, 0xfc, 0x1f, 0xfe, 0x0f, 0xfc, 0x3f, 0xfe, 0x07, 0xfc, 0x1f, 0xf0, 
    0x00, 0x80, 0x03, 0xf0, 0x00, 0x80, 0x03, 0xf0, 0x00, 0x80, 0x03, 0xf0, 0x00, 
    0x80, 0x03, 0xf0, 0x00, 0x80, 0x03, 0xf0, 0x00, 0x80, 0x03, 0xf0, 0x00, 0x80, 
    0x03, 0xf0, 0x00, 0x80, 0x03, 0xf0, 0x00, 0x80, 0x03, 0xf0, 0x00, 0x80, 0x03, 
    0xf0, 0x00, 0x80, 0x03, 0xf0, 0x00, 0x80, 0x03, 0xf0, 0x00, 0x80, 0x03, 0xf0, 
    0x00, 0x80, 0x03, 0xf0, 0x00, 0x80, 0x03, 0xf0, 0xc0, 0x81, 0x03, 0xf0, 0xc0, 
    0x81, 0x03, 0xf0, 0xc0, 0x81, 0x03, 0xf0, 0xc0, 0x81, 0x03, 0xf0, 0xc0, 0x81, 
    0x03, 0xf0, 0xc0, 0x81, 0x03, 0xf0, 0xc0, 0xc1, 0x03, 0xf0, 0xc0, 0xc1, 0x03, 
    0xfe, 0xcf, 0xff, 0x03, 0xff, 0xcf, 0xff, 0x01, 0xfe, 0x8f, 0xff, 0x00, 0x00, 
    0x00, 0x7e, 0x00
};
static GX_CONST GX_UBYTE FONT_THEME_1_VALUE_TOTAL_char_133[172] =
{
    0xe0, 0x01, 0xe0, 0x01, 0xe0, 0x03, 0xe0, 0x01, 0xe0, 0x03, 0xe0, 0x01, 0xe0, 
    0x03, 0xe0, 0x01, 0xe0, 0x03, 0xe0, 0x01, 0xe0, 0x01, 0xe0, 0x01, 0x00, 0x00, 
    0x00, 0x00, 0x00, 0x00, 0x00, 0x00, 0x00, 0x00, 0x00, 0x00, 0x00, 0x00, 0x00, 
    0x00, 0xfc, 0x81, 0xff, 0x01, 0xfe, 0x83, 0xff, 0x01, 0xfc, 0x83, 0xff, 0x01, 
    0xc0, 0x03, 0xc0, 0x01, 0xc0, 0x03, 0xc0, 0x01, 0xc0, 0x03, 0xc0, 0x01, 0xc0, 
    0x03, 0xc0, 0x01, 0xc0, 0x03, 0xc0, 0x01, 0xc0, 0x03, 0xc0, 0x01, 0xc0, 0x03, 
    0xc0, 0x01, 0xc0, 0x03, 0xc0, 0x01, 0xc0, 0x03, 0xc0, 0x01, 0xc0, 0x03, 0xc0, 
    0x01, 0xc0, 0x03, 0xc0, 0x01, 0xc0, 0x03, 0xc0, 0x01, 0xc0, 0x03, 0xc0, 0x01, 
    0xc0, 0x03, 0xc0, 0x01, 0xc0, 0x03, 0xc0, 0x01, 0xc0, 0x03, 0xc0, 0x01, 0xc0, 
    0x03, 0xc0, 0x01, 0xfe, 0x7f, 0xc0, 0x01, 0xff, 0x7f, 0xc0, 0x01, 0xfe, 0x7f, 
    0xc0, 0x01, 0x00, 0x00, 0xc0, 0x01, 0x00, 0x00, 0xc0, 0x01, 0x00, 0x00, 0xe0, 
    0x01, 0x00, 0x00, 0xe0, 0x01, 0x00, 0x00, 0xe0, 0x01, 0x00, 0x0c, 0xe0, 0x01, 
    0x00, 0x3e, 0xf0, 0x00, 0x00, 0xfe, 0xff, 0x00, 0x00, 0xfc, 0x7f, 0x00, 0x00, 
    0xe0, 0x1f, 0x00
};
static GX_CONST GX_UBYTE FONT_THEME_1_VALUE_TOTAL_char_134[168] =
{
    0x00, 0xc0, 0x01, 0x00, 0x00, 0xe0, 0x07, 0x00, 0x00, 0xf0, 0x0f, 0x00, 0x00, 
    0xf8, 0x1f, 0x00, 0x00, 0xfc, 0x3f, 0x00, 0x00, 0x3e, 0x7c, 0x00, 0x80, 0x0f, 
    0xf0, 0x00, 0x00, 0x03, 0xe0, 0x00, 0x00, 0x00, 0x00, 0x00, 0x00, 0x00, 0x00, 
    0x00, 0x00, 0x00, 0x00, 0x00, 0x00, 0x00, 0x00, 0x00, 0xc0, 0xff, 0xff, 0x01, 
    0xe0, 0xff, 0xff, 0x01, 0xc0, 0xff, 0xff, 0x01, 0x00, 0x80, 0x07, 0x00, 0x00, 
    0x80, 0x07, 0x00, 0x00, 0x80, 0x07, 0x00, 0x00, 0x80, 0x07, 0x00, 0x00, 0x80, 
    0x07, 0x00, 0x00, 0x80, 0x07, 0x00, 0x00, 0x80, 0x07, 0x00, 0x00, 0x80, 0x07, 
    0x00, 0x00, 0x80, 0x07, 0x00, 0x00, 0x80, 0x07, 0x00, 0x00, 0x80, 0x07, 0x00, 
    0x00, 0x80, 0x07, 0x00, 0x00, 0x80, 0x07, 0x00, 0x00, 0x80, 0x07, 0x00, 0x07, 
    0x80, 0x07, 0x00, 0x07, 0x80, 0x07, 0x00, 0x07, 0x80, 0x07, 0x00, 0x07, 0x80, 
    0x07, 0x00, 0x07, 0x80, 0x07, 0x00, 0x07, 0x80, 0x07, 0x00, 0x07, 0x80, 0x07, 
    0x00, 0x07, 0xc0, 0x03, 0x00, 0x0f, 0xc0, 0x03, 0x00, 0x3f, 0xf0, 0x01, 0x00, 
    0xfe, 0xff, 0x01, 0x00, 0xfc, 0x7f, 0x00, 0x00, 0xe0, 0x1f, 0x00, 0x00
};
static GX_CONST GX_UBYTE FONT_THEME_1_VALUE_TOTAL_char_135[132] =
{
    0x00, 0x70, 0x00, 0x00, 0xf8, 0x00, 0x00, 0xfc, 0x01, 0x00, 0xfe, 0x07, 0x80, 
    0xdf, 0x0f, 0xc0, 0x0f, 0x1f, 0xe0, 0x03, 0x3e, 0xe0, 0x00, 0x38, 0x00, 0x00, 
    0x00, 0x00, 0x00, 0x00, 0x00, 0x00, 0x00, 0xf8, 0xff, 0x03, 0xf8, 0xff, 0x03, 
    0xf8, 0xff, 0x03, 0x00, 0xc0, 0x03, 0x00, 0xc0, 0x03, 0x00, 0xc0, 0x03, 0x00, 
    0xc0, 0x03, 0x00, 0xc0, 0x03, 0x00, 0xc0, 0x03, 0x00, 0xc0, 0x03, 0x00, 0xc0, 
    0x03, 0x00, 0xc0, 0x03, 0x00, 0xc0, 0x03, 0x00, 0xc0, 0x03, 0x00, 0xc0, 0x03, 
    0x00, 0xc0, 0x03, 0x00, 0xc0, 0x03, 0x00, 0xc0, 0x03, 0x00, 0xc0, 0x03, 0x00, 
    0xc0, 0x03, 0x00, 0xc0, 0x03, 0x00, 0xc0, 0x03, 0x00, 0xc0, 0x03, 0x00, 0xc0, 
    0x03, 0x00, 0xc0, 0x03, 0x00, 0xc0, 0x03, 0x00, 0xc0, 0x03, 0x04, 0xc0, 0x03, 
    0x1e, 0xe0, 0x01, 0x7e, 0xf0, 0x01, 0xfe, 0xff, 0x00, 0xf8, 0x7f, 0x00, 0xc0, 
    0x3f, 0x00
};
static GX_CONST GX_UBYTE FONT_THEME_1_VALUE_TOTAL_char_136[168] =
{
    0xff, 0x07, 0xff, 0x03, 0xff, 0x8f, 0xff, 0x03, 0xff, 0x07, 0xff, 0x03, 0xf0, 
    0x00, 0x7c, 0x00, 0xf0, 0x00, 0x3e, 0x00, 0xf0, 0x00, 0x1f, 0x00, 0xf0, 0x80, 
    0x0f, 0x00, 0xf0, 0xc0, 0x07, 0x00, 0xf0, 0xe0, 0x03, 0x00, 0xf0, 0xf0, 0x01, 
    0x00, 0xf0, 0xf8, 0x00, 0x00, 0xf0, 0x7c, 0x00, 0x00, 0xf0, 0x3e, 0x00, 0x00, 
    0xf0, 0xff, 0x00, 0x00, 0xf0, 0xff, 0x03, 0x00, 0xf0, 0xff, 0x07, 0x00, 0xf0, 
    0xe7, 0x07, 0x00, 0xf0, 0x81, 0x0f, 0x00, 0xf0, 0x00, 0x0f, 0x00, 0xf0, 0x00, 
    0x1e, 0x00, 0xf0, 0x00, 0x1e, 0x00, 0xf0, 0x00, 0x1e, 0x00, 0xf0, 0x00, 0x3c, 
    0x00, 0xf0, 0x00, 0x3c, 0x00, 0xf0, 0x00, 0x78, 0x00, 0xf0, 0x00, 0xf8, 0x00, 
    0xff, 0x1f, 0xf0, 0x07, 0xff, 0x1f, 0xf0, 0x07, 0xff, 0x1f, 0xc0, 0x07, 0x00, 
    0x00, 0x00, 0x00, 0x00, 0x00, 0x00, 0x00, 0x00, 0x00, 0x00, 0x00, 0x00, 0x00, 
    0x00, 0x00, 0x00, 0xf8, 0x00, 0x00, 0x00, 0xf8, 0x00, 0x00, 0x00, 0x78, 0x00, 
    0x00, 0x00, 0x7c, 0x00, 0x00, 0x00, 0x3c, 0x00, 0x00, 0x00, 0x3c, 0x00, 0x00, 
    0x00, 0x1c, 0x00, 0x00, 0x00, 0x1c, 0x00, 0x00, 0x00, 0x0e, 0x00, 0x00
};
static GX_CONST GX_UBYTE FONT_THEME_1_VALUE_TOTAL_char_137[180] =
{
    0xff, 0x00, 0x00, 0x00, 0xff, 0x00, 0x00, 0x00, 0xff, 0x00, 0x00, 0x00, 0xf0, 
    0x00, 0x00, 0x00, 0xf0, 0x00, 0x00, 0x00, 0xf0, 0x00, 0x00, 0x00, 0xf0, 0x00, 
    0x00, 0x00, 0xf0, 0x00, 0x00, 0x00, 0xf0, 0x00, 0x00, 0x00, 0xf0, 0xc0, 0xff, 
    0x01, 0xf0, 0xc0, 0xff, 0x01, 0xf0, 0xc0, 0xff, 0x01, 0xf0, 0x00, 0x3e, 0x00, 
    0xf0, 0x00, 0x1f, 0x00, 0xf0, 0xc0, 0x0f, 0x00, 0xf0, 0xe0, 0x07, 0x00, 0xf0, 
    0xf0, 0x03, 0x00, 0xf0, 0xf8, 0x00, 0x00, 0xf0, 0x7c, 0x00, 0x00, 0xf0, 0xfe, 
    0x00, 0x00, 0xf0, 0xff, 0x01, 0x00, 0xf0, 0xff, 0x01, 0x00, 0xf0, 0xef, 0x03, 
    0x00, 0xf0, 0xc3, 0x07, 0x00, 0xf0, 0x81, 0x0f, 0x00, 0xf0, 0x00, 0x1f, 0x00, 
    0xf0, 0x00, 0x1e, 0x00, 0xf0, 0x00, 0x3e, 0x00, 0xf0, 0x00, 0x7c, 0x00, 0xff, 
    0x87, 0xff, 0x03, 0xff, 0x87, 0xff, 0x03, 0xff, 0x87, 0xff, 0x03, 0x00, 0x00, 
    0x00, 0x00, 0x00, 0x00, 0x00, 0x00, 0x00, 0x00, 0x00, 0x00, 0x00, 0x00, 0x00, 
    0x00, 0x00, 0x7c, 0x00, 0x00, 0x00, 0x7c, 0x00, 0x00, 0x00, 0x7c, 0x00, 0x00, 
    0x00, 0x3c, 0x00, 0x00, 0x00, 0x3e, 0x00, 0x00, 0x00, 0x1e, 0x00, 0x00, 0x00, 
    0x0e, 0x00, 0x00, 0x00, 0x0e, 0x00, 0x00, 0x00, 0x06, 0x00, 0x00
};
static GX_CONST GX_UBYTE FONT_THEME_1_VALUE_TOTAL_char_138[1] =
{
    0x00
};
static GX_CONST GX_UBYTE FONT_THEME_1_VALUE_TOTAL_char_139[164] =
{
    0x00, 0x40, 0x00, 0x00, 0x00, 0xf0, 0x00, 0x00, 0x00, 0xfc, 0x00, 0x00, 0x00, 
    0xff, 0x01, 0x00, 0x80, 0xff, 0x00, 0x00, 0xe0, 0x1f, 0x00, 0x00, 0xf8, 0x07, 
    0x00, 0x00, 0xf8, 0x00, 0x00, 0x00, 0x18, 0x00, 0x00, 0x00, 0x00, 0x00, 0x00, 
    0x00, 0x00, 0x00, 0x00, 0x00, 0x00, 0x00, 0x00, 0x00, 0xff, 0xff, 0x00, 0x00, 
    0xff, 0xff, 0x01, 0x00, 0xff, 0xff, 0x00, 0x00, 0xe0, 0x01, 0x00, 0x00, 0xe0, 
    0x01, 0x00, 0x00, 0xe0, 0x01, 0x00, 0x00, 0xe0, 0x01, 0x00, 0x00, 0xe0, 0x01, 
    0x00, 0x00, 0xe0, 0x01, 0x00, 0x00, 0xe0, 0x01, 0x00, 0x00, 0xe0, 0x01, 0x00, 
    0x00, 0xe0, 0x01, 0x00, 0x00, 0xe0, 0x01, 0x00, 0x00, 0xe0, 0x01, 0x00, 0x00, 
    0xe0, 0x01, 0x00, 0x00, 0xe0, 0x01, 0x00, 0x00, 0xe0, 0x01, 0x40, 0x00, 0xe0, 
    0x01, 0xe0, 0x01, 0xe0, 0x01, 0xe0, 0x01, 0xe0, 0x01, 0xe0, 0x01, 0xe0, 0x01, 
    0xe0, 0x01, 0xe0, 0x01, 0xe0, 0x01, 0xe0, 0x01, 0xe0, 0x01, 0xe0, 0x01, 0xe0, 
    0x01, 0xe0, 0x01, 0xe0, 0x01, 0xe0, 0x01, 0xe0, 0x01, 0xff, 0xff, 0xff, 0x01, 
    0xff, 0xff, 0xff, 0x01, 0xff, 0xff, 0xff, 0x01
};
static GX_CONST GX_UBYTE FONT_THEME_1_VALUE_TOTAL_char_13a[129] =
{
    0x00, 0x00, 0x01, 0x00, 0xc0, 0x03, 0x00, 0xf0, 0x03, 0x00, 0xf8, 0x07, 0x00, 
    0xfe, 0x03, 0x80, 0xff, 0x00, 0xe0, 0x1f, 0x00, 0xe0, 0x03, 0x00, 0x40, 0x00, 
    0x00, 0x00, 0x00, 0x00, 0x00, 0x00, 0x00, 0xfc, 0x1f, 0x00, 0xfe, 0x1f, 0x00, 
    0xfc, 0x1f, 0x00, 0x00, 0x1e, 0x00, 0x00, 0x1e, 0x00, 0x00, 0x1e, 0x00, 0x00, 
    0x1e, 0x00, 0x00, 0x1e, 0x00, 0x00, 0x1e, 0x00, 0x00, 0x1e, 0x00, 0x00, 0x1e, 
    0x00, 0x00, 0x1e, 0x00, 0x00, 0x1e, 0x00, 0x00, 0x1e, 0x00, 0x00, 0x1e, 0x00, 
    0x00, 0x1e, 0x00, 0x00, 0x1e, 0x00, 0x00, 0x1e, 0x00, 0x00, 0x1e, 0x00, 0x00, 
    0x1e, 0x00, 0x00, 0x1e, 0x00, 0x00, 0x1e, 0x00, 0x00, 0x1e, 0x00, 0x00, 0x1e, 
    0x00, 0x00, 0x1e, 0x00, 0x00, 0x1e, 0x00, 0x00, 0x1e, 0x00, 0x00, 0x1e, 0x00, 
    0x00, 0x1e, 0x00, 0xfe, 0xff, 0x3f, 0xff, 0xff, 0x7f, 0xfe, 0xff, 0x3f
};
static GX_CONST GX_UBYTE FONT_THEME_1_VALUE_TOTAL_char_13b[168] =
{
    0xff, 0xff, 0x00, 0x00, 0xff, 0xff, 0x01, 0x00, 0xff, 0xff, 0x00, 0x00, 0xe0, 
    0x01, 0x00, 0x00, 0xe0, 0x01, 0x00, 0x00, 0xe0, 0x01, 0x00, 0x00, 0xe0, 0x01, 
    0x00, 0x00, 0xe0, 0x01, 0x00, 0x00, 0xe0, 0x01, 0x00, 0x00, 0xe0, 0x01, 0x00, 
    0x00, 0xe0, 0x01, 0x00, 0x00, 0xe0, 0x01, 0x00, 0x00, 0xe0, 0x01, 0x00, 0x00, 
    0xe0, 0x01, 0x00, 0x00, 0xe0, 0x01, 0x00, 0x00, 0xe0, 0x01, 0x00, 0x00, 0xe0, 
    0x01, 0x40, 0x00, 0xe0, 0x01, 0xe0, 0x01, 0xe0, 0x01, 0xe0, 0x01, 0xe0, 0x01, 
    0xe0, 0x01, 0xe0, 0x01, 0xe0, 0x01, 0xe0, 0x01, 0xe0, 0x01, 0xe0, 0x01, 0xe0, 
    0x01, 0xe0, 0x01, 0xe0, 0x01, 0xe0, 0x01, 0xe0, 0x01, 0xe0, 0x01, 0xe0, 0x01, 
    0xff, 0xff, 0xff, 0x01, 0xff, 0xff, 0xff, 0x01, 0xff, 0xff, 0xff, 0x01, 0x00, 
    0x00, 0x00, 0x00, 0x00, 0x00, 0x00, 0x00, 0x00, 0x00, 0x00, 0x00, 0x00, 0x00, 
    0x00, 0x00, 0x00, 0xf8, 0x00, 0x00, 0x00, 0xf8, 0x00, 0x00, 0x00, 0x7c, 0x00, 
    0x00, 0x00, 0x7c, 0x00, 0x00, 0x00, 0x3c, 0x00, 0x00, 0x00, 0x1c, 0x00, 0x00, 
    0x00, 0x1e, 0x00, 0x00, 0x00, 0x0e, 0x00, 0x00, 0x00, 0x0e, 0x00, 0x00
};
static GX_CONST GX_UBYTE FONT_THEME_1_VALUE_TOTAL_char_13c[135] =
{
    0xfc, 0x1f, 0x00, 0xfe, 0x1f, 0x00, 0xfc, 0x1f, 0x00, 0x00, 0x1e, 0x00, 0x00, 
    0x1e, 0x00, 0x00, 0x1e, 0x00, 0x00, 0x1e, 0x00, 0x00, 0x1e, 0x00, 0x00, 0x1e, 
    0x00, 0x00, 0x1e, 0x00, 0x00, 0x1e, 0x00, 0x00, 0x1e, 0x00, 0x00, 0x1e, 0x00, 
    0x00, 0x1e, 0x00, 0x00, 0x1e, 0x00, 0x00, 0x1e, 0x00, 0x00, 0x1e, 0x00, 0x00, 
    0x1e, 0x00, 0x00, 0x1e, 0x00, 0x00, 0x1e, 0x00, 0x00, 0x1e, 0x00, 0x00, 0x1e, 
    0x00, 0x00, 0x1e, 0x00, 0x00, 0x1e, 0x00, 0x00, 0x1e, 0x00, 0x00, 0x1e, 0x00, 
    0x00, 0x1e, 0x00, 0x00, 0x1e, 0x00, 0x00, 0x1e, 0x00, 0xfe, 0xff, 0x3f, 0xff, 
    0xff, 0x7f, 0xfe, 0xff, 0x3f, 0x00, 0x00, 0x00, 0x00, 0x00, 0x00, 0x00, 0x00, 
    0x00, 0x00, 0x00, 0x00, 0x00, 0x3e, 0x00, 0x00, 0x3e, 0x00, 0x00, 0x1f, 0x00, 
    0x00, 0x1f, 0x00, 0x00, 0x0f, 0x00, 0x00, 0x07, 0x00, 0x80, 0x07, 0x00, 0x80, 
    0x03, 0x00, 0x80, 0x03, 0x00
};
static GX_CONST GX_UBYTE FONT_THEME_1_VALUE_TOTAL_char_13d[120] =
{
    0x00, 0x00, 0xe0, 0x03, 0xff, 0xff, 0xe0, 0x03, 0xff, 0xff, 0xe1, 0x03, 0xff, 
    0xff, 0xe0, 0x01, 0xe0, 0x01, 0xf0, 0x01, 0xe0, 0x01, 0xf0, 0x00, 0xe0, 0x01, 
    0xf0, 0x00, 0xe0, 0x01, 0x70, 0x00, 0xe0, 0x01, 0x78, 0x00, 0xe0, 0x01, 0x38, 
    0x00, 0xe0, 0x01, 0x38, 0x00, 0xe0, 0x01, 0x00, 0x00, 0xe0, 0x01, 0x00, 0x00, 
    0xe0, 0x01, 0x00, 0x00, 0xe0, 0x01, 0x00, 0x00, 0xe0, 0x01, 0x00, 0x00, 0xe0, 
    0x01, 0x00, 0x00, 0xe0, 0x01, 0x40, 0x00, 0xe0, 0x01, 0xe0, 0x01, 0xe0, 0x01, 
    0xe0, 0x01, 0xe0, 0x01, 0xe0, 0x01, 0xe0, 0x01, 0xe0, 0x01, 0xe0, 0x01, 0xe0, 
    0x01, 0xe0, 0x01, 0xe0, 0x01, 0xe0, 0x01, 0xe0, 0x01, 0xe0, 0x01, 0xe0, 0x01, 
    0xe0, 0x01, 0xe0, 0x01, 0xff, 0xff, 0xff, 0x01, 0xff, 0xff, 0xff, 0x01, 0xff, 
    0xff, 0xff, 0x01
};
static GX_CONST GX_UBYTE FONT_THEME_1_VALUE_TOTAL_char_13e[96] =
{
    0xfe, 0x0f, 0xf8, 0xfe, 0x0f, 0xf8, 0xfe, 0x0f, 0x78, 0x00, 0x0e, 0x7c, 0x00, 
    0x0e, 0x3c, 0x00, 0x0e, 0x3c, 0x00, 0x0e, 0x1c, 0x00, 0x0e, 0x1e, 0x00, 0x0e, 
    0x0e, 0x00, 0x0e, 0x0e, 0x00, 0x0e, 0x06, 0x00, 0x0e, 0x00, 0x00, 0x0e, 0x00, 
    0x00, 0x0e, 0x00, 0x00, 0x0e, 0x00, 0x00, 0x0e, 0x00, 0x00, 0x0e, 0x00, 0x00, 
    0x0e, 0x00, 0x00, 0x0e, 0x00, 0x00, 0x0e, 0x00, 0x00, 0x0e, 0x00, 0x00, 0x0e, 
    0x00, 0x00, 0x0e, 0x00, 0x00, 0x0e, 0x00, 0x00, 0x0e, 0x00, 0x00, 0x0e, 0x00, 
    0x00, 0x0e, 0x00, 0x00, 0x0e, 0x00, 0x00, 0x0e, 0x00, 0xff, 0xff, 0x3f, 0xff, 
    0xff, 0x3f, 0xff, 0xff, 0x3f
};
static GX_CONST GX_UBYTE FONT_THEME_1_VALUE_TOTAL_char_13f[116] =
{
    0xff, 0xff, 0x00, 0x00, 0xff, 0xff, 0x01, 0x00, 0xff, 0xff, 0x00, 0x00, 0xe0, 
    0x01, 0x00, 0x00, 0xe0, 0x01, 0x00, 0x00, 0xe0, 0x01, 0x00, 0x00, 0xe0, 0x01, 
    0x00, 0x00, 0xe0, 0x01, 0x00, 0x00, 0xe0, 0xc1, 0x03, 0x00, 0xe0, 0xe1, 0x07, 
    0x00, 0xe0, 0xe1, 0x07, 0x00, 0xe0, 0xe1, 0x0f, 0x00, 0xe0, 0xe1, 0x07, 0x00, 
    0xe0, 0xe1, 0x07, 0x00, 0xe0, 0xc1, 0x03, 0x00, 0xe0, 0x01, 0x00, 0x00, 0xe0, 
    0x01, 0x40, 0x00, 0xe0, 0x01, 0xe0, 0x01, 0xe0, 0x01, 0xe0, 0x01, 0xe0, 0x01, 
    0xe0, 0x01, 0xe0, 0x01, 0xe0, 0x01, 0xe0, 0x01, 0xe0, 0x01, 0xe0, 0x01, 0xe0, 
    0x01, 0xe0, 0x01, 0xe0, 0x01, 0xe0, 0x01, 0xe0, 0x01, 0xe0, 0x01, 0xe0, 0x01, 
    0xff, 0xff, 0xff, 0x01, 0xff, 0xff, 0xff, 0x01, 0xff, 0xff, 0xff, 0x01
};
static GX_CONST GX_UBYTE FONT_THEME_1_VALUE_TOTAL_char_140[96] =
{
    0xfe, 0x0f, 0x00, 0xfe, 0x0f, 0x00, 0xfe, 0x0f, 0x00, 0x00, 0x0e, 0x00, 0x00, 
    0x0e, 0x00, 0x00, 0x0e, 0x00, 0x00, 0x0e, 0x00, 0x00, 0x0e, 0x00, 0x00, 0x0e, 
    0x00, 0x00, 0x0e, 0x00, 0x00, 0x0e, 0x00, 0x00, 0x0e, 0x3c, 0x00, 0x0e, 0x7e, 
    0x00, 0x0e, 0x7f, 0x00, 0x0e, 0x7f, 0x00, 0x0e, 0x7f, 0x00, 0x0e, 0x7e, 0x00, 
    0x0e, 0x3c, 0x00, 0x0e, 0x00, 0x00, 0x0e, 0x00, 0x00, 0x0e, 0x00, 0x00, 0x0e, 
    0x00, 0x00, 0x0e, 0x00, 0x00, 0x0e, 0x00, 0x00, 0x0e, 0x00, 0x00, 0x0e, 0x00, 
    0x00, 0x0e, 0x00, 0x00, 0x0e, 0x00, 0x00, 0x0e, 0x00, 0xff, 0xff, 0x3f, 0xff, 
    0xff, 0x3f, 0xff, 0xff, 0x3f
};
static GX_CONST GX_UBYTE FONT_THEME_1_VALUE_TOTAL_char_141[116] =
{
    0xfe, 0xff, 0x01, 0x00, 0xfe, 0xff, 0x03, 0x00, 0xfe, 0xff, 0x01, 0x00, 0xc0, 
    0x03, 0x00, 0x00, 0xc0, 0x03, 0x00, 0x00, 0xc0, 0x03, 0x00, 0x00, 0xc0, 0x03, 
    0x00, 0x00, 0xc0, 0x03, 0x00, 0x00, 0xc0, 0x83, 0x01, 0x00, 0xc0, 0xe3, 0x03, 
    0x00, 0xc0, 0xf3, 0x01, 0x00, 0xc0, 0xff, 0x00, 0x00, 0xc0, 0x7f, 0x00, 0x00, 
    0xc0, 0x1f, 0x00, 0x00, 0xc0, 0x0f, 0x00, 0x00, 0xf0, 0x03, 0x00, 0x00, 0xf8, 
    0x03, 0x80, 0x00, 0xfe, 0x03, 0xc0, 0x03, 0xff, 0x03, 0xc0, 0x03, 0xce, 0x03, 
    0xc0, 0x03, 0xc4, 0x03, 0xc0, 0x03, 0xc0, 0x03, 0xc0, 0x03, 0xc0, 0x03, 0xc0, 
    0x03, 0xc0, 0x03, 0xc0, 0x03, 0xc0, 0x03, 0xc0, 0x03, 0xc0, 0x03, 0xc0, 0x03, 
    0xfe, 0xff, 0xff, 0x03, 0xfe, 0xff, 0xff, 0x03, 0xfe, 0xff, 0xff, 0x03
};
static GX_CONST GX_UBYTE FONT_THEME_1_VALUE_TOTAL_char_142[96] =
{
    0xfc, 0x1f, 0x00, 0xfe, 0x1f, 0x00, 0xfc, 0x1f, 0x00, 0x00, 0x1e, 0x00, 0x00, 
    0x1e, 0x00, 0x00, 0x1e, 0x00, 0x00, 0x1e, 0x00, 0x00, 0x1e, 0x00, 0x00, 0x1e, 
    0x00, 0x00, 0x1e, 0x06, 0x00, 0x9e, 0x0f, 0x00, 0xde, 0x0f, 0x00, 0xfe, 0x03, 
    0x00, 0xfe, 0x01, 0x00, 0x7e, 0x00, 0x00, 0x3f, 0x00, 0xc0, 0x1f, 0x00, 0xe0, 
    0x1f, 0x00, 0xf8, 0x1f, 0x00, 0xf8, 0x1e, 0x00, 0x38, 0x1e, 0x00, 0x10, 0x1e, 
    0x00, 0x00, 0x1e, 0x00, 0x00, 0x1e, 0x00, 0x00, 0x1e, 0x00, 0x00, 0x1e, 0x00, 
    0x00, 0x1e, 0x00, 0x00, 0x1e, 0x00, 0x00, 0x1e, 0x00, 0xfe, 0xff, 0x3f, 0xff, 
    0xff, 0x7f, 0xfe, 0xff, 0x3f
};
static GX_CONST GX_UBYTE FONT_THEME_1_VALUE_TOTAL_char_143[168] =
{
    0x00, 0x00, 0x04, 0x00, 0x00, 0x00, 0x1e, 0x00, 0x00, 0x80, 0x1f, 0x00, 0x00, 
    0xe0, 0x1f, 0x00, 0x00, 0xf0, 0x1f, 0x00, 0x00, 0xfc, 0x03, 0x00, 0x00, 0x7f, 
    0x00, 0x00, 0x00, 0x0f, 0x00, 0x00, 0x00, 0x03, 0x00, 0x00, 0x00, 0x00, 0x00, 
    0x00, 0x00, 0x00, 0x00, 0x00, 0x00, 0x00, 0x00, 0x00, 0xff, 0x00, 0xff, 0x03, 
    0xff, 0x81, 0xff, 0x03, 0xff, 0x01, 0xff, 0x03, 0xf8, 0x03, 0x70, 0x00, 0xf8, 
    0x03, 0x70, 0x00, 0xf8, 0x07, 0x70, 0x00, 0xf8, 0x07, 0x70, 0x00, 0x78, 0x0f, 
    0x70, 0x00, 0x78, 0x1f, 0x70, 0x00, 0x78, 0x1e, 0x70, 0x00, 0x78, 0x3e, 0x70, 
    0x00, 0x78, 0x3c, 0x70, 0x00, 0x78, 0x7c, 0x70, 0x00, 0x78, 0x78, 0x70, 0x00, 
    0x78, 0xf0, 0x70, 0x00, 0x78, 0xf0, 0x71, 0x00, 0x78, 0xe0, 0x71, 0x00, 0x78, 
    0xe0, 0x73, 0x00, 0x78, 0xc0, 0x73, 0x00, 0x78, 0xc0, 0x77, 0x00, 0x78, 0x80, 
    0x77, 0x00, 0x78, 0x80, 0x7f, 0x00, 0x78, 0x00, 0x7f, 0x00, 0x78, 0x00, 0x7e, 
    0x00, 0x78, 0x00, 0x7e, 0x00, 0x78, 0x00, 0x7c, 0x00, 0xff, 0x07, 0x7c, 0x00, 
    0xff, 0x0f, 0x78, 0x00, 0xff, 0x07, 0x78, 0x00, 0x00, 0x00, 0x70, 0x00
};
static GX_CONST GX_UBYTE FONT_THEME_1_VALUE_TOTAL_char_144[136] =
{
    0x00, 0x00, 0x04, 0x00, 0x00, 0x00, 0x1e, 0x00, 0x00, 0x80, 0x1f, 0x00, 0x00, 
    0xe0, 0x1f, 0x00, 0x00, 0xf0, 0x1f, 0x00, 0x00, 0xfc, 0x03, 0x00, 0x00, 0x7f, 
    0x00, 0x00, 0x00, 0x0f, 0x00, 0x00, 0x00, 0x03, 0x00, 0x00, 0x00, 0x00, 0x00, 
    0x00, 0x00, 0x00, 0x00, 0x00, 0x7f, 0xe0, 0x07, 0x00, 0x7f, 0xf8, 0x0f, 0x00, 
    0x7f, 0xfe, 0x1f, 0x00, 0x70, 0x0e, 0x3c, 0x00, 0x70, 0x07, 0x38, 0x00, 0xf0, 
    0x03, 0x78, 0x00, 0xf0, 0x01, 0x78, 0x00, 0xf0, 0x01, 0x78, 0x00, 0xf0, 0x00, 
    0x78, 0x00, 0xf0, 0x00, 0x78, 0x00, 0xf0, 0x00, 0x78, 0x00, 0xf0, 0x00, 0x78, 
    0x00, 0xf0, 0x00, 0x78, 0x00, 0xf0, 0x00, 0x78, 0x00, 0xf0, 0x00, 0x78, 0x00, 
    0xf0, 0x00, 0x78, 0x00, 0xf0, 0x00, 0x78, 0x00, 0xf0, 0x00, 0x78, 0x00, 0xf0, 
    0x00, 0x78, 0x00, 0xf0, 0x00, 0x78, 0x00, 0xfe, 0x07, 0xff, 0x03, 0xff, 0x07, 
    0xff, 0x07, 0xfe, 0x07, 0xff, 0x03
};
static GX_CONST GX_UBYTE FONT_THEME_1_VALUE_TOTAL_char_145[168] =
{
    0xff, 0x00, 0xff, 0x03, 0xff, 0x81, 0xff, 0x03, 0xff, 0x01, 0xff, 0x03, 0xf8, 
    0x03, 0x70, 0x00, 0xf8, 0x03, 0x70, 0x00, 0xf8, 0x07, 0x70, 0x00, 0xf8, 0x07, 
    0x70, 0x00, 0x78, 0x0f, 0x70, 0x00, 0x78, 0x1f, 0x70, 0x00, 0x78, 0x1e, 0x70, 
    0x00, 0x78, 0x3e, 0x70, 0x00, 0x78, 0x3c, 0x70, 0x00, 0x78, 0x7c, 0x70, 0x00, 
    0x78, 0x78, 0x70, 0x00, 0x78, 0xf0, 0x70, 0x00, 0x78, 0xf0, 0x71, 0x00, 0x78, 
    0xe0, 0x71, 0x00, 0x78, 0xe0, 0x73, 0x00, 0x78, 0xc0, 0x73, 0x00, 0x78, 0xc0, 
    0x77, 0x00, 0x78, 0x80, 0x77, 0x00, 0x78, 0x80, 0x7f, 0x00, 0x78, 0x00, 0x7f, 
    0x00, 0x78, 0x00, 0x7e, 0x00, 0x78, 0x00, 0x7e, 0x00, 0x78, 0x00, 0x7c, 0x00, 
    0xff, 0x07, 0x7c, 0x00, 0xff, 0x0f, 0x78, 0x00, 0xff, 0x07, 0x78, 0x00, 0x00, 
    0x00, 0x70, 0x00, 0x00, 0x00, 0x00, 0x00, 0x00, 0x00, 0x00, 0x00, 0x00, 0x00, 
    0x00, 0x00, 0x00, 0xf8, 0x00, 0x00, 0x00, 0xf8, 0x00, 0x00, 0x00, 0x7c, 0x00, 
    0x00, 0x00, 0x7c, 0x00, 0x00, 0x00, 0x3c, 0x00, 0x00, 0x00, 0x1c, 0x00, 0x00, 
    0x00, 0x1e, 0x00, 0x00, 0x00, 0x0e, 0x00, 0x00, 0x00, 0x0e, 0x00, 0x00
};
static GX_CONST GX_UBYTE FONT_THEME_1_VALUE_TOTAL_char_146[144] =
{
    0x7f, 0xe0, 0x07, 0x00, 0x7f, 0xf8, 0x0f, 0x00, 0x7f, 0xfe, 0x1f, 0x00, 0x70, 
    0x0e, 0x3c, 0x00, 0x70, 0x07, 0x38, 0x00, 0xf0, 0x03, 0x78, 0x00, 0xf0, 0x01, 
    0x78, 0x00, 0xf0, 0x01, 0x78, 0x00, 0xf0, 0x00, 0x78, 0x00, 0xf0, 0x00, 0x78, 
    0x00, 0xf0, 0x00, 0x78, 0x00, 0xf0, 0x00, 0x78, 0x00, 0xf0, 0x00, 0x78, 0x00, 
    0xf0, 0x00, 0x78, 0x00, 0xf0, 0x00, 0x78, 0x00, 0xf0, 0x00, 0x78, 0x00, 0xf0, 
    0x00, 0x78, 0x00, 0xf0, 0x00, 0x78, 0x00, 0xf0, 0x00, 0x78, 0x00, 0xf0, 0x00, 
    0x78, 0x00, 0xfe, 0x07, 0xff, 0x03, 0xff, 0x07, 0xff, 0x07, 0xfe, 0x07, 0xff, 
    0x03, 0x00, 0x00, 0x00, 0x00, 0x00, 0x00, 0x00, 0x00, 0x00, 0x00, 0x00, 0x00, 
    0x00, 0x00, 0x00, 0x00, 0x00, 0xf8, 0x00, 0x00, 0x00, 0xf8, 0x00, 0x00, 0x00, 
    0x7c, 0x00, 0x00, 0x00, 0x7c, 0x00, 0x00, 0x00, 0x3c, 0x00, 0x00, 0x00, 0x1c, 
    0x00, 0x00, 0x00, 0x1e, 0x00, 0x00, 0x00, 0x0e, 0x00, 0x00, 0x00, 0x0e, 0x00, 
    0x00
};
static GX_CONST GX_UBYTE FONT_THEME_1_VALUE_TOTAL_char_147[160] =
{
    0x60, 0x00, 0x18, 0x00, 0xf0, 0x01, 0x1e, 0x00, 0xc0, 0x87, 0x0f, 0x00, 0x80, 
    0xff, 0x07, 0x00, 0x00, 0xff, 0x03, 0x00, 0x00, 0xfe, 0x01, 0x00, 0x00, 0xfc, 
    0x00, 0x00, 0x00, 0x30, 0x00, 0x00, 0x00, 0x00, 0x00, 0x00, 0x00, 0x00, 0x00, 
    0x00, 0xff, 0x00, 0xff, 0x03, 0xff, 0x81, 0xff, 0x03, 0xff, 0x01, 0xff, 0x03, 
    0xf8, 0x03, 0x70, 0x00, 0xf8, 0x03, 0x70, 0x00, 0xf8, 0x07, 0x70, 0x00, 0xf8, 
    0x07, 0x70, 0x00, 0x78, 0x0f, 0x70, 0x00, 0x78, 0x1f, 0x70, 0x00, 0x78, 0x1e, 
    0x70, 0x00, 0x78, 0x3e, 0x70, 0x00, 0x78, 0x3c, 0x70, 0x00, 0x78, 0x7c, 0x70, 
    0x00, 0x78, 0x78, 0x70, 0x00, 0x78, 0xf0, 0x70, 0x00, 0x78, 0xf0, 0x71, 0x00, 
    0x78, 0xe0, 0x71, 0x00, 0x78, 0xe0, 0x73, 0x00, 0x78, 0xc0, 0x73, 0x00, 0x78, 
    0xc0, 0x77, 0x00, 0x78, 0x80, 0x77, 0x00, 0x78, 0x80, 0x7f, 0x00, 0x78, 0x00, 
    0x7f, 0x00, 0x78, 0x00, 0x7e, 0x00, 0x78, 0x00, 0x7e, 0x00, 0x78, 0x00, 0x7c, 
    0x00, 0xff, 0x07, 0x7c, 0x00, 0xff, 0x0f, 0x78, 0x00, 0xff, 0x07, 0x78, 0x00, 
    0x00, 0x00, 0x70, 0x00
};
static GX_CONST GX_UBYTE FONT_THEME_1_VALUE_TOTAL_char_148[132] =
{
    0x60, 0x00, 0x18, 0x00, 0xf0, 0x01, 0x1e, 0x00, 0xc0, 0x87, 0x0f, 0x00, 0x80, 
    0xff, 0x07, 0x00, 0x00, 0xff, 0x03, 0x00, 0x00, 0xfe, 0x01, 0x00, 0x00, 0xfc, 
    0x00, 0x00, 0x00, 0x30, 0x00, 0x00, 0x00, 0x00, 0x00, 0x00, 0x00, 0x00, 0x00, 
    0x00, 0x7f, 0xe0, 0x07, 0x00, 0x7f, 0xf8, 0x0f, 0x00, 0x7f, 0xfe, 0x1f, 0x00, 
    0x70, 0x0e, 0x3c, 0x00, 0x70, 0x07, 0x38, 0x00, 0xf0, 0x03, 0x78, 0x00, 0xf0, 
    0x01, 0x78, 0x00, 0xf0, 0x01, 0x78, 0x00, 0xf0, 0x00, 0x78, 0x00, 0xf0, 0x00, 
    0x78, 0x00, 0xf0, 0x00, 0x78, 0x00, 0xf0, 0x00, 0x78, 0x00, 0xf0, 0x00, 0x78, 
    0x00, 0xf0, 0x00, 0x78, 0x00, 0xf0, 0x00, 0x78, 0x00, 0xf0, 0x00, 0x78, 0x00, 
    0xf0, 0x00, 0x78, 0x00, 0xf0, 0x00, 0x78, 0x00, 0xf0, 0x00, 0x78, 0x00, 0xf0, 
    0x00, 0x78, 0x00, 0xfe, 0x07, 0xff, 0x03, 0xff, 0x07, 0xff, 0x07, 0xfe, 0x07, 
    0xff, 0x03
};
static GX_CONST GX_UBYTE FONT_THEME_1_VALUE_TOTAL_char_149[1] =
{
    0x00
};
static GX_CONST GX_UBYTE FONT_THEME_1_VALUE_TOTAL_char_14a[1] =
{
    0x00
};
static GX_CONST GX_UBYTE FONT_THEME_1_VALUE_TOTAL_char_14b[1] =
{
    0x00
};
static GX_CONST GX_UBYTE FONT_THEME_1_VALUE_TOTAL_char_14c[152] =
{
    0xe0, 0xff, 0x1f, 0x00, 0xe0, 0xff, 0x1f, 0x00, 0xe0, 0xff, 0x1f, 0x00, 0x00, 
    0x00, 0x00, 0x00, 0x00, 0x00, 0x00, 0x00, 0x00, 0x00, 0x00, 0x00, 0x00, 0x00, 
    0x00, 0x00, 0x00, 0xfe, 0x01, 0x00, 0x80, 0xff, 0x07, 0x00, 0xe0, 0xff, 0x0f, 
    0x00, 0xf0, 0x03, 0x3f, 0x00, 0xf8, 0x00, 0x3c, 0x00, 0x78, 0x00, 0x78, 0x00, 
    0x3c, 0x00, 0xf0, 0x00, 0x3c, 0x00, 0xf0, 0x00, 0x1e, 0x00, 0xe0, 0x01, 0x1e, 
    0x00, 0xe0, 0x01, 0x1e, 0x00, 0xe0, 0x01, 0x0f, 0x00, 0xc0, 0x01, 0x0f, 0x00, 
    0xc0, 0x03, 0x0f, 0x00, 0xc0, 0x03, 0x0f, 0x00, 0xc0, 0x03, 0x0f, 0x00, 0xc0, 
    0x03, 0x0f, 0x00, 0xc0, 0x03, 0x0f, 0x00, 0xc0, 0x03, 0x0f, 0x00, 0xc0, 0x03, 
    0x0f, 0x00, 0xc0, 0x01, 0x1e, 0x00, 0xe0, 0x01, 0x1e, 0x00, 0xe0, 0x01, 0x1e, 
    0x00, 0xe0, 0x01, 0x3c, 0x00, 0xf0, 0x00, 0x3c, 0x00, 0xf0, 0x00, 0x78, 0x00, 
    0x78, 0x00, 0xf8, 0x00, 0x3c, 0x00, 0xf0, 0x03, 0x3f, 0x00, 0xe0, 0xff, 0x0f, 
    0x00, 0x80, 0xff, 0x07, 0x00, 0x00, 0xfe, 0x01, 0x00
};
static GX_CONST GX_UBYTE FONT_THEME_1_VALUE_TOTAL_char_14d[93] =
{
    0xf0, 0xff, 0x0f, 0xf0, 0xff, 0x0f, 0xf0, 0xff, 0x0f, 0x00, 0x00, 0x00, 0x00, 
    0x00, 0x00, 0x00, 0x00, 0x00, 0x00, 0x00, 0x00, 0x00, 0xff, 0x00, 0xc0, 0xff, 
    0x03, 0xf0, 0xff, 0x0f, 0xf8, 0x81, 0x1f, 0x7c, 0x00, 0x3e, 0x3c, 0x00, 0x3c, 
    0x1e, 0x00, 0x78, 0x1e, 0x00, 0x78, 0x0f, 0x00, 0xf0, 0x0f, 0x00, 0xf0, 0x0f, 
    0x00, 0xf0, 0x0f, 0x00, 0xf0, 0x0f, 0x00, 0xf0, 0x0f, 0x00, 0xf0, 0x0f, 0x00, 
    0xf0, 0x0f, 0x00, 0xf0, 0x1e, 0x00, 0x78, 0x1e, 0x00, 0x78, 0x3c, 0x00, 0x3c, 
    0x7c, 0x00, 0x3e, 0xf8, 0x81, 0x1f, 0xf0, 0xff, 0x0f, 0xc0, 0xff, 0x03, 0x00, 
    0xff, 0x00
};
static GX_CONST GX_UBYTE FONT_THEME_1_VALUE_TOTAL_char_14e[168] =
{
    0x30, 0x00, 0x30, 0x00, 0x70, 0x00, 0x38, 0x00, 0x70, 0x00, 0x38, 0x00, 0xf0, 
    0x00, 0x3c, 0x00, 0xe0, 0x03, 0x1f, 0x00, 0xc0, 0xff, 0x0f, 0x00, 0x80, 0xff, 
    0x07, 0x00, 0x00, 0xfe, 0x01, 0x00, 0x00, 0x00, 0x00, 0x00, 0x00, 0x00, 0x00, 
    0x00, 0x00, 0x00, 0x00, 0x00, 0x00, 0xfe, 0x01, 0x00, 0x80, 0xff, 0x07, 0x00, 
    0xe0, 0xff, 0x0f, 0x00, 0xf0, 0x03, 0x3f, 0x00, 0xf8, 0x00, 0x3c, 0x00, 0x78, 
    0x00, 0x78, 0x00, 0x3c, 0x00, 0xf0, 0x00, 0x3c, 0x00, 0xf0, 0x00, 0x1e, 0x00, 
    0xe0, 0x01, 0x1e, 0x00, 0xe0, 0x01, 0x1e, 0x00, 0xe0, 0x01, 0x0f, 0x00, 0xc0, 
    0x01, 0x0f, 0x00, 0xc0, 0x03, 0x0f, 0x00, 0xc0, 0x03, 0x0f, 0x00, 0xc0, 0x03, 
    0x0f, 0x00, 0xc0, 0x03, 0x0f, 0x00, 0xc0, 0x03, 0x0f, 0x00, 0xc0, 0x03, 0x0f, 
    0x00, 0xc0, 0x03, 0x0f, 0x00, 0xc0, 0x01, 0x1e, 0x00, 0xe0, 0x01, 0x1e, 0x00, 
    0xe0, 0x01, 0x1e, 0x00, 0xe0, 0x01, 0x3c, 0x00, 0xf0, 0x00, 0x3c, 0x00, 0xf0, 
    0x00, 0x78, 0x00, 0x78, 0x00, 0xf8, 0x00, 0x3c, 0x00, 0xf0, 0x03, 0x3f, 0x00, 
    0xe0, 0xff, 0x0f, 0x00, 0x80, 0xff, 0x07, 0x00, 0x00, 0xfe, 0x01, 0x00
};
static GX_CONST GX_UBYTE FONT_THEME_1_VALUE_TOTAL_char_14f[105] =
{
    0x18, 0x00, 0x18, 0x38, 0x00, 0x1c, 0x38, 0x00, 0x1c, 0x78, 0x00, 0x1e, 0xf0, 
    0x81, 0x0f, 0xe0, 0xff, 0x07, 0xc0, 0xff, 0x03, 0x00, 0xff, 0x00, 0x00, 0x00, 
    0x00, 0x00, 0x00, 0x00, 0x00, 0x00, 0x00, 0x00, 0xff, 0x00, 0xc0, 0xff, 0x03, 
    0xf0, 0xff, 0x0f, 0xf8, 0x81, 0x1f, 0x7c, 0x00, 0x3e, 0x3c, 0x00, 0x3c, 0x1e, 
    0x00, 0x78, 0x1e, 0x00, 0x78, 0x0f, 0x00, 0xf0, 0x0f, 0x00, 0xf0, 0x0f, 0x00, 
    0xf0, 0x0f, 0x00, 0xf0, 0x0f, 0x00, 0xf0, 0x0f, 0x00, 0xf0, 0x0f, 0x00, 0xf0, 
    0x0f, 0x00, 0xf0, 0x1e, 0x00, 0x78, 0x1e, 0x00, 0x78, 0x3c, 0x00, 0x3c, 0x7c, 
    0x00, 0x3e, 0xf8, 0x81, 0x1f, 0xf0, 0xff, 0x0f, 0xc0, 0xff, 0x03, 0x00, 0xff, 
    0x00
};
static GX_CONST GX_UBYTE FONT_THEME_1_VALUE_TOTAL_char_150[168] =
{
    0x00, 0x70, 0xe0, 0x00, 0x00, 0xf8, 0xf0, 0x01, 0x00, 0xfc, 0xf8, 0x00, 0x00, 
    0x7e, 0x7c, 0x00, 0x00, 0x1f, 0x3e, 0x00, 0x80, 0x0f, 0x0f, 0x00, 0xc0, 0x83, 
    0x07, 0x00, 0xc0, 0x81, 0x01, 0x00, 0x00, 0x00, 0x00, 0x00, 0x00, 0x00, 0x00, 
    0x00, 0x00, 0x00, 0x00, 0x00, 0x00, 0xfe, 0x01, 0x00, 0x80, 0xff, 0x07, 0x00, 
    0xe0, 0xff, 0x0f, 0x00, 0xf0, 0x03, 0x3f, 0x00, 0xf8, 0x00, 0x3c, 0x00, 0x78, 
    0x00, 0x78, 0x00, 0x3c, 0x00, 0xf0, 0x00, 0x3c, 0x00, 0xf0, 0x00, 0x1e, 0x00, 
    0xe0, 0x01, 0x1e, 0x00, 0xe0, 0x01, 0x1e, 0x00, 0xe0, 0x01, 0x0f, 0x00, 0xc0, 
    0x01, 0x0f, 0x00, 0xc0, 0x03, 0x0f, 0x00, 0xc0, 0x03, 0x0f, 0x00, 0xc0, 0x03, 
    0x0f, 0x00, 0xc0, 0x03, 0x0f, 0x00, 0xc0, 0x03, 0x0f, 0x00, 0xc0, 0x03, 0x0f, 
    0x00, 0xc0, 0x03, 0x0f, 0x00, 0xc0, 0x01, 0x1e, 0x00, 0xe0, 0x01, 0x1e, 0x00, 
    0xe0, 0x01, 0x1e, 0x00, 0xe0, 0x01, 0x3c, 0x00, 0xf0, 0x00, 0x3c, 0x00, 0xf0, 
    0x00, 0x78, 0x00, 0x78, 0x00, 0xf8, 0x00, 0x3c, 0x00, 0xf0, 0x03, 0x3f, 0x00, 
    0xe0, 0xff, 0x0f, 0x00, 0x80, 0xff, 0x07, 0x00, 0x00, 0xfe, 0x01, 0x00
};
static GX_CONST GX_UBYTE FONT_THEME_1_VALUE_TOTAL_char_151[105] =
{
    0x00, 0x38, 0x70, 0x00, 0x7c, 0xf8, 0x00, 0x7e, 0x7c, 0x00, 0x3f, 0x3e, 0x80, 
    0x0f, 0x1f, 0xc0, 0x87, 0x07, 0xe0, 0xc1, 0x03, 0xe0, 0xc0, 0x00, 0x00, 0x00, 
    0x00, 0x00, 0x00, 0x00, 0x00, 0x00, 0x00, 0x00, 0xff, 0x00, 0xc0, 0xff, 0x03, 
    0xf0, 0xff, 0x0f, 0xf8, 0x81, 0x1f, 0x7c, 0x00, 0x3e, 0x3c, 0x00, 0x3c, 0x1e, 
    0x00, 0x78, 0x1e, 0x00, 0x78, 0x0f, 0x00, 0xf0, 0x0f, 0x00, 0xf0, 0x0f, 0x00, 
    0xf0, 0x0f, 0x00, 0xf0, 0x0f, 0x00, 0xf0, 0x0f, 0x00, 0xf0, 0x0f, 0x00, 0xf0, 
    0x0f, 0x00, 0xf0, 0x1e, 0x00, 0x78, 0x1e, 0x00, 0x78, 0x3c, 0x00, 0x3c, 0x7c, 
    0x00, 0x3e, 0xf8, 0x81, 0x1f, 0xf0, 0xff, 0x0f, 0xc0, 0xff, 0x03, 0x00, 0xff, 
    0x00
};
static GX_CONST GX_UBYTE FONT_THEME_1_VALUE_TOTAL_char_152[116] =
{
    0x00, 0xff, 0xff, 0x01, 0xc0, 0xff, 0xff, 0x01, 0xf0, 0xff, 0xff, 0x01, 0xf8, 
    0x71, 0xc0, 0x01, 0x7c, 0x70, 0xc0, 0x01, 0x3c, 0x70, 0xc0, 0x01, 0x1e, 0x70, 
    0xc0, 0x01, 0x1e, 0x70, 0xc0, 0x01, 0x0f, 0x70, 0xc0, 0x01, 0x0f, 0x70, 0x00, 
    0x00, 0x0f, 0x70, 0x00, 0x00, 0x0f, 0x70, 0x00, 0x00, 0x07, 0xf0, 0x1f, 0x00, 
    0x07, 0xf0, 0x3f, 0x00, 0x07, 0xf0, 0x1f, 0x00, 0x07, 0x70, 0x00, 0x00, 0x07, 
    0x70, 0x00, 0x00, 0x0f, 0x70, 0x00, 0x00, 0x0f, 0x70, 0xc0, 0x01, 0x0f, 0x70, 
    0xc0, 0x03, 0x0f, 0x70, 0xc0, 0x03, 0x1e, 0x70, 0xc0, 0x03, 0x1e, 0x70, 0xc0, 
    0x03, 0x3c, 0x70, 0xc0, 0x03, 0x7c, 0x70, 0xc0, 0x03, 0xf8, 0x71, 0xc0, 0x03, 
    0xf0, 0xff, 0xff, 0x03, 0xc0, 0xff, 0xff, 0x03, 0x00, 0xff, 0xff, 0x03
};
static GX_CONST GX_UBYTE FONT_THEME_1_VALUE_TOTAL_char_153[96] =
{
    0xe0, 0x03, 0x3f, 0x00, 0xf8, 0xcf, 0x7f, 0x00, 0xfc, 0xff, 0xff, 0x00, 0x3e, 
    0xfe, 0xe1, 0x01, 0x1e, 0xfc, 0xe0, 0x01, 0x0e, 0xfc, 0xc0, 0x01, 0x0f, 0x78, 
    0xc0, 0x03, 0x0f, 0x78, 0xc0, 0x03, 0x0f, 0x78, 0xc0, 0x03, 0x0f, 0xf8, 0xff, 
    0x03, 0x0f, 0xf8, 0xff, 0x03, 0x0f, 0xf8, 0xff, 0x03, 0x0f, 0x78, 0x00, 0x00, 
    0x0f, 0x78, 0x00, 0x00, 0x0f, 0x78, 0x00, 0x00, 0x0f, 0x78, 0x00, 0x00, 0x0f, 
    0x78, 0x00, 0x00, 0x0f, 0x78, 0x00, 0x00, 0x0e, 0xfc, 0x00, 0x00, 0x1e, 0xfc, 
    0x80, 0x01, 0x3e, 0xfe, 0xe1, 0x03, 0xfc, 0xff, 0xff, 0x01, 0xf8, 0xcf, 0xff, 
    0x00, 0xe0, 0x03, 0x3f, 0x00
};
static GX_CONST GX_UBYTE FONT_THEME_1_VALUE_TOTAL_char_154[164] =
{
    0x00, 0x00, 0x04, 0x00, 0x00, 0x00, 0x0f, 0x00, 0x00, 0x80, 0x1f, 0x00, 0x00, 
    0xe0, 0x1f, 0x00, 0x00, 0xf8, 0x1f, 0x00, 0x00, 0xfe, 0x03, 0x00, 0x00, 0x7f, 
    0x00, 0x00, 0x80, 0x0f, 0x00, 0x00, 0x00, 0x01, 0x00, 0x00, 0x00, 0x00, 0x00, 
    0x00, 0x00, 0x00, 0x00, 0x00, 0x00, 0x00, 0x00, 0x00, 0xff, 0xff, 0x03, 0x00, 
    0xff, 0xff, 0x0f, 0x00, 0xff, 0xff, 0x1f, 0x00, 0xf0, 0x00, 0x3f, 0x00, 0xf0, 
    0x00, 0x7c, 0x00, 0xf0, 0x00, 0x78, 0x00, 0xf0, 0x00, 0x78, 0x00, 0xf0, 0x00, 
    0xf0, 0x00, 0xf0, 0x00, 0xf0, 0x00, 0xf0, 0x00, 0x78, 0x00, 0xf0, 0x00, 0x78, 
    0x00, 0xf0, 0x00, 0x7c, 0x00, 0xf0, 0x00, 0x3e, 0x00, 0xf0, 0xff, 0x1f, 0x00, 
    0xf0, 0xff, 0x07, 0x00, 0xf0, 0xff, 0x01, 0x00, 0xf0, 0xe0, 0x03, 0x00, 0xf0, 
    0x80, 0x07, 0x00, 0xf0, 0x00, 0x0f, 0x00, 0xf0, 0x00, 0x1e, 0x00, 0xf0, 0x00, 
    0x1e, 0x00, 0xf0, 0x00, 0x3c, 0x00, 0xf0, 0x00, 0x3c, 0x00, 0xf0, 0x00, 0x78, 
    0x00, 0xf0, 0x00, 0x78, 0x00, 0xf0, 0x00, 0xf0, 0x00, 0xff, 0x1f, 0xe0, 0x07, 
    0xff, 0x1f, 0xe0, 0x0f, 0xff, 0x1f, 0x80, 0x07
};
static GX_CONST GX_UBYTE FONT_THEME_1_VALUE_TOTAL_char_155[102] =
{
    0x00, 0x00, 0x04, 0x00, 0x00, 0x0f, 0x00, 0xc0, 0x0f, 0x00, 0xe0, 0x1f, 0x00, 
    0xf8, 0x0f, 0x00, 0xfe, 0x03, 0x80, 0x7f, 0x00, 0x80, 0x0f, 0x00, 0x00, 0x01, 
    0x00, 0x00, 0x00, 0x00, 0x00, 0x00, 0x00, 0xfe, 0x00, 0x1f, 0xff, 0xc0, 0x7f, 
    0xfe, 0xf0, 0x7f, 0xe0, 0xf8, 0x31, 0xe0, 0x3c, 0x00, 0xe0, 0x1e, 0x00, 0xe0, 
    0x0e, 0x00, 0xe0, 0x07, 0x00, 0xe0, 0x03, 0x00, 0xe0, 0x03, 0x00, 0xe0, 0x01, 
    0x00, 0xe0, 0x01, 0x00, 0xe0, 0x01, 0x00, 0xe0, 0x01, 0x00, 0xe0, 0x01, 0x00, 
    0xe0, 0x01, 0x00, 0xe0, 0x01, 0x00, 0xe0, 0x01, 0x00, 0xe0, 0x01, 0x00, 0xe0, 
    0x01, 0x00, 0xff, 0xff, 0x03, 0xff, 0xff, 0x03, 0xff, 0xff, 0x03
};
static GX_CONST GX_UBYTE FONT_THEME_1_VALUE_TOTAL_char_156[168] =
{
    0xff, 0xff, 0x03, 0x00, 0xff, 0xff, 0x0f, 0x00, 0xff, 0xff, 0x1f, 0x00, 0xf0, 
    0x00, 0x3f, 0x00, 0xf0, 0x00, 0x7c, 0x00, 0xf0, 0x00, 0x78, 0x00, 0xf0, 0x00, 
    0x78, 0x00, 0xf0, 0x00, 0xf0, 0x00, 0xf0, 0x00, 0xf0, 0x00, 0xf0, 0x00, 0x78, 
    0x00, 0xf0, 0x00, 0x78, 0x00, 0xf0, 0x00, 0x7c, 0x00, 0xf0, 0x00, 0x3e, 0x00, 
    0xf0, 0xff, 0x1f, 0x00, 0xf0, 0xff, 0x07, 0x00, 0xf0, 0xff, 0x01, 0x00, 0xf0, 
    0xe0, 0x03, 0x00, 0xf0, 0x80, 0x07, 0x00, 0xf0, 0x00, 0x0f, 0x00, 0xf0, 0x00, 
    0x1e, 0x00, 0xf0, 0x00, 0x1e, 0x00, 0xf0, 0x00, 0x3c, 0x00, 0xf0, 0x00, 0x3c, 
    0x00, 0xf0, 0x00, 0x78, 0x00, 0xf0, 0x00, 0x78, 0x00, 0xf0, 0x00, 0xf0, 0x00, 
    0xff, 0x1f, 0xe0, 0x07, 0xff, 0x1f, 0xe0, 0x0f, 0xff, 0x1f, 0x80, 0x07, 0x00, 
    0x00, 0x00, 0x00, 0x00, 0x00, 0x00, 0x00, 0x00, 0x00, 0x00, 0x00, 0x00, 0x00, 
    0x00, 0x00, 0x00, 0xf0, 0x01, 0x00, 0x00, 0xf8, 0x00, 0x00, 0x00, 0xf8, 0x00, 
    0x00, 0x00, 0x78, 0x00, 0x00, 0x00, 0x78, 0x00, 0x00, 0x00, 0x3c, 0x00, 0x00, 
    0x00, 0x3c, 0x00, 0x00, 0x00, 0x1c, 0x00, 0x00, 0x00, 0x0c, 0x00, 0x00
};
static GX_CONST GX_UBYTE FONT_THEME_1_VALUE_TOTAL_char_157[108] =
{
    0xfe, 0x00, 0x1f, 0xff, 0xc0, 0x7f, 0xfe, 0xf0, 0x7f, 0xe0, 0xf8, 0x31, 0xe0, 
    0x3c, 0x00, 0xe0, 0x1e, 0x00, 0xe0, 0x0e, 0x00, 0xe0, 0x07, 0x00, 0xe0, 0x03, 
    0x00, 0xe0, 0x03, 0x00, 0xe0, 0x01, 0x00, 0xe0, 0x01, 0x00, 0xe0, 0x01, 0x00, 
    0xe0, 0x01, 0x00, 0xe0, 0x01, 0x00, 0xe0, 0x01, 0x00, 0xe0, 0x01, 0x00, 0xe0, 
    0x01, 0x00, 0xe0, 0x01, 0x00, 0xe0, 0x01, 0x00, 0xff, 0xff, 0x03, 0xff, 0xff, 
    0x03, 0xff, 0xff, 0x03, 0x00, 0x00, 0x00, 0x00, 0x00, 0x00, 0x00, 0x00, 0x00, 
    0x00, 0x00, 0x00, 0xc0, 0x07, 0x00, 0xc0, 0x07, 0x00, 0xe0, 0x03, 0x00, 0xe0, 
    0x03, 0x00, 0xe0, 0x01, 0x00, 0xe0, 0x01, 0x00, 0xe0, 0x00, 0x00, 0x70, 0x00, 
    0x00, 0x70, 0x00, 0x00
};
static GX_CONST GX_UBYTE FONT_THEME_1_VALUE_TOTAL_char_158[156] =
{
    0x70, 0x00, 0x1c, 0x00, 0xf0, 0x01, 0x1f, 0x00, 0xe0, 0x83, 0x0f, 0x00, 0xc0, 
    0xef, 0x07, 0x00, 0x80, 0xff, 0x03, 0x00, 0x00, 0xfe, 0x00, 0x00, 0x00, 0x7c, 
    0x00, 0x00, 0x00, 0x38, 0x00, 0x00, 0x00, 0x00, 0x00, 0x00, 0x00, 0x00, 0x00, 
    0x00, 0xff, 0xff, 0x03, 0x00, 0xff, 0xff, 0x0f, 0x00, 0xff, 0xff, 0x1f, 0x00, 
    0xf0, 0x00, 0x3f, 0x00, 0xf0, 0x00, 0x7c, 0x00, 0xf0, 0x00, 0x78, 0x00, 0xf0, 
    0x00, 0x78, 0x00, 0xf0, 0x00, 0xf0, 0x00, 0xf0, 0x00, 0xf0, 0x00, 0xf0, 0x00, 
    0x78, 0x00, 0xf0, 0x00, 0x78, 0x00, 0xf0, 0x00, 0x7c, 0x00, 0xf0, 0x00, 0x3e, 
    0x00, 0xf0, 0xff, 0x1f, 0x00, 0xf0, 0xff, 0x07, 0x00, 0xf0, 0xff, 0x01, 0x00, 
    0xf0, 0xe0, 0x03, 0x00, 0xf0, 0x80, 0x07, 0x00, 0xf0, 0x00, 0x0f, 0x00, 0xf0, 
    0x00, 0x1e, 0x00, 0xf0, 0x00, 0x1e, 0x00, 0xf0, 0x00, 0x3c, 0x00, 0xf0, 0x00, 
    0x3c, 0x00, 0xf0, 0x00, 0x78, 0x00, 0xf0, 0x00, 0x78, 0x00, 0xf0, 0x00, 0xf0, 
    0x00, 0xff, 0x1f, 0xe0, 0x07, 0xff, 0x1f, 0xe0, 0x0f, 0xff, 0x1f, 0x80, 0x07

};
static GX_CONST GX_UBYTE FONT_THEME_1_VALUE_TOTAL_char_159[99] =
{
    0x38, 0x00, 0x0e, 0xf8, 0x80, 0x0f, 0xf0, 0xc3, 0x07, 0xc0, 0xf7, 0x03, 0x80, 
    0xff, 0x01, 0x00, 0xff, 0x00, 0x00, 0x3e, 0x00, 0x00, 0x1c, 0x00, 0x00, 0x00, 
    0x00, 0x00, 0x00, 0x00, 0xfe, 0x00, 0x1f, 0xff, 0xc0, 0x7f, 0xfe, 0xf0, 0x7f, 
    0xe0, 0xf8, 0x31, 0xe0, 0x3c, 0x00, 0xe0, 0x1e, 0x00, 0xe0, 0x0e, 0x00, 0xe0, 
    0x07, 0x00, 0xe0, 0x03, 0x00, 0xe0, 0x03, 0x00, 0xe0, 0x01, 0x00, 0xe0, 0x01, 
    0x00, 0xe0, 0x01, 0x00, 0xe0, 0x01, 0x00, 0xe0, 0x01, 0x00, 0xe0, 0x01, 0x00, 
    0xe0, 0x01, 0x00, 0xe0, 0x01, 0x00, 0xe0, 0x01, 0x00, 0xe0, 0x01, 0x00, 0xff, 
    0xff, 0x03, 0xff, 0xff, 0x03, 0xff, 0xff, 0x03
};
static GX_CONST GX_UBYTE FONT_THEME_1_VALUE_TOTAL_char_15a[126] =
{
    0x00, 0x00, 0x01, 0x00, 0xc0, 0x03, 0x00, 0xe0, 0x07, 0x00, 0xf8, 0x07, 0x00, 
    0xfe, 0x07, 0x80, 0xff, 0x00, 0xc0, 0x1f, 0x00, 0xe0, 0x03, 0x00, 0x40, 0x00, 
    0x00, 0x00, 0x00, 0x00, 0x00, 0x00, 0x00, 0xc0, 0x1f, 0x1e, 0xf0, 0xff, 0x1e, 
    0xf8, 0xff, 0x1f, 0x7c, 0xe0, 0x1f, 0x1e, 0x80, 0x1f, 0x1e, 0x00, 0x1f, 0x0f, 
    0x00, 0x1e, 0x0f, 0x00, 0x1c, 0x0f, 0x00, 0x00, 0x0f, 0x00, 0x00, 0x1f, 0x00, 
    0x00, 0xfe, 0x00, 0x00, 0xfe, 0x0f, 0x00, 0xfc, 0xff, 0x00, 0xf8, 0xff, 0x03, 
    0xf0, 0xff, 0x07, 0x80, 0xff, 0x0f, 0x00, 0xf0, 0x1f, 0x00, 0x80, 0x1f, 0x00, 
    0x00, 0x3e, 0x07, 0x00, 0x3c, 0x07, 0x00, 0x3c, 0x0f, 0x00, 0x3c, 0x0f, 0x00, 
    0x3c, 0x1f, 0x00, 0x3c, 0x1f, 0x00, 0x1e, 0x7f, 0x00, 0x1e, 0xff, 0x81, 0x0f, 
    0xff, 0xff, 0x07, 0xef, 0xff, 0x03, 0x07, 0x7f, 0x00
};
static GX_CONST GX_UBYTE FONT_THEME_1_VALUE_TOTAL_char_15b[105] =
{
    0x00, 0x00, 0x01, 0x00, 0xc0, 0x03, 0x00, 0xe0, 0x07, 0x00, 0xf8, 0x07, 0x00, 
    0xfe, 0x07, 0x80, 0xff, 0x00, 0xc0, 0x1f, 0x00, 0xe0, 0x03, 0x00, 0x40, 0x00, 
    0x00, 0x00, 0x00, 0x00, 0x00, 0x00, 0x00, 0xc0, 0x1f, 0x0e, 0xf8, 0xff, 0x1e, 
    0xfc, 0xff, 0x1f, 0x3e, 0xe0, 0x1f, 0x1e, 0x80, 0x1f, 0x0e, 0x00, 0x1f, 0x0f, 
    0x00, 0x1e, 0x1e, 0x00, 0x0c, 0x3e, 0x00, 0x00, 0xfe, 0x1f, 0x00, 0xfc, 0xff, 
    0x01, 0xfc, 0xff, 0x07, 0xf0, 0xff, 0x0f, 0x00, 0xff, 0x1f, 0x00, 0x80, 0x1f, 
    0x00, 0x00, 0x3e, 0x06, 0x00, 0x3c, 0x0f, 0x00, 0x3c, 0x0f, 0x00, 0x1e, 0x3f, 
    0x00, 0x1e, 0xff, 0x80, 0x0f, 0xff, 0xff, 0x0f, 0xef, 0xff, 0x03, 0x0e, 0xff, 
    0x00
};
static GX_CONST GX_UBYTE FONT_THEME_1_VALUE_TOTAL_char_15c[126] =
{
    0x00, 0x0e, 0x00, 0x00, 0x3f, 0x00, 0x80, 0x7f, 0x00, 0xc0, 0xff, 0x00, 0xe0, 
    0xff, 0x01, 0xf0, 0xe1, 0x03, 0x7c, 0x80, 0x07, 0x18, 0x00, 0x07, 0x00, 0x00, 
    0x00, 0x00, 0x00, 0x00, 0x00, 0x00, 0x00, 0xc0, 0x1f, 0x1e, 0xf0, 0xff, 0x1e, 
    0xf8, 0xff, 0x1f, 0x7c, 0xe0, 0x1f, 0x1e, 0x80, 0x1f, 0x1e, 0x00, 0x1f, 0x0f, 
    0x00, 0x1e, 0x0f, 0x00, 0x1c, 0x0f, 0x00, 0x00, 0x0f, 0x00, 0x00, 0x1f, 0x00, 
    0x00, 0xfe, 0x00, 0x00, 0xfe, 0x0f, 0x00, 0xfc, 0xff, 0x00, 0xf8, 0xff, 0x03, 
    0xf0, 0xff, 0x07, 0x80, 0xff, 0x0f, 0x00, 0xf0, 0x1f, 0x00, 0x80, 0x1f, 0x00, 
    0x00, 0x3e, 0x07, 0x00, 0x3c, 0x07, 0x00, 0x3c, 0x0f, 0x00, 0x3c, 0x0f, 0x00, 
    0x3c, 0x1f, 0x00, 0x3c, 0x1f, 0x00, 0x1e, 0x7f, 0x00, 0x1e, 0xff, 0x81, 0x0f, 
    0xff, 0xff, 0x07, 0xef, 0xff, 0x03, 0x07, 0x7f, 0x00
};
static GX_CONST GX_UBYTE FONT_THEME_1_VALUE_TOTAL_char_15d[105] =
{
    0x00, 0x0e, 0x00, 0x00, 0x1f, 0x00, 0x80, 0x7f, 0x00, 0xc0, 0xff, 0x00, 0xe0, 
    0xfb, 0x01, 0xf8, 0xe1, 0x03, 0x7c, 0xc0, 0x07, 0x1c, 0x00, 0x07, 0x00, 0x00, 
    0x00, 0x00, 0x00, 0x00, 0x00, 0x00, 0x00, 0xc0, 0x1f, 0x0e, 0xf8, 0xff, 0x1e, 
    0xfc, 0xff, 0x1f, 0x3e, 0xe0, 0x1f, 0x1e, 0x80, 0x1f, 0x0e, 0x00, 0x1f, 0x0f, 
    0x00, 0x1e, 0x1e, 0x00, 0x0c, 0x3e, 0x00, 0x00, 0xfe, 0x1f, 0x00, 0xfc, 0xff, 
    0x01, 0xfc, 0xff, 0x07, 0xf0, 0xff, 0x0f, 0x00, 0xff, 0x1f, 0x00, 0x80, 0x1f, 
    0x00, 0x00, 0x3e, 0x06, 0x00, 0x3c, 0x0f, 0x00, 0x3c, 0x0f, 0x00, 0x1e, 0x3f, 
    0x00, 0x1e, 0xff, 0x80, 0x0f, 0xff, 0xff, 0x0f, 0xef, 0xff, 0x03, 0x0e, 0xff, 
    0x00
};
static GX_CONST GX_UBYTE FONT_THEME_1_VALUE_TOTAL_char_15e[126] =
{
    0xc0, 0x1f, 0x1e, 0xf0, 0xff, 0x1e, 0xf8, 0xff, 0x1f, 0x7c, 0xe0, 0x1f, 0x1e, 
    0x80, 0x1f, 0x1e, 0x00, 0x1f, 0x0f, 0x00, 0x1e, 0x0f, 0x00, 0x1c, 0x0f, 0x00, 
    0x00, 0x0f, 0x00, 0x00, 0x1f, 0x00, 0x00, 0xfe, 0x00, 0x00, 0xfe, 0x0f, 0x00, 
    0xfc, 0xff, 0x00, 0xf8, 0xff, 0x03, 0xf0, 0xff, 0x07, 0x80, 0xff, 0x0f, 0x00, 
    0xf0, 0x1f, 0x00, 0x80, 0x1f, 0x00, 0x00, 0x3e, 0x07, 0x00, 0x3c, 0x07, 0x00, 
    0x3c, 0x0f, 0x00, 0x3c, 0x0f, 0x00, 0x3c, 0x1f, 0x00, 0x3c, 0x1f, 0x00, 0x1e, 
    0x7f, 0x00, 0x1e, 0xff, 0x81, 0x0f, 0xff, 0xff, 0x07, 0x8f, 0xff, 0x03, 0x07, 
    0xfe, 0x00, 0x00, 0x1e, 0x00, 0x00, 0x1e, 0x00, 0x00, 0x7e, 0x00, 0x00, 0xfe, 
    0x01, 0x00, 0xfc, 0x01, 0x00, 0xe0, 0x03, 0x00, 0xc0, 0x03, 0xc0, 0xe0, 0x03, 
    0xe0, 0xff, 0x01, 0xe0, 0xff, 0x00, 0x80, 0x7f, 0x00
};
static GX_CONST GX_UBYTE FONT_THEME_1_VALUE_TOTAL_char_15f[105] =
{
    0xc0, 0x1f, 0x0e, 0xf8, 0xff, 0x1e, 0xfc, 0xff, 0x1f, 0x3e, 0xe0, 0x1f, 0x1e, 
    0x80, 0x1f, 0x0e, 0x00, 0x1f, 0x0f, 0x00, 0x1e, 0x1e, 0x00, 0x0c, 0x3e, 0x00, 
    0x00, 0xfe, 0x1f, 0x00, 0xfc, 0xff, 0x01, 0xfc, 0xff, 0x07, 0xf0, 0xff, 0x0f, 
    0x00, 0xff, 0x1f, 0x00, 0x80, 0x1f, 0x00, 0x00, 0x3e, 0x06, 0x00, 0x3c, 0x0f, 
    0x00, 0x3c, 0x0f, 0x00, 0x1e, 0x3f, 0x00, 0x1e, 0xff, 0x80, 0x0f, 0xff, 0xff, 
    0x0f, 0x8f, 0xff, 0x03, 0x0e, 0xfc, 0x00, 0x00, 0x1c, 0x00, 0x00, 0x1c, 0x00, 
    0x00, 0xfc, 0x00, 0x00, 0xfc, 0x01, 0x00, 0xfc, 0x03, 0x00, 0xc0, 0x03, 0x00, 
    0xc0, 0x03, 0xc0, 0xc0, 0x03, 0xe0, 0xff, 0x01, 0xe0, 0xff, 0x01, 0x00, 0x7f, 
    0x00
};
static GX_CONST GX_UBYTE FONT_THEME_1_VALUE_TOTAL_char_160[123] =
{
    0x1c, 0x00, 0x07, 0x7c, 0xc0, 0x07, 0xf8, 0xf0, 0x03, 0xf0, 0xfb, 0x01, 0xe0, 
    0x7f, 0x00, 0x80, 0x3f, 0x00, 0x00, 0x1f, 0x00, 0x00, 0x0e, 0x00, 0x00, 0x00, 
    0x00, 0x00, 0x00, 0x00, 0xc0, 0x1f, 0x1e, 0xf0, 0xff, 0x1e, 0xf8, 0xff, 0x1f, 
    0x7c, 0xe0, 0x1f, 0x1e, 0x80, 0x1f, 0x1e, 0x00, 0x1f, 0x0f, 0x00, 0x1e, 0x0f, 
    0x00, 0x1c, 0x0f, 0x00, 0x00, 0x0f, 0x00, 0x00, 0x1f, 0x00, 0x00, 0xfe, 0x00, 
    0x00, 0xfe, 0x0f, 0x00, 0xfc, 0xff, 0x00, 0xf8, 0xff, 0x03, 0xf0, 0xff, 0x07, 
    0x80, 0xff, 0x0f, 0x00, 0xf0, 0x1f, 0x00, 0x80, 0x1f, 0x00, 0x00, 0x3e, 0x07, 
    0x00, 0x3c, 0x07, 0x00, 0x3c, 0x0f, 0x00, 0x3c, 0x0f, 0x00, 0x3c, 0x1f, 0x00, 
    0x3c, 0x1f, 0x00, 0x1e, 0x7f, 0x00, 0x1e, 0xff, 0x81, 0x0f, 0xff, 0xff, 0x07, 
    0xef, 0xff, 0x03, 0x07, 0x7f, 0x00
};
static GX_CONST GX_UBYTE FONT_THEME_1_VALUE_TOTAL_char_161[102] =
{
    0x1c, 0x00, 0x07, 0x7c, 0x80, 0x07, 0xf8, 0xe1, 0x03, 0xe0, 0xff, 0x01, 0xc0, 
    0xff, 0x00, 0x80, 0x7f, 0x00, 0x00, 0x1f, 0x00, 0x00, 0x0e, 0x00, 0x00, 0x00, 
    0x00, 0x00, 0x00, 0x00, 0xc0, 0x1f, 0x0e, 0xf8, 0xff, 0x1e, 0xfc, 0xff, 0x1f, 
    0x3e, 0xe0, 0x1f, 0x1e, 0x80, 0x1f, 0x0e, 0x00, 0x1f, 0x0f, 0x00, 0x1e, 0x1e, 
    0x00, 0x0c, 0x3e, 0x00, 0x00, 0xfe, 0x1f, 0x00, 0xfc, 0xff, 0x01, 0xfc, 0xff, 
    0x07, 0xf0, 0xff, 0x0f, 0x00, 0xff, 0x1f, 0x00, 0x80, 0x1f, 0x00, 0x00, 0x3e, 
    0x06, 0x00, 0x3c, 0x0f, 0x00, 0x3c, 0x0f, 0x00, 0x1e, 0x3f, 0x00, 0x1e, 0xff, 
    0x80, 0x0f, 0xff, 0xff, 0x0f, 0xef, 0xff, 0x03, 0x0e, 0xff, 0x00
};
static GX_CONST GX_UBYTE FONT_THEME_1_VALUE_TOTAL_char_162[126] =
{
    0xff, 0xff, 0xff, 0xff, 0xff, 0xff, 0xff, 0xff, 0xff, 0x0f, 0x3c, 0xf0, 0x0f, 
    0x3c, 0xf0, 0x0f, 0x3c, 0xf0, 0x0f, 0x3c, 0xf0, 0x0f, 0x3c, 0xf0, 0x0f, 0x3c, 
    0xf0, 0x0f, 0x3c, 0xf0, 0x0f, 0x3c, 0xf0, 0x07, 0x3c, 0xe0, 0x00, 0x3c, 0x00, 
    0x00, 0x3c, 0x00, 0x00, 0x3c, 0x00, 0x00, 0x3c, 0x00, 0x00, 0x3c, 0x00, 0x00, 
    0x3c, 0x00, 0x00, 0x3c, 0x00, 0x00, 0x3c, 0x00, 0x00, 0x3c, 0x00, 0x00, 0x3c, 
    0x00, 0x00, 0x3c, 0x00, 0x00, 0x3c, 0x00, 0x00, 0x3c, 0x00, 0x00, 0x3c, 0x00, 
    0xf8, 0xff, 0x1f, 0xf8, 0xff, 0x1f, 0xf8, 0xff, 0x1f, 0x00, 0x00, 0x00, 0x00, 
    0x00, 0x00, 0x00, 0x00, 0x00, 0x00, 0x00, 0x00, 0x00, 0x7c, 0x00, 0x00, 0x3e, 
    0x00, 0x00, 0x3e, 0x00, 0x00, 0x1e, 0x00, 0x00, 0x1e, 0x00, 0x00, 0x0f, 0x00, 
    0x00, 0x0f, 0x00, 0x00, 0x07, 0x00, 0x00, 0x07, 0x00
};
static GX_CONST GX_UBYTE FONT_THEME_1_VALUE_TOTAL_char_163[126] =
{
    0x80, 0x03, 0x00, 0xc0, 0x03, 0x00, 0xc0, 0x03, 0x00, 0xc0, 0x03, 0x00, 0xc0, 
    0x03, 0x00, 0xc0, 0x03, 0x00, 0xc0, 0x03, 0x00, 0xc0, 0x03, 0x00, 0xc0, 0x03, 
    0x00, 0xff, 0xff, 0x1f, 0xff, 0xff, 0x3f, 0xff, 0xff, 0x1f, 0xc0, 0x03, 0x00, 
    0xc0, 0x03, 0x00, 0xc0, 0x03, 0x00, 0xc0, 0x03, 0x00, 0xc0, 0x03, 0x00, 0xc0, 
    0x03, 0x00, 0xc0, 0x03, 0x00, 0xc0, 0x03, 0x00, 0xc0, 0x03, 0x00, 0xc0, 0x03, 
    0x00, 0xc0, 0x03, 0x00, 0xc0, 0x03, 0x00, 0x80, 0x03, 0x60, 0x80, 0x07, 0x70, 
    0x80, 0x0f, 0xfe, 0x00, 0xff, 0x7f, 0x00, 0xfe, 0x1f, 0x00, 0xf8, 0x03, 0x00, 
    0x00, 0x00, 0x00, 0x00, 0x00, 0x00, 0x00, 0x00, 0x00, 0xf8, 0x00, 0x00, 0xf8, 
    0x00, 0x00, 0x78, 0x00, 0x00, 0x7c, 0x00, 0x00, 0x3c, 0x00, 0x00, 0x3c, 0x00, 
    0x00, 0x1c, 0x00, 0x00, 0x1e, 0x00, 0x00, 0x0c, 0x00
};
static GX_CONST GX_UBYTE FONT_THEME_1_VALUE_TOTAL_char_164[117] =
{
    0x30, 0x00, 0x0c, 0xf8, 0x00, 0x0f, 0xe0, 0xc3, 0x07, 0xc0, 0xff, 0x03, 0x80, 
    0xff, 0x01, 0x00, 0xff, 0x00, 0x00, 0x7e, 0x00, 0x00, 0x18, 0x00, 0x00, 0x00, 
    0x00, 0x00, 0x00, 0x00, 0xff, 0xff, 0xff, 0xff, 0xff, 0xff, 0xff, 0xff, 0xff, 
    0x0f, 0x3c, 0xf0, 0x0f, 0x3c, 0xf0, 0x0f, 0x3c, 0xf0, 0x0f, 0x3c, 0xf0, 0x0f, 
    0x3c, 0xf0, 0x0f, 0x3c, 0xf0, 0x0f, 0x3c, 0xf0, 0x0f, 0x3c, 0xf0, 0x07, 0x3c, 
    0xe0, 0x00, 0x3c, 0x00, 0x00, 0x3c, 0x00, 0x00, 0x3c, 0x00, 0x00, 0x3c, 0x00, 
    0x00, 0x3c, 0x00, 0x00, 0x3c, 0x00, 0x00, 0x3c, 0x00, 0x00, 0x3c, 0x00, 0x00, 
    0x3c, 0x00, 0x00, 0x3c, 0x00, 0x00, 0x3c, 0x00, 0x00, 0x3c, 0x00, 0x00, 0x3c, 
    0x00, 0x00, 0x3c, 0x00, 0xf8, 0xff, 0x1f, 0xf8, 0xff, 0x1f, 0xf8, 0xff, 0x1f

};
static GX_CONST GX_UBYTE FONT_THEME_1_VALUE_TOTAL_char_165[105] =
{
    0x00, 0x00, 0x3e, 0x00, 0x00, 0x1f, 0x00, 0x00, 0x1f, 0x00, 0x00, 0x0f, 0x00, 
    0x00, 0x0f, 0x80, 0x03, 0x07, 0xc0, 0x83, 0x07, 0xc0, 0x83, 0x03, 0xc0, 0x83, 
    0x03, 0xc0, 0x03, 0x00, 0xc0, 0x03, 0x00, 0xc0, 0x03, 0x00, 0xc0, 0x03, 0x00, 
    0xc0, 0x03, 0x00, 0xff, 0xff, 0x1f, 0xff, 0xff, 0x3f, 0xff, 0xff, 0x1f, 0xc0, 
    0x03, 0x00, 0xc0, 0x03, 0x00, 0xc0, 0x03, 0x00, 0xc0, 0x03, 0x00, 0xc0, 0x03, 
    0x00, 0xc0, 0x03, 0x00, 0xc0, 0x03, 0x00, 0xc0, 0x03, 0x00, 0xc0, 0x03, 0x00, 
    0xc0, 0x03, 0x00, 0xc0, 0x03, 0x00, 0xc0, 0x03, 0x00, 0x80, 0x03, 0x60, 0x80, 
    0x07, 0x70, 0x80, 0x0f, 0xfe, 0x00, 0xff, 0x7f, 0x00, 0xfe, 0x1f, 0x00, 0xf8, 
    0x03
};
static GX_CONST GX_UBYTE FONT_THEME_1_VALUE_TOTAL_char_166[87] =
{
    0xff, 0xff, 0xff, 0xff, 0xff, 0xff, 0xff, 0xff, 0xff, 0x0f, 0x3c, 0xf0, 0x0f, 
    0x3c, 0xf0, 0x0f, 0x3c, 0xf0, 0x0f, 0x3c, 0xf0, 0x0f, 0x3c, 0xf0, 0x0f, 0x3c, 
    0xf0, 0x0f, 0x3c, 0xf0, 0x0f, 0x3c, 0xf0, 0x07, 0x3c, 0xe0, 0x00, 0x3c, 0x00, 
    0x00, 0x3c, 0x00, 0x00, 0x3c, 0x00, 0xf0, 0xff, 0x0f, 0xf0, 0xff, 0x0f, 0xf0, 
    0xff, 0x0f, 0x00, 0x3c, 0x00, 0x00, 0x3c, 0x00, 0x00, 0x3c, 0x00, 0x00, 0x3c, 
    0x00, 0x00, 0x3c, 0x00, 0x00, 0x3c, 0x00, 0x00, 0x3c, 0x00, 0x00, 0x3c, 0x00, 
    0xf8, 0xff, 0x1f, 0xf8, 0xff, 0x1f, 0xf8, 0xff, 0x1f
};
static GX_CONST GX_UBYTE FONT_THEME_1_VALUE_TOTAL_char_167[93] =
{
    0x80, 0x03, 0x00, 0xc0, 0x03, 0x00, 0xc0, 0x03, 0x00, 0xc0, 0x03, 0x00, 0xc0, 
    0x03, 0x00, 0xc0, 0x03, 0x00, 0xc0, 0x03, 0x00, 0xc0, 0x03, 0x00, 0xc0, 0x03, 
    0x00, 0xff, 0xff, 0x1f, 0xff, 0xff, 0x3f, 0xff, 0xff, 0x1f, 0xc0, 0x03, 0x00, 
    0xc0, 0x03, 0x00, 0xc0, 0x03, 0x00, 0xc0, 0x03, 0x00, 0xfc, 0xff, 0x03, 0xfe, 
    0xff, 0x03, 0xfc, 0xff, 0x03, 0xc0, 0x03, 0x00, 0xc0, 0x03, 0x00, 0xc0, 0x03, 
    0x00, 0xc0, 0x03, 0x00, 0xc0, 0x03, 0x00, 0x80, 0x03, 0x00, 0x80, 0x03, 0x60, 
    0x80, 0x07, 0x70, 0x80, 0x0f, 0xfe, 0x00, 0xff, 0x7f, 0x00, 0xfe, 0x1f, 0x00, 
    0xf8, 0x03
};
static GX_CONST GX_UBYTE FONT_THEME_1_VALUE_TOTAL_char_168[152] =
{
    0x00, 0x00, 0x18, 0x00, 0x80, 0xff, 0x1f, 0x00, 0xe0, 0xff, 0x1f, 0x00, 0xf0, 
    0xff, 0x07, 0x00, 0x60, 0x00, 0x00, 0x00, 0x00, 0x00, 0x00, 0x00, 0x00, 0x00, 
    0x00, 0x00, 0x00, 0x00, 0x00, 0x00, 0xff, 0x03, 0xff, 0x03, 0xff, 0x87, 0xff, 
    0x03, 0xff, 0x03, 0xff, 0x03, 0x38, 0x00, 0x70, 0x00, 0x38, 0x00, 0x70, 0x00, 
    0x38, 0x00, 0x70, 0x00, 0x38, 0x00, 0x70, 0x00, 0x38, 0x00, 0x70, 0x00, 0x38, 
    0x00, 0x70, 0x00, 0x38, 0x00, 0x70, 0x00, 0x38, 0x00, 0x70, 0x00, 0x38, 0x00, 
    0x70, 0x00, 0x38, 0x00, 0x70, 0x00, 0x38, 0x00, 0x70, 0x00, 0x38, 0x00, 0x70, 
    0x00, 0x38, 0x00, 0x70, 0x00, 0x38, 0x00, 0x70, 0x00, 0x38, 0x00, 0x70, 0x00, 
    0x38, 0x00, 0x70, 0x00, 0x38, 0x00, 0x70, 0x00, 0x38, 0x00, 0x70, 0x00, 0x78, 
    0x00, 0x78, 0x00, 0x78, 0x00, 0x78, 0x00, 0x78, 0x00, 0x78, 0x00, 0x70, 0x00, 
    0x3c, 0x00, 0xf0, 0x00, 0x3c, 0x00, 0xe0, 0x03, 0x1f, 0x00, 0xc0, 0xff, 0x0f, 
    0x00, 0x80, 0xff, 0x07, 0x00, 0x00, 0xfe, 0x01, 0x00
};
static GX_CONST GX_UBYTE FONT_THEME_1_VALUE_TOTAL_char_169[128] =
{
    0x00, 0x00, 0x0c, 0x00, 0x80, 0xff, 0x1f, 0x00, 0xe0, 0xff, 0x0f, 0x00, 0xf0, 
    0xff, 0x03, 0x00, 0x70, 0x00, 0x00, 0x00, 0x00, 0x00, 0x00, 0x00, 0x00, 0x00, 
    0x00, 0x00, 0x00, 0x00, 0x00, 0x00, 0x7f, 0xc0, 0x3f, 0x00, 0x7f, 0xc0, 0x3f, 
    0x00, 0x7f, 0xc0, 0x3f, 0x00, 0x78, 0x00, 0x38, 0x00, 0x78, 0x00, 0x38, 0x00, 
    0x78, 0x00, 0x38, 0x00, 0x78, 0x00, 0x38, 0x00, 0x78, 0x00, 0x38, 0x00, 0x78, 
    0x00, 0x38, 0x00, 0x78, 0x00, 0x38, 0x00, 0x78, 0x00, 0x38, 0x00, 0x78, 0x00, 
    0x38, 0x00, 0x78, 0x00, 0x38, 0x00, 0x78, 0x00, 0x3c, 0x00, 0x78, 0x00, 0x3c, 
    0x00, 0x78, 0x00, 0x3c, 0x00, 0x78, 0x00, 0x3e, 0x00, 0x78, 0x00, 0x3f, 0x00, 
    0xf0, 0x80, 0x3f, 0x00, 0xf0, 0xc1, 0x3b, 0x00, 0xf0, 0xff, 0xfb, 0x03, 0xe0, 
    0xff, 0xf9, 0x03, 0xc0, 0x7f, 0xf8, 0x03, 0x00, 0x3f, 0x00, 0x00
};
static GX_CONST GX_UBYTE FONT_THEME_1_VALUE_TOTAL_char_16a[152] =
{
    0xe0, 0xff, 0x1f, 0x00, 0xe0, 0xff, 0x1f, 0x00, 0xe0, 0xff, 0x1f, 0x00, 0x00, 
    0x00, 0x00, 0x00, 0x00, 0x00, 0x00, 0x00, 0x00, 0x00, 0x00, 0x00, 0x00, 0x00, 
    0x00, 0x00, 0x00, 0x00, 0x00, 0x00, 0xff, 0x03, 0xff, 0x03, 0xff, 0x87, 0xff, 
    0x03, 0xff, 0x03, 0xff, 0x03, 0x38, 0x00, 0x70, 0x00, 0x38, 0x00, 0x70, 0x00, 
    0x38, 0x00, 0x70, 0x00, 0x38, 0x00, 0x70, 0x00, 0x38, 0x00, 0x70, 0x00, 0x38, 
    0x00, 0x70, 0x00, 0x38, 0x00, 0x70, 0x00, 0x38, 0x00, 0x70, 0x00, 0x38, 0x00, 
    0x70, 0x00, 0x38, 0x00, 0x70, 0x00, 0x38, 0x00, 0x70, 0x00, 0x38, 0x00, 0x70, 
    0x00, 0x38, 0x00, 0x70, 0x00, 0x38, 0x00, 0x70, 0x00, 0x38, 0x00, 0x70, 0x00, 
    0x38, 0x00, 0x70, 0x00, 0x38, 0x00, 0x70, 0x00, 0x38, 0x00, 0x70, 0x00, 0x78, 
    0x00, 0x78, 0x00, 0x78, 0x00, 0x78, 0x00, 0x78, 0x00, 0x78, 0x00, 0x70, 0x00, 
    0x3c, 0x00, 0xf0, 0x00, 0x3c, 0x00, 0xe0, 0x03, 0x1f, 0x00, 0xc0, 0xff, 0x0f, 
    0x00, 0x80, 0xff, 0x07, 0x00, 0x00, 0xfe, 0x01, 0x00
};
static GX_CONST GX_UBYTE FONT_THEME_1_VALUE_TOTAL_char_16b[124] =
{
    0xe0, 0xff, 0x1f, 0x00, 0xe0, 0xff, 0x1f, 0x00, 0xe0, 0xff, 0x1f, 0x00, 0x00, 
    0x00, 0x00, 0x00, 0x00, 0x00, 0x00, 0x00, 0x00, 0x00, 0x00, 0x00, 0x00, 0x00, 
    0x00, 0x00, 0x7f, 0xc0, 0x3f, 0x00, 0x7f, 0xc0, 0x3f, 0x00, 0x7f, 0xc0, 0x3f, 
    0x00, 0x78, 0x00, 0x38, 0x00, 0x78, 0x00, 0x38, 0x00, 0x78, 0x00, 0x38, 0x00, 
    0x78, 0x00, 0x38, 0x00, 0x78, 0x00, 0x38, 0x00, 0x78, 0x00, 0x38, 0x00, 0x78, 
    0x00, 0x38, 0x00, 0x78, 0x00, 0x38, 0x00, 0x78, 0x00, 0x38, 0x00, 0x78, 0x00, 
    0x38, 0x00, 0x78, 0x00, 0x3c, 0x00, 0x78, 0x00, 0x3c, 0x00, 0x78, 0x00, 0x3c, 
    0x00, 0x78, 0x00, 0x3e, 0x00, 0x78, 0x00, 0x3f, 0x00, 0xf0, 0x80, 0x3f, 0x00, 
    0xf0, 0xc1, 0x3b, 0x00, 0xf0, 0xff, 0xfb, 0x03, 0xe0, 0xff, 0xf9, 0x03, 0xc0, 
    0x7f, 0xf8, 0x03, 0x00, 0x3f, 0x00, 0x00
};
static GX_CONST GX_UBYTE FONT_THEME_1_VALUE_TOTAL_char_16c[168] =
{
    0x30, 0x00, 0x30, 0x00, 0x70, 0x00, 0x38, 0x00, 0x70, 0x00, 0x38, 0x00, 0xf0, 
    0x00, 0x3c, 0x00, 0xe0, 0x03, 0x1f, 0x00, 0xc0, 0xff, 0x0f, 0x00, 0x80, 0xff, 
    0x07, 0x00, 0x00, 0xfe, 0x01, 0x00, 0x00, 0x00, 0x00, 0x00, 0x00, 0x00, 0x00, 
    0x00, 0x00, 0x00, 0x00, 0x00, 0x00, 0x00, 0x00, 0x00, 0xff, 0x03, 0xff, 0x03, 
    0xff, 0x87, 0xff, 0x03, 0xff, 0x03, 0xff, 0x03, 0x38, 0x00, 0x70, 0x00, 0x38, 
    0x00, 0x70, 0x00, 0x38, 0x00, 0x70, 0x00, 0x38, 0x00, 0x70, 0x00, 0x38, 0x00, 
    0x70, 0x00, 0x38, 0x00, 0x70, 0x00, 0x38, 0x00, 0x70, 0x00, 0x38, 0x00, 0x70, 
    0x00, 0x38, 0x00, 0x70, 0x00, 0x38, 0x00, 0x70, 0x00, 0x38, 0x00, 0x70, 0x00, 
    0x38, 0x00, 0x70, 0x00, 0x38, 0x00, 0x70, 0x00, 0x38, 0x00, 0x70, 0x00, 0x38, 
    0x00, 0x70, 0x00, 0x38, 0x00, 0x70, 0x00, 0x38, 0x00, 0x70, 0x00, 0x38, 0x00, 
    0x70, 0x00, 0x78, 0x00, 0x78, 0x00, 0x78, 0x00, 0x78, 0x00, 0x78, 0x00, 0x78, 
    0x00, 0x70, 0x00, 0x3c, 0x00, 0xf0, 0x00, 0x3c, 0x00, 0xe0, 0x03, 0x1f, 0x00, 
    0xc0, 0xff, 0x0f, 0x00, 0x80, 0xff, 0x07, 0x00, 0x00, 0xfe, 0x01, 0x00
};
static GX_CONST GX_UBYTE FONT_THEME_1_VALUE_TOTAL_char_16d[140] =
{
    0x30, 0x00, 0x18, 0x00, 0x38, 0x00, 0x38, 0x00, 0x78, 0x00, 0x1c, 0x00, 0xf0, 
    0x00, 0x1e, 0x00, 0xf0, 0x01, 0x1f, 0x00, 0xe0, 0xff, 0x0f, 0x00, 0x80, 0xff, 
    0x03, 0x00, 0x00, 0xfe, 0x00, 0x00, 0x00, 0x00, 0x00, 0x00, 0x00, 0x00, 0x00, 
    0x00, 0x00, 0x00, 0x00, 0x00, 0x7f, 0xc0, 0x3f, 0x00, 0x7f, 0xc0, 0x3f, 0x00, 
    0x7f, 0xc0, 0x3f, 0x00, 0x78, 0x00, 0x38, 0x00, 0x78, 0x00, 0x38, 0x00, 0x78, 
    0x00, 0x38, 0x00, 0x78, 0x00, 0x38, 0x00, 0x78, 0x00, 0x38, 0x00, 0x78, 0x00, 
    0x38, 0x00, 0x78, 0x00, 0x38, 0x00, 0x78, 0x00, 0x38, 0x00, 0x78, 0x00, 0x38, 
    0x00, 0x78, 0x00, 0x38, 0x00, 0x78, 0x00, 0x3c, 0x00, 0x78, 0x00, 0x3c, 0x00, 
    0x78, 0x00, 0x3c, 0x00, 0x78, 0x00, 0x3e, 0x00, 0x78, 0x00, 0x3f, 0x00, 0xf0, 
    0x80, 0x3f, 0x00, 0xf0, 0xc1, 0x3b, 0x00, 0xf0, 0xff, 0xfb, 0x03, 0xe0, 0xff, 
    0xf9, 0x03, 0xc0, 0x7f, 0xf8, 0x03, 0x00, 0x3f, 0x00, 0x00
};
static GX_CONST GX_UBYTE FONT_THEME_1_VALUE_TOTAL_char_16e[180] =
{
    0x00, 0x78, 0x00, 0x00, 0x00, 0xfe, 0x01, 0x00, 0x00, 0xff, 0x03, 0x00, 0x00, 
    0x87, 0x07, 0x00, 0x80, 0x03, 0x07, 0x00, 0x80, 0x03, 0x07, 0x00, 0x80, 0x03, 
    0x07, 0x00, 0x80, 0x03, 0x07, 0x00, 0x00, 0x87, 0x07, 0x00, 0x00, 0xff, 0x03, 
    0x00, 0x00, 0xfe, 0x01, 0x00, 0x00, 0x78, 0x00, 0x00, 0x00, 0x00, 0x00, 0x00, 
    0x00, 0x00, 0x00, 0x00, 0x00, 0x00, 0x00, 0x00, 0xff, 0x03, 0xff, 0x03, 0xff, 
    0x87, 0xff, 0x03, 0xff, 0x03, 0xff, 0x03, 0x38, 0x00, 0x70, 0x00, 0x38, 0x00, 
    0x70, 0x00, 0x38, 0x00, 0x70, 0x00, 0x38, 0x00, 0x70, 0x00, 0x38, 0x00, 0x70, 
    0x00, 0x38, 0x00, 0x70, 0x00, 0x38, 0x00, 0x70, 0x00, 0x38, 0x00, 0x70, 0x00, 
    0x38, 0x00, 0x70, 0x00, 0x38, 0x00, 0x70, 0x00, 0x38, 0x00, 0x70, 0x00, 0x38, 
    0x00, 0x70, 0x00, 0x38, 0x00, 0x70, 0x00, 0x38, 0x00, 0x70, 0x00, 0x38, 0x00, 
    0x70, 0x00, 0x38, 0x00, 0x70, 0x00, 0x38, 0x00, 0x70, 0x00, 0x38, 0x00, 0x70, 
    0x00, 0x78, 0x00, 0x78, 0x00, 0x78, 0x00, 0x78, 0x00, 0x78, 0x00, 0x78, 0x00, 
    0x70, 0x00, 0x3c, 0x00, 0xf0, 0x00, 0x3c, 0x00, 0xe0, 0x03, 0x1f, 0x00, 0xc0, 
    0xff, 0x0f, 0x00, 0x80, 0xff, 0x07, 0x00, 0x00, 0xfe, 0x01, 0x00
};
static GX_CONST GX_UBYTE FONT_THEME_1_VALUE_TOTAL_char_16f[156] =
{
    0x00, 0x7c, 0x00, 0x00, 0x00, 0xff, 0x00, 0x00, 0x80, 0xff, 0x01, 0x00, 0x80, 
    0xc7, 0x03, 0x00, 0xc0, 0x83, 0x03, 0x00, 0xc0, 0x81, 0x03, 0x00, 0xc0, 0x81, 
    0x03, 0x00, 0xc0, 0x83, 0x03, 0x00, 0x80, 0xc7, 0x03, 0x00, 0x80, 0xff, 0x01, 
    0x00, 0x00, 0xff, 0x00, 0x00, 0x00, 0x7c, 0x00, 0x00, 0x00, 0x00, 0x00, 0x00, 
    0x00, 0x00, 0x00, 0x00, 0x00, 0x00, 0x00, 0x00, 0x7f, 0xc0, 0x3f, 0x00, 0x7f, 
    0xc0, 0x3f, 0x00, 0x7f, 0xc0, 0x3f, 0x00, 0x78, 0x00, 0x38, 0x00, 0x78, 0x00, 
    0x38, 0x00, 0x78, 0x00, 0x38, 0x00, 0x78, 0x00, 0x38, 0x00, 0x78, 0x00, 0x38, 
    0x00, 0x78, 0x00, 0x38, 0x00, 0x78, 0x00, 0x38, 0x00, 0x78, 0x00, 0x38, 0x00, 
    0x78, 0x00, 0x38, 0x00, 0x78, 0x00, 0x38, 0x00, 0x78, 0x00, 0x3c, 0x00, 0x78, 
    0x00, 0x3c, 0x00, 0x78, 0x00, 0x3c, 0x00, 0x78, 0x00, 0x3e, 0x00, 0x78, 0x00, 
    0x3f, 0x00, 0xf0, 0x80, 0x3f, 0x00, 0xf0, 0xc1, 0x3b, 0x00, 0xf0, 0xff, 0xfb, 
    0x03, 0xe0, 0xff, 0xf9, 0x03, 0xc0, 0x7f, 0xf8, 0x03, 0x00, 0x3f, 0x00, 0x00

};
static GX_CONST GX_UBYTE FONT_THEME_1_VALUE_TOTAL_char_170[168] =
{
    0x00, 0x70, 0xe0, 0x00, 0x00, 0xf8, 0xf0, 0x01, 0x00, 0xfc, 0xf8, 0x00, 0x00, 
    0x7e, 0x7c, 0x00, 0x00, 0x1f, 0x3e, 0x00, 0x80, 0x0f, 0x0f, 0x00, 0xc0, 0x83, 
    0x07, 0x00, 0xc0, 0x81, 0x01, 0x00, 0x00, 0x00, 0x00, 0x00, 0x00, 0x00, 0x00, 
    0x00, 0x00, 0x00, 0x00, 0x00, 0x00, 0x00, 0x00, 0x00, 0xff, 0x03, 0xff, 0x03, 
    0xff, 0x87, 0xff, 0x03, 0xff, 0x03, 0xff, 0x03, 0x38, 0x00, 0x70, 0x00, 0x38, 
    0x00, 0x70, 0x00, 0x38, 0x00, 0x70, 0x00, 0x38, 0x00, 0x70, 0x00, 0x38, 0x00, 
    0x70, 0x00, 0x38, 0x00, 0x70, 0x00, 0x38, 0x00, 0x70, 0x00, 0x38, 0x00, 0x70, 
    0x00, 0x38, 0x00, 0x70, 0x00, 0x38, 0x00, 0x70, 0x00, 0x38, 0x00, 0x70, 0x00, 
    0x38, 0x00, 0x70, 0x00, 0x38, 0x00, 0x70, 0x00, 0x38, 0x00, 0x70, 0x00, 0x38, 
    0x00, 0x70, 0x00, 0x38, 0x00, 0x70, 0x00, 0x38, 0x00, 0x70, 0x00, 0x38, 0x00, 
    0x70, 0x00, 0x78, 0x00, 0x78, 0x00, 0x78, 0x00, 0x78, 0x00, 0x78, 0x00, 0x78, 
    0x00, 0x70, 0x00, 0x3c, 0x00, 0xf0, 0x00, 0x3c, 0x00, 0xe0, 0x03, 0x1f, 0x00, 
    0xc0, 0xff, 0x0f, 0x00, 0x80, 0xff, 0x07, 0x00, 0x00, 0xfe, 0x01, 0x00
};
static GX_CONST GX_UBYTE FONT_THEME_1_VALUE_TOTAL_char_171[140] =
{
    0x00, 0x38, 0x70, 0x00, 0x00, 0x7c, 0xf8, 0x00, 0x00, 0x7e, 0xfc, 0x00, 0x00, 
    0x3f, 0x3e, 0x00, 0x80, 0x0f, 0x1f, 0x00, 0xc0, 0x87, 0x07, 0x00, 0xe0, 0xc1, 
    0x03, 0x00, 0xe0, 0xc0, 0x00, 0x00, 0x00, 0x00, 0x00, 0x00, 0x00, 0x00, 0x00, 
    0x00, 0x00, 0x00, 0x00, 0x00, 0x7f, 0xc0, 0x3f, 0x00, 0x7f, 0xc0, 0x3f, 0x00, 
    0x7f, 0xc0, 0x3f, 0x00, 0x78, 0x00, 0x38, 0x00, 0x78, 0x00, 0x38, 0x00, 0x78, 
    0x00, 0x38, 0x00, 0x78, 0x00, 0x38, 0x00, 0x78, 0x00, 0x38, 0x00, 0x78, 0x00, 
    0x38, 0x00, 0x78, 0x00, 0x38, 0x00, 0x78, 0x00, 0x38, 0x00, 0x78, 0x00, 0x38, 
    0x00, 0x78, 0x00, 0x38, 0x00, 0x78, 0x00, 0x3c, 0x00, 0x78, 0x00, 0x3c, 0x00, 
    0x78, 0x00, 0x3c, 0x00, 0x78, 0x00, 0x3e, 0x00, 0x78, 0x00, 0x3f, 0x00, 0xf0, 
    0x80, 0x3f, 0x00, 0xf0, 0xc1, 0x3b, 0x00, 0xf0, 0xff, 0xfb, 0x03, 0xe0, 0xff, 
    0xf9, 0x03, 0xc0, 0x7f, 0xf8, 0x03, 0x00, 0x3f, 0x00, 0x00
};
static GX_CONST GX_UBYTE FONT_THEME_1_VALUE_TOTAL_char_172[160] =
{
    0xff, 0x03, 0xff, 0x03, 0xff, 0x87, 0xff, 0x03, 0xff, 0x03, 0xff, 0x03, 0x38, 
    0x00, 0x70, 0x00, 0x38, 0x00, 0x70, 0x00, 0x38, 0x00, 0x70, 0x00, 0x38, 0x00, 
    0x70, 0x00, 0x38, 0x00, 0x70, 0x00, 0x38, 0x00, 0x70, 0x00, 0x38, 0x00, 0x70, 
    0x00, 0x38, 0x00, 0x70, 0x00, 0x38, 0x00, 0x70, 0x00, 0x38, 0x00, 0x70, 0x00, 
    0x38, 0x00, 0x70, 0x00, 0x38, 0x00, 0x70, 0x00, 0x38, 0x00, 0x70, 0x00, 0x38, 
    0x00, 0x70, 0x00, 0x38, 0x00, 0x70, 0x00, 0x38, 0x00, 0x70, 0x00, 0x38, 0x00, 
    0x70, 0x00, 0x38, 0x00, 0x70, 0x00, 0x78, 0x00, 0x78, 0x00, 0x78, 0x00, 0x78, 
    0x00, 0x78, 0x00, 0x78, 0x00, 0x70, 0x00, 0x3c, 0x00, 0xf0, 0x00, 0x3c, 0x00, 
    0xe0, 0x03, 0x1f, 0x00, 0xc0, 0xff, 0x0f, 0x00, 0x80, 0xff, 0x03, 0x00, 0x00, 
    0xfe, 0x01, 0x00, 0x00, 0xe0, 0x00, 0x00, 0x00, 0x70, 0x00, 0x00, 0x00, 0x78, 
    0x00, 0x00, 0x00, 0x3c, 0x00, 0x00, 0x00, 0x3c, 0x00, 0x00, 0x00, 0x3c, 0x00, 
    0x00, 0x00, 0x3c, 0x00, 0x00, 0x00, 0xfc, 0x0f, 0x00, 0x00, 0xf8, 0x0f, 0x00, 
    0x00, 0xf0, 0x07, 0x00
};
static GX_CONST GX_UBYTE FONT_THEME_1_VALUE_TOTAL_char_173[136] =
{
    0x7f, 0xc0, 0x3f, 0x00, 0x7f, 0xc0, 0x3f, 0x00, 0x7f, 0xc0, 0x3f, 0x00, 0x78, 
    0x00, 0x38, 0x00, 0x78, 0x00, 0x38, 0x00, 0x78, 0x00, 0x38, 0x00, 0x78, 0x00, 
    0x38, 0x00, 0x78, 0x00, 0x38, 0x00, 0x78, 0x00, 0x38, 0x00, 0x78, 0x00, 0x38, 
    0x00, 0x78, 0x00, 0x38, 0x00, 0x78, 0x00, 0x38, 0x00, 0x78, 0x00, 0x38, 0x00, 
    0x78, 0x00, 0x3c, 0x00, 0x78, 0x00, 0x3c, 0x00, 0x78, 0x00, 0x3c, 0x00, 0x78, 
    0x00, 0x3e, 0x00, 0x78, 0x00, 0x3f, 0x00, 0xf0, 0x80, 0x3f, 0x00, 0xf0, 0xc1, 
    0x3b, 0x00, 0xf0, 0xff, 0xfb, 0x03, 0xe0, 0xff, 0xf9, 0x03, 0xc0, 0x7f, 0xf8, 
    0x03, 0x00, 0x3f, 0xf0, 0x00, 0x00, 0x00, 0x78, 0x00, 0x00, 0x00, 0x3c, 0x00, 
    0x00, 0x00, 0x1e, 0x00, 0x00, 0x00, 0x0e, 0x00, 0x00, 0x00, 0x0f, 0x00, 0x00, 
    0x00, 0x0f, 0x00, 0x00, 0x00, 0x0f, 0x00, 0x00, 0x00, 0xfe, 0x03, 0x00, 0x00, 
    0xfe, 0x03, 0x00, 0x00, 0xfc, 0x01
};
static GX_CONST GX_UBYTE FONT_THEME_1_VALUE_TOTAL_char_174[168] =
{
    0x00, 0xc0, 0x00, 0x00, 0x00, 0xf0, 0x03, 0x00, 0x00, 0xf8, 0x07, 0x00, 0x00, 
    0xfc, 0x0f, 0x00, 0x00, 0xfe, 0x1f, 0x00, 0x00, 0x1f, 0x3e, 0x00, 0x80, 0x07, 
    0x78, 0x00, 0xc0, 0x01, 0x70, 0x00, 0x00, 0x00, 0x00, 0x00, 0x00, 0x00, 0x00, 
    0x00, 0x00, 0x00, 0x00, 0x00, 0x00, 0x00, 0x00, 0x00, 0xff, 0x07, 0xf8, 0x3f, 
    0xff, 0x07, 0xf8, 0x3f, 0xff, 0x07, 0xf8, 0x3f, 0x38, 0x00, 0x00, 0x07, 0x38, 
    0x00, 0x00, 0x07, 0x38, 0x00, 0x80, 0x07, 0x78, 0x00, 0x80, 0x07, 0x78, 0x00, 
    0x80, 0x07, 0x78, 0xe0, 0x81, 0x07, 0x78, 0xe0, 0x81, 0x07, 0x78, 0xe0, 0x81, 
    0x03, 0x70, 0xf0, 0x83, 0x03, 0x70, 0xf0, 0x83, 0x03, 0x70, 0xf0, 0xc3, 0x03, 
    0xf0, 0xf8, 0xc7, 0x03, 0xf0, 0xb8, 0xc7, 0x03, 0xf0, 0x38, 0xc7, 0x03, 0xf0, 
    0x3c, 0xc7, 0x01, 0xf0, 0x1c, 0xcf, 0x01, 0xe0, 0x1c, 0xce, 0x01, 0xe0, 0x1e, 
    0xce, 0x01, 0xe0, 0x1e, 0xfe, 0x01, 0xe0, 0x0e, 0xfc, 0x01, 0xe0, 0x0f, 0xfc, 
    0x01, 0xe0, 0x0f, 0xfc, 0x01, 0xe0, 0x07, 0xfc, 0x00, 0xe0, 0x07, 0xf8, 0x00, 
    0xc0, 0x07, 0xf8, 0x00, 0xc0, 0x03, 0xf8, 0x00, 0xc0, 0x03, 0xf0, 0x00
};
static GX_CONST GX_UBYTE FONT_THEME_1_VALUE_TOTAL_char_175[140] =
{
    0x00, 0xc0, 0x00, 0x00, 0x00, 0xf0, 0x03, 0x00, 0x00, 0xf8, 0x07, 0x00, 0x00, 
    0xfc, 0x0f, 0x00, 0x00, 0xfe, 0x1f, 0x00, 0x00, 0x1f, 0x3e, 0x00, 0x80, 0x07, 
    0x78, 0x00, 0xc0, 0x01, 0x70, 0x00, 0x00, 0x00, 0x00, 0x00, 0x00, 0x00, 0x00, 
    0x00, 0x00, 0x00, 0x00, 0x00, 0xff, 0x03, 0xe0, 0x3f, 0xff, 0x03, 0xf0, 0x3f, 
    0xff, 0x03, 0xe0, 0x3f, 0x3c, 0x00, 0x00, 0x0f, 0x3c, 0x00, 0x00, 0x0f, 0x3c, 
    0x00, 0x00, 0x07, 0x38, 0xe0, 0x01, 0x07, 0x78, 0xe0, 0x81, 0x07, 0x78, 0xf0, 
    0x81, 0x07, 0x78, 0xf0, 0x83, 0x03, 0x70, 0xf0, 0x83, 0x03, 0x70, 0xf8, 0xc3, 
    0x03, 0xf0, 0xf8, 0xc7, 0x03, 0xf0, 0x38, 0xc7, 0x01, 0xe0, 0x3c, 0xcf, 0x01, 
    0xe0, 0x1c, 0xef, 0x01, 0xe0, 0x1d, 0xee, 0x01, 0xe0, 0x1f, 0xfe, 0x00, 0xc0, 
    0x0f, 0xfe, 0x00, 0xc0, 0x0f, 0xfc, 0x00, 0xc0, 0x0f, 0xfc, 0x00, 0xc0, 0x07, 
    0x7c, 0x00, 0xc0, 0x07, 0x78, 0x00, 0x80, 0x03, 0x78, 0x00
};
static GX_CONST GX_UBYTE FONT_THEME_1_VALUE_TOTAL_char_176[164] =
{
    0x00, 0xe0, 0x00, 0x00, 0x00, 0xf0, 0x01, 0x00, 0x00, 0xfc, 0x03, 0x00, 0x00, 
    0xfe, 0x07, 0x00, 0x00, 0xff, 0x0f, 0x00, 0x80, 0x0f, 0x3f, 0x00, 0xc0, 0x03, 
    0x7c, 0x00, 0xc0, 0x01, 0x70, 0x00, 0x00, 0x00, 0x00, 0x00, 0x00, 0x00, 0x00, 
    0x00, 0x00, 0x00, 0x00, 0x00, 0x00, 0x00, 0x00, 0x00, 0xfe, 0x07, 0xfe, 0x07, 
    0xff, 0x0f, 0xfe, 0x0f, 0xfe, 0x07, 0xfe, 0x07, 0xf0, 0x00, 0xf0, 0x00, 0xe0, 
    0x01, 0x78, 0x00, 0xe0, 0x01, 0x78, 0x00, 0xc0, 0x03, 0x3c, 0x00, 0xc0, 0x07, 
    0x3e, 0x00, 0x80, 0x07, 0x1e, 0x00, 0x00, 0x0f, 0x0f, 0x00, 0x00, 0x0f, 0x0f, 
    0x00, 0x00, 0x9e, 0x07, 0x00, 0x00, 0xfe, 0x07, 0x00, 0x00, 0xfc, 0x03, 0x00, 
    0x00, 0xf8, 0x01, 0x00, 0x00, 0xf8, 0x01, 0x00, 0x00, 0xf0, 0x00, 0x00, 0x00, 
    0xf0, 0x00, 0x00, 0x00, 0xf0, 0x00, 0x00, 0x00, 0xf0, 0x00, 0x00, 0x00, 0xf0, 
    0x00, 0x00, 0x00, 0xf0, 0x00, 0x00, 0x00, 0xf0, 0x00, 0x00, 0x00, 0xf0, 0x00, 
    0x00, 0x00, 0xf0, 0x00, 0x00, 0x00, 0xf0, 0x00, 0x00, 0xe0, 0xff, 0x7f, 0x00, 
    0xe0, 0xff, 0x7f, 0x00, 0xe0, 0xff, 0x7f, 0x00
};
static GX_CONST GX_UBYTE FONT_THEME_1_VALUE_TOTAL_char_177[176] =
{
    0x00, 0xe0, 0x00, 0x00, 0x00, 0xf0, 0x01, 0x00, 0x00, 0xf8, 0x03, 0x00, 0x00, 
    0xfe, 0x07, 0x00, 0x00, 0xbf, 0x1f, 0x00, 0x80, 0x0f, 0x3f, 0x00, 0xc0, 0x07, 
    0x7c, 0x00, 0xc0, 0x01, 0x70, 0x00, 0x00, 0x00, 0x00, 0x00, 0x00, 0x00, 0x00, 
    0x00, 0x00, 0x00, 0x00, 0x00, 0xff, 0x0f, 0xfe, 0x0f, 0xff, 0x0f, 0xfe, 0x0f, 
    0xff, 0x0f, 0xfe, 0x0f, 0xf0, 0x00, 0xf0, 0x00, 0xf0, 0x00, 0xf0, 0x00, 0xe0, 
    0x00, 0xf0, 0x00, 0xe0, 0x01, 0x78, 0x00, 0xe0, 0x01, 0x78, 0x00, 0xc0, 0x03, 
    0x3c, 0x00, 0xc0, 0x03, 0x3c, 0x00, 0x80, 0x07, 0x1e, 0x00, 0x80, 0x07, 0x1e, 
    0x00, 0x00, 0x0f, 0x0f, 0x00, 0x00, 0x0f, 0x0f, 0x00, 0x00, 0x9e, 0x07, 0x00, 
    0x00, 0x9e, 0x07, 0x00, 0x00, 0xfc, 0x03, 0x00, 0x00, 0xfc, 0x03, 0x00, 0x00, 
    0xf8, 0x01, 0x00, 0x00, 0xf8, 0x01, 0x00, 0x00, 0xf0, 0x00, 0x00, 0x00, 0xf0, 
    0x00, 0x00, 0x00, 0x70, 0x00, 0x00, 0x00, 0x78, 0x00, 0x00, 0x00, 0x38, 0x00, 
    0x00, 0x00, 0x3c, 0x00, 0x00, 0x00, 0x1c, 0x00, 0x00, 0x00, 0x1e, 0x00, 0x00, 
    0x00, 0x0f, 0x00, 0x00, 0xc0, 0x07, 0x00, 0x00, 0xfc, 0x03, 0x00, 0x00, 0xfc, 
    0x01, 0x00, 0x00, 0x7c, 0x00, 0x00, 0x00
};
static GX_CONST GX_UBYTE FONT_THEME_1_VALUE_TOTAL_char_178[156] =
{
    0x80, 0x03, 0x1c, 0x00, 0xc0, 0x07, 0x3e, 0x00, 0xc0, 0x0f, 0x3f, 0x00, 0xc0, 
    0x0f, 0x3f, 0x00, 0xc0, 0x07, 0x3e, 0x00, 0x80, 0x03, 0x1c, 0x00, 0x00, 0x00, 
    0x00, 0x00, 0x00, 0x00, 0x00, 0x00, 0x00, 0x00, 0x00, 0x00, 0x00, 0x00, 0x00, 
    0x00, 0xfe, 0x07, 0xfe, 0x07, 0xff, 0x0f, 0xfe, 0x0f, 0xfe, 0x07, 0xfe, 0x07, 
    0xf0, 0x00, 0xf0, 0x00, 0xe0, 0x01, 0x78, 0x00, 0xe0, 0x01, 0x78, 0x00, 0xc0, 
    0x03, 0x3c, 0x00, 0xc0, 0x07, 0x3e, 0x00, 0x80, 0x07, 0x1e, 0x00, 0x00, 0x0f, 
    0x0f, 0x00, 0x00, 0x0f, 0x0f, 0x00, 0x00, 0x9e, 0x07, 0x00, 0x00, 0xfe, 0x07, 
    0x00, 0x00, 0xfc, 0x03, 0x00, 0x00, 0xf8, 0x01, 0x00, 0x00, 0xf8, 0x01, 0x00, 
    0x00, 0xf0, 0x00, 0x00, 0x00, 0xf0, 0x00, 0x00, 0x00, 0xf0, 0x00, 0x00, 0x00, 
    0xf0, 0x00, 0x00, 0x00, 0xf0, 0x00, 0x00, 0x00, 0xf0, 0x00, 0x00, 0x00, 0xf0, 
    0x00, 0x00, 0x00, 0xf0, 0x00, 0x00, 0x00, 0xf0, 0x00, 0x00, 0x00, 0xf0, 0x00, 
    0x00, 0xe0, 0xff, 0x7f, 0x00, 0xe0, 0xff, 0x7f, 0x00, 0xe0, 0xff, 0x7f, 0x00

};
static GX_CONST GX_UBYTE FONT_THEME_1_VALUE_TOTAL_char_179[123] =
{
    0x00, 0x00, 0x01, 0x00, 0x80, 0x07, 0x00, 0xe0, 0x07, 0x00, 0xf8, 0x07, 0x00, 
    0xfc, 0x07, 0x00, 0xff, 0x00, 0xc0, 0x1f, 0x00, 0xc0, 0x03, 0x00, 0xc0, 0x00, 
    0x00, 0x00, 0x00, 0x00, 0x00, 0x00, 0x00, 0x00, 0x00, 0x00, 0xfe, 0xff, 0x1f, 
    0xfe, 0xff, 0x3f, 0xfe, 0xff, 0x1f, 0x0e, 0x00, 0x1f, 0x0e, 0x80, 0x0f, 0x0e, 
    0x80, 0x07, 0x0e, 0xc0, 0x07, 0x0e, 0xe0, 0x03, 0x0e, 0xe0, 0x01, 0x0e, 0xf0, 
    0x01, 0x0e, 0xf8, 0x00, 0x00, 0x78, 0x00, 0x00, 0x7c, 0x00, 0x00, 0x3e, 0x00, 
    0x00, 0x1e, 0x00, 0x00, 0x0f, 0x00, 0x80, 0x0f, 0x00, 0xc0, 0x07, 0x00, 0xc0, 
    0x03, 0x3c, 0xe0, 0x03, 0x3c, 0xf0, 0x01, 0x3c, 0xf0, 0x00, 0x3c, 0xf8, 0x00, 
    0x3c, 0x7c, 0x00, 0x3c, 0x3c, 0x00, 0x3c, 0x3e, 0x00, 0x3c, 0xff, 0xff, 0x3f, 
    0xff, 0xff, 0x3f, 0xff, 0xff, 0x3f
};
static GX_CONST GX_UBYTE FONT_THEME_1_VALUE_TOTAL_char_17a[102] =
{
    0x00, 0x00, 0x01, 0x00, 0x80, 0x03, 0x00, 0xe0, 0x07, 0x00, 0xf8, 0x07, 0x00, 
    0xfe, 0x07, 0x00, 0xff, 0x00, 0xc0, 0x1f, 0x00, 0xe0, 0x03, 0x00, 0x40, 0x00, 
    0x00, 0x00, 0x00, 0x00, 0x00, 0x00, 0x00, 0xfe, 0xff, 0x1f, 0xfe, 0xff, 0x1f, 
    0xfe, 0xff, 0x1f, 0x1e, 0x80, 0x1f, 0x1e, 0xc0, 0x0f, 0x1e, 0xe0, 0x07, 0x1e, 
    0xe0, 0x03, 0x0e, 0xf0, 0x01, 0x00, 0xf8, 0x00, 0x00, 0x7c, 0x00, 0x00, 0x3e, 
    0x00, 0x00, 0x3f, 0x00, 0x80, 0x1f, 0x00, 0xc0, 0x0f, 0x00, 0xc0, 0x07, 0x1c, 
    0xe0, 0x03, 0x3c, 0xf0, 0x01, 0x3c, 0xf8, 0x00, 0x3c, 0x7c, 0x00, 0x3c, 0x7e, 
    0x00, 0x3c, 0xff, 0xff, 0x3f, 0xff, 0xff, 0x3f, 0xfe, 0xff, 0x1f
};
static GX_CONST GX_UBYTE FONT_THEME_1_VALUE_TOTAL_char_17b[120] =
{
    0x00, 0x1e, 0x00, 0x00, 0x3f, 0x00, 0x00, 0x3f, 0x00, 0x00, 0x3f, 0x00, 0x00, 
    0x3f, 0x00, 0x00, 0x3f, 0x00, 0x00, 0x1e, 0x00, 0x00, 0x00, 0x00, 0x00, 0x00, 
    0x00, 0x00, 0x00, 0x00, 0x00, 0x00, 0x00, 0xfe, 0xff, 0x1f, 0xfe, 0xff, 0x3f, 
    0xfe, 0xff, 0x1f, 0x0e, 0x00, 0x1f, 0x0e, 0x80, 0x0f, 0x0e, 0x80, 0x07, 0x0e, 
    0xc0, 0x07, 0x0e, 0xe0, 0x03, 0x0e, 0xe0, 0x01, 0x0e, 0xf0, 0x01, 0x0e, 0xf8, 
    0x00, 0x00, 0x78, 0x00, 0x00, 0x7c, 0x00, 0x00, 0x3e, 0x00, 0x00, 0x1e, 0x00, 
    0x00, 0x0f, 0x00, 0x80, 0x0f, 0x00, 0xc0, 0x07, 0x00, 0xc0, 0x03, 0x3c, 0xe0, 
    0x03, 0x3c, 0xf0, 0x01, 0x3c, 0xf0, 0x00, 0x3c, 0xf8, 0x00, 0x3c, 0x7c, 0x00, 
    0x3c, 0x3c, 0x00, 0x3c, 0x3e, 0x00, 0x3c, 0xff, 0xff, 0x3f, 0xff, 0xff, 0x3f, 
    0xff, 0xff, 0x3f
};
static GX_CONST GX_UBYTE FONT_THEME_1_VALUE_TOTAL_char_17c[99] =
{
    0x00, 0x1e, 0x00, 0x00, 0x3f, 0x00, 0x00, 0x7f, 0x00, 0x00, 0x7f, 0x00, 0x00, 
    0x7f, 0x00, 0x00, 0x3f, 0x00, 0x00, 0x1e, 0x00, 0x00, 0x00, 0x00, 0x00, 0x00, 
    0x00, 0x00, 0x00, 0x00, 0xfe, 0xff, 0x1f, 0xfe, 0xff, 0x1f, 0xfe, 0xff, 0x1f, 
    0x1e, 0x80, 0x1f, 0x1e, 0xc0, 0x0f, 0x1e, 0xe0, 0x07, 0x1e, 0xe0, 0x03, 0x0e, 
    0xf0, 0x01, 0x00, 0xf8, 0x00, 0x00, 0x7c, 0x00, 0x00, 0x3e, 0x00, 0x00, 0x3f, 
    0x00, 0x80, 0x1f, 0x00, 0xc0, 0x0f, 0x00, 0xc0, 0x07, 0x1c, 0xe0, 0x03, 0x3c, 
    0xf0, 0x01, 0x3c, 0xf8, 0x00, 0x3c, 0x7c, 0x00, 0x3c, 0x7e, 0x00, 0x3c, 0xff, 
    0xff, 0x3f, 0xff, 0xff, 0x3f, 0xfe, 0xff, 0x1f
};
static GX_CONST GX_UBYTE FONT_THEME_1_VALUE_TOTAL_char_17d[117] =
{
    0x38, 0x00, 0x0e, 0x78, 0x80, 0x0f, 0xf0, 0xe1, 0x07, 0xe0, 0xff, 0x01, 0xc0, 
    0xff, 0x00, 0x80, 0x7f, 0x00, 0x00, 0x3e, 0x00, 0x00, 0x1c, 0x00, 0x00, 0x00, 
    0x00, 0x00, 0x00, 0x00, 0xfe, 0xff, 0x1f, 0xfe, 0xff, 0x3f, 0xfe, 0xff, 0x1f, 
    0x0e, 0x00, 0x1f, 0x0e, 0x80, 0x0f, 0x0e, 0x80, 0x07, 0x0e, 0xc0, 0x07, 0x0e, 
    0xe0, 0x03, 0x0e, 0xe0, 0x01, 0x0e, 0xf0, 0x01, 0x0e, 0xf8, 0x00, 0x00, 0x78, 
    0x00, 0x00, 0x7c, 0x00, 0x00, 0x3e, 0x00, 0x00, 0x1e, 0x00, 0x00, 0x0f, 0x00, 
    0x80, 0x0f, 0x00, 0xc0, 0x07, 0x00, 0xc0, 0x03, 0x3c, 0xe0, 0x03, 0x3c, 0xf0, 
    0x01, 0x3c, 0xf0, 0x00, 0x3c, 0xf8, 0x00, 0x3c, 0x7c, 0x00, 0x3c, 0x3c, 0x00, 
    0x3c, 0x3e, 0x00, 0x3c, 0xff, 0xff, 0x3f, 0xff, 0xff, 0x3f, 0xff, 0xff, 0x3f

};
static GX_CONST GX_UBYTE FONT_THEME_1_VALUE_TOTAL_char_17e[99] =
{
    0x38, 0x00, 0x0e, 0x78, 0x80, 0x0f, 0xf0, 0xe1, 0x07, 0xe0, 0xff, 0x01, 0xc0, 
    0xff, 0x00, 0x80, 0x7f, 0x00, 0x00, 0x3e, 0x00, 0x00, 0x1c, 0x00, 0x00, 0x00, 
    0x00, 0x00, 0x00, 0x00, 0xfe, 0xff, 0x1f, 0xfe, 0xff, 0x1f, 0xfe, 0xff, 0x1f, 
    0x1e, 0x80, 0x1f, 0x1e, 0xc0, 0x0f, 0x1e, 0xe0, 0x07, 0x1e, 0xe0, 0x03, 0x0e, 
    0xf0, 0x01, 0x00, 0xf8, 0x00, 0x00, 0x7c, 0x00, 0x00, 0x3e, 0x00, 0x00, 0x3f, 
    0x00, 0x80, 0x1f, 0x00, 0xc0, 0x0f, 0x00, 0xc0, 0x07, 0x1c, 0xe0, 0x03, 0x3c, 
    0xf0, 0x01, 0x3c, 0xf8, 0x00, 0x3c, 0x7c, 0x00, 0x3c, 0x7e, 0x00, 0x3c, 0xff, 
    0xff, 0x3f, 0xff, 0xff, 0x3f, 0xfe, 0xff, 0x1f
};
static GX_CONST GX_UBYTE FONT_THEME_1_VALUE_TOTAL_char_17f[1] =
{
    0x00
};
static GX_CONST GX_GLYPH THEME_1_VALUE_TOTAL_FONT_PAGE_3_GLYPHS[128] =
{
    {FONT_THEME_1_VALUE_TOTAL_char_100, 37, 0, 30, 0, 30, 37},
    {FONT_THEME_1_VALUE_TOTAL_char_101, 30, 1, 30, 3, 25, 31},
    {FONT_THEME_1_VALUE_TOTAL_char_102, 41, 0, 30, 0, 30, 41},
    {FONT_THEME_1_VALUE_TOTAL_char_103, 34, 1, 30, 3, 25, 35},
    {FONT_THEME_1_VALUE_TOTAL_char_104, 29, 11, 30, 0, 30, 40},
    {FONT_THEME_1_VALUE_TOTAL_char_105, 23, 11, 30, 3, 25, 34},
    {FONT_THEME_1_VALUE_TOTAL_char_106, 41, 1, 30, 2, 24, 42},
    {FONT_THEME_1_VALUE_TOTAL_char_107, 34, 1, 30, 3, 23, 35},
    {FONT_THEME_1_VALUE_TOTAL_char_108, 41, 1, 30, 2, 24, 42},
    {FONT_THEME_1_VALUE_TOTAL_char_109, 34, 1, 30, 3, 23, 35},
    {FONT_THEME_1_VALUE_TOTAL_char_10a, 40, 1, 30, 2, 24, 41},
    {FONT_THEME_1_VALUE_TOTAL_char_10b, 33, 1, 30, 3, 23, 34},
    {FONT_THEME_1_VALUE_TOTAL_char_10c, 41, 1, 30, 2, 24, 41},
    {FONT_THEME_1_VALUE_TOTAL_char_10d, 34, 1, 30, 3, 23, 34},
    {FONT_THEME_1_VALUE_TOTAL_char_10e, 40, 0, 30, 1, 26, 39},
    {FONT_THEME_1_VALUE_TOTAL_char_10f, 32, 1, 30, 3, 30, 33},
    {FONT_THEME_1_VALUE_TOTAL_char_110, 37, 0, 30, 1, 26, 37},
    {FONT_THEME_1_VALUE_TOTAL_char_111, 32, 1, 30, 3, 26, 33},
    {FONT_THEME_1_VALUE_TOTAL_char_112, 37, 0, 30, 1, 25, 37},
    {FONT_THEME_1_VALUE_TOTAL_char_113, 30, 1, 30, 3, 23, 31},
    {FONT_THEME_1_VALUE_TOTAL_char_114, 41, 0, 30, 1, 25, 41},
    {FONT_THEME_1_VALUE_TOTAL_char_115, 34, 1, 30, 3, 23, 35},
    {FONT_THEME_1_VALUE_TOTAL_char_116, 40, 0, 30, 1, 25, 40},
    {FONT_THEME_1_VALUE_TOTAL_char_117, 33, 1, 30, 3, 23, 34},
    {FONT_THEME_1_VALUE_TOTAL_char_118, 29, 11, 30, 1, 25, 40},
    {FONT_THEME_1_VALUE_TOTAL_char_119, 23, 11, 30, 3, 23, 34},
    {FONT_THEME_1_VALUE_TOTAL_char_11a, 40, 0, 30, 1, 25, 39},
    {FONT_THEME_1_VALUE_TOTAL_char_11b, 34, 1, 30, 3, 23, 34},
    {FONT_THEME_1_VALUE_TOTAL_char_11c, 41, 1, 30, 2, 27, 42},
    {FONT_THEME_1_VALUE_TOTAL_char_11d, 34, 10, 30, 3, 26, 44},
    {FONT_THEME_1_VALUE_TOTAL_char_11e, 41, 1, 30, 2, 27, 42},
    {FONT_THEME_1_VALUE_TOTAL_char_11f, 34, 10, 30, 3, 26, 44},
    {FONT_THEME_1_VALUE_TOTAL_char_120, 40, 1, 30, 2, 27, 41},
    {FONT_THEME_1_VALUE_TOTAL_char_121, 33, 10, 30, 3, 26, 43},
    {FONT_THEME_1_VALUE_TOTAL_char_122, 30, 13, 30, 2, 27, 43},
    {FONT_THEME_1_VALUE_TOTAL_char_123, 35, 10, 30, 3, 26, 45},
    {FONT_THEME_1_VALUE_TOTAL_char_124, 41, 0, 30, 1, 26, 41},
    {FONT_THEME_1_VALUE_TOTAL_char_125, 43, 0, 30, 1, 26, 43},
    {FONT_THEME_1_VALUE_TOTAL_char_126, 29, 0, 30, 0, 28, 29},
    {FONT_THEME_1_VALUE_TOTAL_char_127, 32, 0, 30, 0, 28, 32},
    {FONT_THEME_1_VALUE_TOTAL_char_128, 38, 0, 30, 4, 20, 37},
    {FONT_THEME_1_VALUE_TOTAL_char_129, 32, 0, 30, 4, 22, 31},
    {FONT_THEME_1_VALUE_TOTAL_char_12a, 37, 0, 30, 4, 20, 37},
    {FONT_THEME_1_VALUE_TOTAL_char_12b, 30, 0, 30, 4, 22, 30},
    {FONT_THEME_1_VALUE_TOTAL_char_12c, 41, 0, 30, 4, 20, 41},
    {FONT_THEME_1_VALUE_TOTAL_char_12d, 34, 0, 30, 4, 22, 34},
    {FONT_THEME_1_VALUE_TOTAL_char_12e, 29, 11, 30, 4, 20, 40},
    {FONT_THEME_1_VALUE_TOTAL_char_12f, 33, 11, 30, 4, 22, 44},
    {FONT_THEME_1_VALUE_TOTAL_char_130, 40, 0, 30, 4, 20, 40},
    {FONT_THEME_1_VALUE_TOTAL_char_131, 23, 0, 30, 4, 22, 23},
    {FONT_THEME_1_VALUE_TOTAL_char_132, 29, 1, 30, 0, 30, 30},
    {FONT_THEME_1_VALUE_TOTAL_char_133, 33, 10, 30, 1, 25, 43},
    {FONT_THEME_1_VALUE_TOTAL_char_134, 41, 1, 30, 2, 25, 42},
    {FONT_THEME_1_VALUE_TOTAL_char_135, 34, 10, 30, 4, 22, 44},
    {FONT_THEME_1_VALUE_TOTAL_char_136, 29, 13, 30, 1, 27, 42},
    {FONT_THEME_1_VALUE_TOTAL_char_137, 32, 13, 30, 1, 26, 45},
    {FONT_THEME_1_VALUE_TOTAL_char_138, 0, 0, 30, 0, 1, 1},
    {FONT_THEME_1_VALUE_TOTAL_char_139, 41, 0, 30, 1, 25, 41},
    {FONT_THEME_1_VALUE_TOTAL_char_13a, 43, 0, 30, 4, 23, 43},
    {FONT_THEME_1_VALUE_TOTAL_char_13b, 29, 13, 30, 1, 25, 42},
    {FONT_THEME_1_VALUE_TOTAL_char_13c, 32, 13, 30, 4, 23, 45},
    {FONT_THEME_1_VALUE_TOTAL_char_13d, 31, 0, 30, 1, 27, 30},
    {FONT_THEME_1_VALUE_TOTAL_char_13e, 33, 0, 30, 3, 24, 32},
    {FONT_THEME_1_VALUE_TOTAL_char_13f, 29, 0, 30, 1, 25, 29},
    {FONT_THEME_1_VALUE_TOTAL_char_140, 32, 0, 30, 3, 23, 32},
    {FONT_THEME_1_VALUE_TOTAL_char_141, 29, 0, 30, 1, 26, 29},
    {FONT_THEME_1_VALUE_TOTAL_char_142, 32, 0, 30, 4, 23, 32},
    {FONT_THEME_1_VALUE_TOTAL_char_143, 41, 1, 30, 1, 26, 42},
    {FONT_THEME_1_VALUE_TOTAL_char_144, 34, 0, 30, 1, 27, 34},
    {FONT_THEME_1_VALUE_TOTAL_char_145, 29, 13, 30, 1, 26, 42},
    {FONT_THEME_1_VALUE_TOTAL_char_146, 23, 13, 30, 1, 27, 36},
    {FONT_THEME_1_VALUE_TOTAL_char_147, 40, 1, 30, 1, 26, 40},
    {FONT_THEME_1_VALUE_TOTAL_char_148, 34, 0, 30, 1, 27, 33},
    {FONT_THEME_1_VALUE_TOTAL_char_149, 0, 0, 30, 0, 1, 1},
    {FONT_THEME_1_VALUE_TOTAL_char_14a, 0, 0, 30, 0, 1, 1},
    {FONT_THEME_1_VALUE_TOTAL_char_14b, 0, 0, 30, 0, 1, 1},
    {FONT_THEME_1_VALUE_TOTAL_char_14c, 37, 1, 30, 2, 26, 38},
    {FONT_THEME_1_VALUE_TOTAL_char_14d, 30, 1, 30, 2, 24, 31},
    {FONT_THEME_1_VALUE_TOTAL_char_14e, 41, 1, 30, 2, 26, 42},
    {FONT_THEME_1_VALUE_TOTAL_char_14f, 34, 1, 30, 2, 24, 35},
    {FONT_THEME_1_VALUE_TOTAL_char_150, 41, 1, 30, 2, 26, 42},
    {FONT_THEME_1_VALUE_TOTAL_char_151, 34, 1, 30, 2, 24, 35},
    {FONT_THEME_1_VALUE_TOTAL_char_152, 29, 0, 30, 1, 26, 29},
    {FONT_THEME_1_VALUE_TOTAL_char_153, 23, 1, 30, 1, 26, 24},
    {FONT_THEME_1_VALUE_TOTAL_char_154, 41, 0, 30, 1, 28, 41},
    {FONT_THEME_1_VALUE_TOTAL_char_155, 34, 0, 30, 3, 23, 34},
    {FONT_THEME_1_VALUE_TOTAL_char_156, 29, 13, 30, 1, 28, 42},
    {FONT_THEME_1_VALUE_TOTAL_char_157, 23, 13, 30, 3, 23, 36},
    {FONT_THEME_1_VALUE_TOTAL_char_158, 40, 0, 30, 1, 28, 39},
    {FONT_THEME_1_VALUE_TOTAL_char_159, 34, 0, 30, 3, 23, 33},
    {FONT_THEME_1_VALUE_TOTAL_char_15a, 41, 1, 30, 3, 22, 42},
    {FONT_THEME_1_VALUE_TOTAL_char_15b, 34, 1, 30, 4, 22, 35},
    {FONT_THEME_1_VALUE_TOTAL_char_15c, 41, 1, 30, 3, 22, 42},
    {FONT_THEME_1_VALUE_TOTAL_char_15d, 34, 1, 30, 4, 22, 35},
    {FONT_THEME_1_VALUE_TOTAL_char_15e, 30, 12, 30, 3, 22, 42},
    {FONT_THEME_1_VALUE_TOTAL_char_15f, 23, 12, 30, 4, 22, 35},
    {FONT_THEME_1_VALUE_TOTAL_char_160, 41, 1, 30, 3, 22, 41},
    {FONT_THEME_1_VALUE_TOTAL_char_161, 34, 1, 30, 4, 22, 34},
    {FONT_THEME_1_VALUE_TOTAL_char_162, 29, 13, 30, 2, 24, 42},
    {FONT_THEME_1_VALUE_TOTAL_char_163, 29, 13, 30, 2, 24, 42},
    {FONT_THEME_1_VALUE_TOTAL_char_164, 40, 0, 30, 2, 24, 39},
    {FONT_THEME_1_VALUE_TOTAL_char_165, 34, 1, 30, 2, 24, 35},
    {FONT_THEME_1_VALUE_TOTAL_char_166, 29, 0, 30, 2, 24, 29},
    {FONT_THEME_1_VALUE_TOTAL_char_167, 30, 1, 30, 2, 24, 31},
    {FONT_THEME_1_VALUE_TOTAL_char_168, 38, 1, 30, 1, 26, 38},
    {FONT_THEME_1_VALUE_TOTAL_char_169, 32, 1, 30, 1, 26, 32},
    {FONT_THEME_1_VALUE_TOTAL_char_16a, 37, 1, 30, 1, 26, 38},
    {FONT_THEME_1_VALUE_TOTAL_char_16b, 30, 1, 30, 1, 26, 31},
    {FONT_THEME_1_VALUE_TOTAL_char_16c, 41, 1, 30, 1, 26, 42},
    {FONT_THEME_1_VALUE_TOTAL_char_16d, 34, 1, 30, 1, 26, 35},
    {FONT_THEME_1_VALUE_TOTAL_char_16e, 44, 1, 30, 1, 26, 45},
    {FONT_THEME_1_VALUE_TOTAL_char_16f, 38, 1, 30, 1, 26, 39},
    {FONT_THEME_1_VALUE_TOTAL_char_170, 41, 1, 30, 1, 26, 42},
    {FONT_THEME_1_VALUE_TOTAL_char_171, 34, 1, 30, 1, 26, 35},
    {FONT_THEME_1_VALUE_TOTAL_char_172, 29, 11, 30, 1, 26, 40},
    {FONT_THEME_1_VALUE_TOTAL_char_173, 23, 11, 30, 1, 26, 34},
    {FONT_THEME_1_VALUE_TOTAL_char_174, 41, 1, 30, -1, 30, 42},
    {FONT_THEME_1_VALUE_TOTAL_char_175, 34, 1, 30, -1, 30, 35},
    {FONT_THEME_1_VALUE_TOTAL_char_176, 41, 0, 30, 1, 28, 41},
    {FONT_THEME_1_VALUE_TOTAL_char_177, 34, 11, 30, 1, 28, 44},
    {FONT_THEME_1_VALUE_TOTAL_char_178, 39, 0, 30, 1, 28, 39},
    {FONT_THEME_1_VALUE_TOTAL_char_179, 41, 0, 30, 4, 22, 41},
    {FONT_THEME_1_VALUE_TOTAL_char_17a, 34, 0, 30, 4, 22, 34},
    {FONT_THEME_1_VALUE_TOTAL_char_17b, 40, 0, 30, 4, 22, 40},
    {FONT_THEME_1_VALUE_TOTAL_char_17c, 33, 0, 30, 4, 22, 33},
    {FONT_THEME_1_VALUE_TOTAL_char_17d, 40, 0, 30, 4, 22, 39},
    {FONT_THEME_1_VALUE_TOTAL_char_17e, 34, 0, 30, 4, 22, 33},
    {FONT_THEME_1_VALUE_TOTAL_char_17f, 0, 0, 30, 0, 1, 1}
};

static GX_CONST GX_FONT THEME_1_VALUE_TOTAL_PAGE_3 =
{
    GX_FONT_FORMAT_1BPP|GX_FONT_FORMAT_REVERSED_ORDER,        /* format        */
    0,                                       /* line pre-space                 */
    0,                                       /* line post-space                */ 
    57,                                      /* font data height               */
    44,                                      /* font baseline offset           */
    0x100,                                   /* first glyph within data page   */
    0x17f,                                   /* last glyph within data page    */
    {THEME_1_VALUE_TOTAL_FONT_PAGE_3_GLYPHS},    /* pointer to glyph data      */
    GX_NULL                                  /* next font page                 */
};

static GX_CONST GX_UBYTE FONT_THEME_1_VALUE_TOTAL_char_80[1] =
{
    0x00
};
static GX_CONST GX_UBYTE FONT_THEME_1_VALUE_TOTAL_char_81[1] =
{
    0x00
};
static GX_CONST GX_UBYTE FONT_THEME_1_VALUE_TOTAL_char_82[1] =
{
    0x00
};
static GX_CONST GX_UBYTE FONT_THEME_1_VALUE_TOTAL_char_83[1] =
{
    0x00
};
static GX_CONST GX_UBYTE FONT_THEME_1_VALUE_TOTAL_char_84[1] =
{
    0x00
};
static GX_CONST GX_UBYTE FONT_THEME_1_VALUE_TOTAL_char_85[1] =
{
    0x00
};
static GX_CONST GX_UBYTE FONT_THEME_1_VALUE_TOTAL_char_86[1] =
{
    0x00
};
static GX_CONST GX_UBYTE FONT_THEME_1_VALUE_TOTAL_char_87[1] =
{
    0x00
};
static GX_CONST GX_UBYTE FONT_THEME_1_VALUE_TOTAL_char_88[1] =
{
    0x00
};
static GX_CONST GX_UBYTE FONT_THEME_1_VALUE_TOTAL_char_89[1] =
{
    0x00
};
static GX_CONST GX_UBYTE FONT_THEME_1_VALUE_TOTAL_char_8a[1] =
{
    0x00
};
static GX_CONST GX_UBYTE FONT_THEME_1_VALUE_TOTAL_char_8b[1] =
{
    0x00
};
static GX_CONST GX_UBYTE FONT_THEME_1_VALUE_TOTAL_char_8c[1] =
{
    0x00
};
static GX_CONST GX_UBYTE FONT_THEME_1_VALUE_TOTAL_char_8d[1] =
{
    0x00
};
static GX_CONST GX_UBYTE FONT_THEME_1_VALUE_TOTAL_char_8e[1] =
{
    0x00
};
static GX_CONST GX_UBYTE FONT_THEME_1_VALUE_TOTAL_char_8f[1] =
{
    0x00
};
static GX_CONST GX_UBYTE FONT_THEME_1_VALUE_TOTAL_char_90[1] =
{
    0x00
};
static GX_CONST GX_UBYTE FONT_THEME_1_VALUE_TOTAL_char_91[1] =
{
    0x00
};
static GX_CONST GX_UBYTE FONT_THEME_1_VALUE_TOTAL_char_92[1] =
{
    0x00
};
static GX_CONST GX_UBYTE FONT_THEME_1_VALUE_TOTAL_char_93[1] =
{
    0x00
};
static GX_CONST GX_UBYTE FONT_THEME_1_VALUE_TOTAL_char_94[1] =
{
    0x00
};
static GX_CONST GX_UBYTE FONT_THEME_1_VALUE_TOTAL_char_95[1] =
{
    0x00
};
static GX_CONST GX_UBYTE FONT_THEME_1_VALUE_TOTAL_char_96[1] =
{
    0x00
};
static GX_CONST GX_UBYTE FONT_THEME_1_VALUE_TOTAL_char_97[1] =
{
    0x00
};
static GX_CONST GX_UBYTE FONT_THEME_1_VALUE_TOTAL_char_98[1] =
{
    0x00
};
static GX_CONST GX_UBYTE FONT_THEME_1_VALUE_TOTAL_char_99[1] =
{
    0x00
};
static GX_CONST GX_UBYTE FONT_THEME_1_VALUE_TOTAL_char_9a[1] =
{
    0x00
};
static GX_CONST GX_UBYTE FONT_THEME_1_VALUE_TOTAL_char_9b[1] =
{
    0x00
};
static GX_CONST GX_UBYTE FONT_THEME_1_VALUE_TOTAL_char_9c[1] =
{
    0x00
};
static GX_CONST GX_UBYTE FONT_THEME_1_VALUE_TOTAL_char_9d[1] =
{
    0x00
};
static GX_CONST GX_UBYTE FONT_THEME_1_VALUE_TOTAL_char_9e[1] =
{
    0x00
};
static GX_CONST GX_UBYTE FONT_THEME_1_VALUE_TOTAL_char_9f[1] =
{
    0x00
};
static GX_CONST GX_UBYTE FONT_THEME_1_VALUE_TOTAL_char_a0[1] =
{
    0x00
};
static GX_CONST GX_UBYTE FONT_THEME_1_VALUE_TOTAL_char_a1[31] =
{
    0x3c, 0x7e, 0x7f, 0xff, 0xff, 0x7f, 0x7e, 0x3c, 0x00, 0x00, 0x00, 0x00, 0x00, 
    0x18, 0x18, 0x3c, 0x3c, 0x3c, 0x3c, 0x3c, 0x3c, 0x3c, 0x3c, 0x3c, 0x3c, 0x3c, 
    0x3c, 0x3c, 0x3e, 0x7e, 0x3c
};
static GX_CONST GX_UBYTE FONT_THEME_1_VALUE_TOTAL_char_a2[105] =
{
    0x00, 0x18, 0x00, 0x00, 0x3c, 0x00, 0x00, 0x3c, 0x00, 0x00, 0x3c, 0x00, 0x00, 
    0x3c, 0x00, 0x00, 0x3c, 0x00, 0x00, 0xff, 0x38, 0xc0, 0xff, 0x79, 0xf0, 0xff, 
    0x7f, 0xf8, 0xff, 0x7f, 0x7c, 0x3c, 0x7e, 0x3c, 0x3c, 0x7c, 0x1e, 0x3c, 0x78, 
    0x1e, 0x3c, 0x78, 0x0f, 0x3c, 0x78, 0x0f, 0x3c, 0x38, 0x0f, 0x3c, 0x00, 0x0f, 
    0x3c, 0x00, 0x0f, 0x3c, 0x00, 0x0f, 0x3c, 0x00, 0x0f, 0x3c, 0x00, 0x1e, 0x3c, 
    0x00, 0x3e, 0x3c, 0x00, 0x3c, 0x3c, 0x38, 0xfc, 0x3c, 0x7e, 0xf8, 0xff, 0x3f, 
    0xf0, 0xff, 0x1f, 0xe0, 0xff, 0x0f, 0x00, 0xff, 0x01, 0x00, 0x3c, 0x00, 0x00, 
    0x3c, 0x00, 0x00, 0x3c, 0x00, 0x00, 0x3c, 0x00, 0x00, 0x3c, 0x00, 0x00, 0x18, 
    0x00
};
static GX_CONST GX_UBYTE FONT_THEME_1_VALUE_TOTAL_char_a3[93] =
{
    0x80, 0x3f, 0x00, 0xe0, 0xff, 0x00, 0xf0, 0xff, 0x03, 0xf8, 0xe0, 0x03, 0x78, 
    0x80, 0x03, 0x3c, 0x80, 0x03, 0x3c, 0x80, 0x03, 0x3c, 0x80, 0x03, 0x3c, 0x00, 
    0x00, 0x3c, 0x00, 0x00, 0x3c, 0x00, 0x00, 0x7c, 0x00, 0x00, 0x78, 0x00, 0x00, 
    0x78, 0x00, 0x00, 0xf0, 0x00, 0x00, 0xff, 0xff, 0x01, 0xff, 0xff, 0x01, 0xff, 
    0xff, 0x01, 0xe0, 0x01, 0x00, 0xe0, 0x01, 0x00, 0xe0, 0x01, 0x00, 0xe0, 0x01, 
    0x00, 0xf0, 0x00, 0x00, 0xf0, 0x00, 0x00, 0xf8, 0x00, 0x00, 0x78, 0x00, 0x00, 
    0x7c, 0x00, 0x04, 0x3e, 0x00, 0x0f, 0xdf, 0xff, 0x0f, 0xff, 0xff, 0x07, 0xfe, 
    0xff, 0x01
};
static GX_CONST GX_UBYTE FONT_THEME_1_VALUE_TOTAL_char_a4[1] =
{
    0x00
};
static GX_CONST GX_UBYTE FONT_THEME_1_VALUE_TOTAL_char_a5[116] =
{
    0xfe, 0x07, 0xfe, 0x07, 0xff, 0x0f, 0xfe, 0x0f, 0xfe, 0x07, 0xfe, 0x07, 0xf0, 
    0x00, 0xf0, 0x00, 0xe0, 0x01, 0x78, 0x00, 0xe0, 0x01, 0x78, 0x00, 0xc0, 0x03, 
    0x3c, 0x00, 0xc0, 0x07, 0x3e, 0x00, 0x80, 0x07, 0x1e, 0x00, 0xf8, 0x0f, 0xff, 
    0x01, 0xf8, 0x0f, 0xff, 0x01, 0xf8, 0x9f, 0xff, 0x01, 0x00, 0xfc, 0x03, 0x00, 
    0x00, 0xfc, 0x03, 0x00, 0x00, 0xf8, 0x01, 0x00, 0x00, 0xf8, 0x01, 0x00, 0x00, 
    0xf0, 0x00, 0x00, 0xf8, 0xff, 0xff, 0x01, 0xf8, 0xff, 0xff, 0x01, 0xf8, 0xff, 
    0xff, 0x01, 0x00, 0xf0, 0x00, 0x00, 0x00, 0xf0, 0x00, 0x00, 0x00, 0xf0, 0x00, 
    0x00, 0x00, 0xf0, 0x00, 0x00, 0x00, 0xf0, 0x00, 0x00, 0x00, 0xf0, 0x00, 0x00, 
    0xe0, 0xff, 0x7f, 0x00, 0xe0, 0xff, 0x7f, 0x00, 0xe0, 0xff, 0x7f, 0x00
};
static GX_CONST GX_UBYTE FONT_THEME_1_VALUE_TOTAL_char_a6[43] =
{
    0x0f, 0x0f, 0x0f, 0x0f, 0x0f, 0x0f, 0x0f, 0x0f, 0x0f, 0x0f, 0x0f, 0x0f, 0x0f, 
    0x0f, 0x0f, 0x0f, 0x0f, 0x0f, 0x00, 0x00, 0x00, 0x00, 0x00, 0x00, 0x00, 0x0f, 
    0x0f, 0x0f, 0x0f, 0x0f, 0x0f, 0x0f, 0x0f, 0x0f, 0x0f, 0x0f, 0x0f, 0x0f, 0x0f, 
    0x0f, 0x0f, 0x0f, 0x0f
};
static GX_CONST GX_UBYTE FONT_THEME_1_VALUE_TOTAL_char_a7[102] =
{
    0x80, 0xff, 0x0f, 0xe0, 0xff, 0x0f, 0xf0, 0xff, 0x0f, 0xf0, 0x00, 0x0f, 0x78, 
    0x00, 0x0f, 0x78, 0x00, 0x0f, 0x78, 0x00, 0x0f, 0xf8, 0x00, 0x0e, 0xf8, 0x01, 
    0x00, 0xfc, 0x03, 0x00, 0xfe, 0x07, 0x00, 0xde, 0x1f, 0x00, 0x9f, 0x7f, 0x00, 
    0x0f, 0xff, 0x00, 0x0f, 0xfc, 0x03, 0x1e, 0xf0, 0x07, 0x3e, 0xe0, 0x0f, 0xfc, 
    0x80, 0x1f, 0xf8, 0x01, 0x1f, 0xf0, 0x07, 0x3e, 0xc0, 0x0f, 0x3c, 0x80, 0x3f, 
    0x3c, 0x00, 0x7e, 0x1e, 0x00, 0xf8, 0x1f, 0x00, 0xf0, 0x0f, 0x00, 0xe0, 0x07, 
    0x1c, 0xc0, 0x03, 0x3c, 0x80, 0x07, 0x3c, 0x80, 0x07, 0x3c, 0x80, 0x07, 0x3c, 
    0xc0, 0x03, 0xfc, 0xff, 0x03, 0xfc, 0xff, 0x01, 0xfc, 0x7f, 0x00
};
static GX_CONST GX_UBYTE FONT_THEME_1_VALUE_TOTAL_char_a8[12] =
{
    0x0e, 0x70, 0x1f, 0xf8, 0x3f, 0xfc, 0x3f, 0xfc, 0x1f, 0xf8, 0x0e, 0x70
};
static GX_CONST GX_UBYTE FONT_THEME_1_VALUE_TOTAL_char_a9[124] =
{
    0x00, 0xfc, 0x03, 0x00, 0x00, 0xff, 0x0f, 0x00, 0xc0, 0xff, 0x3f, 0x00, 0xe0, 
    0x07, 0x7e, 0x00, 0xf0, 0x00, 0xf0, 0x00, 0x78, 0x00, 0xe0, 0x01, 0x3c, 0x00, 
    0xc0, 0x03, 0x1c, 0xf0, 0x83, 0x03, 0x1e, 0xfc, 0x87, 0x07, 0x0e, 0xfe, 0x0f, 
    0x07, 0x0e, 0x0f, 0x06, 0x07, 0x87, 0x07, 0x00, 0x0e, 0x87, 0x07, 0x00, 0x0e, 
    0x87, 0x03, 0x00, 0x0e, 0x87, 0x03, 0x00, 0x0e, 0x87, 0x03, 0x00, 0x0e, 0x87, 
    0x03, 0x00, 0x0e, 0x87, 0x03, 0x00, 0x0e, 0x87, 0x07, 0x00, 0x0e, 0x87, 0x07, 
    0x00, 0x0e, 0x0e, 0x0f, 0x06, 0x07, 0x0e, 0xfe, 0x0f, 0x07, 0x1e, 0xfc, 0x87, 
    0x07, 0x1c, 0xf0, 0x83, 0x03, 0x3c, 0x00, 0xc0, 0x03, 0x78, 0x00, 0xe0, 0x01, 
    0xf0, 0x00, 0xf0, 0x00, 0xe0, 0x07, 0x7e, 0x00, 0xc0, 0xff, 0x3f, 0x00, 0x00, 
    0xff, 0x0f, 0x00, 0x00, 0xfc, 0x03, 0x00
};
static GX_CONST GX_UBYTE FONT_THEME_1_VALUE_TOTAL_char_aa[57] =
{
    0xc0, 0x1f, 0x00, 0xf8, 0x3f, 0x00, 0xfc, 0x7f, 0x00, 0x3c, 0xf0, 0x00, 0x0c, 
    0xe0, 0x00, 0x00, 0xe0, 0x00, 0x00, 0xe0, 0x00, 0xf0, 0xef, 0x00, 0xfc, 0xff, 
    0x00, 0xfe, 0xff, 0x00, 0x1f, 0xf0, 0x00, 0x0f, 0xe0, 0x00, 0x07, 0xe0, 0x00, 
    0x07, 0xf0, 0x00, 0x0f, 0xf8, 0x00, 0x1f, 0xfe, 0x01, 0xfe, 0xff, 0x07, 0xfc, 
    0xcf, 0x07, 0xf0, 0x03, 0x03
};
static GX_CONST GX_UBYTE FONT_THEME_1_VALUE_TOTAL_char_ab[54] =
{
    0xe0, 0x80, 0x03, 0xf0, 0xc0, 0x03, 0xf0, 0xc0, 0x03, 0x78, 0xe0, 0x01, 0x78, 
    0xf0, 0x00, 0x3c, 0xf0, 0x00, 0x1e, 0x78, 0x00, 0x1e, 0x7c, 0x00, 0x0f, 0x3c, 
    0x00, 0x0f, 0x3c, 0x00, 0x1e, 0x7c, 0x00, 0x1e, 0x78, 0x00, 0x3c, 0xf0, 0x00, 
    0x7c, 0xf0, 0x00, 0x78, 0xe0, 0x01, 0xf0, 0xe0, 0x03, 0xf0, 0xc0, 0x03, 0xe0, 
    0x80, 0x03
};
static GX_CONST GX_UBYTE FONT_THEME_1_VALUE_TOTAL_char_ac[36] =
{
    0xfe, 0xff, 0x7f, 0xff, 0xff, 0x7f, 0xfe, 0xff, 0x7f, 0x00, 0x00, 0x70, 0x00, 
    0x00, 0x70, 0x00, 0x00, 0x70, 0x00, 0x00, 0x70, 0x00, 0x00, 0x70, 0x00, 0x00, 
    0x70, 0x00, 0x00, 0x70, 0x00, 0x00, 0x70, 0x00, 0x00, 0x70
};
static GX_CONST GX_UBYTE FONT_THEME_1_VALUE_TOTAL_char_ad[1] =
{
    0x00
};
static GX_CONST GX_UBYTE FONT_THEME_1_VALUE_TOTAL_char_ae[124] =
{
    0x00, 0xfc, 0x03, 0x00, 0x00, 0xff, 0x0f, 0x00, 0xc0, 0xff, 0x3f, 0x00, 0xe0, 
    0x07, 0x7e, 0x00, 0xf0, 0x00, 0xf0, 0x00, 0x78, 0x00, 0xe0, 0x01, 0x3c, 0x00, 
    0xc0, 0x03, 0x1c, 0x00, 0x80, 0x03, 0x1e, 0xfe, 0x81, 0x07, 0x0e, 0xff, 0x07, 
    0x07, 0x0e, 0xff, 0x0f, 0x07, 0x07, 0x07, 0x0f, 0x0e, 0x07, 0x07, 0x0e, 0x0e, 
    0x07, 0x07, 0x0e, 0x0e, 0x07, 0x07, 0x0e, 0x0e, 0x07, 0x07, 0x0f, 0x0e, 0x07, 
    0xff, 0x0f, 0x0e, 0x07, 0xff, 0x07, 0x0e, 0x07, 0xff, 0x01, 0x0e, 0x07, 0xc7, 
    0x03, 0x0e, 0x0e, 0x87, 0x07, 0x07, 0x0e, 0x07, 0x0f, 0x07, 0x1e, 0x07, 0x8e, 
    0x07, 0x1c, 0x06, 0x8e, 0x03, 0x3c, 0x00, 0xc0, 0x03, 0x78, 0x00, 0xe0, 0x01, 
    0xf0, 0x00, 0xf0, 0x00, 0xe0, 0x07, 0x7e, 0x00, 0xc0, 0xff, 0x3f, 0x00, 0x00, 
    0xff, 0x0f, 0x00, 0x00, 0xfc, 0x03, 0x00
};
static GX_CONST GX_UBYTE FONT_THEME_1_VALUE_TOTAL_char_af[6] =
{
    0xff, 0xff, 0xff, 0xff, 0xff, 0xff
};
static GX_CONST GX_UBYTE FONT_THEME_1_VALUE_TOTAL_char_b0[28] =
{
    0xf0, 0x01, 0xf8, 0x07, 0xfc, 0x0f, 0x1e, 0x1f, 0x0f, 0x1c, 0x0f, 0x3c, 0x07, 
    0x3c, 0x07, 0x3c, 0x0f, 0x3c, 0x0f, 0x1c, 0x1e, 0x1f, 0xfc, 0x0f, 0xf8, 0x07, 
    0xf0, 0x01
};
static GX_CONST GX_UBYTE FONT_THEME_1_VALUE_TOTAL_char_b1[72] =
{
    0x00, 0x0c, 0x00, 0x00, 0x1e, 0x00, 0x00, 0x1e, 0x00, 0x00, 0x1e, 0x00, 0x00, 
    0x1e, 0x00, 0x00, 0x1e, 0x00, 0x00, 0x1e, 0x00, 0xff, 0xff, 0x1f, 0xff, 0xff, 
    0x3f, 0xff, 0xff, 0x3f, 0xe0, 0xff, 0x01, 0x00, 0x1e, 0x00, 0x00, 0x1e, 0x00, 
    0x00, 0x1e, 0x00, 0x00, 0x1e, 0x00, 0x00, 0x1e, 0x00, 0x00, 0x1e, 0x00, 0x00, 
    0x0c, 0x00, 0x00, 0x00, 0x00, 0x00, 0x00, 0x00, 0x00, 0x00, 0x00, 0xff, 0xff, 
    0x3f, 0xff, 0xff, 0x3f, 0xff, 0xff, 0x3f
};
static GX_CONST GX_UBYTE FONT_THEME_1_VALUE_TOTAL_char_b2[42] =
{
    0xe0, 0x07, 0xfc, 0x1f, 0xfe, 0x3f, 0x1e, 0x3c, 0x0e, 0x78, 0x0e, 0x70, 0x0e, 
    0x70, 0x0e, 0x78, 0x00, 0x78, 0x00, 0x3c, 0x00, 0x3e, 0x00, 0x1f, 0x80, 0x0f, 
    0xc0, 0x07, 0xf0, 0x01, 0xf8, 0xe0, 0x7c, 0xe0, 0x3e, 0xe0, 0xff, 0xff, 0xff, 
    0xff, 0xff, 0xff
};
static GX_CONST GX_UBYTE FONT_THEME_1_VALUE_TOTAL_char_b3[44] =
{
    0xf0, 0x07, 0xfc, 0x1f, 0xfe, 0x3f, 0x1e, 0x3c, 0x0e, 0x78, 0x0e, 0x78, 0x0e, 
    0x78, 0x00, 0x78, 0x00, 0x3c, 0xc0, 0x1f, 0xe0, 0x1f, 0xc0, 0x3f, 0x00, 0x78, 
    0x00, 0x70, 0x00, 0xf0, 0x00, 0xf0, 0x00, 0xf0, 0x00, 0x70, 0x0e, 0x7c, 0xff, 
    0x3f, 0xfe, 0x1f, 0xf0, 0x07
};
static GX_CONST GX_UBYTE FONT_THEME_1_VALUE_TOTAL_char_b4[18] =
{
    0x00, 0x0c, 0x00, 0x1e, 0x80, 0x1f, 0xe0, 0x1f, 0xf0, 0x3f, 0xfc, 0x03, 0x7f, 
    0x00, 0x1f, 0x00, 0x03, 0x00
};
static GX_CONST GX_UBYTE FONT_THEME_1_VALUE_TOTAL_char_b5[1] =
{
    0x00
};
static GX_CONST GX_UBYTE FONT_THEME_1_VALUE_TOTAL_char_b6[117] =
{
    0xc0, 0xff, 0xff, 0xf0, 0xff, 0xff, 0xf8, 0xff, 0xff, 0xfc, 0x3f, 0x1e, 0xfe, 
    0x3f, 0x1e, 0xfe, 0x3f, 0x1e, 0xff, 0x3f, 0x1e, 0xff, 0x3f, 0x1e, 0xff, 0x3f, 
    0x1e, 0xff, 0x3f, 0x1e, 0xff, 0x3f, 0x1e, 0xfe, 0x3f, 0x1e, 0xfe, 0x3f, 0x1e, 
    0xfc, 0x3f, 0x1e, 0xf8, 0x3f, 0x1e, 0xe0, 0x3f, 0x1e, 0x00, 0x3f, 0x1e, 0x00, 
    0x3c, 0x1e, 0x00, 0x3c, 0x1e, 0x00, 0x3c, 0x1e, 0x00, 0x3c, 0x1e, 0x00, 0x3c, 
    0x1e, 0x00, 0x3c, 0x1e, 0x00, 0x3c, 0x1e, 0x00, 0x3c, 0x1e, 0x00, 0x3c, 0x1e, 
    0x00, 0x3c, 0x1e, 0x00, 0x3c, 0x1e, 0x00, 0x3c, 0x1e, 0x00, 0x3c, 0x1e, 0x00, 
    0x3c, 0x1e, 0x00, 0x3c, 0x1e, 0x00, 0x3c, 0x1e, 0x00, 0x3c, 0x1e, 0x00, 0x3c, 
    0x1e, 0x00, 0x3c, 0x1e, 0x00, 0x3c, 0x1e, 0x00, 0x3c, 0x1e, 0x00, 0x1c, 0x1c

};
static GX_CONST GX_UBYTE FONT_THEME_1_VALUE_TOTAL_char_b7[8] =
{
    0x3c, 0x7e, 0xff, 0xff, 0xff, 0xff, 0x7e, 0x3c
};
static GX_CONST GX_UBYTE FONT_THEME_1_VALUE_TOTAL_char_b8[24] =
{
    0x70, 0x00, 0x70, 0x00, 0x70, 0x00, 0xf0, 0x03, 0xf0, 0x07, 0xf0, 0x0f, 0x00, 
    0x0f, 0x00, 0x0f, 0x03, 0x0f, 0xff, 0x0f, 0xff, 0x07, 0xfc, 0x01
};
static GX_CONST GX_UBYTE FONT_THEME_1_VALUE_TOTAL_char_b9[42] =
{
    0x00, 0x03, 0xe0, 0x03, 0xfc, 0x03, 0xfe, 0x03, 0xbe, 0x03, 0x82, 0x03, 0x80, 
    0x03, 0x80, 0x03, 0x80, 0x03, 0x80, 0x03, 0x80, 0x03, 0x80, 0x03, 0x80, 0x03, 
    0x80, 0x03, 0x80, 0x03, 0x80, 0x03, 0x80, 0x03, 0x80, 0x03, 0xfe, 0xff, 0xfe, 
    0xff, 0xfe, 0xff
};
static GX_CONST GX_UBYTE FONT_THEME_1_VALUE_TOTAL_char_ba[57] =
{
    0xc0, 0x0f, 0x00, 0xf0, 0x3f, 0x00, 0xf8, 0x7f, 0x00, 0x7c, 0xf8, 0x00, 0x1e, 
    0xe0, 0x01, 0x0e, 0xc0, 0x01, 0x0f, 0xc0, 0x03, 0x07, 0x80, 0x03, 0x07, 0x80, 
    0x03, 0x07, 0x80, 0x03, 0x07, 0x80, 0x03, 0x07, 0x80, 0x03, 0x0f, 0xc0, 0x03, 
    0x0e, 0xc0, 0x01, 0x1e, 0xe0, 0x01, 0x7c, 0xf8, 0x00, 0xf8, 0x7f, 0x00, 0xf0, 
    0x3f, 0x00, 0xc0, 0x0f, 0x00
};
static GX_CONST GX_UBYTE FONT_THEME_1_VALUE_TOTAL_char_bb[54] =
{
    0x07, 0x1c, 0x00, 0x0f, 0x3c, 0x00, 0x0f, 0x3c, 0x00, 0x1e, 0x78, 0x00, 0x3c, 
    0x78, 0x00, 0x3c, 0xf0, 0x00, 0x78, 0xe0, 0x01, 0x78, 0xe0, 0x01, 0xf0, 0xc0, 
    0x03, 0xf0, 0xc0, 0x03, 0xf8, 0xe0, 0x01, 0x78, 0xe0, 0x01, 0x3c, 0xf0, 0x00, 
    0x3c, 0x78, 0x00, 0x1e, 0x78, 0x00, 0x1f, 0x3c, 0x00, 0x0f, 0x3c, 0x00, 0x07, 
    0x1c, 0x00
};
static GX_CONST GX_UBYTE FONT_THEME_1_VALUE_TOTAL_char_bc[156] =
{
    0xe0, 0x00, 0x00, 0x00, 0xfc, 0x00, 0x00, 0x00, 0xff, 0x00, 0x00, 0x00, 0xef, 
    0x00, 0x00, 0x00, 0xe0, 0x00, 0x00, 0x00, 0xe0, 0x00, 0x00, 0x00, 0xe0, 0x00, 
    0x00, 0x00, 0xe0, 0x00, 0x00, 0x00, 0xe0, 0x00, 0x00, 0x00, 0xe0, 0x00, 0x00, 
    0x00, 0xe0, 0x00, 0x00, 0x00, 0xe0, 0x00, 0x00, 0x00, 0xe0, 0x00, 0x00, 0x00, 
    0xe0, 0x00, 0x00, 0x02, 0xe0, 0x00, 0x00, 0x07, 0xff, 0x1f, 0xc0, 0x07, 0xff, 
    0x1f, 0xe0, 0x03, 0x00, 0x00, 0xf8, 0x00, 0x00, 0x00, 0x3e, 0x00, 0x00, 0x00, 
    0x1f, 0x00, 0x00, 0xc0, 0x07, 0x00, 0x00, 0xf0, 0x01, 0x00, 0x00, 0xf8, 0x80, 
    0x07, 0x00, 0x3e, 0x80, 0x07, 0x80, 0x0f, 0xc0, 0x07, 0xc0, 0x07, 0xe0, 0x07, 
    0xf0, 0x01, 0xf0, 0x07, 0xf8, 0x00, 0x78, 0x07, 0x38, 0x00, 0x38, 0x07, 0x08, 
    0x00, 0x1c, 0x07, 0x00, 0x00, 0x0e, 0x07, 0x00, 0x00, 0x0f, 0x07, 0x00, 0x00, 
    0xff, 0x1f, 0x00, 0x80, 0xff, 0x3f, 0x00, 0x00, 0xff, 0x3f, 0x00, 0x00, 0x00, 
    0x07, 0x00, 0x00, 0x00, 0x07, 0x00, 0x00, 0x00, 0x07, 0x00, 0x00, 0x00, 0x07

};
static GX_CONST GX_UBYTE FONT_THEME_1_VALUE_TOTAL_char_bd[156] =
{
    0xe0, 0x00, 0x00, 0x00, 0xfc, 0x00, 0x00, 0x00, 0xff, 0x00, 0x00, 0x00, 0xef, 
    0x00, 0x00, 0x00, 0xe0, 0x00, 0x00, 0x00, 0xe0, 0x00, 0x00, 0x00, 0xe0, 0x00, 
    0x00, 0x00, 0xe0, 0x00, 0x00, 0x00, 0xe0, 0x00, 0x00, 0x00, 0xe0, 0x00, 0x00, 
    0x00, 0xe0, 0x00, 0x00, 0x00, 0xe0, 0x00, 0x00, 0x00, 0xe0, 0x00, 0x00, 0x06, 
    0xe0, 0x00, 0x80, 0x07, 0xe0, 0x00, 0xc0, 0x07, 0xff, 0x1f, 0xf0, 0x01, 0xff, 
    0x1f, 0xf8, 0x00, 0x00, 0x00, 0x3e, 0x00, 0x00, 0x80, 0x0f, 0x00, 0x00, 0xc0, 
    0x07, 0x00, 0x00, 0xf0, 0x01, 0x00, 0x00, 0x7c, 0x00, 0x00, 0x00, 0x3e, 0xf8, 
    0x07, 0x80, 0x0f, 0xfe, 0x0f, 0xe0, 0x03, 0x0e, 0x0e, 0xf0, 0x01, 0x0e, 0x1c, 
    0x78, 0x00, 0x0e, 0x1c, 0x38, 0x00, 0x0e, 0x1c, 0x00, 0x00, 0x00, 0x1e, 0x00, 
    0x00, 0x00, 0x0e, 0x00, 0x00, 0x00, 0x0f, 0x00, 0x00, 0xc0, 0x07, 0x00, 0x00, 
    0xe0, 0x03, 0x00, 0x00, 0xf0, 0x00, 0x00, 0x00, 0x78, 0x38, 0x00, 0x00, 0x3c, 
    0x38, 0x00, 0x00, 0x1e, 0x38, 0x00, 0x00, 0xff, 0x3f, 0x00, 0x00, 0xff, 0x3f

};
static GX_CONST GX_UBYTE FONT_THEME_1_VALUE_TOTAL_char_be[156] =
{
    0xfe, 0x01, 0x00, 0x00, 0xff, 0x07, 0x00, 0x00, 0x87, 0x07, 0x00, 0x00, 0x03, 
    0x0e, 0x00, 0x00, 0x03, 0x0e, 0x00, 0x00, 0x00, 0x0e, 0x00, 0x00, 0x00, 0x07, 
    0x00, 0x00, 0xf0, 0x03, 0x00, 0x00, 0xf0, 0x03, 0x00, 0x00, 0xf0, 0x07, 0x00, 
    0x00, 0x00, 0x0e, 0x00, 0x00, 0x00, 0x0e, 0x00, 0x00, 0x00, 0x0e, 0x00, 0x00, 
    0x00, 0x0e, 0x00, 0x03, 0x03, 0x0e, 0xc0, 0x03, 0xff, 0x07, 0xe0, 0x03, 0xff, 
    0x07, 0xf8, 0x00, 0xfc, 0x01, 0x7e, 0x00, 0x00, 0x00, 0x1f, 0x00, 0x00, 0xc0, 
    0x07, 0x00, 0x00, 0xe0, 0x03, 0x00, 0x00, 0xf8, 0x00, 0x00, 0x00, 0x3e, 0xc0, 
    0x03, 0x00, 0x1f, 0xc0, 0x03, 0xc0, 0x07, 0xe0, 0x03, 0xf0, 0x01, 0xf0, 0x03, 
    0xf8, 0x00, 0xf8, 0x03, 0x3c, 0x00, 0xbc, 0x03, 0x1c, 0x00, 0x9c, 0x03, 0x00, 
    0x00, 0x8e, 0x03, 0x00, 0x00, 0x87, 0x03, 0x00, 0x80, 0x87, 0x03, 0x00, 0x80, 
    0xff, 0x0f, 0x00, 0xc0, 0xff, 0x1f, 0x00, 0x80, 0xff, 0x1f, 0x00, 0x00, 0x80, 
    0x03, 0x00, 0x00, 0x80, 0x03, 0x00, 0x00, 0x80, 0x03, 0x00, 0x00, 0x80, 0x03

};
static GX_CONST GX_UBYTE FONT_THEME_1_VALUE_TOTAL_char_bf[93] =
{
    0x00, 0x0f, 0x00, 0x80, 0x1f, 0x00, 0x80, 0x1f, 0x00, 0x80, 0x1f, 0x00, 0x80, 
    0x1f, 0x00, 0x80, 0x1f, 0x00, 0x00, 0x0f, 0x00, 0x00, 0x00, 0x00, 0x00, 0x00, 
    0x00, 0x00, 0x00, 0x00, 0x00, 0x00, 0x00, 0x00, 0x07, 0x00, 0x00, 0x0f, 0x00, 
    0x00, 0x0f, 0x00, 0x00, 0x0f, 0x00, 0x00, 0x0f, 0x00, 0xc0, 0x0f, 0x00, 0xf0, 
    0x0f, 0x00, 0xf8, 0x03, 0x00, 0xfc, 0x00, 0x00, 0x3e, 0x00, 0x00, 0x1e, 0x00, 
    0x00, 0x0f, 0x00, 0x00, 0x0f, 0xc0, 0x01, 0x0f, 0xc0, 0x03, 0x0f, 0xc0, 0x03, 
    0x1e, 0xc0, 0x03, 0x3e, 0xe0, 0x03, 0xfc, 0xff, 0x03, 0xf8, 0xff, 0x00, 0xe0, 
    0x1f, 0x00
};
static GX_CONST GX_UBYTE FONT_THEME_1_VALUE_TOTAL_char_c0[164] =
{
    0x80, 0x00, 0x00, 0x00, 0xc0, 0x03, 0x00, 0x00, 0xc0, 0x0f, 0x00, 0x00, 0xc0, 
    0x3f, 0x00, 0x00, 0xc0, 0x7f, 0x00, 0x00, 0x00, 0xfe, 0x01, 0x00, 0x00, 0xf0, 
    0x07, 0x00, 0x00, 0x80, 0x07, 0x00, 0x00, 0x00, 0x06, 0x00, 0x00, 0x00, 0x00, 
    0x00, 0x00, 0x00, 0x00, 0x00, 0x00, 0x00, 0x00, 0x00, 0xe0, 0xff, 0x01, 0x00, 
    0xe0, 0xff, 0x03, 0x00, 0xe0, 0xff, 0x03, 0x00, 0x00, 0xf8, 0x07, 0x00, 0x00, 
    0x38, 0x07, 0x00, 0x00, 0x3c, 0x07, 0x00, 0x00, 0x3c, 0x0f, 0x00, 0x00, 0x1c, 
    0x0e, 0x00, 0x00, 0x1e, 0x1e, 0x00, 0x00, 0x1e, 0x1e, 0x00, 0x00, 0x0e, 0x1c, 
    0x00, 0x00, 0x0f, 0x3c, 0x00, 0x00, 0x0f, 0x3c, 0x00, 0x00, 0x07, 0x38, 0x00, 
    0x80, 0x07, 0x78, 0x00, 0x80, 0x07, 0x78, 0x00, 0xc0, 0x03, 0x70, 0x00, 0xc0, 
    0xff, 0xff, 0x00, 0xc0, 0xff, 0xff, 0x00, 0xe0, 0xff, 0xff, 0x00, 0xe0, 0x01, 
    0xe0, 0x01, 0xe0, 0x01, 0xe0, 0x01, 0xf0, 0x00, 0xc0, 0x01, 0xf0, 0x00, 0xc0, 
    0x03, 0xf0, 0x00, 0xc0, 0x03, 0x78, 0x00, 0x80, 0x07, 0xff, 0x07, 0xfc, 0x1f, 
    0xff, 0x07, 0xfc, 0x3f, 0xff, 0x07, 0xfc, 0x1f
};
static GX_CONST GX_UBYTE FONT_THEME_1_VALUE_TOTAL_char_c1[164] =
{
    0x00, 0x00, 0x08, 0x00, 0x00, 0x00, 0x1c, 0x00, 0x00, 0x00, 0x3f, 0x00, 0x00, 
    0xc0, 0x3f, 0x00, 0x00, 0xf0, 0x3f, 0x00, 0x00, 0xfc, 0x07, 0x00, 0x00, 0xfe, 
    0x00, 0x00, 0x00, 0x1f, 0x00, 0x00, 0x00, 0x02, 0x00, 0x00, 0x00, 0x00, 0x00, 
    0x00, 0x00, 0x00, 0x00, 0x00, 0x00, 0x00, 0x00, 0x00, 0xe0, 0xff, 0x01, 0x00, 
    0xe0, 0xff, 0x03, 0x00, 0xe0, 0xff, 0x03, 0x00, 0x00, 0xf8, 0x07, 0x00, 0x00, 
    0x38, 0x07, 0x00, 0x00, 0x3c, 0x07, 0x00, 0x00, 0x3c, 0x0f, 0x00, 0x00, 0x1c, 
    0x0e, 0x00, 0x00, 0x1e, 0x1e, 0x00, 0x00, 0x1e, 0x1e, 0x00, 0x00, 0x0e, 0x1c, 
    0x00, 0x00, 0x0f, 0x3c, 0x00, 0x00, 0x0f, 0x3c, 0x00, 0x00, 0x07, 0x38, 0x00, 
    0x80, 0x07, 0x78, 0x00, 0x80, 0x07, 0x78, 0x00, 0xc0, 0x03, 0x70, 0x00, 0xc0, 
    0xff, 0xff, 0x00, 0xc0, 0xff, 0xff, 0x00, 0xe0, 0xff, 0xff, 0x00, 0xe0, 0x01, 
    0xe0, 0x01, 0xe0, 0x01, 0xe0, 0x01, 0xf0, 0x00, 0xc0, 0x01, 0xf0, 0x00, 0xc0, 
    0x03, 0xf0, 0x00, 0xc0, 0x03, 0x78, 0x00, 0x80, 0x07, 0xff, 0x07, 0xfc, 0x1f, 
    0xff, 0x07, 0xfc, 0x3f, 0xff, 0x07, 0xfc, 0x1f
};
static GX_CONST GX_UBYTE FONT_THEME_1_VALUE_TOTAL_char_c2[164] =
{
    0x00, 0xe0, 0x00, 0x00, 0x00, 0xf0, 0x01, 0x00, 0x00, 0xf8, 0x03, 0x00, 0x00, 
    0xfe, 0x0f, 0x00, 0x00, 0xbf, 0x1f, 0x00, 0x80, 0x0f, 0x3e, 0x00, 0xc0, 0x07, 
    0x7c, 0x00, 0xc0, 0x01, 0x70, 0x00, 0x00, 0x00, 0x00, 0x00, 0x00, 0x00, 0x00, 
    0x00, 0x00, 0x00, 0x00, 0x00, 0x00, 0x00, 0x00, 0x00, 0xe0, 0xff, 0x01, 0x00, 
    0xe0, 0xff, 0x03, 0x00, 0xe0, 0xff, 0x03, 0x00, 0x00, 0xf8, 0x07, 0x00, 0x00, 
    0x38, 0x07, 0x00, 0x00, 0x3c, 0x07, 0x00, 0x00, 0x3c, 0x0f, 0x00, 0x00, 0x1c, 
    0x0e, 0x00, 0x00, 0x1e, 0x1e, 0x00, 0x00, 0x1e, 0x1e, 0x00, 0x00, 0x0e, 0x1c, 
    0x00, 0x00, 0x0f, 0x3c, 0x00, 0x00, 0x0f, 0x3c, 0x00, 0x00, 0x07, 0x38, 0x00, 
    0x80, 0x07, 0x78, 0x00, 0x80, 0x07, 0x78, 0x00, 0xc0, 0x03, 0x70, 0x00, 0xc0, 
    0xff, 0xff, 0x00, 0xc0, 0xff, 0xff, 0x00, 0xe0, 0xff, 0xff, 0x00, 0xe0, 0x01, 
    0xe0, 0x01, 0xe0, 0x01, 0xe0, 0x01, 0xf0, 0x00, 0xc0, 0x01, 0xf0, 0x00, 0xc0, 
    0x03, 0xf0, 0x00, 0xc0, 0x03, 0x78, 0x00, 0x80, 0x07, 0xff, 0x07, 0xfc, 0x1f, 
    0xff, 0x07, 0xfc, 0x3f, 0xff, 0x07, 0xfc, 0x1f
};
static GX_CONST GX_UBYTE FONT_THEME_1_VALUE_TOTAL_char_c3[148] =
{
    0x00, 0x00, 0x30, 0x00, 0x00, 0xff, 0x3f, 0x00, 0xc0, 0xff, 0x3f, 0x00, 0xc0, 
    0xff, 0x0f, 0x00, 0xe0, 0x00, 0x00, 0x00, 0x00, 0x00, 0x00, 0x00, 0x00, 0x00, 
    0x00, 0x00, 0x00, 0x00, 0x00, 0x00, 0xe0, 0xff, 0x01, 0x00, 0xe0, 0xff, 0x03, 
    0x00, 0xe0, 0xff, 0x03, 0x00, 0x00, 0xf8, 0x07, 0x00, 0x00, 0x38, 0x07, 0x00, 
    0x00, 0x3c, 0x07, 0x00, 0x00, 0x3c, 0x0f, 0x00, 0x00, 0x1c, 0x0e, 0x00, 0x00, 
    0x1e, 0x1e, 0x00, 0x00, 0x1e, 0x1e, 0x00, 0x00, 0x0e, 0x1c, 0x00, 0x00, 0x0f, 
    0x3c, 0x00, 0x00, 0x0f, 0x3c, 0x00, 0x00, 0x07, 0x38, 0x00, 0x80, 0x07, 0x78, 
    0x00, 0x80, 0x07, 0x78, 0x00, 0xc0, 0x03, 0x70, 0x00, 0xc0, 0xff, 0xff, 0x00, 
    0xc0, 0xff, 0xff, 0x00, 0xe0, 0xff, 0xff, 0x00, 0xe0, 0x01, 0xe0, 0x01, 0xe0, 
    0x01, 0xe0, 0x01, 0xf0, 0x00, 0xc0, 0x01, 0xf0, 0x00, 0xc0, 0x03, 0xf0, 0x00, 
    0xc0, 0x03, 0x78, 0x00, 0x80, 0x07, 0xff, 0x07, 0xfc, 0x1f, 0xff, 0x07, 0xfc, 
    0x3f, 0xff, 0x07, 0xfc, 0x1f
};
static GX_CONST GX_UBYTE FONT_THEME_1_VALUE_TOTAL_char_c4[156] =
{
    0x80, 0x07, 0x3c, 0x00, 0xc0, 0x0f, 0x3e, 0x00, 0xc0, 0x0f, 0x7e, 0x00, 0xc0, 
    0x0f, 0x7e, 0x00, 0xc0, 0x0f, 0x7e, 0x00, 0x80, 0x07, 0x3c, 0x00, 0x00, 0x00, 
    0x00, 0x00, 0x00, 0x00, 0x00, 0x00, 0x00, 0x00, 0x00, 0x00, 0x00, 0x00, 0x00, 
    0x00, 0xe0, 0xff, 0x01, 0x00, 0xe0, 0xff, 0x03, 0x00, 0xe0, 0xff, 0x03, 0x00, 
    0x00, 0xf8, 0x07, 0x00, 0x00, 0x38, 0x07, 0x00, 0x00, 0x3c, 0x07, 0x00, 0x00, 
    0x3c, 0x0f, 0x00, 0x00, 0x1c, 0x0e, 0x00, 0x00, 0x1e, 0x1e, 0x00, 0x00, 0x1e, 
    0x1e, 0x00, 0x00, 0x0e, 0x1c, 0x00, 0x00, 0x0f, 0x3c, 0x00, 0x00, 0x0f, 0x3c, 
    0x00, 0x00, 0x07, 0x38, 0x00, 0x80, 0x07, 0x78, 0x00, 0x80, 0x07, 0x78, 0x00, 
    0xc0, 0x03, 0x70, 0x00, 0xc0, 0xff, 0xff, 0x00, 0xc0, 0xff, 0xff, 0x00, 0xe0, 
    0xff, 0xff, 0x00, 0xe0, 0x01, 0xe0, 0x01, 0xe0, 0x01, 0xe0, 0x01, 0xf0, 0x00, 
    0xc0, 0x01, 0xf0, 0x00, 0xc0, 0x03, 0xf0, 0x00, 0xc0, 0x03, 0x78, 0x00, 0x80, 
    0x07, 0xff, 0x07, 0xfc, 0x1f, 0xff, 0x07, 0xfc, 0x3f, 0xff, 0x07, 0xfc, 0x1f

};
static GX_CONST GX_UBYTE FONT_THEME_1_VALUE_TOTAL_char_c5[176] =
{
    0x00, 0xf0, 0x00, 0x00, 0x00, 0xfc, 0x03, 0x00, 0x00, 0xfe, 0x07, 0x00, 0x00, 
    0x0e, 0x0f, 0x00, 0x00, 0x07, 0x0e, 0x00, 0x00, 0x07, 0x0e, 0x00, 0x00, 0x07, 
    0x0e, 0x00, 0x00, 0x07, 0x0e, 0x00, 0x00, 0x0e, 0x0f, 0x00, 0x00, 0xfe, 0x07, 
    0x00, 0x00, 0xfc, 0x03, 0x00, 0x00, 0xf0, 0x01, 0x00, 0x00, 0x00, 0x00, 0x00, 
    0x00, 0x00, 0x00, 0x00, 0x00, 0x00, 0x00, 0x00, 0xe0, 0xff, 0x01, 0x00, 0xe0, 
    0xff, 0x03, 0x00, 0xe0, 0xff, 0x03, 0x00, 0x00, 0xf8, 0x07, 0x00, 0x00, 0x38, 
    0x07, 0x00, 0x00, 0x3c, 0x07, 0x00, 0x00, 0x3c, 0x0f, 0x00, 0x00, 0x1c, 0x0e, 
    0x00, 0x00, 0x1e, 0x1e, 0x00, 0x00, 0x1e, 0x1e, 0x00, 0x00, 0x0e, 0x1c, 0x00, 
    0x00, 0x0f, 0x3c, 0x00, 0x00, 0x0f, 0x3c, 0x00, 0x00, 0x07, 0x38, 0x00, 0x80, 
    0x07, 0x78, 0x00, 0x80, 0x07, 0x78, 0x00, 0xc0, 0x03, 0x70, 0x00, 0xc0, 0xff, 
    0xff, 0x00, 0xc0, 0xff, 0xff, 0x00, 0xe0, 0xff, 0xff, 0x00, 0xe0, 0x01, 0xe0, 
    0x01, 0xe0, 0x01, 0xe0, 0x01, 0xf0, 0x00, 0xc0, 0x01, 0xf0, 0x00, 0xc0, 0x03, 
    0xf0, 0x00, 0xc0, 0x03, 0x78, 0x00, 0x80, 0x07, 0xff, 0x07, 0xfc, 0x1f, 0xff, 
    0x07, 0xfc, 0x3f, 0xff, 0x07, 0xfc, 0x1f
};
static GX_CONST GX_UBYTE FONT_THEME_1_VALUE_TOTAL_char_c6[116] =
{
    0xc0, 0xff, 0xff, 0x07, 0xc0, 0xff, 0xff, 0x07, 0xc0, 0xff, 0xff, 0x07, 0x00, 
    0xde, 0x01, 0x07, 0x00, 0xde, 0x01, 0x07, 0x00, 0xde, 0x01, 0x07, 0x00, 0xce, 
    0x01, 0x07, 0x00, 0xcf, 0x01, 0x07, 0x00, 0xcf, 0x01, 0x07, 0x00, 0xc7, 0x01, 
    0x00, 0x80, 0xc7, 0x01, 0x00, 0x80, 0xc7, 0x01, 0x00, 0x80, 0xc7, 0x7f, 0x00, 
    0xc0, 0xc3, 0xff, 0x00, 0xc0, 0xc3, 0x7f, 0x00, 0xc0, 0xc3, 0x01, 0x00, 0xc0, 
    0xc1, 0x01, 0x00, 0xe0, 0xff, 0x01, 0x00, 0xe0, 0xff, 0x01, 0x07, 0xe0, 0xff, 
    0x01, 0x0f, 0xf0, 0xc0, 0x01, 0x0f, 0xf0, 0xc0, 0x01, 0x0f, 0xf0, 0xc0, 0x01, 
    0x0f, 0x70, 0xc0, 0x01, 0x0f, 0x78, 0xc0, 0x01, 0x0f, 0x78, 0xc0, 0x01, 0x0f, 
    0xff, 0xc3, 0xff, 0x0f, 0xff, 0xc3, 0xff, 0x0f, 0xff, 0xc3, 0xff, 0x0f
};
static GX_CONST GX_UBYTE FONT_THEME_1_VALUE_TOTAL_char_c7[126] =
{
    0x00, 0xfe, 0x70, 0x80, 0xff, 0x73, 0xe0, 0xff, 0x7f, 0xf0, 0x03, 0x7f, 0xf8, 
    0x00, 0x7e, 0x7c, 0x00, 0x7c, 0x3c, 0x00, 0x78, 0x3e, 0x00, 0x78, 0x1e, 0x00, 
    0x78, 0x1e, 0x00, 0x70, 0x0f, 0x00, 0x70, 0x0f, 0x00, 0x00, 0x0f, 0x00, 0x00, 
    0x0f, 0x00, 0x00, 0x0f, 0x00, 0x00, 0x0f, 0x00, 0x00, 0x0f, 0x00, 0x00, 0x0f, 
    0x00, 0x00, 0x0f, 0x00, 0x00, 0x0f, 0x00, 0x00, 0x0f, 0x00, 0x00, 0x1e, 0x00, 
    0x00, 0x1e, 0x00, 0x00, 0x1e, 0x00, 0x00, 0x3c, 0x00, 0x00, 0x7c, 0x00, 0x60, 
    0xf8, 0x00, 0xf8, 0xf0, 0x03, 0xff, 0xe0, 0xff, 0x7f, 0xc0, 0xff, 0x1f, 0x00, 
    0xff, 0x01, 0x00, 0x38, 0x00, 0x00, 0x38, 0x00, 0x00, 0xf8, 0x01, 0x00, 0xf8, 
    0x03, 0x00, 0xf8, 0x07, 0x00, 0x80, 0x07, 0x00, 0x80, 0x07, 0x80, 0x81, 0x07, 
    0xc0, 0xff, 0x03, 0xc0, 0xff, 0x03, 0x00, 0xfe, 0x00
};
static GX_CONST GX_UBYTE FONT_THEME_1_VALUE_TOTAL_char_c8[164] =
{
    0x80, 0x00, 0x00, 0x00, 0xc0, 0x03, 0x00, 0x00, 0xc0, 0x0f, 0x00, 0x00, 0xe0, 
    0x1f, 0x00, 0x00, 0xc0, 0x7f, 0x00, 0x00, 0x00, 0xff, 0x01, 0x00, 0x00, 0xf8, 
    0x07, 0x00, 0x00, 0xc0, 0x07, 0x00, 0x00, 0x00, 0x02, 0x00, 0x00, 0x00, 0x00, 
    0x00, 0x00, 0x00, 0x00, 0x00, 0x00, 0x00, 0x00, 0x00, 0xff, 0xff, 0xff, 0x00, 
    0xff, 0xff, 0xff, 0x00, 0xff, 0xff, 0xff, 0x00, 0xf0, 0x00, 0xe0, 0x00, 0xf0, 
    0x00, 0xe0, 0x00, 0xf0, 0x00, 0xe0, 0x00, 0xf0, 0x00, 0xe0, 0x00, 0xf0, 0x00, 
    0xe0, 0x00, 0xf0, 0x00, 0xe0, 0x00, 0xf0, 0x00, 0x00, 0x00, 0xf0, 0xc0, 0x01, 
    0x00, 0xf0, 0xc0, 0x01, 0x00, 0xf0, 0xc0, 0x01, 0x00, 0xf0, 0xff, 0x01, 0x00, 
    0xf0, 0xff, 0x01, 0x00, 0xf0, 0xff, 0x01, 0x00, 0xf0, 0xc0, 0x01, 0x00, 0xf0, 
    0xc0, 0x01, 0x00, 0xf0, 0xc0, 0xc1, 0x01, 0xf0, 0x00, 0xe0, 0x01, 0xf0, 0x00, 
    0xe0, 0x01, 0xf0, 0x00, 0xe0, 0x01, 0xf0, 0x00, 0xe0, 0x01, 0xf0, 0x00, 0xe0, 
    0x01, 0xf0, 0x00, 0xe0, 0x01, 0xf0, 0x00, 0xe0, 0x01, 0xff, 0xff, 0xff, 0x01, 
    0xff, 0xff, 0xff, 0x01, 0xff, 0xff, 0xff, 0x01
};
static GX_CONST GX_UBYTE FONT_THEME_1_VALUE_TOTAL_char_c9[164] =
{
    0x00, 0x00, 0x04, 0x00, 0x00, 0x00, 0x0f, 0x00, 0x00, 0xc0, 0x0f, 0x00, 0x00, 
    0xe0, 0x1f, 0x00, 0x00, 0xf8, 0x0f, 0x00, 0x00, 0xfe, 0x03, 0x00, 0x80, 0x7f, 
    0x00, 0x00, 0x80, 0x0f, 0x00, 0x00, 0x00, 0x01, 0x00, 0x00, 0x00, 0x00, 0x00, 
    0x00, 0x00, 0x00, 0x00, 0x00, 0x00, 0x00, 0x00, 0x00, 0xff, 0xff, 0xff, 0x00, 
    0xff, 0xff, 0xff, 0x00, 0xff, 0xff, 0xff, 0x00, 0xf0, 0x00, 0xe0, 0x00, 0xf0, 
    0x00, 0xe0, 0x00, 0xf0, 0x00, 0xe0, 0x00, 0xf0, 0x00, 0xe0, 0x00, 0xf0, 0x00, 
    0xe0, 0x00, 0xf0, 0x00, 0xe0, 0x00, 0xf0, 0x00, 0x00, 0x00, 0xf0, 0xc0, 0x01, 
    0x00, 0xf0, 0xc0, 0x01, 0x00, 0xf0, 0xc0, 0x01, 0x00, 0xf0, 0xff, 0x01, 0x00, 
    0xf0, 0xff, 0x01, 0x00, 0xf0, 0xff, 0x01, 0x00, 0xf0, 0xc0, 0x01, 0x00, 0xf0, 
    0xc0, 0x01, 0x00, 0xf0, 0xc0, 0xc1, 0x01, 0xf0, 0x00, 0xe0, 0x01, 0xf0, 0x00, 
    0xe0, 0x01, 0xf0, 0x00, 0xe0, 0x01, 0xf0, 0x00, 0xe0, 0x01, 0xf0, 0x00, 0xe0, 
    0x01, 0xf0, 0x00, 0xe0, 0x01, 0xf0, 0x00, 0xe0, 0x01, 0xff, 0xff, 0xff, 0x01, 
    0xff, 0xff, 0xff, 0x01, 0xff, 0xff, 0xff, 0x01
};
static GX_CONST GX_UBYTE FONT_THEME_1_VALUE_TOTAL_char_ca[164] =
{
    0x00, 0x70, 0x00, 0x00, 0x00, 0xf8, 0x00, 0x00, 0x00, 0xfc, 0x03, 0x00, 0x00, 
    0xfe, 0x07, 0x00, 0x00, 0xdf, 0x0f, 0x00, 0xc0, 0x0f, 0x1f, 0x00, 0xe0, 0x03, 
    0x3e, 0x00, 0xe0, 0x00, 0x38, 0x00, 0x00, 0x00, 0x00, 0x00, 0x00, 0x00, 0x00, 
    0x00, 0x00, 0x00, 0x00, 0x00, 0x00, 0x00, 0x00, 0x00, 0xff, 0xff, 0xff, 0x00, 
    0xff, 0xff, 0xff, 0x00, 0xff, 0xff, 0xff, 0x00, 0xf0, 0x00, 0xe0, 0x00, 0xf0, 
    0x00, 0xe0, 0x00, 0xf0, 0x00, 0xe0, 0x00, 0xf0, 0x00, 0xe0, 0x00, 0xf0, 0x00, 
    0xe0, 0x00, 0xf0, 0x00, 0xe0, 0x00, 0xf0, 0x00, 0x00, 0x00, 0xf0, 0xc0, 0x01, 
    0x00, 0xf0, 0xc0, 0x01, 0x00, 0xf0, 0xc0, 0x01, 0x00, 0xf0, 0xff, 0x01, 0x00, 
    0xf0, 0xff, 0x01, 0x00, 0xf0, 0xff, 0x01, 0x00, 0xf0, 0xc0, 0x01, 0x00, 0xf0, 
    0xc0, 0x01, 0x00, 0xf0, 0xc0, 0xc1, 0x01, 0xf0, 0x00, 0xe0, 0x01, 0xf0, 0x00, 
    0xe0, 0x01, 0xf0, 0x00, 0xe0, 0x01, 0xf0, 0x00, 0xe0, 0x01, 0xf0, 0x00, 0xe0, 
    0x01, 0xf0, 0x00, 0xe0, 0x01, 0xf0, 0x00, 0xe0, 0x01, 0xff, 0xff, 0xff, 0x01, 
    0xff, 0xff, 0xff, 0x01, 0xff, 0xff, 0xff, 0x01
};
static GX_CONST GX_UBYTE FONT_THEME_1_VALUE_TOTAL_char_cb[156] =
{
    0x80, 0x03, 0x1e, 0x00, 0xc0, 0x07, 0x3f, 0x00, 0xe0, 0x07, 0x3f, 0x00, 0xe0, 
    0x07, 0x3f, 0x00, 0xc0, 0x07, 0x3f, 0x00, 0x80, 0x03, 0x1e, 0x00, 0x00, 0x00, 
    0x00, 0x00, 0x00, 0x00, 0x00, 0x00, 0x00, 0x00, 0x00, 0x00, 0x00, 0x00, 0x00, 
    0x00, 0xff, 0xff, 0xff, 0x00, 0xff, 0xff, 0xff, 0x00, 0xff, 0xff, 0xff, 0x00, 
    0xf0, 0x00, 0xe0, 0x00, 0xf0, 0x00, 0xe0, 0x00, 0xf0, 0x00, 0xe0, 0x00, 0xf0, 
    0x00, 0xe0, 0x00, 0xf0, 0x00, 0xe0, 0x00, 0xf0, 0x00, 0xe0, 0x00, 0xf0, 0x00, 
    0x00, 0x00, 0xf0, 0xc0, 0x01, 0x00, 0xf0, 0xc0, 0x01, 0x00, 0xf0, 0xc0, 0x01, 
    0x00, 0xf0, 0xff, 0x01, 0x00, 0xf0, 0xff, 0x01, 0x00, 0xf0, 0xff, 0x01, 0x00, 
    0xf0, 0xc0, 0x01, 0x00, 0xf0, 0xc0, 0x01, 0x00, 0xf0, 0xc0, 0xc1, 0x01, 0xf0, 
    0x00, 0xe0, 0x01, 0xf0, 0x00, 0xe0, 0x01, 0xf0, 0x00, 0xe0, 0x01, 0xf0, 0x00, 
    0xe0, 0x01, 0xf0, 0x00, 0xe0, 0x01, 0xf0, 0x00, 0xe0, 0x01, 0xf0, 0x00, 0xe0, 
    0x01, 0xff, 0xff, 0xff, 0x01, 0xff, 0xff, 0xff, 0x01, 0xff, 0xff, 0xff, 0x01

};
static GX_CONST GX_UBYTE FONT_THEME_1_VALUE_TOTAL_char_cc[123] =
{
    0x10, 0x00, 0x00, 0x78, 0x00, 0x00, 0xfc, 0x00, 0x00, 0xfc, 0x03, 0x00, 0xfc, 
    0x0f, 0x00, 0xe0, 0x3f, 0x00, 0x00, 0x7f, 0x00, 0x00, 0xf8, 0x00, 0x00, 0x40, 
    0x00, 0x00, 0x00, 0x00, 0x00, 0x00, 0x00, 0x00, 0x00, 0x00, 0xfe, 0xff, 0x07, 
    0xff, 0xff, 0x0f, 0xfe, 0xff, 0x07, 0x00, 0x0f, 0x00, 0x00, 0x0f, 0x00, 0x00, 
    0x0f, 0x00, 0x00, 0x0f, 0x00, 0x00, 0x0f, 0x00, 0x00, 0x0f, 0x00, 0x00, 0x0f, 
    0x00, 0x00, 0x0f, 0x00, 0x00, 0x0f, 0x00, 0x00, 0x0f, 0x00, 0x00, 0x0f, 0x00, 
    0x00, 0x0f, 0x00, 0x00, 0x0f, 0x00, 0x00, 0x0f, 0x00, 0x00, 0x0f, 0x00, 0x00, 
    0x0f, 0x00, 0x00, 0x0f, 0x00, 0x00, 0x0f, 0x00, 0x00, 0x0f, 0x00, 0x00, 0x0f, 
    0x00, 0x00, 0x0f, 0x00, 0x00, 0x0f, 0x00, 0x00, 0x0f, 0x00, 0xff, 0xff, 0x0f, 
    0xff, 0xff, 0x0f, 0xff, 0xff, 0x0f
};
static GX_CONST GX_UBYTE FONT_THEME_1_VALUE_TOTAL_char_cd[123] =
{
    0x00, 0x80, 0x00, 0x00, 0xc0, 0x03, 0x00, 0xf0, 0x03, 0x00, 0xfc, 0x03, 0x00, 
    0xfe, 0x03, 0x80, 0x7f, 0x00, 0xe0, 0x0f, 0x00, 0xe0, 0x01, 0x00, 0x60, 0x00, 
    0x00, 0x00, 0x00, 0x00, 0x00, 0x00, 0x00, 0x00, 0x00, 0x00, 0xfe, 0xff, 0x07, 
    0xff, 0xff, 0x0f, 0xfe, 0xff, 0x07, 0x00, 0x0f, 0x00, 0x00, 0x0f, 0x00, 0x00, 
    0x0f, 0x00, 0x00, 0x0f, 0x00, 0x00, 0x0f, 0x00, 0x00, 0x0f, 0x00, 0x00, 0x0f, 
    0x00, 0x00, 0x0f, 0x00, 0x00, 0x0f, 0x00, 0x00, 0x0f, 0x00, 0x00, 0x0f, 0x00, 
    0x00, 0x0f, 0x00, 0x00, 0x0f, 0x00, 0x00, 0x0f, 0x00, 0x00, 0x0f, 0x00, 0x00, 
    0x0f, 0x00, 0x00, 0x0f, 0x00, 0x00, 0x0f, 0x00, 0x00, 0x0f, 0x00, 0x00, 0x0f, 
    0x00, 0x00, 0x0f, 0x00, 0x00, 0x0f, 0x00, 0x00, 0x0f, 0x00, 0xff, 0xff, 0x0f, 
    0xff, 0xff, 0x0f, 0xff, 0xff, 0x0f
};
static GX_CONST GX_UBYTE FONT_THEME_1_VALUE_TOTAL_char_ce[123] =
{
    0x00, 0x06, 0x00, 0x80, 0x1f, 0x00, 0xc0, 0x3f, 0x00, 0xe0, 0x7f, 0x00, 0xf0, 
    0xff, 0x00, 0xf8, 0xf0, 0x01, 0x3c, 0xc0, 0x03, 0x0e, 0x80, 0x03, 0x00, 0x00, 
    0x00, 0x00, 0x00, 0x00, 0x00, 0x00, 0x00, 0x00, 0x00, 0x00, 0xfe, 0xff, 0x07, 
    0xff, 0xff, 0x0f, 0xfe, 0xff, 0x07, 0x00, 0x0f, 0x00, 0x00, 0x0f, 0x00, 0x00, 
    0x0f, 0x00, 0x00, 0x0f, 0x00, 0x00, 0x0f, 0x00, 0x00, 0x0f, 0x00, 0x00, 0x0f, 
    0x00, 0x00, 0x0f, 0x00, 0x00, 0x0f, 0x00, 0x00, 0x0f, 0x00, 0x00, 0x0f, 0x00, 
    0x00, 0x0f, 0x00, 0x00, 0x0f, 0x00, 0x00, 0x0f, 0x00, 0x00, 0x0f, 0x00, 0x00, 
    0x0f, 0x00, 0x00, 0x0f, 0x00, 0x00, 0x0f, 0x00, 0x00, 0x0f, 0x00, 0x00, 0x0f, 
    0x00, 0x00, 0x0f, 0x00, 0x00, 0x0f, 0x00, 0x00, 0x0f, 0x00, 0xff, 0xff, 0x0f, 
    0xff, 0xff, 0x0f, 0xff, 0xff, 0x0f
};
static GX_CONST GX_UBYTE FONT_THEME_1_VALUE_TOTAL_char_cf[117] =
{
    0x38, 0xc0, 0x01, 0x7c, 0xe0, 0x03, 0xfc, 0xf0, 0x03, 0xfc, 0xf0, 0x03, 0x7c, 
    0xe0, 0x03, 0x38, 0xc0, 0x01, 0x00, 0x00, 0x00, 0x00, 0x00, 0x00, 0x00, 0x00, 
    0x00, 0x00, 0x00, 0x00, 0xfe, 0xff, 0x07, 0xff, 0xff, 0x0f, 0xfe, 0xff, 0x07, 
    0x00, 0x0f, 0x00, 0x00, 0x0f, 0x00, 0x00, 0x0f, 0x00, 0x00, 0x0f, 0x00, 0x00, 
    0x0f, 0x00, 0x00, 0x0f, 0x00, 0x00, 0x0f, 0x00, 0x00, 0x0f, 0x00, 0x00, 0x0f, 
    0x00, 0x00, 0x0f, 0x00, 0x00, 0x0f, 0x00, 0x00, 0x0f, 0x00, 0x00, 0x0f, 0x00, 
    0x00, 0x0f, 0x00, 0x00, 0x0f, 0x00, 0x00, 0x0f, 0x00, 0x00, 0x0f, 0x00, 0x00, 
    0x0f, 0x00, 0x00, 0x0f, 0x00, 0x00, 0x0f, 0x00, 0x00, 0x0f, 0x00, 0x00, 0x0f, 
    0x00, 0x00, 0x0f, 0x00, 0xff, 0xff, 0x0f, 0xff, 0xff, 0x0f, 0xff, 0xff, 0x0f

};
static GX_CONST GX_UBYTE FONT_THEME_1_VALUE_TOTAL_char_d0[116] =
{
    0xfe, 0xff, 0x03, 0x00, 0xfe, 0xff, 0x0f, 0x00, 0xfe, 0xff, 0x3f, 0x00, 0xe0, 
    0x01, 0x7e, 0x00, 0xe0, 0x01, 0xf8, 0x00, 0xe0, 0x01, 0xf0, 0x01, 0xe0, 0x01, 
    0xe0, 0x01, 0xe0, 0x01, 0xe0, 0x03, 0xe0, 0x01, 0xc0, 0x03, 0xe0, 0x01, 0xc0, 
    0x03, 0xe0, 0x01, 0x80, 0x03, 0xe0, 0x01, 0x80, 0x07, 0xe0, 0x01, 0x80, 0x07, 
    0xff, 0x7f, 0x80, 0x07, 0xff, 0x7f, 0x80, 0x07, 0xff, 0x7f, 0x80, 0x07, 0xe0, 
    0x01, 0x80, 0x07, 0xe0, 0x01, 0x80, 0x07, 0xe0, 0x01, 0x80, 0x03, 0xe0, 0x01, 
    0xc0, 0x03, 0xe0, 0x01, 0xc0, 0x03, 0xe0, 0x01, 0xe0, 0x03, 0xe0, 0x01, 0xe0, 
    0x01, 0xe0, 0x01, 0xf0, 0x01, 0xe0, 0x01, 0xf8, 0x00, 0xe0, 0x01, 0x7e, 0x00, 
    0xfe, 0xff, 0x3f, 0x00, 0xfe, 0xff, 0x0f, 0x00, 0xfe, 0xff, 0x03, 0x00
};
static GX_CONST GX_UBYTE FONT_THEME_1_VALUE_TOTAL_char_d1[152] =
{
    0x00, 0x00, 0x18, 0x00, 0x80, 0xff, 0x1f, 0x00, 0xe0, 0xff, 0x1f, 0x00, 0xf0, 
    0xff, 0x07, 0x00, 0x60, 0x00, 0x00, 0x00, 0x00, 0x00, 0x00, 0x00, 0x00, 0x00, 
    0x00, 0x00, 0x00, 0x00, 0x00, 0x00, 0xff, 0x00, 0xff, 0x03, 0xff, 0x81, 0xff, 
    0x03, 0xff, 0x01, 0xff, 0x03, 0xf8, 0x03, 0x70, 0x00, 0xf8, 0x03, 0x70, 0x00, 
    0xf8, 0x07, 0x70, 0x00, 0xf8, 0x07, 0x70, 0x00, 0x78, 0x0f, 0x70, 0x00, 0x78, 
    0x1f, 0x70, 0x00, 0x78, 0x1e, 0x70, 0x00, 0x78, 0x3e, 0x70, 0x00, 0x78, 0x3c, 
    0x70, 0x00, 0x78, 0x7c, 0x70, 0x00, 0x78, 0x78, 0x70, 0x00, 0x78, 0xf0, 0x70, 
    0x00, 0x78, 0xf0, 0x71, 0x00, 0x78, 0xe0, 0x71, 0x00, 0x78, 0xe0, 0x73, 0x00, 
    0x78, 0xc0, 0x73, 0x00, 0x78, 0xc0, 0x77, 0x00, 0x78, 0x80, 0x77, 0x00, 0x78, 
    0x80, 0x7f, 0x00, 0x78, 0x00, 0x7f, 0x00, 0x78, 0x00, 0x7e, 0x00, 0x78, 0x00, 
    0x7e, 0x00, 0x78, 0x00, 0x7c, 0x00, 0xff, 0x07, 0x7c, 0x00, 0xff, 0x0f, 0x78, 
    0x00, 0xff, 0x07, 0x78, 0x00, 0x00, 0x00, 0x70, 0x00
};
static GX_CONST GX_UBYTE FONT_THEME_1_VALUE_TOTAL_char_d2[168] =
{
    0x80, 0x00, 0x00, 0x00, 0xc0, 0x03, 0x00, 0x00, 0xe0, 0x07, 0x00, 0x00, 0xe0, 
    0x1f, 0x00, 0x00, 0xe0, 0x7f, 0x00, 0x00, 0x00, 0xff, 0x01, 0x00, 0x00, 0xf8, 
    0x03, 0x00, 0x00, 0xc0, 0x07, 0x00, 0x00, 0x00, 0x02, 0x00, 0x00, 0x00, 0x00, 
    0x00, 0x00, 0x00, 0x00, 0x00, 0x00, 0xfe, 0x01, 0x00, 0x80, 0xff, 0x07, 0x00, 
    0xe0, 0xff, 0x0f, 0x00, 0xf0, 0x03, 0x3f, 0x00, 0xf8, 0x00, 0x3c, 0x00, 0x78, 
    0x00, 0x78, 0x00, 0x3c, 0x00, 0xf0, 0x00, 0x3c, 0x00, 0xf0, 0x00, 0x1e, 0x00, 
    0xe0, 0x01, 0x1e, 0x00, 0xe0, 0x01, 0x1e, 0x00, 0xe0, 0x01, 0x0f, 0x00, 0xc0, 
    0x01, 0x0f, 0x00, 0xc0, 0x03, 0x0f, 0x00, 0xc0, 0x03, 0x0f, 0x00, 0xc0, 0x03, 
    0x0f, 0x00, 0xc0, 0x03, 0x0f, 0x00, 0xc0, 0x03, 0x0f, 0x00, 0xc0, 0x03, 0x0f, 
    0x00, 0xc0, 0x03, 0x0f, 0x00, 0xc0, 0x01, 0x1e, 0x00, 0xe0, 0x01, 0x1e, 0x00, 
    0xe0, 0x01, 0x1e, 0x00, 0xe0, 0x01, 0x3c, 0x00, 0xf0, 0x00, 0x3c, 0x00, 0xf0, 
    0x00, 0x78, 0x00, 0x78, 0x00, 0xf8, 0x00, 0x3c, 0x00, 0xf0, 0x03, 0x3f, 0x00, 
    0xe0, 0xff, 0x0f, 0x00, 0x80, 0xff, 0x07, 0x00, 0x00, 0xfe, 0x01, 0x00
};
static GX_CONST GX_UBYTE FONT_THEME_1_VALUE_TOTAL_char_d3[168] =
{
    0x00, 0x00, 0x04, 0x00, 0x00, 0x00, 0x0f, 0x00, 0x00, 0x80, 0x1f, 0x00, 0x00, 
    0xe0, 0x1f, 0x00, 0x00, 0xf8, 0x1f, 0x00, 0x00, 0xfe, 0x03, 0x00, 0x00, 0x7f, 
    0x00, 0x00, 0x80, 0x0f, 0x00, 0x00, 0x00, 0x01, 0x00, 0x00, 0x00, 0x00, 0x00, 
    0x00, 0x00, 0x00, 0x00, 0x00, 0x00, 0xfe, 0x01, 0x00, 0x80, 0xff, 0x07, 0x00, 
    0xe0, 0xff, 0x0f, 0x00, 0xf0, 0x03, 0x3f, 0x00, 0xf8, 0x00, 0x3c, 0x00, 0x78, 
    0x00, 0x78, 0x00, 0x3c, 0x00, 0xf0, 0x00, 0x3c, 0x00, 0xf0, 0x00, 0x1e, 0x00, 
    0xe0, 0x01, 0x1e, 0x00, 0xe0, 0x01, 0x1e, 0x00, 0xe0, 0x01, 0x0f, 0x00, 0xc0, 
    0x01, 0x0f, 0x00, 0xc0, 0x03, 0x0f, 0x00, 0xc0, 0x03, 0x0f, 0x00, 0xc0, 0x03, 
    0x0f, 0x00, 0xc0, 0x03, 0x0f, 0x00, 0xc0, 0x03, 0x0f, 0x00, 0xc0, 0x03, 0x0f, 
    0x00, 0xc0, 0x03, 0x0f, 0x00, 0xc0, 0x01, 0x1e, 0x00, 0xe0, 0x01, 0x1e, 0x00, 
    0xe0, 0x01, 0x1e, 0x00, 0xe0, 0x01, 0x3c, 0x00, 0xf0, 0x00, 0x3c, 0x00, 0xf0, 
    0x00, 0x78, 0x00, 0x78, 0x00, 0xf8, 0x00, 0x3c, 0x00, 0xf0, 0x03, 0x3f, 0x00, 
    0xe0, 0xff, 0x0f, 0x00, 0x80, 0xff, 0x07, 0x00, 0x00, 0xfe, 0x01, 0x00
};
static GX_CONST GX_UBYTE FONT_THEME_1_VALUE_TOTAL_char_d4[168] =
{
    0x00, 0x30, 0x00, 0x00, 0x00, 0xfc, 0x00, 0x00, 0x00, 0xfe, 0x01, 0x00, 0x00, 
    0xff, 0x03, 0x00, 0x80, 0xff, 0x07, 0x00, 0xc0, 0x87, 0x0f, 0x00, 0xe0, 0x01, 
    0x1e, 0x00, 0x70, 0x00, 0x1c, 0x00, 0x00, 0x00, 0x00, 0x00, 0x00, 0x00, 0x00, 
    0x00, 0x00, 0x00, 0x00, 0x00, 0x00, 0xfe, 0x01, 0x00, 0x80, 0xff, 0x07, 0x00, 
    0xe0, 0xff, 0x0f, 0x00, 0xf0, 0x03, 0x3f, 0x00, 0xf8, 0x00, 0x3c, 0x00, 0x78, 
    0x00, 0x78, 0x00, 0x3c, 0x00, 0xf0, 0x00, 0x3c, 0x00, 0xf0, 0x00, 0x1e, 0x00, 
    0xe0, 0x01, 0x1e, 0x00, 0xe0, 0x01, 0x1e, 0x00, 0xe0, 0x01, 0x0f, 0x00, 0xc0, 
    0x01, 0x0f, 0x00, 0xc0, 0x03, 0x0f, 0x00, 0xc0, 0x03, 0x0f, 0x00, 0xc0, 0x03, 
    0x0f, 0x00, 0xc0, 0x03, 0x0f, 0x00, 0xc0, 0x03, 0x0f, 0x00, 0xc0, 0x03, 0x0f, 
    0x00, 0xc0, 0x03, 0x0f, 0x00, 0xc0, 0x01, 0x1e, 0x00, 0xe0, 0x01, 0x1e, 0x00, 
    0xe0, 0x01, 0x1e, 0x00, 0xe0, 0x01, 0x3c, 0x00, 0xf0, 0x00, 0x3c, 0x00, 0xf0, 
    0x00, 0x78, 0x00, 0x78, 0x00, 0xf8, 0x00, 0x3c, 0x00, 0xf0, 0x03, 0x3f, 0x00, 
    0xe0, 0xff, 0x0f, 0x00, 0x80, 0xff, 0x07, 0x00, 0x00, 0xfe, 0x01, 0x00
};
static GX_CONST GX_UBYTE FONT_THEME_1_VALUE_TOTAL_char_d5[152] =
{
    0x00, 0x00, 0x18, 0x00, 0x80, 0xff, 0x1f, 0x00, 0xe0, 0xff, 0x1f, 0x00, 0xf0, 
    0xff, 0x07, 0x00, 0x60, 0x00, 0x00, 0x00, 0x00, 0x00, 0x00, 0x00, 0x00, 0x00, 
    0x00, 0x00, 0x00, 0xfe, 0x01, 0x00, 0x80, 0xff, 0x07, 0x00, 0xe0, 0xff, 0x0f, 
    0x00, 0xf0, 0x03, 0x3f, 0x00, 0xf8, 0x00, 0x3c, 0x00, 0x78, 0x00, 0x78, 0x00, 
    0x3c, 0x00, 0xf0, 0x00, 0x3c, 0x00, 0xf0, 0x00, 0x1e, 0x00, 0xe0, 0x01, 0x1e, 
    0x00, 0xe0, 0x01, 0x1e, 0x00, 0xe0, 0x01, 0x0f, 0x00, 0xc0, 0x01, 0x0f, 0x00, 
    0xc0, 0x03, 0x0f, 0x00, 0xc0, 0x03, 0x0f, 0x00, 0xc0, 0x03, 0x0f, 0x00, 0xc0, 
    0x03, 0x0f, 0x00, 0xc0, 0x03, 0x0f, 0x00, 0xc0, 0x03, 0x0f, 0x00, 0xc0, 0x03, 
    0x0f, 0x00, 0xc0, 0x01, 0x1e, 0x00, 0xe0, 0x01, 0x1e, 0x00, 0xe0, 0x01, 0x1e, 
    0x00, 0xe0, 0x01, 0x3c, 0x00, 0xf0, 0x00, 0x3c, 0x00, 0xf0, 0x00, 0x78, 0x00, 
    0x78, 0x00, 0xf8, 0x00, 0x3c, 0x00, 0xf0, 0x03, 0x3f, 0x00, 0xe0, 0xff, 0x0f, 
    0x00, 0x80, 0xff, 0x07, 0x00, 0x00, 0xfe, 0x01, 0x00
};
static GX_CONST GX_UBYTE FONT_THEME_1_VALUE_TOTAL_char_d6[160] =
{
    0xc0, 0x01, 0x0e, 0x00, 0xe0, 0x03, 0x1f, 0x00, 0xe0, 0x87, 0x1f, 0x00, 0xe0, 
    0x87, 0x1f, 0x00, 0xe0, 0x03, 0x1f, 0x00, 0xc0, 0x01, 0x0e, 0x00, 0x00, 0x00, 
    0x00, 0x00, 0x00, 0x00, 0x00, 0x00, 0x00, 0x00, 0x00, 0x00, 0x00, 0xfe, 0x01, 
    0x00, 0x80, 0xff, 0x07, 0x00, 0xe0, 0xff, 0x0f, 0x00, 0xf0, 0x03, 0x3f, 0x00, 
    0xf8, 0x00, 0x3c, 0x00, 0x78, 0x00, 0x78, 0x00, 0x3c, 0x00, 0xf0, 0x00, 0x3c, 
    0x00, 0xf0, 0x00, 0x1e, 0x00, 0xe0, 0x01, 0x1e, 0x00, 0xe0, 0x01, 0x1e, 0x00, 
    0xe0, 0x01, 0x0f, 0x00, 0xc0, 0x01, 0x0f, 0x00, 0xc0, 0x03, 0x0f, 0x00, 0xc0, 
    0x03, 0x0f, 0x00, 0xc0, 0x03, 0x0f, 0x00, 0xc0, 0x03, 0x0f, 0x00, 0xc0, 0x03, 
    0x0f, 0x00, 0xc0, 0x03, 0x0f, 0x00, 0xc0, 0x03, 0x0f, 0x00, 0xc0, 0x01, 0x1e, 
    0x00, 0xe0, 0x01, 0x1e, 0x00, 0xe0, 0x01, 0x1e, 0x00, 0xe0, 0x01, 0x3c, 0x00, 
    0xf0, 0x00, 0x3c, 0x00, 0xf0, 0x00, 0x78, 0x00, 0x78, 0x00, 0xf8, 0x00, 0x3c, 
    0x00, 0xf0, 0x03, 0x3f, 0x00, 0xe0, 0xff, 0x0f, 0x00, 0x80, 0xff, 0x07, 0x00, 
    0x00, 0xfe, 0x01, 0x00
};
static GX_CONST GX_UBYTE FONT_THEME_1_VALUE_TOTAL_char_d7[57] =
{
    0x02, 0x80, 0x01, 0x07, 0x80, 0x03, 0x0f, 0xc0, 0x03, 0x1f, 0xe0, 0x03, 0x3e, 
    0xf0, 0x01, 0x7c, 0xf8, 0x00, 0xf8, 0x7c, 0x00, 0xf0, 0x3f, 0x00, 0xe0, 0x1f, 
    0x00, 0xc0, 0x0f, 0x00, 0xc0, 0x0f, 0x00, 0xe0, 0x1f, 0x00, 0xf0, 0x3f, 0x00, 
    0xf8, 0x7c, 0x00, 0x7c, 0xf8, 0x00, 0x3e, 0xf0, 0x01, 0x1f, 0xe0, 0x03, 0x0f, 
    0xc0, 0x03, 0x07, 0x80, 0x03
};
static GX_CONST GX_UBYTE FONT_THEME_1_VALUE_TOTAL_char_d8[124] =
{
    0x00, 0xfe, 0x61, 0x00, 0x80, 0xff, 0xf7, 0x00, 0xe0, 0xff, 0xff, 0x00, 0xf0, 
    0x03, 0x7f, 0x00, 0xf8, 0x00, 0x3c, 0x00, 0x78, 0x00, 0x7e, 0x00, 0x3c, 0x00, 
    0xfe, 0x00, 0x3c, 0x00, 0xff, 0x00, 0x1e, 0x80, 0xff, 0x01, 0x1e, 0x80, 0xe7, 
    0x01, 0x1e, 0xc0, 0xe7, 0x01, 0x0f, 0xe0, 0xc3, 0x01, 0x0f, 0xe0, 0xc1, 0x03, 
    0x0f, 0xf0, 0xc1, 0x03, 0x0f, 0xf8, 0xc0, 0x03, 0x0f, 0x78, 0xc0, 0x03, 0x0f, 
    0x7c, 0xc0, 0x03, 0x0f, 0x3e, 0xc0, 0x03, 0x0f, 0x1e, 0xc0, 0x03, 0x0f, 0x1f, 
    0xc0, 0x01, 0x9e, 0x0f, 0xe0, 0x01, 0x9e, 0x07, 0xe0, 0x01, 0xde, 0x07, 0xe0, 
    0x01, 0xfc, 0x03, 0xf0, 0x00, 0xfc, 0x01, 0xf0, 0x00, 0xf8, 0x01, 0x78, 0x00, 
    0xf8, 0x00, 0x3c, 0x00, 0xf8, 0x03, 0x3f, 0x00, 0xfc, 0xff, 0x0f, 0x00, 0xbc, 
    0xff, 0x07, 0x00, 0x18, 0xfe, 0x01, 0x00
};
static GX_CONST GX_UBYTE FONT_THEME_1_VALUE_TOTAL_char_d9[168] =
{
    0x80, 0x00, 0x00, 0x00, 0xc0, 0x03, 0x00, 0x00, 0xe0, 0x07, 0x00, 0x00, 0xe0, 
    0x1f, 0x00, 0x00, 0xe0, 0x7f, 0x00, 0x00, 0x00, 0xff, 0x01, 0x00, 0x00, 0xf8, 
    0x03, 0x00, 0x00, 0xc0, 0x07, 0x00, 0x00, 0x00, 0x02, 0x00, 0x00, 0x00, 0x00, 
    0x00, 0x00, 0x00, 0x00, 0x00, 0x00, 0x00, 0x00, 0x00, 0xff, 0x03, 0xff, 0x03, 
    0xff, 0x87, 0xff, 0x03, 0xff, 0x03, 0xff, 0x03, 0x38, 0x00, 0x70, 0x00, 0x38, 
    0x00, 0x70, 0x00, 0x38, 0x00, 0x70, 0x00, 0x38, 0x00, 0x70, 0x00, 0x38, 0x00, 
    0x70, 0x00, 0x38, 0x00, 0x70, 0x00, 0x38, 0x00, 0x70, 0x00, 0x38, 0x00, 0x70, 
    0x00, 0x38, 0x00, 0x70, 0x00, 0x38, 0x00, 0x70, 0x00, 0x38, 0x00, 0x70, 0x00, 
    0x38, 0x00, 0x70, 0x00, 0x38, 0x00, 0x70, 0x00, 0x38, 0x00, 0x70, 0x00, 0x38, 
    0x00, 0x70, 0x00, 0x38, 0x00, 0x70, 0x00, 0x38, 0x00, 0x70, 0x00, 0x38, 0x00, 
    0x70, 0x00, 0x78, 0x00, 0x78, 0x00, 0x78, 0x00, 0x78, 0x00, 0x78, 0x00, 0x78, 
    0x00, 0x70, 0x00, 0x3c, 0x00, 0xf0, 0x00, 0x3c, 0x00, 0xe0, 0x03, 0x1f, 0x00, 
    0xc0, 0xff, 0x0f, 0x00, 0x80, 0xff, 0x07, 0x00, 0x00, 0xfe, 0x01, 0x00
};
static GX_CONST GX_UBYTE FONT_THEME_1_VALUE_TOTAL_char_da[168] =
{
    0x00, 0x00, 0x04, 0x00, 0x00, 0x00, 0x1e, 0x00, 0x00, 0x80, 0x1f, 0x00, 0x00, 
    0xe0, 0x1f, 0x00, 0x00, 0xf0, 0x1f, 0x00, 0x00, 0xfc, 0x03, 0x00, 0x00, 0x7f, 
    0x00, 0x00, 0x00, 0x0f, 0x00, 0x00, 0x00, 0x03, 0x00, 0x00, 0x00, 0x00, 0x00, 
    0x00, 0x00, 0x00, 0x00, 0x00, 0x00, 0x00, 0x00, 0x00, 0xff, 0x03, 0xff, 0x03, 
    0xff, 0x87, 0xff, 0x03, 0xff, 0x03, 0xff, 0x03, 0x38, 0x00, 0x70, 0x00, 0x38, 
    0x00, 0x70, 0x00, 0x38, 0x00, 0x70, 0x00, 0x38, 0x00, 0x70, 0x00, 0x38, 0x00, 
    0x70, 0x00, 0x38, 0x00, 0x70, 0x00, 0x38, 0x00, 0x70, 0x00, 0x38, 0x00, 0x70, 
    0x00, 0x38, 0x00, 0x70, 0x00, 0x38, 0x00, 0x70, 0x00, 0x38, 0x00, 0x70, 0x00, 
    0x38, 0x00, 0x70, 0x00, 0x38, 0x00, 0x70, 0x00, 0x38, 0x00, 0x70, 0x00, 0x38, 
    0x00, 0x70, 0x00, 0x38, 0x00, 0x70, 0x00, 0x38, 0x00, 0x70, 0x00, 0x38, 0x00, 
    0x70, 0x00, 0x78, 0x00, 0x78, 0x00, 0x78, 0x00, 0x78, 0x00, 0x78, 0x00, 0x78, 
    0x00, 0x70, 0x00, 0x3c, 0x00, 0xf0, 0x00, 0x3c, 0x00, 0xe0, 0x03, 0x1f, 0x00, 
    0xc0, 0xff, 0x0f, 0x00, 0x80, 0xff, 0x07, 0x00, 0x00, 0xfe, 0x01, 0x00
};
static GX_CONST GX_UBYTE FONT_THEME_1_VALUE_TOTAL_char_db[168] =
{
    0x00, 0x30, 0x00, 0x00, 0x00, 0xfc, 0x00, 0x00, 0x00, 0xfe, 0x01, 0x00, 0x00, 
    0xff, 0x03, 0x00, 0x80, 0xff, 0x07, 0x00, 0xc0, 0x87, 0x0f, 0x00, 0xe0, 0x01, 
    0x1e, 0x00, 0x70, 0x00, 0x1c, 0x00, 0x00, 0x00, 0x00, 0x00, 0x00, 0x00, 0x00, 
    0x00, 0x00, 0x00, 0x00, 0x00, 0x00, 0x00, 0x00, 0x00, 0xff, 0x03, 0xff, 0x03, 
    0xff, 0x87, 0xff, 0x03, 0xff, 0x03, 0xff, 0x03, 0x38, 0x00, 0x70, 0x00, 0x38, 
    0x00, 0x70, 0x00, 0x38, 0x00, 0x70, 0x00, 0x38, 0x00, 0x70, 0x00, 0x38, 0x00, 
    0x70, 0x00, 0x38, 0x00, 0x70, 0x00, 0x38, 0x00, 0x70, 0x00, 0x38, 0x00, 0x70, 
    0x00, 0x38, 0x00, 0x70, 0x00, 0x38, 0x00, 0x70, 0x00, 0x38, 0x00, 0x70, 0x00, 
    0x38, 0x00, 0x70, 0x00, 0x38, 0x00, 0x70, 0x00, 0x38, 0x00, 0x70, 0x00, 0x38, 
    0x00, 0x70, 0x00, 0x38, 0x00, 0x70, 0x00, 0x38, 0x00, 0x70, 0x00, 0x38, 0x00, 
    0x70, 0x00, 0x78, 0x00, 0x78, 0x00, 0x78, 0x00, 0x78, 0x00, 0x78, 0x00, 0x78, 
    0x00, 0x70, 0x00, 0x3c, 0x00, 0xf0, 0x00, 0x3c, 0x00, 0xe0, 0x03, 0x1f, 0x00, 
    0xc0, 0xff, 0x0f, 0x00, 0x80, 0xff, 0x07, 0x00, 0x00, 0xfe, 0x01, 0x00
};
static GX_CONST GX_UBYTE FONT_THEME_1_VALUE_TOTAL_char_dc[160] =
{
    0xc0, 0x01, 0x0e, 0x00, 0xe0, 0x03, 0x1f, 0x00, 0xe0, 0x87, 0x1f, 0x00, 0xe0, 
    0x87, 0x1f, 0x00, 0xe0, 0x03, 0x1f, 0x00, 0xc0, 0x01, 0x0e, 0x00, 0x00, 0x00, 
    0x00, 0x00, 0x00, 0x00, 0x00, 0x00, 0x00, 0x00, 0x00, 0x00, 0x00, 0x00, 0x00, 
    0x00, 0xff, 0x03, 0xff, 0x03, 0xff, 0x87, 0xff, 0x03, 0xff, 0x03, 0xff, 0x03, 
    0x38, 0x00, 0x70, 0x00, 0x38, 0x00, 0x70, 0x00, 0x38, 0x00, 0x70, 0x00, 0x38, 
    0x00, 0x70, 0x00, 0x38, 0x00, 0x70, 0x00, 0x38, 0x00, 0x70, 0x00, 0x38, 0x00, 
    0x70, 0x00, 0x38, 0x00, 0x70, 0x00, 0x38, 0x00, 0x70, 0x00, 0x38, 0x00, 0x70, 
    0x00, 0x38, 0x00, 0x70, 0x00, 0x38, 0x00, 0x70, 0x00, 0x38, 0x00, 0x70, 0x00, 
    0x38, 0x00, 0x70, 0x00, 0x38, 0x00, 0x70, 0x00, 0x38, 0x00, 0x70, 0x00, 0x38, 
    0x00, 0x70, 0x00, 0x38, 0x00, 0x70, 0x00, 0x78, 0x00, 0x78, 0x00, 0x78, 0x00, 
    0x78, 0x00, 0x78, 0x00, 0x78, 0x00, 0x70, 0x00, 0x3c, 0x00, 0xf0, 0x00, 0x3c, 
    0x00, 0xe0, 0x03, 0x1f, 0x00, 0xc0, 0xff, 0x0f, 0x00, 0x80, 0xff, 0x07, 0x00, 
    0x00, 0xfe, 0x01, 0x00
};
static GX_CONST GX_UBYTE FONT_THEME_1_VALUE_TOTAL_char_dd[164] =
{
    0x00, 0x00, 0x08, 0x00, 0x00, 0x00, 0x3c, 0x00, 0x00, 0x00, 0x3f, 0x00, 0x00, 
    0xc0, 0x3f, 0x00, 0x00, 0xe0, 0x3f, 0x00, 0x00, 0xf8, 0x07, 0x00, 0x00, 0xfe, 
    0x00, 0x00, 0x00, 0x1e, 0x00, 0x00, 0x00, 0x06, 0x00, 0x00, 0x00, 0x00, 0x00, 
    0x00, 0x00, 0x00, 0x00, 0x00, 0x00, 0x00, 0x00, 0x00, 0xfe, 0x07, 0xfe, 0x07, 
    0xff, 0x0f, 0xfe, 0x0f, 0xfe, 0x07, 0xfe, 0x07, 0xf0, 0x00, 0xf0, 0x00, 0xe0, 
    0x01, 0x78, 0x00, 0xe0, 0x01, 0x78, 0x00, 0xc0, 0x03, 0x3c, 0x00, 0xc0, 0x07, 
    0x3e, 0x00, 0x80, 0x07, 0x1e, 0x00, 0x00, 0x0f, 0x0f, 0x00, 0x00, 0x0f, 0x0f, 
    0x00, 0x00, 0x9e, 0x07, 0x00, 0x00, 0xfe, 0x07, 0x00, 0x00, 0xfc, 0x03, 0x00, 
    0x00, 0xf8, 0x01, 0x00, 0x00, 0xf8, 0x01, 0x00, 0x00, 0xf0, 0x00, 0x00, 0x00, 
    0xf0, 0x00, 0x00, 0x00, 0xf0, 0x00, 0x00, 0x00, 0xf0, 0x00, 0x00, 0x00, 0xf0, 
    0x00, 0x00, 0x00, 0xf0, 0x00, 0x00, 0x00, 0xf0, 0x00, 0x00, 0x00, 0xf0, 0x00, 
    0x00, 0x00, 0xf0, 0x00, 0x00, 0x00, 0xf0, 0x00, 0x00, 0xe0, 0xff, 0x7f, 0x00, 
    0xe0, 0xff, 0x7f, 0x00, 0xe0, 0xff, 0x7f, 0x00
};
static GX_CONST GX_UBYTE FONT_THEME_1_VALUE_TOTAL_char_de[87] =
{
    0xff, 0x7f, 0x00, 0xff, 0xff, 0x00, 0xff, 0x7f, 0x00, 0xe0, 0x01, 0x00, 0xe0, 
    0x01, 0x00, 0xe0, 0x01, 0x00, 0xe0, 0xff, 0x03, 0xe0, 0xff, 0x0f, 0xe0, 0xff, 
    0x1f, 0xe0, 0x01, 0x3e, 0xe0, 0x01, 0x3c, 0xe0, 0x01, 0x78, 0xe0, 0x01, 0x78, 
    0xe0, 0x01, 0x78, 0xe0, 0x01, 0x78, 0xe0, 0x01, 0x78, 0xe0, 0x01, 0x78, 0xe0, 
    0x01, 0x3c, 0xe0, 0x01, 0x3e, 0xe0, 0xff, 0x1f, 0xe0, 0xff, 0x0f, 0xe0, 0xff, 
    0x03, 0xe0, 0x01, 0x00, 0xe0, 0x01, 0x00, 0xe0, 0x01, 0x00, 0xe0, 0x01, 0x00, 
    0xff, 0x7f, 0x00, 0xff, 0xff, 0x00, 0xff, 0x7f, 0x00
};
static GX_CONST GX_UBYTE FONT_THEME_1_VALUE_TOTAL_char_df[132] =
{
    0x00, 0xf8, 0x03, 0x00, 0x00, 0xfe, 0x0f, 0x00, 0x00, 0xff, 0x1f, 0x00, 0x80, 
    0x0f, 0x3e, 0x00, 0xc0, 0x03, 0x3c, 0x00, 0xc0, 0x01, 0x78, 0x00, 0xe0, 0x01, 
    0x78, 0x00, 0xe0, 0x01, 0x78, 0x00, 0xe0, 0x01, 0x78, 0x00, 0xe0, 0x01, 0x78, 
    0x00, 0xe0, 0x01, 0x78, 0x00, 0xe0, 0x01, 0x78, 0x00, 0xe0, 0x01, 0x3c, 0x00, 
    0xe0, 0x81, 0x1f, 0x00, 0xe0, 0xe1, 0x0f, 0x00, 0xe0, 0xe1, 0x0f, 0x00, 0xe0, 
    0xe1, 0x1f, 0x00, 0xe0, 0x01, 0x3f, 0x00, 0xe0, 0x01, 0x78, 0x00, 0xe0, 0x01, 
    0xf0, 0x00, 0xe0, 0x01, 0xf0, 0x00, 0xe0, 0x01, 0xf0, 0x00, 0xe0, 0x01, 0xe0, 
    0x01, 0xe0, 0x01, 0xe0, 0x01, 0xe0, 0x01, 0xe0, 0x01, 0xe0, 0x01, 0xe0, 0x01, 
    0xe0, 0x01, 0xf0, 0x00, 0xe0, 0x01, 0xf0, 0x00, 0xe0, 0x01, 0x78, 0x00, 0xe0, 
    0x01, 0x7e, 0x00, 0xff, 0xe1, 0x3f, 0x00, 0xff, 0xe0, 0x1f, 0x00, 0x00, 0xe0, 
    0x03, 0x00
};
static GX_CONST GX_UBYTE FONT_THEME_1_VALUE_TOTAL_char_e0[140] =
{
    0x80, 0x00, 0x00, 0x00, 0xc0, 0x01, 0x00, 0x00, 0xe0, 0x07, 0x00, 0x00, 0xe0, 
    0x1f, 0x00, 0x00, 0xe0, 0x7f, 0x00, 0x00, 0x00, 0xff, 0x01, 0x00, 0x00, 0xf8, 
    0x03, 0x00, 0x00, 0xc0, 0x07, 0x00, 0x00, 0x00, 0x02, 0x00, 0x00, 0x00, 0x00, 
    0x00, 0x00, 0x00, 0x00, 0x00, 0x00, 0xff, 0x00, 0x00, 0xe0, 0xff, 0x03, 0x00, 
    0xf8, 0xff, 0x0f, 0x00, 0xfc, 0x81, 0x0f, 0x00, 0x38, 0x00, 0x1e, 0x00, 0x00, 
    0x00, 0x1e, 0x00, 0x00, 0x00, 0x1e, 0x00, 0x00, 0x00, 0x1c, 0x00, 0x00, 0x00, 
    0x1c, 0x00, 0xc0, 0x7f, 0x1c, 0x00, 0xf0, 0xff, 0x1f, 0x00, 0xfc, 0xff, 0x1f, 
    0x00, 0x7e, 0x80, 0x1f, 0x00, 0x1e, 0x00, 0x1c, 0x00, 0x1e, 0x00, 0x1c, 0x00, 
    0x0f, 0x00, 0x1c, 0x00, 0x0f, 0x00, 0x1e, 0x00, 0x0f, 0x00, 0x1e, 0x00, 0x0f, 
    0x80, 0x1f, 0x00, 0x1e, 0xc0, 0x3f, 0x00, 0x3e, 0xf0, 0xff, 0x01, 0xfc, 0xff, 
    0xf8, 0x01, 0xf8, 0x7f, 0xf0, 0x01, 0xe0, 0x0f, 0x00, 0x00
};
static GX_CONST GX_UBYTE FONT_THEME_1_VALUE_TOTAL_char_e1[140] =
{
    0x00, 0x00, 0x01, 0x00, 0x00, 0x80, 0x03, 0x00, 0x00, 0xe0, 0x07, 0x00, 0x00, 
    0xf8, 0x07, 0x00, 0x00, 0xfe, 0x07, 0x00, 0x80, 0xff, 0x00, 0x00, 0xc0, 0x1f, 
    0x00, 0x00, 0xe0, 0x03, 0x00, 0x00, 0x40, 0x00, 0x00, 0x00, 0x00, 0x00, 0x00, 
    0x00, 0x00, 0x00, 0x00, 0x00, 0x00, 0xff, 0x00, 0x00, 0xe0, 0xff, 0x03, 0x00, 
    0xf8, 0xff, 0x0f, 0x00, 0xfc, 0x81, 0x0f, 0x00, 0x38, 0x00, 0x1e, 0x00, 0x00, 
    0x00, 0x1e, 0x00, 0x00, 0x00, 0x1e, 0x00, 0x00, 0x00, 0x1c, 0x00, 0x00, 0x00, 
    0x1c, 0x00, 0xc0, 0x7f, 0x1c, 0x00, 0xf0, 0xff, 0x1f, 0x00, 0xfc, 0xff, 0x1f, 
    0x00, 0x7e, 0x80, 0x1f, 0x00, 0x1e, 0x00, 0x1c, 0x00, 0x1e, 0x00, 0x1c, 0x00, 
    0x0f, 0x00, 0x1c, 0x00, 0x0f, 0x00, 0x1e, 0x00, 0x0f, 0x00, 0x1e, 0x00, 0x0f, 
    0x80, 0x1f, 0x00, 0x1e, 0xc0, 0x3f, 0x00, 0x3e, 0xf0, 0xff, 0x01, 0xfc, 0xff, 
    0xf8, 0x01, 0xf8, 0x7f, 0xf0, 0x01, 0xe0, 0x0f, 0x00, 0x00
};
static GX_CONST GX_UBYTE FONT_THEME_1_VALUE_TOTAL_char_e2[140] =
{
    0x00, 0x18, 0x00, 0x00, 0x00, 0x7e, 0x00, 0x00, 0x00, 0xff, 0x00, 0x00, 0x80, 
    0xff, 0x01, 0x00, 0xc0, 0xff, 0x03, 0x00, 0xe0, 0xc3, 0x07, 0x00, 0xf0, 0x00, 
    0x0f, 0x00, 0x38, 0x00, 0x0e, 0x00, 0x00, 0x00, 0x00, 0x00, 0x00, 0x00, 0x00, 
    0x00, 0x00, 0x00, 0x00, 0x00, 0x00, 0xff, 0x00, 0x00, 0xe0, 0xff, 0x03, 0x00, 
    0xf8, 0xff, 0x0f, 0x00, 0xfc, 0x81, 0x0f, 0x00, 0x38, 0x00, 0x1e, 0x00, 0x00, 
    0x00, 0x1e, 0x00, 0x00, 0x00, 0x1e, 0x00, 0x00, 0x00, 0x1c, 0x00, 0x00, 0x00, 
    0x1c, 0x00, 0xc0, 0x7f, 0x1c, 0x00, 0xf0, 0xff, 0x1f, 0x00, 0xfc, 0xff, 0x1f, 
    0x00, 0x7e, 0x80, 0x1f, 0x00, 0x1e, 0x00, 0x1c, 0x00, 0x1e, 0x00, 0x1c, 0x00, 
    0x0f, 0x00, 0x1c, 0x00, 0x0f, 0x00, 0x1e, 0x00, 0x0f, 0x00, 0x1e, 0x00, 0x0f, 
    0x80, 0x1f, 0x00, 0x1e, 0xc0, 0x3f, 0x00, 0x3e, 0xf0, 0xff, 0x01, 0xfc, 0xff, 
    0xf8, 0x01, 0xf8, 0x7f, 0xf0, 0x01, 0xe0, 0x0f, 0x00, 0x00
};
static GX_CONST GX_UBYTE FONT_THEME_1_VALUE_TOTAL_char_e3[128] =
{
    0x00, 0x00, 0x0c, 0x00, 0xc0, 0xff, 0x0f, 0x00, 0xf0, 0xff, 0x0f, 0x00, 0xf8, 
    0xff, 0x03, 0x00, 0x30, 0x00, 0x00, 0x00, 0x00, 0x00, 0x00, 0x00, 0x00, 0x00, 
    0x00, 0x00, 0x00, 0x00, 0x00, 0x00, 0x00, 0xff, 0x00, 0x00, 0xe0, 0xff, 0x03, 
    0x00, 0xf8, 0xff, 0x0f, 0x00, 0xfc, 0x81, 0x0f, 0x00, 0x38, 0x00, 0x1e, 0x00, 
    0x00, 0x00, 0x1e, 0x00, 0x00, 0x00, 0x1e, 0x00, 0x00, 0x00, 0x1c, 0x00, 0x00, 
    0x00, 0x1c, 0x00, 0xc0, 0x7f, 0x1c, 0x00, 0xf0, 0xff, 0x1f, 0x00, 0xfc, 0xff, 
    0x1f, 0x00, 0x7e, 0x80, 0x1f, 0x00, 0x1e, 0x00, 0x1c, 0x00, 0x1e, 0x00, 0x1c, 
    0x00, 0x0f, 0x00, 0x1c, 0x00, 0x0f, 0x00, 0x1e, 0x00, 0x0f, 0x00, 0x1e, 0x00, 
    0x0f, 0x80, 0x1f, 0x00, 0x1e, 0xc0, 0x3f, 0x00, 0x3e, 0xf0, 0xff, 0x01, 0xfc, 
    0xff, 0xf8, 0x01, 0xf8, 0x7f, 0xf0, 0x01, 0xe0, 0x0f, 0x00, 0x00
};
static GX_CONST GX_UBYTE FONT_THEME_1_VALUE_TOTAL_char_e4[132] =
{
    0xe0, 0x00, 0x07, 0x00, 0xf0, 0x81, 0x0f, 0x00, 0xf0, 0xc3, 0x0f, 0x00, 0xf0, 
    0xc3, 0x0f, 0x00, 0xf0, 0x81, 0x0f, 0x00, 0xe0, 0x00, 0x07, 0x00, 0x00, 0x00, 
    0x00, 0x00, 0x00, 0x00, 0x00, 0x00, 0x00, 0x00, 0x00, 0x00, 0x00, 0xff, 0x00, 
    0x00, 0xe0, 0xff, 0x03, 0x00, 0xf8, 0xff, 0x0f, 0x00, 0xfc, 0x81, 0x0f, 0x00, 
    0x38, 0x00, 0x1e, 0x00, 0x00, 0x00, 0x1e, 0x00, 0x00, 0x00, 0x1e, 0x00, 0x00, 
    0x00, 0x1c, 0x00, 0x00, 0x00, 0x1c, 0x00, 0xc0, 0x7f, 0x1c, 0x00, 0xf0, 0xff, 
    0x1f, 0x00, 0xfc, 0xff, 0x1f, 0x00, 0x7e, 0x80, 0x1f, 0x00, 0x1e, 0x00, 0x1c, 
    0x00, 0x1e, 0x00, 0x1c, 0x00, 0x0f, 0x00, 0x1c, 0x00, 0x0f, 0x00, 0x1e, 0x00, 
    0x0f, 0x00, 0x1e, 0x00, 0x0f, 0x80, 0x1f, 0x00, 0x1e, 0xc0, 0x3f, 0x00, 0x3e, 
    0xf0, 0xff, 0x01, 0xfc, 0xff, 0xf8, 0x01, 0xf8, 0x7f, 0xf0, 0x01, 0xe0, 0x0f, 
    0x00, 0x00
};
static GX_CONST GX_UBYTE FONT_THEME_1_VALUE_TOTAL_char_e5[152] =
{
    0x00, 0x7c, 0x00, 0x00, 0x00, 0xff, 0x00, 0x00, 0x80, 0xff, 0x01, 0x00, 0x80, 
    0xc7, 0x03, 0x00, 0xc0, 0x83, 0x03, 0x00, 0xc0, 0x81, 0x03, 0x00, 0xc0, 0x81, 
    0x03, 0x00, 0xc0, 0x83, 0x03, 0x00, 0x80, 0xc7, 0x03, 0x00, 0x80, 0xff, 0x01, 
    0x00, 0x00, 0xff, 0x00, 0x00, 0x00, 0x7c, 0x00, 0x00, 0x00, 0x00, 0x00, 0x00, 
    0x00, 0x00, 0x00, 0x00, 0x00, 0xff, 0x00, 0x00, 0xe0, 0xff, 0x03, 0x00, 0xf8, 
    0xff, 0x0f, 0x00, 0xfc, 0x81, 0x0f, 0x00, 0x38, 0x00, 0x1e, 0x00, 0x00, 0x00, 
    0x1e, 0x00, 0x00, 0x00, 0x1e, 0x00, 0x00, 0x00, 0x1c, 0x00, 0x00, 0x00, 0x1c, 
    0x00, 0xc0, 0x7f, 0x1c, 0x00, 0xf0, 0xff, 0x1f, 0x00, 0xfc, 0xff, 0x1f, 0x00, 
    0x7e, 0x80, 0x1f, 0x00, 0x1e, 0x00, 0x1c, 0x00, 0x1e, 0x00, 0x1c, 0x00, 0x0f, 
    0x00, 0x1c, 0x00, 0x0f, 0x00, 0x1e, 0x00, 0x0f, 0x00, 0x1e, 0x00, 0x0f, 0x80, 
    0x1f, 0x00, 0x1e, 0xc0, 0x3f, 0x00, 0x3e, 0xf0, 0xff, 0x01, 0xfc, 0xff, 0xf8, 
    0x01, 0xf8, 0x7f, 0xf0, 0x01, 0xe0, 0x0f, 0x00, 0x00
};
static GX_CONST GX_UBYTE FONT_THEME_1_VALUE_TOTAL_char_e6[96] =
{
    0xe0, 0x07, 0x3f, 0x00, 0xfc, 0xdf, 0x7f, 0x00, 0xfe, 0xff, 0xff, 0x00, 0x3e, 
    0xfc, 0xf1, 0x01, 0x0e, 0xf8, 0xe0, 0x01, 0x00, 0xf8, 0xc0, 0x01, 0x00, 0x78, 
    0xc0, 0x03, 0x00, 0x78, 0xc0, 0x03, 0x00, 0x78, 0xc0, 0x03, 0x80, 0xff, 0xff, 
    0x03, 0xf0, 0xff, 0xff, 0x03, 0xfc, 0xff, 0xff, 0x03, 0x7e, 0x78, 0x00, 0x00, 
    0x1e, 0x78, 0x00, 0x00, 0x0f, 0x78, 0x00, 0x00, 0x0f, 0x78, 0x00, 0x00, 0x0f, 
    0x78, 0x00, 0x00, 0x0f, 0x78, 0x00, 0x00, 0x0f, 0xfc, 0x00, 0x00, 0x0f, 0xfc, 
    0x80, 0x01, 0x1f, 0xff, 0xe1, 0x03, 0xfe, 0xef, 0xff, 0x01, 0xfc, 0xc7, 0xff, 
    0x00, 0xf8, 0x01, 0x3f, 0x00
};
static GX_CONST GX_UBYTE FONT_THEME_1_VALUE_TOTAL_char_e7[105] =
{
    0x00, 0x7f, 0x38, 0xc0, 0xff, 0x7b, 0xf0, 0xff, 0x7f, 0xf8, 0x81, 0x7f, 0x7c, 
    0x00, 0x7e, 0x3c, 0x00, 0x7c, 0x1e, 0x00, 0x78, 0x1e, 0x00, 0x78, 0x1e, 0x00, 
    0x78, 0x0f, 0x00, 0x38, 0x0f, 0x00, 0x00, 0x0f, 0x00, 0x00, 0x0f, 0x00, 0x00, 
    0x0f, 0x00, 0x00, 0x0f, 0x00, 0x00, 0x0f, 0x00, 0x00, 0x1e, 0x00, 0x00, 0x1e, 
    0x00, 0x00, 0x3c, 0x00, 0x30, 0x7c, 0x00, 0x7c, 0xf8, 0x01, 0x7f, 0xf0, 0xff, 
    0x3f, 0xc0, 0xff, 0x0f, 0x00, 0xff, 0x01, 0x00, 0x1c, 0x00, 0x00, 0x1c, 0x00, 
    0x00, 0xfc, 0x00, 0x00, 0xfc, 0x01, 0x00, 0xfc, 0x03, 0x00, 0xc0, 0x03, 0x00, 
    0xc0, 0x03, 0xc0, 0xc0, 0x03, 0xc0, 0xff, 0x03, 0xc0, 0xff, 0x01, 0x00, 0x7f, 
    0x00
};
static GX_CONST GX_UBYTE FONT_THEME_1_VALUE_TOTAL_char_e8[105] =
{
    0x40, 0x00, 0x00, 0xe0, 0x00, 0x00, 0xf0, 0x03, 0x00, 0xf0, 0x0f, 0x00, 0xf0, 
    0x3f, 0x00, 0x80, 0xff, 0x00, 0x00, 0xfc, 0x01, 0x00, 0xe0, 0x03, 0x00, 0x00, 
    0x01, 0x00, 0x00, 0x00, 0x00, 0x00, 0x00, 0x00, 0x7f, 0x00, 0xe0, 0xff, 0x01, 
    0xf0, 0xff, 0x07, 0xf8, 0xc0, 0x0f, 0x7c, 0x00, 0x0f, 0x3e, 0x00, 0x1e, 0x1e, 
    0x00, 0x3e, 0x0f, 0x00, 0x3c, 0x0f, 0x00, 0x3c, 0x0f, 0x00, 0x3c, 0xff, 0xff, 
    0x7f, 0xff, 0xff, 0x7f, 0xff, 0xff, 0x3f, 0x07, 0x00, 0x00, 0x0f, 0x00, 0x00, 
    0x0f, 0x00, 0x00, 0x0f, 0x00, 0x00, 0x0f, 0x00, 0x00, 0x1e, 0x00, 0x00, 0x3e, 
    0x00, 0x1c, 0xfc, 0x80, 0x3f, 0xf8, 0xff, 0x3f, 0xe0, 0xff, 0x0f, 0x80, 0xff, 
    0x00
};
static GX_CONST GX_UBYTE FONT_THEME_1_VALUE_TOTAL_char_e9[105] =
{
    0x00, 0x00, 0x01, 0x00, 0xc0, 0x03, 0x00, 0xe0, 0x07, 0x00, 0xf8, 0x07, 0x00, 
    0xfe, 0x07, 0x80, 0xff, 0x00, 0xc0, 0x1f, 0x00, 0xe0, 0x03, 0x00, 0x40, 0x00, 
    0x00, 0x00, 0x00, 0x00, 0x00, 0x00, 0x00, 0x00, 0x7f, 0x00, 0xe0, 0xff, 0x01, 
    0xf0, 0xff, 0x07, 0xf8, 0xc0, 0x0f, 0x7c, 0x00, 0x0f, 0x3e, 0x00, 0x1e, 0x1e, 
    0x00, 0x3e, 0x0f, 0x00, 0x3c, 0x0f, 0x00, 0x3c, 0x0f, 0x00, 0x3c, 0xff, 0xff, 
    0x7f, 0xff, 0xff, 0x7f, 0xff, 0xff, 0x3f, 0x07, 0x00, 0x00, 0x0f, 0x00, 0x00, 
    0x0f, 0x00, 0x00, 0x0f, 0x00, 0x00, 0x0f, 0x00, 0x00, 0x1e, 0x00, 0x00, 0x3e, 
    0x00, 0x1c, 0xfc, 0x80, 0x3f, 0xf8, 0xff, 0x3f, 0xe0, 0xff, 0x0f, 0x80, 0xff, 
    0x00
};
static GX_CONST GX_UBYTE FONT_THEME_1_VALUE_TOTAL_char_ea[105] =
{
    0x00, 0x1c, 0x00, 0x00, 0x3e, 0x00, 0x00, 0x7f, 0x00, 0xc0, 0xff, 0x00, 0xe0, 
    0xf7, 0x03, 0xf0, 0xe1, 0x07, 0xf8, 0x80, 0x0f, 0x38, 0x00, 0x0e, 0x00, 0x00, 
    0x00, 0x00, 0x00, 0x00, 0x00, 0x00, 0x00, 0x00, 0x7f, 0x00, 0xe0, 0xff, 0x01, 
    0xf0, 0xff, 0x07, 0xf8, 0xc0, 0x0f, 0x7c, 0x00, 0x0f, 0x3e, 0x00, 0x1e, 0x1e, 
    0x00, 0x3e, 0x0f, 0x00, 0x3c, 0x0f, 0x00, 0x3c, 0x0f, 0x00, 0x3c, 0xff, 0xff, 
    0x7f, 0xff, 0xff, 0x7f, 0xff, 0xff, 0x3f, 0x07, 0x00, 0x00, 0x0f, 0x00, 0x00, 
    0x0f, 0x00, 0x00, 0x0f, 0x00, 0x00, 0x0f, 0x00, 0x00, 0x1e, 0x00, 0x00, 0x3e, 
    0x00, 0x1c, 0xfc, 0x80, 0x3f, 0xf8, 0xff, 0x3f, 0xe0, 0xff, 0x0f, 0x80, 0xff, 
    0x00
};
static GX_CONST GX_UBYTE FONT_THEME_1_VALUE_TOTAL_char_eb[99] =
{
    0xf0, 0x80, 0x03, 0xf8, 0xc0, 0x07, 0xf8, 0xc1, 0x0f, 0xf8, 0xc1, 0x0f, 0xf8, 
    0xc1, 0x07, 0xf0, 0x80, 0x03, 0x00, 0x00, 0x00, 0x00, 0x00, 0x00, 0x00, 0x00, 
    0x00, 0x00, 0x7f, 0x00, 0xe0, 0xff, 0x01, 0xf0, 0xff, 0x07, 0xf8, 0xc0, 0x0f, 
    0x7c, 0x00, 0x0f, 0x3e, 0x00, 0x1e, 0x1e, 0x00, 0x3e, 0x0f, 0x00, 0x3c, 0x0f, 
    0x00, 0x3c, 0x0f, 0x00, 0x3c, 0xff, 0xff, 0x7f, 0xff, 0xff, 0x7f, 0xff, 0xff, 
    0x3f, 0x07, 0x00, 0x00, 0x0f, 0x00, 0x00, 0x0f, 0x00, 0x00, 0x0f, 0x00, 0x00, 
    0x0f, 0x00, 0x00, 0x1e, 0x00, 0x00, 0x3e, 0x00, 0x1c, 0xfc, 0x80, 0x3f, 0xf8, 
    0xff, 0x3f, 0xe0, 0xff, 0x0f, 0x80, 0xff, 0x00
};
static GX_CONST GX_UBYTE FONT_THEME_1_VALUE_TOTAL_char_ec[102] =
{
    0x04, 0x00, 0x00, 0x1e, 0x00, 0x00, 0x7e, 0x00, 0x00, 0xfe, 0x01, 0x00, 0xfe, 
    0x03, 0x00, 0xf0, 0x0f, 0x00, 0x80, 0x3f, 0x00, 0x00, 0x3c, 0x00, 0x00, 0x30, 
    0x00, 0x00, 0x00, 0x00, 0x00, 0x00, 0x00, 0xfe, 0x0f, 0x00, 0xfe, 0x0f, 0x00, 
    0xfe, 0x0f, 0x00, 0x00, 0x0e, 0x00, 0x00, 0x0e, 0x00, 0x00, 0x0e, 0x00, 0x00, 
    0x0e, 0x00, 0x00, 0x0e, 0x00, 0x00, 0x0e, 0x00, 0x00, 0x0e, 0x00, 0x00, 0x0e, 
    0x00, 0x00, 0x0e, 0x00, 0x00, 0x0e, 0x00, 0x00, 0x0e, 0x00, 0x00, 0x0e, 0x00, 
    0x00, 0x0e, 0x00, 0x00, 0x0e, 0x00, 0x00, 0x0e, 0x00, 0x00, 0x0e, 0x00, 0x00, 
    0x0e, 0x00, 0xff, 0xff, 0x3f, 0xff, 0xff, 0x3f, 0xff, 0xff, 0x3f
};
static GX_CONST GX_UBYTE FONT_THEME_1_VALUE_TOTAL_char_ed[102] =
{
    0x00, 0x40, 0x00, 0x00, 0xe0, 0x00, 0x00, 0xf8, 0x01, 0x00, 0xfe, 0x01, 0x80, 
    0xff, 0x01, 0xe0, 0x3f, 0x00, 0xf0, 0x07, 0x00, 0xf8, 0x00, 0x00, 0x10, 0x00, 
    0x00, 0x00, 0x00, 0x00, 0x00, 0x00, 0x00, 0xfe, 0x0f, 0x00, 0xfe, 0x0f, 0x00, 
    0xfe, 0x0f, 0x00, 0x00, 0x0e, 0x00, 0x00, 0x0e, 0x00, 0x00, 0x0e, 0x00, 0x00, 
    0x0e, 0x00, 0x00, 0x0e, 0x00, 0x00, 0x0e, 0x00, 0x00, 0x0e, 0x00, 0x00, 0x0e, 
    0x00, 0x00, 0x0e, 0x00, 0x00, 0x0e, 0x00, 0x00, 0x0e, 0x00, 0x00, 0x0e, 0x00, 
    0x00, 0x0e, 0x00, 0x00, 0x0e, 0x00, 0x00, 0x0e, 0x00, 0x00, 0x0e, 0x00, 0x00, 
    0x0e, 0x00, 0xff, 0xff, 0x3f, 0xff, 0xff, 0x3f, 0xff, 0xff, 0x3f
};
static GX_CONST GX_UBYTE FONT_THEME_1_VALUE_TOTAL_char_ee[102] =
{
    0x00, 0x06, 0x00, 0x80, 0x1f, 0x00, 0xc0, 0x3f, 0x00, 0xe0, 0x7f, 0x00, 0xf0, 
    0xff, 0x00, 0xf8, 0xf0, 0x01, 0x3c, 0xc0, 0x03, 0x0e, 0x80, 0x03, 0x00, 0x00, 
    0x00, 0x00, 0x00, 0x00, 0x00, 0x00, 0x00, 0xfe, 0x0f, 0x00, 0xfe, 0x0f, 0x00, 
    0xfe, 0x0f, 0x00, 0x00, 0x0e, 0x00, 0x00, 0x0e, 0x00, 0x00, 0x0e, 0x00, 0x00, 
    0x0e, 0x00, 0x00, 0x0e, 0x00, 0x00, 0x0e, 0x00, 0x00, 0x0e, 0x00, 0x00, 0x0e, 
    0x00, 0x00, 0x0e, 0x00, 0x00, 0x0e, 0x00, 0x00, 0x0e, 0x00, 0x00, 0x0e, 0x00, 
    0x00, 0x0e, 0x00, 0x00, 0x0e, 0x00, 0x00, 0x0e, 0x00, 0x00, 0x0e, 0x00, 0x00, 
    0x0e, 0x00, 0xff, 0xff, 0x3f, 0xff, 0xff, 0x3f, 0xff, 0xff, 0x3f
};
static GX_CONST GX_UBYTE FONT_THEME_1_VALUE_TOTAL_char_ef[96] =
{
    0x38, 0xc0, 0x01, 0x7c, 0xe0, 0x03, 0xfc, 0xf0, 0x03, 0xfc, 0xf0, 0x03, 0x7c, 
    0xe0, 0x03, 0x38, 0xc0, 0x01, 0x00, 0x00, 0x00, 0x00, 0x00, 0x00, 0x00, 0x00, 
    0x00, 0xfe, 0x0f, 0x00, 0xfe, 0x0f, 0x00, 0xfe, 0x0f, 0x00, 0x00, 0x0e, 0x00, 
    0x00, 0x0e, 0x00, 0x00, 0x0e, 0x00, 0x00, 0x0e, 0x00, 0x00, 0x0e, 0x00, 0x00, 
    0x0e, 0x00, 0x00, 0x0e, 0x00, 0x00, 0x0e, 0x00, 0x00, 0x0e, 0x00, 0x00, 0x0e, 
    0x00, 0x00, 0x0e, 0x00, 0x00, 0x0e, 0x00, 0x00, 0x0e, 0x00, 0x00, 0x0e, 0x00, 
    0x00, 0x0e, 0x00, 0x00, 0x0e, 0x00, 0x00, 0x0e, 0x00, 0xff, 0xff, 0x3f, 0xff, 
    0xff, 0x3f, 0xff, 0xff, 0x3f
};
static GX_CONST GX_UBYTE FONT_THEME_1_VALUE_TOTAL_char_f0[102] =
{
    0x00, 0x00, 0x00, 0xc0, 0x01, 0x00, 0xc0, 0x07, 0x1c, 0xe0, 0x8f, 0x1f, 0x80, 
    0xff, 0x1f, 0x00, 0xfe, 0x07, 0x80, 0xff, 0x01, 0xe0, 0xff, 0x01, 0xe0, 0xe7, 
    0x03, 0xe0, 0xc1, 0x07, 0x00, 0x80, 0x0f, 0x00, 0x00, 0x1f, 0x00, 0x7f, 0x1e, 
    0xc0, 0xff, 0x3f, 0xf0, 0xff, 0x3f, 0xf8, 0x81, 0x3f, 0x7c, 0x00, 0x7e, 0x3c, 
    0x00, 0x7c, 0x1e, 0x00, 0x78, 0x1e, 0x00, 0x78, 0x1e, 0x00, 0x78, 0x0f, 0x00, 
    0xf0, 0x0f, 0x00, 0xf0, 0x0f, 0x00, 0xf0, 0x0f, 0x00, 0x70, 0x1e, 0x00, 0x78, 
    0x1e, 0x00, 0x78, 0x1e, 0x00, 0x78, 0x3c, 0x00, 0x3c, 0x7c, 0x00, 0x3e, 0xf8, 
    0x81, 0x1f, 0xf0, 0xff, 0x0f, 0xc0, 0xff, 0x03, 0x00, 0xff, 0x00
};
static GX_CONST GX_UBYTE FONT_THEME_1_VALUE_TOTAL_char_f1[124] =
{
    0x00, 0x00, 0x18, 0x00, 0x80, 0xff, 0x1f, 0x00, 0xe0, 0xff, 0x1f, 0x00, 0xf0, 
    0xff, 0x07, 0x00, 0x60, 0x00, 0x00, 0x00, 0x00, 0x00, 0x00, 0x00, 0x00, 0x00, 
    0x00, 0x00, 0x00, 0x00, 0x00, 0x00, 0x7f, 0xe0, 0x07, 0x00, 0x7f, 0xf8, 0x0f, 
    0x00, 0x7f, 0xfe, 0x1f, 0x00, 0x70, 0x0e, 0x3c, 0x00, 0x70, 0x07, 0x38, 0x00, 
    0xf0, 0x03, 0x78, 0x00, 0xf0, 0x01, 0x78, 0x00, 0xf0, 0x01, 0x78, 0x00, 0xf0, 
    0x00, 0x78, 0x00, 0xf0, 0x00, 0x78, 0x00, 0xf0, 0x00, 0x78, 0x00, 0xf0, 0x00, 
    0x78, 0x00, 0xf0, 0x00, 0x78, 0x00, 0xf0, 0x00, 0x78, 0x00, 0xf0, 0x00, 0x78, 
    0x00, 0xf0, 0x00, 0x78, 0x00, 0xf0, 0x00, 0x78, 0x00, 0xf0, 0x00, 0x78, 0x00, 
    0xf0, 0x00, 0x78, 0x00, 0xf0, 0x00, 0x78, 0x00, 0xfe, 0x07, 0xff, 0x03, 0xff, 
    0x07, 0xff, 0x07, 0xfe, 0x07, 0xff, 0x03
};
static GX_CONST GX_UBYTE FONT_THEME_1_VALUE_TOTAL_char_f2[105] =
{
    0x40, 0x00, 0x00, 0xe0, 0x01, 0x00, 0xf0, 0x03, 0x00, 0xf0, 0x0f, 0x00, 0xf0, 
    0x3f, 0x00, 0x80, 0xff, 0x00, 0x00, 0xfc, 0x01, 0x00, 0xe0, 0x03, 0x00, 0x00, 
    0x01, 0x00, 0x00, 0x00, 0x00, 0x00, 0x00, 0x00, 0xff, 0x00, 0xc0, 0xff, 0x03, 
    0xf0, 0xff, 0x0f, 0xf8, 0x81, 0x1f, 0x7c, 0x00, 0x3e, 0x3c, 0x00, 0x3c, 0x1e, 
    0x00, 0x78, 0x1e, 0x00, 0x78, 0x0f, 0x00, 0xf0, 0x0f, 0x00, 0xf0, 0x0f, 0x00, 
    0xf0, 0x0f, 0x00, 0xf0, 0x0f, 0x00, 0xf0, 0x0f, 0x00, 0xf0, 0x0f, 0x00, 0xf0, 
    0x0f, 0x00, 0xf0, 0x1e, 0x00, 0x78, 0x1e, 0x00, 0x78, 0x3c, 0x00, 0x3c, 0x7c, 
    0x00, 0x3e, 0xf8, 0x81, 0x1f, 0xf0, 0xff, 0x0f, 0xc0, 0xff, 0x03, 0x00, 0xff, 
    0x00
};
static GX_CONST GX_UBYTE FONT_THEME_1_VALUE_TOTAL_char_f3[105] =
{
    0x00, 0x00, 0x02, 0x00, 0x80, 0x07, 0x00, 0xc0, 0x0f, 0x00, 0xf0, 0x0f, 0x00, 
    0xfc, 0x0f, 0x00, 0xff, 0x01, 0x80, 0x3f, 0x00, 0xc0, 0x07, 0x00, 0x80, 0x00, 
    0x00, 0x00, 0x00, 0x00, 0x00, 0x00, 0x00, 0x00, 0xff, 0x00, 0xc0, 0xff, 0x03, 
    0xf0, 0xff, 0x0f, 0xf8, 0x81, 0x1f, 0x7c, 0x00, 0x3e, 0x3c, 0x00, 0x3c, 0x1e, 
    0x00, 0x78, 0x1e, 0x00, 0x78, 0x0f, 0x00, 0xf0, 0x0f, 0x00, 0xf0, 0x0f, 0x00, 
    0xf0, 0x0f, 0x00, 0xf0, 0x0f, 0x00, 0xf0, 0x0f, 0x00, 0xf0, 0x0f, 0x00, 0xf0, 
    0x0f, 0x00, 0xf0, 0x1e, 0x00, 0x78, 0x1e, 0x00, 0x78, 0x3c, 0x00, 0x3c, 0x7c, 
    0x00, 0x3e, 0xf8, 0x81, 0x1f, 0xf0, 0xff, 0x0f, 0xc0, 0xff, 0x03, 0x00, 0xff, 
    0x00
};
static GX_CONST GX_UBYTE FONT_THEME_1_VALUE_TOTAL_char_f4[105] =
{
    0x00, 0x18, 0x00, 0x00, 0x7e, 0x00, 0x00, 0xff, 0x00, 0x80, 0xff, 0x01, 0xc0, 
    0xff, 0x03, 0xe0, 0xc3, 0x07, 0xf0, 0x00, 0x0f, 0x38, 0x00, 0x0e, 0x00, 0x00, 
    0x00, 0x00, 0x00, 0x00, 0x00, 0x00, 0x00, 0x00, 0xff, 0x00, 0xc0, 0xff, 0x03, 
    0xf0, 0xff, 0x0f, 0xf8, 0x81, 0x1f, 0x7c, 0x00, 0x3e, 0x3c, 0x00, 0x3c, 0x1e, 
    0x00, 0x78, 0x1e, 0x00, 0x78, 0x0f, 0x00, 0xf0, 0x0f, 0x00, 0xf0, 0x0f, 0x00, 
    0xf0, 0x0f, 0x00, 0xf0, 0x0f, 0x00, 0xf0, 0x0f, 0x00, 0xf0, 0x0f, 0x00, 0xf0, 
    0x0f, 0x00, 0xf0, 0x1e, 0x00, 0x78, 0x1e, 0x00, 0x78, 0x3c, 0x00, 0x3c, 0x7c, 
    0x00, 0x3e, 0xf8, 0x81, 0x1f, 0xf0, 0xff, 0x0f, 0xc0, 0xff, 0x03, 0x00, 0xff, 
    0x00
};
static GX_CONST GX_UBYTE FONT_THEME_1_VALUE_TOTAL_char_f5[96] =
{
    0x00, 0x00, 0x0c, 0xc0, 0xff, 0x0f, 0xf0, 0xff, 0x0f, 0xf8, 0xff, 0x03, 0x30, 
    0x00, 0x00, 0x00, 0x00, 0x00, 0x00, 0x00, 0x00, 0x00, 0x00, 0x00, 0x00, 0xff, 
    0x00, 0xc0, 0xff, 0x03, 0xf0, 0xff, 0x0f, 0xf8, 0x81, 0x1f, 0x7c, 0x00, 0x3e, 
    0x3c, 0x00, 0x3c, 0x1e, 0x00, 0x78, 0x1e, 0x00, 0x78, 0x0f, 0x00, 0xf0, 0x0f, 
    0x00, 0xf0, 0x0f, 0x00, 0xf0, 0x0f, 0x00, 0xf0, 0x0f, 0x00, 0xf0, 0x0f, 0x00, 
    0xf0, 0x0f, 0x00, 0xf0, 0x0f, 0x00, 0xf0, 0x1e, 0x00, 0x78, 0x1e, 0x00, 0x78, 
    0x3c, 0x00, 0x3c, 0x7c, 0x00, 0x3e, 0xf8, 0x81, 0x1f, 0xf0, 0xff, 0x0f, 0xc0, 
    0xff, 0x03, 0x00, 0xff, 0x00
};
static GX_CONST GX_UBYTE FONT_THEME_1_VALUE_TOTAL_char_f6[99] =
{
    0xe0, 0x00, 0x07, 0xf0, 0x81, 0x0f, 0xf0, 0xc3, 0x0f, 0xf0, 0xc3, 0x0f, 0xf0, 
    0x81, 0x0f, 0xe0, 0x00, 0x07, 0x00, 0x00, 0x00, 0x00, 0x00, 0x00, 0x00, 0x00, 
    0x00, 0x00, 0xff, 0x00, 0xc0, 0xff, 0x03, 0xf0, 0xff, 0x0f, 0xf8, 0x81, 0x1f, 
    0x7c, 0x00, 0x3e, 0x3c, 0x00, 0x3c, 0x1e, 0x00, 0x78, 0x1e, 0x00, 0x78, 0x0f, 
    0x00, 0xf0, 0x0f, 0x00, 0xf0, 0x0f, 0x00, 0xf0, 0x0f, 0x00, 0xf0, 0x0f, 0x00, 
    0xf0, 0x0f, 0x00, 0xf0, 0x0f, 0x00, 0xf0, 0x0f, 0x00, 0xf0, 0x1e, 0x00, 0x78, 
    0x1e, 0x00, 0x78, 0x3c, 0x00, 0x3c, 0x7c, 0x00, 0x3e, 0xf8, 0x81, 0x1f, 0xf0, 
    0xff, 0x0f, 0xc0, 0xff, 0x03, 0x00, 0xff, 0x00
};
static GX_CONST GX_UBYTE FONT_THEME_1_VALUE_TOTAL_char_f7[69] =
{
    0x00, 0x1e, 0x00, 0x00, 0x1f, 0x00, 0x00, 0x3f, 0x00, 0x00, 0x3f, 0x00, 0x00, 
    0x1f, 0x00, 0x00, 0x1e, 0x00, 0x00, 0x00, 0x00, 0x00, 0x00, 0x00, 0x00, 0x00, 
    0x00, 0x00, 0x00, 0x00, 0xff, 0xff, 0x3f, 0xff, 0xff, 0x3f, 0xff, 0xff, 0x3f, 
    0x00, 0x00, 0x00, 0x00, 0x00, 0x00, 0x00, 0x00, 0x00, 0x00, 0x00, 0x00, 0x00, 
    0x1e, 0x00, 0x00, 0x1f, 0x00, 0x00, 0x3f, 0x00, 0x00, 0x3f, 0x00, 0x00, 0x1f, 
    0x00, 0x00, 0x1e, 0x00
};
static GX_CONST GX_UBYTE FONT_THEME_1_VALUE_TOTAL_char_f8[72] =
{
    0x00, 0x7f, 0x60, 0xc0, 0xff, 0xf3, 0xf0, 0xff, 0xff, 0xf8, 0x81, 0x7f, 0x7c, 
    0x00, 0x3f, 0x3c, 0x80, 0x3f, 0x1e, 0xc0, 0x7f, 0x1e, 0xe0, 0x7f, 0x0f, 0xf0, 
    0xff, 0x0f, 0xf8, 0xf3, 0x0f, 0xfc, 0xf1, 0x0f, 0xfe, 0xf0, 0x0f, 0x7f, 0xf0, 
    0x8f, 0x3f, 0xf0, 0xcf, 0x1f, 0xf0, 0xff, 0x0f, 0xf0, 0xfe, 0x07, 0x78, 0xfe, 
    0x03, 0x78, 0xfc, 0x01, 0x3c, 0x7c, 0x00, 0x3e, 0xfe, 0x81, 0x1f, 0xff, 0xff, 
    0x0f, 0xcf, 0xff, 0x03, 0x06, 0xff, 0x00
};
static GX_CONST GX_UBYTE FONT_THEME_1_VALUE_TOTAL_char_f9[140] =
{
    0x40, 0x00, 0x00, 0x00, 0xc0, 0x01, 0x00, 0x00, 0xe0, 0x07, 0x00, 0x00, 0xe0, 
    0x1f, 0x00, 0x00, 0xe0, 0x7f, 0x00, 0x00, 0x00, 0xff, 0x01, 0x00, 0x00, 0xf8, 
    0x03, 0x00, 0x00, 0xc0, 0x07, 0x00, 0x00, 0x00, 0x02, 0x00, 0x00, 0x00, 0x00, 
    0x00, 0x00, 0x00, 0x00, 0x00, 0x7f, 0xc0, 0x3f, 0x00, 0x7f, 0xc0, 0x3f, 0x00, 
    0x7f, 0xc0, 0x3f, 0x00, 0x78, 0x00, 0x38, 0x00, 0x78, 0x00, 0x38, 0x00, 0x78, 
    0x00, 0x38, 0x00, 0x78, 0x00, 0x38, 0x00, 0x78, 0x00, 0x38, 0x00, 0x78, 0x00, 
    0x38, 0x00, 0x78, 0x00, 0x38, 0x00, 0x78, 0x00, 0x38, 0x00, 0x78, 0x00, 0x38, 
    0x00, 0x78, 0x00, 0x38, 0x00, 0x78, 0x00, 0x3c, 0x00, 0x78, 0x00, 0x3c, 0x00, 
    0x78, 0x00, 0x3c, 0x00, 0x78, 0x00, 0x3e, 0x00, 0x78, 0x00, 0x3f, 0x00, 0xf0, 
    0x80, 0x3f, 0x00, 0xf0, 0xc1, 0x3b, 0x00, 0xf0, 0xff, 0xfb, 0x03, 0xe0, 0xff, 
    0xf9, 0x03, 0xc0, 0x7f, 0xf8, 0x03, 0x00, 0x3f, 0x00, 0x00
};
static GX_CONST GX_UBYTE FONT_THEME_1_VALUE_TOTAL_char_fa[140] =
{
    0x00, 0x00, 0x04, 0x00, 0x00, 0x00, 0x1e, 0x00, 0x00, 0x80, 0x1f, 0x00, 0x00, 
    0xe0, 0x1f, 0x00, 0x00, 0xf0, 0x1f, 0x00, 0x00, 0xfc, 0x03, 0x00, 0x00, 0x7f, 
    0x00, 0x00, 0x00, 0x0f, 0x00, 0x00, 0x00, 0x03, 0x00, 0x00, 0x00, 0x00, 0x00, 
    0x00, 0x00, 0x00, 0x00, 0x00, 0x7f, 0xc0, 0x3f, 0x00, 0x7f, 0xc0, 0x3f, 0x00, 
    0x7f, 0xc0, 0x3f, 0x00, 0x78, 0x00, 0x38, 0x00, 0x78, 0x00, 0x38, 0x00, 0x78, 
    0x00, 0x38, 0x00, 0x78, 0x00, 0x38, 0x00, 0x78, 0x00, 0x38, 0x00, 0x78, 0x00, 
    0x38, 0x00, 0x78, 0x00, 0x38, 0x00, 0x78, 0x00, 0x38, 0x00, 0x78, 0x00, 0x38, 
    0x00, 0x78, 0x00, 0x38, 0x00, 0x78, 0x00, 0x3c, 0x00, 0x78, 0x00, 0x3c, 0x00, 
    0x78, 0x00, 0x3c, 0x00, 0x78, 0x00, 0x3e, 0x00, 0x78, 0x00, 0x3f, 0x00, 0xf0, 
    0x80, 0x3f, 0x00, 0xf0, 0xc1, 0x3b, 0x00, 0xf0, 0xff, 0xfb, 0x03, 0xe0, 0xff, 
    0xf9, 0x03, 0xc0, 0x7f, 0xf8, 0x03, 0x00, 0x3f, 0x00, 0x00
};
static GX_CONST GX_UBYTE FONT_THEME_1_VALUE_TOTAL_char_fb[140] =
{
    0x00, 0x38, 0x00, 0x00, 0x00, 0x7c, 0x00, 0x00, 0x00, 0xfe, 0x01, 0x00, 0x00, 
    0xff, 0x03, 0x00, 0x80, 0xef, 0x07, 0x00, 0xe0, 0x87, 0x0f, 0x00, 0xf0, 0x01, 
    0x1f, 0x00, 0x70, 0x00, 0x1c, 0x00, 0x00, 0x00, 0x00, 0x00, 0x00, 0x00, 0x00, 
    0x00, 0x00, 0x00, 0x00, 0x00, 0x7f, 0xc0, 0x3f, 0x00, 0x7f, 0xc0, 0x3f, 0x00, 
    0x7f, 0xc0, 0x3f, 0x00, 0x78, 0x00, 0x38, 0x00, 0x78, 0x00, 0x38, 0x00, 0x78, 
    0x00, 0x38, 0x00, 0x78, 0x00, 0x38, 0x00, 0x78, 0x00, 0x38, 0x00, 0x78, 0x00, 
    0x38, 0x00, 0x78, 0x00, 0x38, 0x00, 0x78, 0x00, 0x38, 0x00, 0x78, 0x00, 0x38, 
    0x00, 0x78, 0x00, 0x38, 0x00, 0x78, 0x00, 0x3c, 0x00, 0x78, 0x00, 0x3c, 0x00, 
    0x78, 0x00, 0x3c, 0x00, 0x78, 0x00, 0x3e, 0x00, 0x78, 0x00, 0x3f, 0x00, 0xf0, 
    0x80, 0x3f, 0x00, 0xf0, 0xc1, 0x3b, 0x00, 0xf0, 0xff, 0xfb, 0x03, 0xe0, 0xff, 
    0xf9, 0x03, 0xc0, 0x7f, 0xf8, 0x03, 0x00, 0x3f, 0x00, 0x00
};
static GX_CONST GX_UBYTE FONT_THEME_1_VALUE_TOTAL_char_fc[132] =
{
    0xe0, 0x01, 0x0f, 0x00, 0xf0, 0x83, 0x0f, 0x00, 0xf0, 0x83, 0x1f, 0x00, 0xf0, 
    0x83, 0x1f, 0x00, 0xf0, 0x83, 0x1f, 0x00, 0xe0, 0x01, 0x0f, 0x00, 0x00, 0x00, 
    0x00, 0x00, 0x00, 0x00, 0x00, 0x00, 0x00, 0x00, 0x00, 0x00, 0x7f, 0xc0, 0x3f, 
    0x00, 0x7f, 0xc0, 0x3f, 0x00, 0x7f, 0xc0, 0x3f, 0x00, 0x78, 0x00, 0x38, 0x00, 
    0x78, 0x00, 0x38, 0x00, 0x78, 0x00, 0x38, 0x00, 0x78, 0x00, 0x38, 0x00, 0x78, 
    0x00, 0x38, 0x00, 0x78, 0x00, 0x38, 0x00, 0x78, 0x00, 0x38, 0x00, 0x78, 0x00, 
    0x38, 0x00, 0x78, 0x00, 0x38, 0x00, 0x78, 0x00, 0x38, 0x00, 0x78, 0x00, 0x3c, 
    0x00, 0x78, 0x00, 0x3c, 0x00, 0x78, 0x00, 0x3c, 0x00, 0x78, 0x00, 0x3e, 0x00, 
    0x78, 0x00, 0x3f, 0x00, 0xf0, 0x80, 0x3f, 0x00, 0xf0, 0xc1, 0x3b, 0x00, 0xf0, 
    0xff, 0xfb, 0x03, 0xe0, 0xff, 0xf9, 0x03, 0xc0, 0x7f, 0xf8, 0x03, 0x00, 0x3f, 
    0x00, 0x00
};
static GX_CONST GX_UBYTE FONT_THEME_1_VALUE_TOTAL_char_fd[176] =
{
    0x00, 0x00, 0x10, 0x00, 0x00, 0x00, 0x3c, 0x00, 0x00, 0x00, 0x3f, 0x00, 0x00, 
    0x80, 0x7f, 0x00, 0x00, 0xe0, 0x3f, 0x00, 0x00, 0xf8, 0x0f, 0x00, 0x00, 0xfe, 
    0x01, 0x00, 0x00, 0x3e, 0x00, 0x00, 0x00, 0x06, 0x00, 0x00, 0x00, 0x00, 0x00, 
    0x00, 0x00, 0x00, 0x00, 0x00, 0xff, 0x0f, 0xfe, 0x0f, 0xff, 0x0f, 0xfe, 0x0f, 
    0xff, 0x0f, 0xfe, 0x0f, 0xf0, 0x00, 0xf0, 0x00, 0xf0, 0x00, 0xf0, 0x00, 0xe0, 
    0x00, 0xf0, 0x00, 0xe0, 0x01, 0x78, 0x00, 0xe0, 0x01, 0x78, 0x00, 0xc0, 0x03, 
    0x3c, 0x00, 0xc0, 0x03, 0x3c, 0x00, 0x80, 0x07, 0x1e, 0x00, 0x80, 0x07, 0x1e, 
    0x00, 0x00, 0x0f, 0x0f, 0x00, 0x00, 0x0f, 0x0f, 0x00, 0x00, 0x9e, 0x07, 0x00, 
    0x00, 0x9e, 0x07, 0x00, 0x00, 0xfc, 0x03, 0x00, 0x00, 0xfc, 0x03, 0x00, 0x00, 
    0xf8, 0x01, 0x00, 0x00, 0xf8, 0x01, 0x00, 0x00, 0xf0, 0x00, 0x00, 0x00, 0xf0, 
    0x00, 0x00, 0x00, 0x70, 0x00, 0x00, 0x00, 0x78, 0x00, 0x00, 0x00, 0x38, 0x00, 
    0x00, 0x00, 0x3c, 0x00, 0x00, 0x00, 0x1c, 0x00, 0x00, 0x00, 0x1e, 0x00, 0x00, 
    0x00, 0x0f, 0x00, 0x00, 0xc0, 0x07, 0x00, 0x00, 0xfc, 0x03, 0x00, 0x00, 0xfc, 
    0x01, 0x00, 0x00, 0x7c, 0x00, 0x00, 0x00
};
static GX_CONST GX_UBYTE FONT_THEME_1_VALUE_TOTAL_char_fe[168] =
{
    0x7e, 0x00, 0x00, 0x00, 0xff, 0x00, 0x00, 0x00, 0xfe, 0x00, 0x00, 0x00, 0xf0, 
    0x00, 0x00, 0x00, 0xf0, 0x00, 0x00, 0x00, 0xf0, 0x00, 0x00, 0x00, 0xf0, 0x00, 
    0x00, 0x00, 0xf0, 0x00, 0x00, 0x00, 0xf0, 0x00, 0x00, 0x00, 0xf0, 0xf0, 0x07, 
    0x00, 0xf0, 0xfc, 0x1f, 0x00, 0xf0, 0xfe, 0x3f, 0x00, 0xf0, 0x0f, 0x7c, 0x00, 
    0xf0, 0x03, 0xf8, 0x00, 0xf0, 0x01, 0xf0, 0x01, 0xf0, 0x01, 0xe0, 0x01, 0xf0, 
    0x00, 0xe0, 0x01, 0xf0, 0x00, 0xc0, 0x03, 0xf0, 0x00, 0xc0, 0x03, 0xf0, 0x00, 
    0xc0, 0x03, 0xf0, 0x00, 0xc0, 0x03, 0xf0, 0x00, 0xc0, 0x03, 0xf0, 0x00, 0xc0, 
    0x03, 0xf0, 0x00, 0xe0, 0x01, 0xf0, 0x01, 0xe0, 0x01, 0xf0, 0x01, 0xf0, 0x01, 
    0xf0, 0x03, 0xf8, 0x00, 0xf0, 0x0f, 0x7c, 0x00, 0xf0, 0xfe, 0x3f, 0x00, 0xf0, 
    0xfc, 0x1f, 0x00, 0xf0, 0xf0, 0x07, 0x00, 0xf0, 0x00, 0x00, 0x00, 0xf0, 0x00, 
    0x00, 0x00, 0xf0, 0x00, 0x00, 0x00, 0xf0, 0x00, 0x00, 0x00, 0xf0, 0x00, 0x00, 
    0x00, 0xf0, 0x00, 0x00, 0x00, 0xf0, 0x00, 0x00, 0x00, 0xf0, 0x00, 0x00, 0x00, 
    0xff, 0x3f, 0x00, 0x00, 0xff, 0x7f, 0x00, 0x00, 0xff, 0x3f, 0x00, 0x00
};
static GX_CONST GX_UBYTE FONT_THEME_1_VALUE_TOTAL_char_ff[168] =
{
    0x80, 0x03, 0x1c, 0x00, 0xc0, 0x07, 0x3e, 0x00, 0xc0, 0x0f, 0x3f, 0x00, 0xc0, 
    0x0f, 0x3f, 0x00, 0xc0, 0x07, 0x3e, 0x00, 0x80, 0x03, 0x1c, 0x00, 0x00, 0x00, 
    0x00, 0x00, 0x00, 0x00, 0x00, 0x00, 0x00, 0x00, 0x00, 0x00, 0xff, 0x0f, 0xfe, 
    0x0f, 0xff, 0x0f, 0xfe, 0x0f, 0xff, 0x0f, 0xfe, 0x0f, 0xf0, 0x00, 0xf0, 0x00, 
    0xf0, 0x00, 0xf0, 0x00, 0xe0, 0x00, 0xf0, 0x00, 0xe0, 0x01, 0x78, 0x00, 0xe0, 
    0x01, 0x78, 0x00, 0xc0, 0x03, 0x3c, 0x00, 0xc0, 0x03, 0x3c, 0x00, 0x80, 0x07, 
    0x1e, 0x00, 0x80, 0x07, 0x1e, 0x00, 0x00, 0x0f, 0x0f, 0x00, 0x00, 0x0f, 0x0f, 
    0x00, 0x00, 0x9e, 0x07, 0x00, 0x00, 0x9e, 0x07, 0x00, 0x00, 0xfc, 0x03, 0x00, 
    0x00, 0xfc, 0x03, 0x00, 0x00, 0xf8, 0x01, 0x00, 0x00, 0xf8, 0x01, 0x00, 0x00, 
    0xf0, 0x00, 0x00, 0x00, 0xf0, 0x00, 0x00, 0x00, 0x70, 0x00, 0x00, 0x00, 0x78, 
    0x00, 0x00, 0x00, 0x38, 0x00, 0x00, 0x00, 0x3c, 0x00, 0x00, 0x00, 0x1c, 0x00, 
    0x00, 0x00, 0x1e, 0x00, 0x00, 0x00, 0x0f, 0x00, 0x00, 0xc0, 0x07, 0x00, 0x00, 
    0xfc, 0x03, 0x00, 0x00, 0xfc, 0x01, 0x00, 0x00, 0x7c, 0x00, 0x00, 0x00
};
static GX_CONST GX_GLYPH THEME_1_VALUE_TOTAL_FONT_PAGE_2_GLYPHS[128] =
{
    {FONT_THEME_1_VALUE_TOTAL_char_80, 0, 0, 30, 0, 1, 1},
    {FONT_THEME_1_VALUE_TOTAL_char_81, 0, 0, 30, 0, 1, 1},
    {FONT_THEME_1_VALUE_TOTAL_char_82, 0, 0, 30, 0, 1, 1},
    {FONT_THEME_1_VALUE_TOTAL_char_83, 0, 0, 30, 0, 1, 1},
    {FONT_THEME_1_VALUE_TOTAL_char_84, 0, 0, 30, 0, 1, 1},
    {FONT_THEME_1_VALUE_TOTAL_char_85, 0, 0, 30, 0, 1, 1},
    {FONT_THEME_1_VALUE_TOTAL_char_86, 0, 0, 30, 0, 1, 1},
    {FONT_THEME_1_VALUE_TOTAL_char_87, 0, 0, 30, 0, 1, 1},
    {FONT_THEME_1_VALUE_TOTAL_char_88, 0, 0, 30, 0, 1, 1},
    {FONT_THEME_1_VALUE_TOTAL_char_89, 0, 0, 30, 0, 1, 1},
    {FONT_THEME_1_VALUE_TOTAL_char_8a, 0, 0, 30, 0, 1, 1},
    {FONT_THEME_1_VALUE_TOTAL_char_8b, 0, 0, 30, 0, 1, 1},
    {FONT_THEME_1_VALUE_TOTAL_char_8c, 0, 0, 30, 0, 1, 1},
    {FONT_THEME_1_VALUE_TOTAL_char_8d, 0, 0, 30, 0, 1, 1},
    {FONT_THEME_1_VALUE_TOTAL_char_8e, 0, 0, 30, 0, 1, 1},
    {FONT_THEME_1_VALUE_TOTAL_char_8f, 0, 0, 30, 0, 1, 1},
    {FONT_THEME_1_VALUE_TOTAL_char_90, 0, 0, 30, 0, 1, 1},
    {FONT_THEME_1_VALUE_TOTAL_char_91, 0, 0, 30, 0, 1, 1},
    {FONT_THEME_1_VALUE_TOTAL_char_92, 0, 0, 30, 0, 1, 1},
    {FONT_THEME_1_VALUE_TOTAL_char_93, 0, 0, 30, 0, 1, 1},
    {FONT_THEME_1_VALUE_TOTAL_char_94, 0, 0, 30, 0, 1, 1},
    {FONT_THEME_1_VALUE_TOTAL_char_95, 0, 0, 30, 0, 1, 1},
    {FONT_THEME_1_VALUE_TOTAL_char_96, 0, 0, 30, 0, 1, 1},
    {FONT_THEME_1_VALUE_TOTAL_char_97, 0, 0, 30, 0, 1, 1},
    {FONT_THEME_1_VALUE_TOTAL_char_98, 0, 0, 30, 0, 1, 1},
    {FONT_THEME_1_VALUE_TOTAL_char_99, 0, 0, 30, 0, 1, 1},
    {FONT_THEME_1_VALUE_TOTAL_char_9a, 0, 0, 30, 0, 1, 1},
    {FONT_THEME_1_VALUE_TOTAL_char_9b, 0, 0, 30, 0, 1, 1},
    {FONT_THEME_1_VALUE_TOTAL_char_9c, 0, 0, 30, 0, 1, 1},
    {FONT_THEME_1_VALUE_TOTAL_char_9d, 0, 0, 30, 0, 1, 1},
    {FONT_THEME_1_VALUE_TOTAL_char_9e, 0, 0, 30, 0, 1, 1},
    {FONT_THEME_1_VALUE_TOTAL_char_9f, 0, 0, 30, 0, 1, 1},
    {FONT_THEME_1_VALUE_TOTAL_char_a0, 0, 0, 30, 0, 1, 1},
    {FONT_THEME_1_VALUE_TOTAL_char_a1, 30, 1, 30, 11, 8, 31},
    {FONT_THEME_1_VALUE_TOTAL_char_a2, 32, 3, 30, 3, 23, 35},
    {FONT_THEME_1_VALUE_TOTAL_char_a3, 30, 2, 30, 4, 20, 31},
    {FONT_THEME_1_VALUE_TOTAL_char_a4, 0, 0, 30, 0, 1, 1},
    {FONT_THEME_1_VALUE_TOTAL_char_a5, 29, 0, 30, 1, 28, 29},
    {FONT_THEME_1_VALUE_TOTAL_char_a6, 33, 10, 30, 13, 4, 43},
    {FONT_THEME_1_VALUE_TOTAL_char_a7, 29, 5, 30, 4, 22, 34},
    {FONT_THEME_1_VALUE_TOTAL_char_a8, 32, -26, 30, 6, 16, 6},
    {FONT_THEME_1_VALUE_TOTAL_char_a9, 30, 1, 30, 0, 28, 31},
    {FONT_THEME_1_VALUE_TOTAL_char_aa, 30, -11, 30, 5, 19, 19},
    {FONT_THEME_1_VALUE_TOTAL_char_ab, 24, -4, 30, 5, 18, 18},
    {FONT_THEME_1_VALUE_TOTAL_char_ac, 20, -8, 30, 3, 23, 12},
    {FONT_THEME_1_VALUE_TOTAL_char_ad, 0, 0, 30, 0, 1, 1},
    {FONT_THEME_1_VALUE_TOTAL_char_ae, 30, 1, 30, 0, 28, 31},
    {FONT_THEME_1_VALUE_TOTAL_char_af, 30, -27, 30, 6, 16, 3},
    {FONT_THEME_1_VALUE_TOTAL_char_b0, 30, -16, 30, 6, 14, 14},
    {FONT_THEME_1_VALUE_TOTAL_char_b1, 27, -3, 30, 4, 22, 24},
    {FONT_THEME_1_VALUE_TOTAL_char_b2, 33, -12, 30, 7, 16, 21},
    {FONT_THEME_1_VALUE_TOTAL_char_b3, 33, -11, 30, 7, 16, 22},
    {FONT_THEME_1_VALUE_TOTAL_char_b4, 34, -25, 30, 9, 14, 9},
    {FONT_THEME_1_VALUE_TOTAL_char_b5, 0, 0, 30, 0, 1, 1},
    {FONT_THEME_1_VALUE_TOTAL_char_b6, 29, 10, 30, 3, 24, 39},
    {FONT_THEME_1_VALUE_TOTAL_char_b7, 18, -10, 30, 10, 8, 8},
    {FONT_THEME_1_VALUE_TOTAL_char_b8, 0, 12, 30, 8, 12, 12},
    {FONT_THEME_1_VALUE_TOTAL_char_b9, 33, -12, 30, 7, 16, 21},
    {FONT_THEME_1_VALUE_TOTAL_char_ba, 30, -11, 30, 5, 18, 19},
    {FONT_THEME_1_VALUE_TOTAL_char_bb, 24, -4, 30, 5, 18, 18},
    {FONT_THEME_1_VALUE_TOTAL_char_bc, 35, 6, 30, -1, 30, 39},
    {FONT_THEME_1_VALUE_TOTAL_char_bd, 35, 6, 30, -1, 30, 39},
    {FONT_THEME_1_VALUE_TOTAL_char_be, 35, 6, 30, 0, 29, 39},
    {FONT_THEME_1_VALUE_TOTAL_char_bf, 30, 1, 30, 6, 18, 31},
    {FONT_THEME_1_VALUE_TOTAL_char_c0, 41, 0, 30, 0, 30, 41},
    {FONT_THEME_1_VALUE_TOTAL_char_c1, 41, 0, 30, 0, 30, 41},
    {FONT_THEME_1_VALUE_TOTAL_char_c2, 41, 0, 30, 0, 30, 41},
    {FONT_THEME_1_VALUE_TOTAL_char_c3, 38, 0, 30, 0, 30, 37},
    {FONT_THEME_1_VALUE_TOTAL_char_c4, 39, 0, 30, 0, 30, 39},
    {FONT_THEME_1_VALUE_TOTAL_char_c5, 44, 0, 30, 0, 30, 44},
    {FONT_THEME_1_VALUE_TOTAL_char_c6, 29, 0, 30, 0, 28, 29},
    {FONT_THEME_1_VALUE_TOTAL_char_c7, 30, 12, 30, 2, 24, 42},
    {FONT_THEME_1_VALUE_TOTAL_char_c8, 41, 0, 30, 1, 25, 41},
    {FONT_THEME_1_VALUE_TOTAL_char_c9, 41, 0, 30, 1, 25, 41},
    {FONT_THEME_1_VALUE_TOTAL_char_ca, 41, 0, 30, 1, 25, 41},
    {FONT_THEME_1_VALUE_TOTAL_char_cb, 39, 0, 30, 1, 25, 39},
    {FONT_THEME_1_VALUE_TOTAL_char_cc, 41, 0, 30, 4, 20, 41},
    {FONT_THEME_1_VALUE_TOTAL_char_cd, 41, 0, 30, 4, 20, 41},
    {FONT_THEME_1_VALUE_TOTAL_char_ce, 41, 0, 30, 4, 20, 41},
    {FONT_THEME_1_VALUE_TOTAL_char_cf, 39, 0, 30, 4, 20, 39},
    {FONT_THEME_1_VALUE_TOTAL_char_d0, 29, 0, 30, 1, 27, 29},
    {FONT_THEME_1_VALUE_TOTAL_char_d1, 38, 1, 30, 1, 26, 38},
    {FONT_THEME_1_VALUE_TOTAL_char_d2, 41, 1, 30, 2, 26, 42},
    {FONT_THEME_1_VALUE_TOTAL_char_d3, 41, 1, 30, 2, 26, 42},
    {FONT_THEME_1_VALUE_TOTAL_char_d4, 41, 1, 30, 2, 26, 42},
    {FONT_THEME_1_VALUE_TOTAL_char_d5, 38, 1, 30, 2, 26, 38},
    {FONT_THEME_1_VALUE_TOTAL_char_d6, 39, 1, 30, 2, 26, 40},
    {FONT_THEME_1_VALUE_TOTAL_char_d7, 24, -4, 30, 5, 18, 19},
    {FONT_THEME_1_VALUE_TOTAL_char_d8, 31, 2, 30, 2, 26, 31},
    {FONT_THEME_1_VALUE_TOTAL_char_d9, 41, 1, 30, 1, 26, 42},
    {FONT_THEME_1_VALUE_TOTAL_char_da, 41, 1, 30, 1, 26, 42},
    {FONT_THEME_1_VALUE_TOTAL_char_db, 41, 1, 30, 1, 26, 42},
    {FONT_THEME_1_VALUE_TOTAL_char_dc, 39, 1, 30, 1, 26, 40},
    {FONT_THEME_1_VALUE_TOTAL_char_dd, 41, 0, 30, 1, 28, 41},
    {FONT_THEME_1_VALUE_TOTAL_char_de, 29, 0, 30, 2, 23, 29},
    {FONT_THEME_1_VALUE_TOTAL_char_df, 32, 1, 30, 0, 25, 33},
    {FONT_THEME_1_VALUE_TOTAL_char_e0, 34, 1, 30, 3, 25, 35},
    {FONT_THEME_1_VALUE_TOTAL_char_e1, 34, 1, 30, 3, 25, 35},
    {FONT_THEME_1_VALUE_TOTAL_char_e2, 34, 1, 30, 3, 25, 35},
    {FONT_THEME_1_VALUE_TOTAL_char_e3, 32, 1, 30, 3, 25, 32},
    {FONT_THEME_1_VALUE_TOTAL_char_e4, 32, 1, 30, 3, 25, 33},
    {FONT_THEME_1_VALUE_TOTAL_char_e5, 37, 1, 30, 3, 25, 38},
    {FONT_THEME_1_VALUE_TOTAL_char_e6, 23, 1, 30, 1, 26, 24},
    {FONT_THEME_1_VALUE_TOTAL_char_e7, 23, 12, 30, 3, 23, 35},
    {FONT_THEME_1_VALUE_TOTAL_char_e8, 34, 1, 30, 3, 23, 35},
    {FONT_THEME_1_VALUE_TOTAL_char_e9, 34, 1, 30, 3, 23, 35},
    {FONT_THEME_1_VALUE_TOTAL_char_ea, 34, 1, 30, 3, 23, 35},
    {FONT_THEME_1_VALUE_TOTAL_char_eb, 32, 1, 30, 3, 23, 33},
    {FONT_THEME_1_VALUE_TOTAL_char_ec, 34, 0, 30, 4, 22, 34},
    {FONT_THEME_1_VALUE_TOTAL_char_ed, 34, 0, 30, 4, 22, 34},
    {FONT_THEME_1_VALUE_TOTAL_char_ee, 34, 0, 30, 4, 22, 34},
    {FONT_THEME_1_VALUE_TOTAL_char_ef, 32, 0, 30, 4, 22, 32},
    {FONT_THEME_1_VALUE_TOTAL_char_f0, 33, 1, 30, 3, 24, 34},
    {FONT_THEME_1_VALUE_TOTAL_char_f1, 32, 0, 30, 1, 27, 31},
    {FONT_THEME_1_VALUE_TOTAL_char_f2, 34, 1, 30, 2, 24, 35},
    {FONT_THEME_1_VALUE_TOTAL_char_f3, 34, 1, 30, 2, 24, 35},
    {FONT_THEME_1_VALUE_TOTAL_char_f4, 34, 1, 30, 2, 24, 35},
    {FONT_THEME_1_VALUE_TOTAL_char_f5, 32, 1, 30, 2, 24, 32},
    {FONT_THEME_1_VALUE_TOTAL_char_f6, 32, 1, 30, 2, 24, 33},
    {FONT_THEME_1_VALUE_TOTAL_char_f7, 26, -3, 30, 4, 22, 23},
    {FONT_THEME_1_VALUE_TOTAL_char_f8, 24, 2, 30, 2, 24, 24},
    {FONT_THEME_1_VALUE_TOTAL_char_f9, 34, 1, 30, 1, 26, 35},
    {FONT_THEME_1_VALUE_TOTAL_char_fa, 34, 1, 30, 1, 26, 35},
    {FONT_THEME_1_VALUE_TOTAL_char_fb, 34, 1, 30, 1, 26, 35},
    {FONT_THEME_1_VALUE_TOTAL_char_fc, 32, 1, 30, 1, 26, 33},
    {FONT_THEME_1_VALUE_TOTAL_char_fd, 34, 11, 30, 1, 28, 44},
    {FONT_THEME_1_VALUE_TOTAL_char_fe, 32, 10, 30, 0, 26, 42},
    {FONT_THEME_1_VALUE_TOTAL_char_ff, 32, 11, 30, 1, 28, 42}
};

static GX_CONST GX_FONT THEME_1_VALUE_TOTAL_PAGE_2 =
{
    GX_FONT_FORMAT_1BPP|GX_FONT_FORMAT_REVERSED_ORDER,        /* format        */
    0,                                       /* line pre-space                 */
    0,                                       /* line post-space                */ 
    57,                                      /* font data height               */
    44,                                      /* font baseline offset           */
    0x80,                                    /* first glyph within data page   */
    0xff,                                    /* last glyph within data page    */
    {THEME_1_VALUE_TOTAL_FONT_PAGE_2_GLYPHS},    /* pointer to glyph data      */
    &THEME_1_VALUE_TOTAL_PAGE_3              /* next font page                 */
};

static GX_CONST GX_UBYTE FONT_THEME_1_VALUE_TOTAL_char_20[1] =
{
    0x00
};
static GX_CONST GX_UBYTE FONT_THEME_1_VALUE_TOTAL_char_21[31] =
{
    0x3c, 0x7e, 0x7e, 0x3c, 0x3c, 0x3c, 0x3c, 0x3c, 0x3c, 0x3c, 0x3c, 0x3c, 0x3c, 
    0x3c, 0x3c, 0x3c, 0x18, 0x18, 0x00, 0x00, 0x00, 0x00, 0x00, 0x3c, 0x7e, 0x7f, 
    0xff, 0xff, 0x7f, 0x7e, 0x3c
};
static GX_CONST GX_UBYTE FONT_THEME_1_VALUE_TOTAL_char_22[28] =
{
    0x3f, 0xfc, 0x3f, 0xfc, 0x3f, 0x7c, 0x3e, 0x7c, 0x3e, 0x7c, 0x3e, 0x7c, 0x3e, 
    0x7c, 0x3e, 0x7c, 0x3e, 0x7c, 0x1e, 0x78, 0x1e, 0x78, 0x1c, 0x38, 0x1c, 0x38, 
    0x1c, 0x38
};
static GX_CONST GX_UBYTE FONT_THEME_1_VALUE_TOTAL_char_23[120] =
{
    0x00, 0x70, 0xe0, 0x00, 0x00, 0xf0, 0xe0, 0x00, 0x00, 0x70, 0xf0, 0x00, 0x00, 
    0x78, 0x70, 0x00, 0x00, 0x38, 0x70, 0x00, 0x00, 0x38, 0x70, 0x00, 0x00, 0x38, 
    0x78, 0x00, 0x00, 0x3c, 0x38, 0x00, 0xf8, 0xff, 0xff, 0x0f, 0xfc, 0xff, 0xff, 
    0x0f, 0xf8, 0xff, 0xff, 0x0f, 0x00, 0x0e, 0x1e, 0x00, 0x00, 0x0e, 0x1e, 0x00, 
    0x00, 0x0f, 0x0e, 0x00, 0x00, 0x07, 0x0e, 0x00, 0x00, 0x07, 0x0f, 0x00, 0x00, 
    0x07, 0x07, 0x00, 0x80, 0x07, 0x07, 0x00, 0xff, 0xff, 0xff, 0x01, 0xff, 0xff, 
    0xff, 0x03, 0xff, 0xff, 0xff, 0x01, 0xc0, 0x81, 0x03, 0x00, 0xc0, 0xc1, 0x03, 
    0x00, 0xe0, 0xc1, 0x01, 0x00, 0xe0, 0xc0, 0x01, 0x00, 0xe0, 0xe0, 0x01, 0x00, 
    0xf0, 0xe0, 0x00, 0x00, 0x70, 0xe0, 0x00, 0x00, 0x70, 0xf0, 0x00, 0x00, 0x70, 
    0x60, 0x00, 0x00
};
static GX_CONST GX_UBYTE FONT_THEME_1_VALUE_TOTAL_char_24[105] =
{
    0x00, 0x0e, 0x00, 0x00, 0x1e, 0x00, 0x00, 0x1e, 0x00, 0x00, 0x1e, 0x00, 0x00, 
    0x1e, 0x00, 0x00, 0x1e, 0x00, 0xe0, 0x7f, 0x0e, 0xf8, 0xff, 0x1e, 0xfc, 0xff, 
    0x1f, 0x3e, 0xde, 0x1f, 0x1e, 0x1e, 0x1f, 0x0e, 0x1e, 0x1e, 0x0f, 0x1e, 0x1e, 
    0x1e, 0x1e, 0x0c, 0xfe, 0x1e, 0x00, 0xfe, 0x7f, 0x00, 0xfc, 0xff, 0x03, 0xf8, 
    0xff, 0x0f, 0xc0, 0xff, 0x1f, 0x00, 0xfe, 0x1f, 0x00, 0x1e, 0x3e, 0x06, 0x1e, 
    0x3c, 0x0f, 0x1e, 0x3c, 0x0f, 0x1e, 0x1c, 0x1f, 0x1e, 0x1e, 0x7f, 0x9e, 0x1f, 
    0xff, 0xff, 0x0f, 0xef, 0xff, 0x03, 0x8e, 0xff, 0x00, 0x00, 0x1e, 0x00, 0x00, 
    0x1e, 0x00, 0x00, 0x1e, 0x00, 0x00, 0x1e, 0x00, 0x00, 0x1e, 0x00, 0x00, 0x0e, 
    0x00
};
static GX_CONST GX_UBYTE FONT_THEME_1_VALUE_TOTAL_char_25[124] =
{
    0xf0, 0x01, 0x00, 0x00, 0xf8, 0x07, 0x00, 0x00, 0xfc, 0x0f, 0x00, 0x00, 0x1e, 
    0x1e, 0x00, 0x00, 0x0e, 0x1c, 0x80, 0x03, 0x0f, 0x1c, 0xc0, 0x03, 0x07, 0x3c, 
    0xe0, 0x03, 0x07, 0x3c, 0xf0, 0x01, 0x0f, 0x1c, 0xf8, 0x00, 0x0e, 0x1c, 0x7c, 
    0x00, 0x1e, 0x1e, 0x3e, 0x00, 0xfc, 0x0f, 0x1f, 0x00, 0xf8, 0x87, 0x0f, 0x00, 
    0xf0, 0xc1, 0x07, 0x00, 0x00, 0xe0, 0x03, 0x00, 0x00, 0xf0, 0x00, 0x00, 0x00, 
    0x7c, 0x00, 0x00, 0x00, 0x3e, 0xf8, 0x00, 0x00, 0x1f, 0xfe, 0x01, 0x80, 0x0f, 
    0xff, 0x03, 0xc0, 0x87, 0x87, 0x07, 0xe0, 0x83, 0x03, 0x07, 0xf0, 0x81, 0x03, 
    0x0f, 0xf8, 0xc0, 0x03, 0x0e, 0x7c, 0xc0, 0x03, 0x0e, 0x3c, 0x80, 0x03, 0x0f, 
    0x1c, 0x80, 0x03, 0x07, 0x00, 0x80, 0x87, 0x07, 0x00, 0x00, 0xff, 0x03, 0x00, 
    0x00, 0xfe, 0x01, 0x00, 0x00, 0xf8, 0x00
};
static GX_CONST GX_UBYTE FONT_THEME_1_VALUE_TOTAL_char_26[93] =
{
    0x80, 0x3f, 0x00, 0xe0, 0xff, 0x00, 0xf0, 0xff, 0x03, 0xf8, 0xe0, 0x03, 0x78, 
    0x80, 0x03, 0x3c, 0x80, 0x03, 0x3c, 0x80, 0x03, 0x3c, 0x80, 0x03, 0x3c, 0x00, 
    0x00, 0x3c, 0x00, 0x00, 0x3c, 0x00, 0x00, 0x78, 0x00, 0x00, 0xf8, 0x00, 0x00, 
    0xf0, 0x01, 0x00, 0xf0, 0x01, 0x00, 0xf8, 0x03, 0x7e, 0xfc, 0x07, 0x7e, 0xbe, 
    0x0f, 0x7f, 0x1e, 0x1f, 0x07, 0x0f, 0x3e, 0x07, 0x0f, 0xbe, 0x07, 0x0f, 0xfc, 
    0x03, 0x07, 0xf8, 0x03, 0x0f, 0xf0, 0x03, 0x0f, 0xe0, 0x03, 0x0f, 0xf0, 0x07, 
    0x1f, 0xf8, 0x0f, 0xfe, 0x7f, 0x7f, 0xfc, 0x3f, 0xfe, 0xf8, 0x0f, 0x7c, 0xe0, 
    0x07, 0x00
};
static GX_CONST GX_UBYTE FONT_THEME_1_VALUE_TOTAL_char_27[14] =
{
    0x3f, 0x3f, 0x3f, 0x3f, 0x3f, 0x3f, 0x1e, 0x1e, 0x1e, 0x1e, 0x1e, 0x1e, 0x1e, 
    0x0c
};
static GX_CONST GX_UBYTE FONT_THEME_1_VALUE_TOTAL_char_28[84] =
{
    0x00, 0x38, 0x00, 0x3c, 0x00, 0x3f, 0x80, 0x1f, 0xc0, 0x07, 0xc0, 0x03, 0xe0, 
    0x01, 0xf0, 0x01, 0xf0, 0x00, 0x78, 0x00, 0x3c, 0x00, 0x3c, 0x00, 0x1c, 0x00, 
    0x1e, 0x00, 0x1e, 0x00, 0x0e, 0x00, 0x0e, 0x00, 0x0f, 0x00, 0x0f, 0x00, 0x0f, 
    0x00, 0x0f, 0x00, 0x0f, 0x00, 0x0f, 0x00, 0x0f, 0x00, 0x0f, 0x00, 0x0e, 0x00, 
    0x1e, 0x00, 0x1e, 0x00, 0x1e, 0x00, 0x3c, 0x00, 0x3c, 0x00, 0x78, 0x00, 0x78, 
    0x00, 0xf0, 0x00, 0xf0, 0x01, 0xe0, 0x03, 0xc0, 0x07, 0x80, 0x0f, 0x00, 0x1f, 
    0x00, 0x3e, 0x00, 0x3c, 0x00, 0x10
};
static GX_CONST GX_UBYTE FONT_THEME_1_VALUE_TOTAL_char_29[84] =
{
    0x07, 0x00, 0x0f, 0x00, 0x3f, 0x00, 0x7e, 0x00, 0xfc, 0x00, 0xf0, 0x00, 0xe0, 
    0x01, 0xe0, 0x03, 0xc0, 0x03, 0x80, 0x07, 0x80, 0x07, 0x00, 0x0f, 0x00, 0x0f, 
    0x00, 0x1e, 0x00, 0x1e, 0x00, 0x1e, 0x00, 0x1c, 0x00, 0x3c, 0x00, 0x3c, 0x00, 
    0x3c, 0x00, 0x3c, 0x00, 0x3c, 0x00, 0x3c, 0x00, 0x3c, 0x00, 0x1c, 0x00, 0x1c, 
    0x00, 0x1e, 0x00, 0x1e, 0x00, 0x1e, 0x00, 0x0f, 0x00, 0x0f, 0x80, 0x07, 0x80, 
    0x07, 0xc0, 0x03, 0xe0, 0x03, 0xf0, 0x01, 0xf8, 0x00, 0x7c, 0x00, 0x3e, 0x00, 
    0x1f, 0x00, 0x0f, 0x00, 0x02, 0x00
};
static GX_CONST GX_UBYTE FONT_THEME_1_VALUE_TOTAL_char_2a[60] =
{
    0x00, 0x1e, 0x00, 0x00, 0x1e, 0x00, 0x00, 0x1e, 0x00, 0x00, 0x1e, 0x00, 0x00, 
    0x1e, 0x00, 0x00, 0x1e, 0x00, 0x0e, 0x1e, 0x1c, 0x7e, 0x8c, 0x1f, 0xfe, 0xed, 
    0x1f, 0xfe, 0xff, 0x1f, 0xf0, 0xff, 0x01, 0x00, 0x1e, 0x00, 0x00, 0x3f, 0x00, 
    0x80, 0x7f, 0x00, 0xc0, 0xf3, 0x00, 0xe0, 0xf3, 0x01, 0xf0, 0xe1, 0x03, 0xf0, 
    0xc0, 0x03, 0xf0, 0xc0, 0x03, 0x60, 0x80, 0x01
};
static GX_CONST GX_UBYTE FONT_THEME_1_VALUE_TOTAL_char_2b[63] =
{
    0x00, 0x0e, 0x00, 0x00, 0x1e, 0x00, 0x00, 0x1e, 0x00, 0x00, 0x1e, 0x00, 0x00, 
    0x1e, 0x00, 0x00, 0x1e, 0x00, 0x00, 0x1e, 0x00, 0x00, 0x1e, 0x00, 0x00, 0x1e, 
    0x00, 0xff, 0xff, 0x3f, 0xff, 0xff, 0x3f, 0xff, 0xff, 0x3f, 0x00, 0x1e, 0x00, 
    0x00, 0x1e, 0x00, 0x00, 0x1e, 0x00, 0x00, 0x1e, 0x00, 0x00, 0x1e, 0x00, 0x00, 
    0x1e, 0x00, 0x00, 0x1e, 0x00, 0x00, 0x1e, 0x00, 0x00, 0x0e, 0x00
};
static GX_CONST GX_UBYTE FONT_THEME_1_VALUE_TOTAL_char_2c[28] =
{
    0xf8, 0x01, 0xf8, 0x01, 0xfc, 0x01, 0xfc, 0x00, 0xfc, 0x00, 0x7c, 0x00, 0x7e, 
    0x00, 0x3e, 0x00, 0x3e, 0x00, 0x1e, 0x00, 0x1e, 0x00, 0x0f, 0x00, 0x0f, 0x00, 
    0x07, 0x00
};
static GX_CONST GX_UBYTE FONT_THEME_1_VALUE_TOTAL_char_2d[9] =
{
    0xff, 0xff, 0x3f, 0xff, 0xff, 0x3f, 0xff, 0xff, 0x3f
};
static GX_CONST GX_UBYTE FONT_THEME_1_VALUE_TOTAL_char_2e[8] =
{
    0x3c, 0x7e, 0xff, 0xff, 0xff, 0xff, 0x7e, 0x3c
};
static GX_CONST GX_UBYTE FONT_THEME_1_VALUE_TOTAL_char_2f[120] =
{
    0x00, 0x00, 0x0e, 0x00, 0x00, 0x0f, 0x00, 0x00, 0x0f, 0x00, 0x80, 0x07, 0x00, 
    0x80, 0x07, 0x00, 0xc0, 0x03, 0x00, 0xc0, 0x03, 0x00, 0xc0, 0x01, 0x00, 0xe0, 
    0x01, 0x00, 0xe0, 0x01, 0x00, 0xf0, 0x00, 0x00, 0xf0, 0x00, 0x00, 0x78, 0x00, 
    0x00, 0x78, 0x00, 0x00, 0x3c, 0x00, 0x00, 0x3c, 0x00, 0x00, 0x1c, 0x00, 0x00, 
    0x1e, 0x00, 0x00, 0x1e, 0x00, 0x00, 0x0f, 0x00, 0x00, 0x0f, 0x00, 0x80, 0x07, 
    0x00, 0x80, 0x07, 0x00, 0xc0, 0x03, 0x00, 0xc0, 0x03, 0x00, 0xc0, 0x03, 0x00, 
    0xe0, 0x01, 0x00, 0xe0, 0x01, 0x00, 0xf0, 0x00, 0x00, 0xf0, 0x00, 0x00, 0x78, 
    0x00, 0x00, 0x78, 0x00, 0x00, 0x38, 0x00, 0x00, 0x3c, 0x00, 0x00, 0x3c, 0x00, 
    0x00, 0x1e, 0x00, 0x00, 0x1e, 0x00, 0x00, 0x0f, 0x00, 0x00, 0x0f, 0x00, 0x00, 
    0x07, 0x00, 0x00
};
static GX_CONST GX_UBYTE FONT_THEME_1_VALUE_TOTAL_char_30[93] =
{
    0x80, 0x1f, 0x00, 0xe0, 0x7f, 0x00, 0xf0, 0xff, 0x00, 0xf8, 0xf0, 0x01, 0x7c, 
    0xe0, 0x03, 0x3c, 0xc0, 0x03, 0x1e, 0x80, 0x07, 0x1e, 0x80, 0x07, 0x0f, 0x00, 
    0x07, 0x0f, 0x00, 0x0f, 0x0f, 0x00, 0x0f, 0x0f, 0x00, 0x0f, 0x0f, 0x00, 0x0f, 
    0x0f, 0x00, 0x0f, 0x07, 0x00, 0x0e, 0x07, 0x00, 0x0e, 0x07, 0x00, 0x0f, 0x07, 
    0x00, 0x0f, 0x0f, 0x00, 0x0f, 0x0f, 0x00, 0x0f, 0x0f, 0x00, 0x0f, 0x0f, 0x00, 
    0x0f, 0x0f, 0x00, 0x07, 0x1e, 0x80, 0x07, 0x1e, 0x80, 0x07, 0x3c, 0xc0, 0x03, 
    0x7c, 0xe0, 0x03, 0xf8, 0xf0, 0x01, 0xf0, 0xff, 0x00, 0xe0, 0x7f, 0x00, 0x80, 
    0x1f, 0x00
};
static GX_CONST GX_UBYTE FONT_THEME_1_VALUE_TOTAL_char_31[90] =
{
    0x00, 0x07, 0x00, 0xe0, 0x0f, 0x00, 0xfc, 0x0f, 0x00, 0xff, 0x0f, 0x00, 0x7f, 
    0x0f, 0x00, 0x0f, 0x0f, 0x00, 0x00, 0x0f, 0x00, 0x00, 0x0f, 0x00, 0x00, 0x0f, 
    0x00, 0x00, 0x0f, 0x00, 0x00, 0x0f, 0x00, 0x00, 0x0f, 0x00, 0x00, 0x0f, 0x00, 
    0x00, 0x0f, 0x00, 0x00, 0x0f, 0x00, 0x00, 0x0f, 0x00, 0x00, 0x0f, 0x00, 0x00, 
    0x0f, 0x00, 0x00, 0x0f, 0x00, 0x00, 0x0f, 0x00, 0x00, 0x0f, 0x00, 0x00, 0x0f, 
    0x00, 0x00, 0x0f, 0x00, 0x00, 0x0f, 0x00, 0x00, 0x0f, 0x00, 0x00, 0x0f, 0x00, 
    0x00, 0x0f, 0x00, 0xff, 0xff, 0x07, 0xff, 0xff, 0x07, 0xff, 0xff, 0x07
};
static GX_CONST GX_UBYTE FONT_THEME_1_VALUE_TOTAL_char_32[90] =
{
    0xc0, 0x1f, 0x00, 0xf8, 0x7f, 0x00, 0xfe, 0xff, 0x00, 0x3f, 0xf0, 0x01, 0x0f, 
    0xe0, 0x03, 0x0f, 0xc0, 0x03, 0x0f, 0x80, 0x03, 0x0f, 0x80, 0x07, 0x0e, 0x80, 
    0x07, 0x00, 0x80, 0x07, 0x00, 0xc0, 0x03, 0x00, 0xc0, 0x03, 0x00, 0xe0, 0x03, 
    0x00, 0xf0, 0x01, 0x00, 0xf0, 0x01, 0x00, 0xf8, 0x00, 0x00, 0x7c, 0x00, 0x00, 
    0x3e, 0x00, 0x00, 0x1f, 0x00, 0x80, 0x1f, 0x00, 0xc0, 0x0f, 0x00, 0xe0, 0x07, 
    0x00, 0xf0, 0x03, 0x07, 0xf8, 0x01, 0x0f, 0xfc, 0x00, 0x0f, 0x7e, 0x00, 0x0f, 
    0x3f, 0x00, 0x0f, 0xff, 0xff, 0x0f, 0xff, 0xff, 0x0f, 0xff, 0xff, 0x07
};
static GX_CONST GX_UBYTE FONT_THEME_1_VALUE_TOTAL_char_33[93] =
{
    0xe0, 0x1f, 0x00, 0xf8, 0x7f, 0x00, 0xfe, 0xff, 0x00, 0x3e, 0xf0, 0x01, 0x1e, 
    0xc0, 0x03, 0x1e, 0xc0, 0x03, 0x1e, 0x80, 0x07, 0x0e, 0x80, 0x07, 0x00, 0x80, 
    0x07, 0x00, 0x80, 0x07, 0x00, 0xc0, 0x03, 0x00, 0xc0, 0x03, 0x00, 0xf0, 0x01, 
    0x80, 0xff, 0x00, 0xc0, 0x7f, 0x00, 0x80, 0xff, 0x01, 0x00, 0xe0, 0x03, 0x00, 
    0xc0, 0x07, 0x00, 0x80, 0x07, 0x00, 0x80, 0x07, 0x00, 0x00, 0x0f, 0x00, 0x00, 
    0x0f, 0x00, 0x00, 0x0f, 0x00, 0x00, 0x0f, 0x00, 0x80, 0x07, 0x02, 0x80, 0x07, 
    0x0f, 0xc0, 0x03, 0x3f, 0xe0, 0x03, 0xff, 0xff, 0x01, 0xfc, 0xff, 0x00, 0xe0, 
    0x1f, 0x00
};
static GX_CONST GX_UBYTE FONT_THEME_1_VALUE_TOTAL_char_34[90] =
{
    0x00, 0xe0, 0x00, 0x00, 0xf0, 0x00, 0x00, 0xf8, 0x00, 0x00, 0xfc, 0x00, 0x00, 
    0xfc, 0x00, 0x00, 0xfe, 0x00, 0x00, 0xff, 0x00, 0x80, 0xef, 0x00, 0x80, 0xe7, 
    0x00, 0xc0, 0xe3, 0x00, 0xe0, 0xe3, 0x00, 0xe0, 0xe1, 0x00, 0xf0, 0xe0, 0x00, 
    0xf8, 0xe0, 0x00, 0x7c, 0xe0, 0x00, 0x3c, 0xe0, 0x00, 0x3e, 0xe0, 0x00, 0x1f, 
    0xe0, 0x00, 0xff, 0xff, 0x3f, 0xff, 0xff, 0x3f, 0xff, 0xff, 0x3f, 0x00, 0xe0, 
    0x00, 0x00, 0xe0, 0x00, 0x00, 0xe0, 0x00, 0x00, 0xe0, 0x00, 0x00, 0xe0, 0x00, 
    0x00, 0xe0, 0x00, 0x00, 0xff, 0x1f, 0x00, 0xff, 0x1f, 0x00, 0xff, 0x1f
};
static GX_CONST GX_UBYTE FONT_THEME_1_VALUE_TOTAL_char_35[90] =
{
    0xf8, 0xff, 0x07, 0xf8, 0xff, 0x07, 0xf8, 0xff, 0x07, 0x38, 0x00, 0x00, 0x38, 
    0x00, 0x00, 0x38, 0x00, 0x00, 0x38, 0x00, 0x00, 0x3c, 0x00, 0x00, 0x3c, 0x00, 
    0x00, 0x3c, 0x00, 0x00, 0x3c, 0x7f, 0x00, 0xfc, 0xff, 0x01, 0xfc, 0xff, 0x03, 
    0xfc, 0xe0, 0x07, 0x38, 0x80, 0x07, 0x00, 0x00, 0x0f, 0x00, 0x00, 0x0f, 0x00, 
    0x00, 0x0f, 0x00, 0x00, 0x1e, 0x00, 0x00, 0x1e, 0x00, 0x00, 0x1e, 0x00, 0x00, 
    0x1e, 0x00, 0x00, 0x0f, 0x00, 0x00, 0x0f, 0x04, 0x80, 0x0f, 0x1e, 0x80, 0x07, 
    0x7e, 0xe0, 0x03, 0xfe, 0xff, 0x03, 0xf8, 0xff, 0x00, 0xc0, 0x3f, 0x00
};
static GX_CONST GX_UBYTE FONT_THEME_1_VALUE_TOTAL_char_36[93] =
{
    0x00, 0xe0, 0x03, 0x00, 0xfc, 0x07, 0x00, 0xff, 0x07, 0xc0, 0x3f, 0x00, 0xe0, 
    0x07, 0x00, 0xf0, 0x01, 0x00, 0xf8, 0x00, 0x00, 0x78, 0x00, 0x00, 0x3c, 0x00, 
    0x00, 0x1c, 0x00, 0x00, 0x1e, 0x00, 0x00, 0x1e, 0x00, 0x00, 0x0e, 0x3f, 0x00, 
    0xef, 0xff, 0x00, 0xff, 0xff, 0x01, 0xff, 0xe0, 0x03, 0x3f, 0xc0, 0x07, 0x1f, 
    0x80, 0x0f, 0x1f, 0x00, 0x0f, 0x0f, 0x00, 0x0f, 0x0f, 0x00, 0x0f, 0x0f, 0x00, 
    0x0f, 0x0f, 0x00, 0x0f, 0x0e, 0x00, 0x0f, 0x1e, 0x00, 0x0f, 0x1e, 0x80, 0x0f, 
    0x3c, 0xc0, 0x07, 0xf8, 0xe0, 0x03, 0xf0, 0xff, 0x01, 0xe0, 0xff, 0x00, 0x80, 
    0x3f, 0x00
};
static GX_CONST GX_UBYTE FONT_THEME_1_VALUE_TOTAL_char_37[87] =
{
    0xff, 0xff, 0x07, 0xff, 0xff, 0x07, 0xff, 0xff, 0x07, 0x07, 0x80, 0x07, 0x07, 
    0xc0, 0x03, 0x07, 0xc0, 0x03, 0x07, 0xe0, 0x01, 0x07, 0xe0, 0x01, 0x00, 0xe0, 
    0x01, 0x00, 0xf0, 0x00, 0x00, 0xf0, 0x00, 0x00, 0x78, 0x00, 0x00, 0x78, 0x00, 
    0x00, 0x7c, 0x00, 0x00, 0x3c, 0x00, 0x00, 0x3c, 0x00, 0x00, 0x1e, 0x00, 0x00, 
    0x1e, 0x00, 0x00, 0x0f, 0x00, 0x00, 0x0f, 0x00, 0x00, 0x0f, 0x00, 0x80, 0x07, 
    0x00, 0x80, 0x07, 0x00, 0xc0, 0x03, 0x00, 0xc0, 0x03, 0x00, 0xc0, 0x03, 0x00, 
    0xe0, 0x01, 0x00, 0xe0, 0x01, 0x00, 0xe0, 0x00, 0x00
};
static GX_CONST GX_UBYTE FONT_THEME_1_VALUE_TOTAL_char_38[93] =
{
    0x80, 0x1f, 0x00, 0xe0, 0x7f, 0x00, 0xf8, 0xff, 0x01, 0xf8, 0xf0, 0x01, 0x3c, 
    0xc0, 0x03, 0x1e, 0x80, 0x07, 0x1e, 0x80, 0x07, 0x1e, 0x80, 0x07, 0x1e, 0x80, 
    0x07, 0x1e, 0x80, 0x07, 0x1e, 0x80, 0x07, 0x3c, 0xc0, 0x03, 0xf8, 0xf0, 0x01, 
    0xf0, 0xff, 0x00, 0xe0, 0x7f, 0x00, 0xf8, 0xff, 0x01, 0x7c, 0xe0, 0x03, 0x3e, 
    0xc0, 0x07, 0x1e, 0x80, 0x07, 0x0f, 0x00, 0x0f, 0x0f, 0x00, 0x0f, 0x0f, 0x00, 
    0x0f, 0x0f, 0x00, 0x0f, 0x0f, 0x00, 0x0f, 0x0f, 0x00, 0x0f, 0x1e, 0x80, 0x07, 
    0x3e, 0xc0, 0x07, 0x7c, 0xe0, 0x03, 0xf8, 0xff, 0x01, 0xf0, 0xff, 0x00, 0x80, 
    0x1f, 0x00
};
static GX_CONST GX_UBYTE FONT_THEME_1_VALUE_TOTAL_char_39[93] =
{
    0xc0, 0x1f, 0x00, 0xf0, 0x7f, 0x00, 0xf8, 0xff, 0x00, 0x7c, 0xf0, 0x01, 0x3e, 
    0xc0, 0x03, 0x1f, 0x80, 0x07, 0x0f, 0x80, 0x07, 0x0f, 0x00, 0x07, 0x0f, 0x00, 
    0x0f, 0x0f, 0x00, 0x0f, 0x0f, 0x00, 0x0f, 0x0f, 0x00, 0x0f, 0x0f, 0x80, 0x0f, 
    0x1f, 0x80, 0x0f, 0x1e, 0xc0, 0x0f, 0x7c, 0xf0, 0x0f, 0xfc, 0xff, 0x0f, 0xf0, 
    0x7f, 0x0f, 0xc0, 0x0f, 0x07, 0x00, 0x80, 0x07, 0x00, 0x80, 0x07, 0x00, 0x80, 
    0x03, 0x00, 0xc0, 0x03, 0x00, 0xe0, 0x01, 0x00, 0xf0, 0x01, 0x00, 0xf8, 0x00, 
    0x00, 0x7e, 0x00, 0xc0, 0x3f, 0x00, 0xfe, 0x0f, 0x00, 0xfe, 0x03, 0x00, 0x7e, 
    0x00, 0x00
};
static GX_CONST GX_UBYTE FONT_THEME_1_VALUE_TOTAL_char_3a[24] =
{
    0x3c, 0x7e, 0xff, 0xff, 0xff, 0xff, 0x7e, 0x3c, 0x00, 0x00, 0x00, 0x00, 0x00, 
    0x00, 0x00, 0x00, 0x3c, 0x7e, 0xff, 0xff, 0xff, 0xff, 0x7e, 0x3c
};
static GX_CONST GX_UBYTE FONT_THEME_1_VALUE_TOTAL_char_3b[60] =
{
    0xf0, 0x00, 0xf8, 0x01, 0xfc, 0x03, 0xfc, 0x03, 0xfc, 0x03, 0xfc, 0x03, 0xf8, 
    0x01, 0xf0, 0x00, 0x00, 0x00, 0x00, 0x00, 0x00, 0x00, 0x00, 0x00, 0x00, 0x00, 
    0x00, 0x00, 0x00, 0x00, 0x00, 0x00, 0xf8, 0x01, 0xf8, 0x01, 0xfc, 0x01, 0xfc, 
    0x00, 0xfc, 0x00, 0x7c, 0x00, 0x7e, 0x00, 0x3e, 0x00, 0x3e, 0x00, 0x1e, 0x00, 
    0x1e, 0x00, 0x0f, 0x00, 0x0f, 0x00, 0x07, 0x00
};
static GX_CONST GX_UBYTE FONT_THEME_1_VALUE_TOTAL_char_3c[69] =
{
    0x00, 0x00, 0x00, 0x00, 0x00, 0x38, 0x00, 0x00, 0x7e, 0x00, 0x80, 0x3f, 0x00, 
    0xe0, 0x0f, 0x00, 0xf8, 0x03, 0x00, 0xff, 0x00, 0xc0, 0x3f, 0x00, 0xf0, 0x0f, 
    0x00, 0xfc, 0x03, 0x00, 0xfe, 0x00, 0x00, 0x3f, 0x00, 0x00, 0x7f, 0x00, 0x00, 
    0xfe, 0x01, 0x00, 0xf8, 0x07, 0x00, 0xe0, 0x1f, 0x00, 0x80, 0x7f, 0x00, 0x00, 
    0xfe, 0x01, 0x00, 0xf8, 0x07, 0x00, 0xc0, 0x1f, 0x00, 0x00, 0x7f, 0x00, 0x00, 
    0x7c, 0x00, 0x00, 0x30
};
static GX_CONST GX_UBYTE FONT_THEME_1_VALUE_TOTAL_char_3d[39] =
{
    0xff, 0xff, 0x3f, 0xff, 0xff, 0x3f, 0xff, 0xff, 0x3f, 0x00, 0x00, 0x00, 0x00, 
    0x00, 0x00, 0x00, 0x00, 0x00, 0x00, 0x00, 0x00, 0x00, 0x00, 0x00, 0x00, 0x00, 
    0x00, 0x00, 0x00, 0x00, 0xff, 0xff, 0x3f, 0xff, 0xff, 0x3f, 0xff, 0xff, 0x3f

};
static GX_CONST GX_UBYTE FONT_THEME_1_VALUE_TOTAL_char_3e[69] =
{
    0x00, 0x00, 0x00, 0x0e, 0x00, 0x00, 0x3f, 0x00, 0x00, 0xfe, 0x00, 0x00, 0xfc, 
    0x03, 0x00, 0xe0, 0x0f, 0x00, 0x80, 0x3f, 0x00, 0x00, 0xfe, 0x01, 0x00, 0xf8, 
    0x07, 0x00, 0xe0, 0x1f, 0x00, 0x80, 0x3f, 0x00, 0x00, 0x7e, 0x00, 0x00, 0x7f, 
    0x00, 0xc0, 0x3f, 0x00, 0xf0, 0x0f, 0x00, 0xfc, 0x03, 0x00, 0xff, 0x00, 0xc0, 
    0x3f, 0x00, 0xf0, 0x0f, 0x00, 0xfc, 0x01, 0x00, 0x7f, 0x00, 0x00, 0x1f, 0x00, 
    0x00, 0x06, 0x00, 0x00
};
static GX_CONST GX_UBYTE FONT_THEME_1_VALUE_TOTAL_char_3f[93] =
{
    0xe0, 0x1f, 0x00, 0xfc, 0x7f, 0x00, 0xff, 0xff, 0x00, 0x1f, 0xf0, 0x01, 0x0f, 
    0xe0, 0x01, 0x0f, 0xc0, 0x03, 0x0f, 0xc0, 0x03, 0x0f, 0xc0, 0x03, 0x00, 0xc0, 
    0x03, 0x00, 0xe0, 0x01, 0x00, 0xf0, 0x01, 0x00, 0xfc, 0x00, 0x00, 0x7f, 0x00, 
    0xc0, 0x3f, 0x00, 0xc0, 0x0f, 0x00, 0xc0, 0x03, 0x00, 0xc0, 0x03, 0x00, 0xc0, 
    0x03, 0x00, 0xc0, 0x03, 0x00, 0x80, 0x01, 0x00, 0x00, 0x00, 0x00, 0x00, 0x00, 
    0x00, 0x00, 0x00, 0x00, 0x00, 0x00, 0x00, 0xc0, 0x03, 0x00, 0xe0, 0x07, 0x00, 
    0xe0, 0x07, 0x00, 0xe0, 0x07, 0x00, 0xe0, 0x07, 0x00, 0xe0, 0x07, 0x00, 0xc0, 
    0x03, 0x00
};
static GX_CONST GX_UBYTE FONT_THEME_1_VALUE_TOTAL_char_40[120] =
{
    0x00, 0xf8, 0x07, 0x00, 0x00, 0xfe, 0x1f, 0x00, 0x80, 0xff, 0x7f, 0x00, 0xc0, 
    0x0f, 0xfc, 0x00, 0xe0, 0x01, 0xf0, 0x01, 0xf0, 0x00, 0xc0, 0x03, 0x78, 0x00, 
    0x80, 0x03, 0x38, 0xf0, 0x80, 0x07, 0x1c, 0xf8, 0x1d, 0x07, 0x1c, 0xfc, 0x1f, 
    0x07, 0x0e, 0x1e, 0x1f, 0x07, 0x0e, 0x0e, 0x0f, 0x07, 0x0e, 0x0f, 0x0f, 0x0e, 
    0x0f, 0x07, 0x0f, 0x0e, 0x87, 0x07, 0x0f, 0x0e, 0x87, 0x03, 0x07, 0x07, 0x87, 
    0x83, 0x07, 0x07, 0x87, 0x83, 0x07, 0x07, 0x87, 0xc3, 0x87, 0x07, 0x87, 0xe7, 
    0xcf, 0x03, 0x8e, 0xff, 0xfe, 0x01, 0x0e, 0x7f, 0xfe, 0x00, 0x0e, 0x1e, 0x78, 
    0x00, 0x1c, 0x00, 0x00, 0x00, 0x3c, 0x00, 0x00, 0x00, 0x78, 0x00, 0x00, 0x00, 
    0xf0, 0x01, 0x0e, 0x00, 0xe0, 0xff, 0x0f, 0x00, 0xc0, 0xff, 0x0f, 0x00, 0x00, 
    0xfe, 0x01, 0x00
};
static GX_CONST GX_UBYTE FONT_THEME_1_VALUE_TOTAL_char_41[116] =
{
    0xe0, 0xff, 0x01, 0x00, 0xe0, 0xff, 0x03, 0x00, 0xe0, 0xff, 0x03, 0x00, 0x00, 
    0xf8, 0x07, 0x00, 0x00, 0x38, 0x07, 0x00, 0x00, 0x3c, 0x07, 0x00, 0x00, 0x3c, 
    0x0f, 0x00, 0x00, 0x1c, 0x0e, 0x00, 0x00, 0x1e, 0x1e, 0x00, 0x00, 0x1e, 0x1e, 
    0x00, 0x00, 0x0e, 0x1c, 0x00, 0x00, 0x0f, 0x3c, 0x00, 0x00, 0x0f, 0x3c, 0x00, 
    0x00, 0x07, 0x38, 0x00, 0x80, 0x07, 0x78, 0x00, 0x80, 0x07, 0x78, 0x00, 0xc0, 
    0x03, 0x70, 0x00, 0xc0, 0xff, 0xff, 0x00, 0xc0, 0xff, 0xff, 0x00, 0xe0, 0xff, 
    0xff, 0x00, 0xe0, 0x01, 0xe0, 0x01, 0xe0, 0x01, 0xe0, 0x01, 0xf0, 0x00, 0xc0, 
    0x01, 0xf0, 0x00, 0xc0, 0x03, 0xf0, 0x00, 0xc0, 0x03, 0x78, 0x00, 0x80, 0x07, 
    0xff, 0x07, 0xfc, 0x1f, 0xff, 0x07, 0xfc, 0x3f, 0xff, 0x07, 0xfc, 0x1f
};
static GX_CONST GX_UBYTE FONT_THEME_1_VALUE_TOTAL_char_42[116] =
{
    0xff, 0xff, 0x01, 0x00, 0xff, 0xff, 0x07, 0x00, 0xff, 0xff, 0x1f, 0x00, 0xf0, 
    0x00, 0x1f, 0x00, 0xf0, 0x00, 0x3c, 0x00, 0xf0, 0x00, 0x3c, 0x00, 0xf0, 0x00, 
    0x38, 0x00, 0xf0, 0x00, 0x78, 0x00, 0xf0, 0x00, 0x78, 0x00, 0xf0, 0x00, 0x78, 
    0x00, 0xf0, 0x00, 0x3c, 0x00, 0xf0, 0x00, 0x3c, 0x00, 0xf0, 0x00, 0x1f, 0x00, 
    0xf0, 0xff, 0x0f, 0x00, 0xf0, 0xff, 0x1f, 0x00, 0xf0, 0xff, 0x3f, 0x00, 0xf0, 
    0x00, 0x7c, 0x00, 0xf0, 0x00, 0xf0, 0x00, 0xf0, 0x00, 0xf0, 0x00, 0xf0, 0x00, 
    0xe0, 0x01, 0xf0, 0x00, 0xe0, 0x01, 0xf0, 0x00, 0xe0, 0x01, 0xf0, 0x00, 0xe0, 
    0x01, 0xf0, 0x00, 0xf0, 0x00, 0xf0, 0x00, 0xf8, 0x00, 0xf0, 0x00, 0x7c, 0x00, 
    0xff, 0xff, 0x7f, 0x00, 0xff, 0xff, 0x1f, 0x00, 0xff, 0xff, 0x07, 0x00
};
static GX_CONST GX_UBYTE FONT_THEME_1_VALUE_TOTAL_char_43[93] =
{
    0x00, 0xfe, 0x70, 0x80, 0xff, 0x73, 0xe0, 0xff, 0x7f, 0xf0, 0x03, 0x7f, 0xf8, 
    0x00, 0x7c, 0x7c, 0x00, 0x7c, 0x3c, 0x00, 0x78, 0x3e, 0x00, 0x78, 0x1e, 0x00, 
    0x70, 0x1e, 0x00, 0x70, 0x0f, 0x00, 0x20, 0x0f, 0x00, 0x00, 0x0f, 0x00, 0x00, 
    0x0f, 0x00, 0x00, 0x0f, 0x00, 0x00, 0x0f, 0x00, 0x00, 0x0f, 0x00, 0x00, 0x0f, 
    0x00, 0x00, 0x0f, 0x00, 0x00, 0x0f, 0x00, 0x00, 0x0f, 0x00, 0x00, 0x1e, 0x00, 
    0x00, 0x1e, 0x00, 0x00, 0x1e, 0x00, 0x00, 0x3c, 0x00, 0x00, 0x7c, 0x00, 0x60, 
    0xf8, 0x00, 0xf8, 0xf0, 0x03, 0xff, 0xe0, 0xff, 0x7f, 0xc0, 0xff, 0x1f, 0x00, 
    0xfe, 0x01
};
static GX_CONST GX_UBYTE FONT_THEME_1_VALUE_TOTAL_char_44[116] =
{
    0xff, 0xff, 0x01, 0x00, 0xff, 0xff, 0x07, 0x00, 0xff, 0xff, 0x1f, 0x00, 0xf0, 
    0x00, 0x3f, 0x00, 0xf0, 0x00, 0x7c, 0x00, 0xf0, 0x00, 0xf8, 0x00, 0xf0, 0x00, 
    0xf0, 0x00, 0xf0, 0x00, 0xf0, 0x01, 0xf0, 0x00, 0xe0, 0x01, 0xf0, 0x00, 0xe0, 
    0x01, 0xf0, 0x00, 0xc0, 0x01, 0xf0, 0x00, 0xc0, 0x03, 0xf0, 0x00, 0xc0, 0x03, 
    0xf0, 0x00, 0xc0, 0x03, 0xf0, 0x00, 0xc0, 0x03, 0xf0, 0x00, 0xc0, 0x03, 0xf0, 
    0x00, 0xc0, 0x03, 0xf0, 0x00, 0xc0, 0x03, 0xf0, 0x00, 0xc0, 0x01, 0xf0, 0x00, 
    0xe0, 0x01, 0xf0, 0x00, 0xe0, 0x01, 0xf0, 0x00, 0xf0, 0x01, 0xf0, 0x00, 0xf0, 
    0x00, 0xf0, 0x00, 0xf8, 0x00, 0xf0, 0x00, 0x7c, 0x00, 0xf0, 0x00, 0x3f, 0x00, 
    0xff, 0xff, 0x1f, 0x00, 0xff, 0xff, 0x07, 0x00, 0xff, 0xff, 0x01, 0x00
};
static GX_CONST GX_UBYTE FONT_THEME_1_VALUE_TOTAL_char_45[116] =
{
    0xff, 0xff, 0xff, 0x00, 0xff, 0xff, 0xff, 0x00, 0xff, 0xff, 0xff, 0x00, 0xf0, 
    0x00, 0xe0, 0x00, 0xf0, 0x00, 0xe0, 0x00, 0xf0, 0x00, 0xe0, 0x00, 0xf0, 0x00, 
    0xe0, 0x00, 0xf0, 0x00, 0xe0, 0x00, 0xf0, 0x00, 0xe0, 0x00, 0xf0, 0x00, 0x00, 
    0x00, 0xf0, 0xc0, 0x01, 0x00, 0xf0, 0xc0, 0x01, 0x00, 0xf0, 0xc0, 0x01, 0x00, 
    0xf0, 0xff, 0x01, 0x00, 0xf0, 0xff, 0x01, 0x00, 0xf0, 0xff, 0x01, 0x00, 0xf0, 
    0xc0, 0x01, 0x00, 0xf0, 0xc0, 0x01, 0x00, 0xf0, 0xc0, 0xc1, 0x01, 0xf0, 0x00, 
    0xe0, 0x01, 0xf0, 0x00, 0xe0, 0x01, 0xf0, 0x00, 0xe0, 0x01, 0xf0, 0x00, 0xe0, 
    0x01, 0xf0, 0x00, 0xe0, 0x01, 0xf0, 0x00, 0xe0, 0x01, 0xf0, 0x00, 0xe0, 0x01, 
    0xff, 0xff, 0xff, 0x01, 0xff, 0xff, 0xff, 0x01, 0xff, 0xff, 0xff, 0x01
};
static GX_CONST GX_UBYTE FONT_THEME_1_VALUE_TOTAL_char_46[116] =
{
    0xff, 0xff, 0xff, 0x01, 0xff, 0xff, 0xff, 0x01, 0xff, 0xff, 0xff, 0x01, 0xe0, 
    0x00, 0xe0, 0x01, 0xe0, 0x00, 0xe0, 0x01, 0xe0, 0x00, 0xe0, 0x01, 0xe0, 0x00, 
    0xe0, 0x01, 0xe0, 0x00, 0xe0, 0x01, 0xe0, 0x00, 0xe0, 0x01, 0xe0, 0x00, 0xc0, 
    0x01, 0xe0, 0x80, 0x03, 0x00, 0xe0, 0xc0, 0x03, 0x00, 0xe0, 0xc0, 0x03, 0x00, 
    0xe0, 0xff, 0x03, 0x00, 0xe0, 0xff, 0x03, 0x00, 0xe0, 0xff, 0x03, 0x00, 0xe0, 
    0xc0, 0x03, 0x00, 0xe0, 0xc0, 0x03, 0x00, 0xe0, 0x80, 0x03, 0x00, 0xe0, 0x00, 
    0x00, 0x00, 0xe0, 0x00, 0x00, 0x00, 0xe0, 0x00, 0x00, 0x00, 0xe0, 0x00, 0x00, 
    0x00, 0xe0, 0x00, 0x00, 0x00, 0xe0, 0x00, 0x00, 0x00, 0xe0, 0x00, 0x00, 0x00, 
    0xff, 0x7f, 0x00, 0x00, 0xff, 0xff, 0x00, 0x00, 0xff, 0x7f, 0x00, 0x00
};
static GX_CONST GX_UBYTE FONT_THEME_1_VALUE_TOTAL_char_47[124] =
{
    0x00, 0xfc, 0xe1, 0x00, 0x80, 0xff, 0xf7, 0x00, 0xc0, 0xff, 0xff, 0x00, 0xe0, 
    0x07, 0xfe, 0x00, 0xf0, 0x01, 0xf8, 0x00, 0xf8, 0x00, 0xf8, 0x00, 0x7c, 0x00, 
    0xf0, 0x00, 0x3c, 0x00, 0xf0, 0x00, 0x3c, 0x00, 0xf0, 0x00, 0x1e, 0x00, 0x40, 
    0x00, 0x1e, 0x00, 0x00, 0x00, 0x1e, 0x00, 0x00, 0x00, 0x0e, 0x00, 0x00, 0x00, 
    0x0f, 0x00, 0x00, 0x00, 0x0f, 0x00, 0x00, 0x00, 0x0f, 0x00, 0x00, 0x00, 0x0f, 
    0x00, 0x00, 0x00, 0x0f, 0xe0, 0xff, 0x03, 0x0e, 0xe0, 0xff, 0x07, 0x1e, 0xe0, 
    0xff, 0x03, 0x1e, 0x00, 0xe0, 0x00, 0x1e, 0x00, 0xe0, 0x00, 0x3c, 0x00, 0xe0, 
    0x00, 0x3c, 0x00, 0xe0, 0x00, 0x7c, 0x00, 0xe0, 0x00, 0x78, 0x00, 0xe0, 0x00, 
    0xf0, 0x01, 0xf0, 0x00, 0xe0, 0x03, 0xfc, 0x00, 0xc0, 0xff, 0x7f, 0x00, 0x80, 
    0xff, 0x3f, 0x00, 0x00, 0xfe, 0x03, 0x00
};
static GX_CONST GX_UBYTE FONT_THEME_1_VALUE_TOTAL_char_48[116] =
{
    0xff, 0x03, 0xff, 0x03, 0xff, 0x87, 0xff, 0x03, 0xff, 0x03, 0xff, 0x03, 0x78, 
    0x00, 0x78, 0x00, 0x78, 0x00, 0x78, 0x00, 0x78, 0x00, 0x78, 0x00, 0x78, 0x00, 
    0x78, 0x00, 0x78, 0x00, 0x78, 0x00, 0x78, 0x00, 0x78, 0x00, 0x78, 0x00, 0x78, 
    0x00, 0x78, 0x00, 0x78, 0x00, 0x78, 0x00, 0x78, 0x00, 0x78, 0x00, 0x78, 0x00, 
    0xf8, 0xff, 0x7f, 0x00, 0xf8, 0xff, 0x7f, 0x00, 0xf8, 0xff, 0x7f, 0x00, 0x78, 
    0x00, 0x78, 0x00, 0x78, 0x00, 0x78, 0x00, 0x78, 0x00, 0x78, 0x00, 0x78, 0x00, 
    0x78, 0x00, 0x78, 0x00, 0x78, 0x00, 0x78, 0x00, 0x78, 0x00, 0x78, 0x00, 0x78, 
    0x00, 0x78, 0x00, 0x78, 0x00, 0x78, 0x00, 0x78, 0x00, 0x78, 0x00, 0x78, 0x00, 
    0xff, 0x03, 0xff, 0x03, 0xff, 0x87, 0xff, 0x03, 0xff, 0x03, 0xff, 0x03
};
static GX_CONST GX_UBYTE FONT_THEME_1_VALUE_TOTAL_char_49[87] =
{
    0xfe, 0xff, 0x07, 0xff, 0xff, 0x0f, 0xfe, 0xff, 0x07, 0x00, 0x0f, 0x00, 0x00, 
    0x0f, 0x00, 0x00, 0x0f, 0x00, 0x00, 0x0f, 0x00, 0x00, 0x0f, 0x00, 0x00, 0x0f, 
    0x00, 0x00, 0x0f, 0x00, 0x00, 0x0f, 0x00, 0x00, 0x0f, 0x00, 0x00, 0x0f, 0x00, 
    0x00, 0x0f, 0x00, 0x00, 0x0f, 0x00, 0x00, 0x0f, 0x00, 0x00, 0x0f, 0x00, 0x00, 
    0x0f, 0x00, 0x00, 0x0f, 0x00, 0x00, 0x0f, 0x00, 0x00, 0x0f, 0x00, 0x00, 0x0f, 
    0x00, 0x00, 0x0f, 0x00, 0x00, 0x0f, 0x00, 0x00, 0x0f, 0x00, 0x00, 0x0f, 0x00, 
    0xff, 0xff, 0x0f, 0xff, 0xff, 0x0f, 0xff, 0xff, 0x0f
};
static GX_CONST GX_UBYTE FONT_THEME_1_VALUE_TOTAL_char_4a[120] =
{
    0xc0, 0xff, 0xff, 0x01, 0xe0, 0xff, 0xff, 0x01, 0xc0, 0xff, 0xff, 0x01, 0x00, 
    0x80, 0x07, 0x00, 0x00, 0x80, 0x07, 0x00, 0x00, 0x80, 0x07, 0x00, 0x00, 0x80, 
    0x07, 0x00, 0x00, 0x80, 0x07, 0x00, 0x00, 0x80, 0x07, 0x00, 0x00, 0x80, 0x07, 
    0x00, 0x00, 0x80, 0x07, 0x00, 0x00, 0x80, 0x07, 0x00, 0x00, 0x80, 0x07, 0x00, 
    0x00, 0x80, 0x07, 0x00, 0x00, 0x80, 0x07, 0x00, 0x00, 0x80, 0x07, 0x00, 0x00, 
    0x80, 0x07, 0x00, 0x07, 0x80, 0x07, 0x00, 0x07, 0x80, 0x07, 0x00, 0x07, 0x80, 
    0x07, 0x00, 0x07, 0x80, 0x07, 0x00, 0x07, 0x80, 0x07, 0x00, 0x07, 0x80, 0x07, 
    0x00, 0x07, 0x80, 0x07, 0x00, 0x07, 0xc0, 0x03, 0x00, 0x0f, 0xc0, 0x03, 0x00, 
    0x3f, 0xf0, 0x01, 0x00, 0xfe, 0xff, 0x01, 0x00, 0xfc, 0x7f, 0x00, 0x00, 0xe0, 
    0x1f, 0x00, 0x00
};
static GX_CONST GX_UBYTE FONT_THEME_1_VALUE_TOTAL_char_4b[116] =
{
    0xff, 0x07, 0xff, 0x03, 0xff, 0x8f, 0xff, 0x03, 0xff, 0x07, 0xff, 0x03, 0xf0, 
    0x00, 0x7c, 0x00, 0xf0, 0x00, 0x3e, 0x00, 0xf0, 0x00, 0x1f, 0x00, 0xf0, 0x80, 
    0x0f, 0x00, 0xf0, 0xc0, 0x07, 0x00, 0xf0, 0xe0, 0x03, 0x00, 0xf0, 0xf0, 0x01, 
    0x00, 0xf0, 0xf8, 0x00, 0x00, 0xf0, 0x7c, 0x00, 0x00, 0xf0, 0x3e, 0x00, 0x00, 
    0xf0, 0xff, 0x00, 0x00, 0xf0, 0xff, 0x03, 0x00, 0xf0, 0xff, 0x07, 0x00, 0xf0, 
    0xe7, 0x07, 0x00, 0xf0, 0x81, 0x0f, 0x00, 0xf0, 0x00, 0x0f, 0x00, 0xf0, 0x00, 
    0x1e, 0x00, 0xf0, 0x00, 0x1e, 0x00, 0xf0, 0x00, 0x1e, 0x00, 0xf0, 0x00, 0x3c, 
    0x00, 0xf0, 0x00, 0x3c, 0x00, 0xf0, 0x00, 0x78, 0x00, 0xf0, 0x00, 0xf8, 0x00, 
    0xff, 0x1f, 0xf0, 0x07, 0xff, 0x1f, 0xf0, 0x07, 0xff, 0x1f, 0xc0, 0x07
};
static GX_CONST GX_UBYTE FONT_THEME_1_VALUE_TOTAL_char_4c[116] =
{
    0xff, 0xff, 0x00, 0x00, 0xff, 0xff, 0x01, 0x00, 0xff, 0xff, 0x00, 0x00, 0xe0, 
    0x01, 0x00, 0x00, 0xe0, 0x01, 0x00, 0x00, 0xe0, 0x01, 0x00, 0x00, 0xe0, 0x01, 
    0x00, 0x00, 0xe0, 0x01, 0x00, 0x00, 0xe0, 0x01, 0x00, 0x00, 0xe0, 0x01, 0x00, 
    0x00, 0xe0, 0x01, 0x00, 0x00, 0xe0, 0x01, 0x00, 0x00, 0xe0, 0x01, 0x00, 0x00, 
    0xe0, 0x01, 0x00, 0x00, 0xe0, 0x01, 0x00, 0x00, 0xe0, 0x01, 0x00, 0x00, 0xe0, 
    0x01, 0x40, 0x00, 0xe0, 0x01, 0xe0, 0x01, 0xe0, 0x01, 0xe0, 0x01, 0xe0, 0x01, 
    0xe0, 0x01, 0xe0, 0x01, 0xe0, 0x01, 0xe0, 0x01, 0xe0, 0x01, 0xe0, 0x01, 0xe0, 
    0x01, 0xe0, 0x01, 0xe0, 0x01, 0xe0, 0x01, 0xe0, 0x01, 0xe0, 0x01, 0xe0, 0x01, 
    0xff, 0xff, 0xff, 0x01, 0xff, 0xff, 0xff, 0x01, 0xff, 0xff, 0xff, 0x01
};
static GX_CONST GX_UBYTE FONT_THEME_1_VALUE_TOTAL_char_4d[116] =
{
    0xfe, 0x00, 0xf0, 0x07, 0xff, 0x01, 0xf8, 0x0f, 0xfe, 0x01, 0xf8, 0x07, 0xf8, 
    0x03, 0xfc, 0x01, 0xf8, 0x03, 0xfc, 0x01, 0xf8, 0x03, 0xfc, 0x01, 0xf8, 0x07, 
    0xfe, 0x01, 0xf8, 0x07, 0xfe, 0x01, 0x78, 0x07, 0xee, 0x01, 0x78, 0x0f, 0xef, 
    0x01, 0x78, 0x0f, 0xef, 0x01, 0x78, 0x8e, 0xe7, 0x01, 0x78, 0x9e, 0xe7, 0x01, 
    0x78, 0x9c, 0xe3, 0x01, 0x78, 0xfc, 0xe3, 0x01, 0x78, 0xfc, 0xe3, 0x01, 0x38, 
    0xf8, 0xe1, 0x01, 0x38, 0xf8, 0xc1, 0x01, 0x38, 0xf8, 0xc1, 0x01, 0x38, 0xf0, 
    0xc0, 0x01, 0x38, 0xf0, 0xc0, 0x01, 0x38, 0x00, 0xc0, 0x01, 0x38, 0x00, 0xc0, 
    0x01, 0x38, 0x00, 0xc0, 0x01, 0x38, 0x00, 0xc0, 0x01, 0x38, 0x00, 0xc0, 0x01, 
    0xff, 0x03, 0xfc, 0x0f, 0xff, 0x03, 0xfe, 0x0f, 0xff, 0x03, 0xfc, 0x0f
};
static GX_CONST GX_UBYTE FONT_THEME_1_VALUE_TOTAL_char_4e[120] =
{
    0xff, 0x00, 0xff, 0x03, 0xff, 0x81, 0xff, 0x03, 0xff, 0x01, 0xff, 0x03, 0xf8, 
    0x03, 0x70, 0x00, 0xf8, 0x03, 0x70, 0x00, 0xf8, 0x07, 0x70, 0x00, 0xf8, 0x07, 
    0x70, 0x00, 0x78, 0x0f, 0x70, 0x00, 0x78, 0x1f, 0x70, 0x00, 0x78, 0x1e, 0x70, 
    0x00, 0x78, 0x3e, 0x70, 0x00, 0x78, 0x3c, 0x70, 0x00, 0x78, 0x7c, 0x70, 0x00, 
    0x78, 0x78, 0x70, 0x00, 0x78, 0xf0, 0x70, 0x00, 0x78, 0xf0, 0x71, 0x00, 0x78, 
    0xe0, 0x71, 0x00, 0x78, 0xe0, 0x73, 0x00, 0x78, 0xc0, 0x73, 0x00, 0x78, 0xc0, 
    0x77, 0x00, 0x78, 0x80, 0x77, 0x00, 0x78, 0x80, 0x7f, 0x00, 0x78, 0x00, 0x7f, 
    0x00, 0x78, 0x00, 0x7e, 0x00, 0x78, 0x00, 0x7e, 0x00, 0x78, 0x00, 0x7c, 0x00, 
    0xff, 0x07, 0x7c, 0x00, 0xff, 0x0f, 0x78, 0x00, 0xff, 0x07, 0x78, 0x00, 0x00, 
    0x00, 0x70, 0x00
};
static GX_CONST GX_UBYTE FONT_THEME_1_VALUE_TOTAL_char_4f[124] =
{
    0x00, 0xfe, 0x01, 0x00, 0x80, 0xff, 0x07, 0x00, 0xe0, 0xff, 0x0f, 0x00, 0xf0, 
    0x03, 0x3f, 0x00, 0xf8, 0x00, 0x3c, 0x00, 0x78, 0x00, 0x78, 0x00, 0x3c, 0x00, 
    0xf0, 0x00, 0x3c, 0x00, 0xf0, 0x00, 0x1e, 0x00, 0xe0, 0x01, 0x1e, 0x00, 0xe0, 
    0x01, 0x1e, 0x00, 0xe0, 0x01, 0x0f, 0x00, 0xc0, 0x01, 0x0f, 0x00, 0xc0, 0x03, 
    0x0f, 0x00, 0xc0, 0x03, 0x0f, 0x00, 0xc0, 0x03, 0x0f, 0x00, 0xc0, 0x03, 0x0f, 
    0x00, 0xc0, 0x03, 0x0f, 0x00, 0xc0, 0x03, 0x0f, 0x00, 0xc0, 0x03, 0x0f, 0x00, 
    0xc0, 0x01, 0x1e, 0x00, 0xe0, 0x01, 0x1e, 0x00, 0xe0, 0x01, 0x1e, 0x00, 0xe0, 
    0x01, 0x3c, 0x00, 0xf0, 0x00, 0x3c, 0x00, 0xf0, 0x00, 0x78, 0x00, 0x78, 0x00, 
    0xf8, 0x00, 0x3c, 0x00, 0xf0, 0x03, 0x3f, 0x00, 0xe0, 0xff, 0x0f, 0x00, 0x80, 
    0xff, 0x07, 0x00, 0x00, 0xfe, 0x01, 0x00
};
static GX_CONST GX_UBYTE FONT_THEME_1_VALUE_TOTAL_char_50[116] =
{
    0xff, 0xff, 0x07, 0x00, 0xff, 0xff, 0x1f, 0x00, 0xff, 0xff, 0x3f, 0x00, 0xe0, 
    0x01, 0x7c, 0x00, 0xe0, 0x01, 0xf8, 0x00, 0xe0, 0x01, 0xf0, 0x01, 0xe0, 0x01, 
    0xe0, 0x01, 0xe0, 0x01, 0xe0, 0x01, 0xe0, 0x01, 0xe0, 0x01, 0xe0, 0x01, 0xe0, 
    0x01, 0xe0, 0x01, 0xe0, 0x01, 0xe0, 0x01, 0xe0, 0x01, 0xe0, 0x01, 0xf0, 0x01, 
    0xe0, 0x01, 0xf8, 0x00, 0xe0, 0x01, 0x7c, 0x00, 0xe0, 0xff, 0x7f, 0x00, 0xe0, 
    0xff, 0x1f, 0x00, 0xe0, 0xff, 0x07, 0x00, 0xe0, 0x01, 0x00, 0x00, 0xe0, 0x01, 
    0x00, 0x00, 0xe0, 0x01, 0x00, 0x00, 0xe0, 0x01, 0x00, 0x00, 0xe0, 0x01, 0x00, 
    0x00, 0xe0, 0x01, 0x00, 0x00, 0xe0, 0x01, 0x00, 0x00, 0xe0, 0x01, 0x00, 0x00, 
    0xff, 0xff, 0x00, 0x00, 0xff, 0xff, 0x01, 0x00, 0xff, 0xff, 0x00, 0x00
};
static GX_CONST GX_UBYTE FONT_THEME_1_VALUE_TOTAL_char_51[144] =
{
    0x00, 0xfe, 0x01, 0x00, 0x80, 0xff, 0x07, 0x00, 0xe0, 0xff, 0x1f, 0x00, 0xf0, 
    0x03, 0x3f, 0x00, 0xf8, 0x00, 0x7c, 0x00, 0x78, 0x00, 0x78, 0x00, 0x3c, 0x00, 
    0xf0, 0x00, 0x3e, 0x00, 0xf0, 0x00, 0x1e, 0x00, 0xe0, 0x01, 0x1e, 0x00, 0xe0, 
    0x01, 0x0e, 0x00, 0xc0, 0x01, 0x0f, 0x00, 0xc0, 0x03, 0x0f, 0x00, 0xc0, 0x03, 
    0x0f, 0x00, 0xc0, 0x03, 0x0f, 0x00, 0xc0, 0x03, 0x0f, 0x00, 0xc0, 0x03, 0x0f, 
    0x00, 0xc0, 0x03, 0x0f, 0x00, 0xc0, 0x03, 0x0e, 0x00, 0xc0, 0x01, 0x1e, 0x00, 
    0xe0, 0x01, 0x1e, 0x00, 0xe0, 0x01, 0x3e, 0x00, 0xf0, 0x01, 0x3c, 0x00, 0xf0, 
    0x00, 0x7c, 0x00, 0x78, 0x00, 0xf8, 0x00, 0x7c, 0x00, 0xf0, 0x03, 0x3f, 0x00, 
    0xe0, 0xff, 0x1f, 0x00, 0xc0, 0xff, 0x07, 0x00, 0x00, 0xff, 0x01, 0x00, 0x80, 
    0x07, 0x00, 0x00, 0xc0, 0x03, 0x00, 0x00, 0xe0, 0x01, 0x40, 0x00, 0xf0, 0xff, 
    0xe0, 0x00, 0xf0, 0xff, 0xff, 0x01, 0xf0, 0xff, 0xff, 0x00, 0xf0, 0x80, 0x3f, 
    0x00
};
static GX_CONST GX_UBYTE FONT_THEME_1_VALUE_TOTAL_char_52[116] =
{
    0xff, 0xff, 0x03, 0x00, 0xff, 0xff, 0x0f, 0x00, 0xff, 0xff, 0x1f, 0x00, 0xf0, 
    0x00, 0x3f, 0x00, 0xf0, 0x00, 0x7c, 0x00, 0xf0, 0x00, 0x78, 0x00, 0xf0, 0x00, 
    0x78, 0x00, 0xf0, 0x00, 0xf0, 0x00, 0xf0, 0x00, 0xf0, 0x00, 0xf0, 0x00, 0x78, 
    0x00, 0xf0, 0x00, 0x78, 0x00, 0xf0, 0x00, 0x7c, 0x00, 0xf0, 0x00, 0x3e, 0x00, 
    0xf0, 0xff, 0x1f, 0x00, 0xf0, 0xff, 0x07, 0x00, 0xf0, 0xff, 0x01, 0x00, 0xf0, 
    0xe0, 0x03, 0x00, 0xf0, 0x80, 0x07, 0x00, 0xf0, 0x00, 0x0f, 0x00, 0xf0, 0x00, 
    0x1e, 0x00, 0xf0, 0x00, 0x1e, 0x00, 0xf0, 0x00, 0x3c, 0x00, 0xf0, 0x00, 0x3c, 
    0x00, 0xf0, 0x00, 0x78, 0x00, 0xf0, 0x00, 0x78, 0x00, 0xf0, 0x00, 0xf0, 0x00, 
    0xff, 0x1f, 0xe0, 0x07, 0xff, 0x1f, 0xe0, 0x0f, 0xff, 0x1f, 0x80, 0x07
};
static GX_CONST GX_UBYTE FONT_THEME_1_VALUE_TOTAL_char_53[93] =
{
    0xc0, 0x1f, 0x1e, 0xf0, 0xff, 0x1e, 0xf8, 0xff, 0x1f, 0x7c, 0xe0, 0x1f, 0x1e, 
    0x80, 0x1f, 0x1e, 0x00, 0x1f, 0x0f, 0x00, 0x1e, 0x0f, 0x00, 0x1c, 0x0f, 0x00, 
    0x00, 0x0f, 0x00, 0x00, 0x1f, 0x00, 0x00, 0xfe, 0x00, 0x00, 0xfe, 0x0f, 0x00, 
    0xfc, 0xff, 0x00, 0xf8, 0xff, 0x03, 0xf0, 0xff, 0x07, 0x80, 0xff, 0x0f, 0x00, 
    0xf0, 0x1f, 0x00, 0x80, 0x1f, 0x00, 0x00, 0x3e, 0x07, 0x00, 0x3c, 0x07, 0x00, 
    0x3c, 0x0f, 0x00, 0x3c, 0x0f, 0x00, 0x3c, 0x1f, 0x00, 0x3c, 0x1f, 0x00, 0x1e, 
    0x7f, 0x00, 0x1e, 0xff, 0x81, 0x0f, 0xff, 0xff, 0x07, 0xef, 0xff, 0x03, 0x07, 
    0x7f, 0x00
};
static GX_CONST GX_UBYTE FONT_THEME_1_VALUE_TOTAL_char_54[87] =
{
    0xff, 0xff, 0xff, 0xff, 0xff, 0xff, 0xff, 0xff, 0xff, 0x0f, 0x3c, 0xf0, 0x0f, 
    0x3c, 0xf0, 0x0f, 0x3c, 0xf0, 0x0f, 0x3c, 0xf0, 0x0f, 0x3c, 0xf0, 0x0f, 0x3c, 
    0xf0, 0x0f, 0x3c, 0xf0, 0x0f, 0x3c, 0xf0, 0x07, 0x3c, 0xe0, 0x00, 0x3c, 0x00, 
    0x00, 0x3c, 0x00, 0x00, 0x3c, 0x00, 0x00, 0x3c, 0x00, 0x00, 0x3c, 0x00, 0x00, 
    0x3c, 0x00, 0x00, 0x3c, 0x00, 0x00, 0x3c, 0x00, 0x00, 0x3c, 0x00, 0x00, 0x3c, 
    0x00, 0x00, 0x3c, 0x00, 0x00, 0x3c, 0x00, 0x00, 0x3c, 0x00, 0x00, 0x3c, 0x00, 
    0xf8, 0xff, 0x1f, 0xf8, 0xff, 0x1f, 0xf8, 0xff, 0x1f
};
static GX_CONST GX_UBYTE FONT_THEME_1_VALUE_TOTAL_char_55[120] =
{
    0xff, 0x03, 0xff, 0x03, 0xff, 0x87, 0xff, 0x03, 0xff, 0x03, 0xff, 0x03, 0x38, 
    0x00, 0x70, 0x00, 0x38, 0x00, 0x70, 0x00, 0x38, 0x00, 0x70, 0x00, 0x38, 0x00, 
    0x70, 0x00, 0x38, 0x00, 0x70, 0x00, 0x38, 0x00, 0x70, 0x00, 0x38, 0x00, 0x70, 
    0x00, 0x38, 0x00, 0x70, 0x00, 0x38, 0x00, 0x70, 0x00, 0x38, 0x00, 0x70, 0x00, 
    0x38, 0x00, 0x70, 0x00, 0x38, 0x00, 0x70, 0x00, 0x38, 0x00, 0x70, 0x00, 0x38, 
    0x00, 0x70, 0x00, 0x38, 0x00, 0x70, 0x00, 0x38, 0x00, 0x70, 0x00, 0x38, 0x00, 
    0x70, 0x00, 0x38, 0x00, 0x70, 0x00, 0x78, 0x00, 0x78, 0x00, 0x78, 0x00, 0x78, 
    0x00, 0x78, 0x00, 0x78, 0x00, 0x70, 0x00, 0x3c, 0x00, 0xf0, 0x00, 0x3c, 0x00, 
    0xe0, 0x03, 0x1f, 0x00, 0xc0, 0xff, 0x0f, 0x00, 0x80, 0xff, 0x07, 0x00, 0x00, 
    0xfe, 0x01, 0x00
};
static GX_CONST GX_UBYTE FONT_THEME_1_VALUE_TOTAL_char_56[120] =
{
    0xff, 0x0f, 0xf8, 0x1f, 0xff, 0x0f, 0xfc, 0x3f, 0xff, 0x0f, 0xf8, 0x1f, 0xf0, 
    0x00, 0xc0, 0x03, 0xf0, 0x00, 0xc0, 0x03, 0xf0, 0x00, 0xc0, 0x01, 0xe0, 0x01, 
    0xe0, 0x01, 0xe0, 0x01, 0xe0, 0x01, 0xc0, 0x01, 0xe0, 0x00, 0xc0, 0x03, 0xf0, 
    0x00, 0xc0, 0x03, 0xf0, 0x00, 0x80, 0x03, 0x70, 0x00, 0x80, 0x07, 0x78, 0x00, 
    0x80, 0x07, 0x78, 0x00, 0x00, 0x07, 0x38, 0x00, 0x00, 0x0f, 0x3c, 0x00, 0x00, 
    0x0f, 0x3c, 0x00, 0x00, 0x0e, 0x1c, 0x00, 0x00, 0x1e, 0x1e, 0x00, 0x00, 0x1e, 
    0x1e, 0x00, 0x00, 0x1c, 0x0e, 0x00, 0x00, 0x3c, 0x0f, 0x00, 0x00, 0x3c, 0x0f, 
    0x00, 0x00, 0x38, 0x07, 0x00, 0x00, 0xf8, 0x07, 0x00, 0x00, 0xf8, 0x07, 0x00, 
    0x00, 0xf0, 0x03, 0x00, 0x00, 0xf0, 0x03, 0x00, 0x00, 0xf0, 0x03, 0x00, 0x00, 
    0xe0, 0x01, 0x00
};
static GX_CONST GX_UBYTE FONT_THEME_1_VALUE_TOTAL_char_57[120] =
{
    0xff, 0x07, 0xf8, 0x3f, 0xff, 0x07, 0xf8, 0x3f, 0xff, 0x07, 0xf8, 0x3f, 0x38, 
    0x00, 0x00, 0x07, 0x38, 0x00, 0x00, 0x07, 0x38, 0x00, 0x80, 0x07, 0x78, 0x00, 
    0x80, 0x07, 0x78, 0x00, 0x80, 0x07, 0x78, 0xe0, 0x81, 0x07, 0x78, 0xe0, 0x81, 
    0x07, 0x78, 0xe0, 0x81, 0x03, 0x70, 0xf0, 0x83, 0x03, 0x70, 0xf0, 0x83, 0x03, 
    0x70, 0xf0, 0xc3, 0x03, 0xf0, 0xf8, 0xc7, 0x03, 0xf0, 0xb8, 0xc7, 0x03, 0xf0, 
    0x38, 0xc7, 0x03, 0xf0, 0x3c, 0xc7, 0x01, 0xf0, 0x1c, 0xcf, 0x01, 0xe0, 0x1c, 
    0xce, 0x01, 0xe0, 0x1e, 0xce, 0x01, 0xe0, 0x1e, 0xfe, 0x01, 0xe0, 0x0e, 0xfc, 
    0x01, 0xe0, 0x0f, 0xfc, 0x01, 0xe0, 0x0f, 0xfc, 0x01, 0xe0, 0x07, 0xfc, 0x00, 
    0xe0, 0x07, 0xf8, 0x00, 0xc0, 0x07, 0xf8, 0x00, 0xc0, 0x03, 0xf8, 0x00, 0xc0, 
    0x03, 0xf0, 0x00
};
static GX_CONST GX_UBYTE FONT_THEME_1_VALUE_TOTAL_char_58[116] =
{
    0xfe, 0x0f, 0xfe, 0x07, 0xfe, 0x0f, 0xfe, 0x07, 0xfe, 0x0f, 0xfe, 0x07, 0xe0, 
    0x01, 0xf8, 0x00, 0xe0, 0x03, 0x78, 0x00, 0xc0, 0x03, 0x3c, 0x00, 0x80, 0x07, 
    0x3e, 0x00, 0x80, 0x0f, 0x1f, 0x00, 0x00, 0x0f, 0x0f, 0x00, 0x00, 0x9e, 0x07, 
    0x00, 0x00, 0xfe, 0x07, 0x00, 0x00, 0xfc, 0x03, 0x00, 0x00, 0xf8, 0x01, 0x00, 
    0x00, 0xf0, 0x01, 0x00, 0x00, 0xf8, 0x01, 0x00, 0x00, 0xf8, 0x01, 0x00, 0x00, 
    0xfc, 0x03, 0x00, 0x00, 0xbe, 0x07, 0x00, 0x00, 0x9e, 0x0f, 0x00, 0x00, 0x0f, 
    0x0f, 0x00, 0x80, 0x07, 0x1e, 0x00, 0xc0, 0x07, 0x3e, 0x00, 0xc0, 0x03, 0x3c, 
    0x00, 0xe0, 0x01, 0x78, 0x00, 0xf0, 0x01, 0xf8, 0x00, 0xf0, 0x00, 0xf0, 0x00, 
    0xff, 0x07, 0xff, 0x0f, 0xff, 0x07, 0xff, 0x0f, 0xff, 0x07, 0xff, 0x0f
};
static GX_CONST GX_UBYTE FONT_THEME_1_VALUE_TOTAL_char_59[116] =
{
    0xfe, 0x07, 0xfe, 0x07, 0xff, 0x0f, 0xfe, 0x0f, 0xfe, 0x07, 0xfe, 0x07, 0xf0, 
    0x00, 0xf0, 0x00, 0xe0, 0x01, 0x78, 0x00, 0xe0, 0x01, 0x78, 0x00, 0xc0, 0x03, 
    0x3c, 0x00, 0xc0, 0x07, 0x3e, 0x00, 0x80, 0x07, 0x1e, 0x00, 0x00, 0x0f, 0x0f, 
    0x00, 0x00, 0x0f, 0x0f, 0x00, 0x00, 0x9e, 0x07, 0x00, 0x00, 0xfe, 0x07, 0x00, 
    0x00, 0xfc, 0x03, 0x00, 0x00, 0xf8, 0x01, 0x00, 0x00, 0xf8, 0x01, 0x00, 0x00, 
    0xf0, 0x00, 0x00, 0x00, 0xf0, 0x00, 0x00, 0x00, 0xf0, 0x00, 0x00, 0x00, 0xf0, 
    0x00, 0x00, 0x00, 0xf0, 0x00, 0x00, 0x00, 0xf0, 0x00, 0x00, 0x00, 0xf0, 0x00, 
    0x00, 0x00, 0xf0, 0x00, 0x00, 0x00, 0xf0, 0x00, 0x00, 0x00, 0xf0, 0x00, 0x00, 
    0xe0, 0xff, 0x7f, 0x00, 0xe0, 0xff, 0x7f, 0x00, 0xe0, 0xff, 0x7f, 0x00
};
static GX_CONST GX_UBYTE FONT_THEME_1_VALUE_TOTAL_char_5a[87] =
{
    0xfe, 0xff, 0x1f, 0xfe, 0xff, 0x3f, 0xfe, 0xff, 0x1f, 0x0e, 0x00, 0x1f, 0x0e, 
    0x80, 0x0f, 0x0e, 0x80, 0x07, 0x0e, 0xc0, 0x07, 0x0e, 0xe0, 0x03, 0x0e, 0xe0, 
    0x01, 0x0e, 0xf0, 0x01, 0x0e, 0xf8, 0x00, 0x00, 0x78, 0x00, 0x00, 0x7c, 0x00, 
    0x00, 0x3e, 0x00, 0x00, 0x1e, 0x00, 0x00, 0x0f, 0x00, 0x80, 0x0f, 0x00, 0xc0, 
    0x07, 0x00, 0xc0, 0x03, 0x3c, 0xe0, 0x03, 0x3c, 0xf0, 0x01, 0x3c, 0xf0, 0x00, 
    0x3c, 0xf8, 0x00, 0x3c, 0x7c, 0x00, 0x3c, 0x3c, 0x00, 0x3c, 0x3e, 0x00, 0x3c, 
    0xff, 0xff, 0x3f, 0xff, 0xff, 0x3f, 0xff, 0xff, 0x3f
};
static GX_CONST GX_UBYTE FONT_THEME_1_VALUE_TOTAL_char_5b[84] =
{
    0xff, 0x1f, 0xff, 0x1f, 0xff, 0x1f, 0x0f, 0x00, 0x0f, 0x00, 0x0f, 0x00, 0x0f, 
    0x00, 0x0f, 0x00, 0x0f, 0x00, 0x0f, 0x00, 0x0f, 0x00, 0x0f, 0x00, 0x0f, 0x00, 
    0x0f, 0x00, 0x0f, 0x00, 0x0f, 0x00, 0x0f, 0x00, 0x0f, 0x00, 0x0f, 0x00, 0x0f, 
    0x00, 0x0f, 0x00, 0x0f, 0x00, 0x0f, 0x00, 0x0f, 0x00, 0x0f, 0x00, 0x0f, 0x00, 
    0x0f, 0x00, 0x0f, 0x00, 0x0f, 0x00, 0x0f, 0x00, 0x0f, 0x00, 0x0f, 0x00, 0x0f, 
    0x00, 0x0f, 0x00, 0x0f, 0x00, 0x0f, 0x00, 0x0f, 0x00, 0x0f, 0x00, 0x0f, 0x00, 
    0xff, 0x1f, 0xff, 0x1f, 0xff, 0x1f
};
static GX_CONST GX_UBYTE FONT_THEME_1_VALUE_TOTAL_char_5c[120] =
{
    0x07, 0x00, 0x00, 0x0f, 0x00, 0x00, 0x0f, 0x00, 0x00, 0x1e, 0x00, 0x00, 0x1e, 
    0x00, 0x00, 0x3c, 0x00, 0x00, 0x3c, 0x00, 0x00, 0x38, 0x00, 0x00, 0x78, 0x00, 
    0x00, 0x78, 0x00, 0x00, 0xf0, 0x00, 0x00, 0xf0, 0x00, 0x00, 0xe0, 0x01, 0x00, 
    0xe0, 0x01, 0x00, 0xc0, 0x03, 0x00, 0xc0, 0x03, 0x00, 0xc0, 0x03, 0x00, 0x80, 
    0x07, 0x00, 0x80, 0x07, 0x00, 0x00, 0x0f, 0x00, 0x00, 0x0f, 0x00, 0x00, 0x1e, 
    0x00, 0x00, 0x1e, 0x00, 0x00, 0x1c, 0x00, 0x00, 0x3c, 0x00, 0x00, 0x3c, 0x00, 
    0x00, 0x78, 0x00, 0x00, 0x78, 0x00, 0x00, 0xf0, 0x00, 0x00, 0xf0, 0x00, 0x00, 
    0xe0, 0x01, 0x00, 0xe0, 0x01, 0x00, 0xc0, 0x01, 0x00, 0xc0, 0x03, 0x00, 0xc0, 
    0x03, 0x00, 0x80, 0x07, 0x00, 0x80, 0x07, 0x00, 0x00, 0x0f, 0x00, 0x00, 0x0f, 
    0x00, 0x00, 0x0e
};
static GX_CONST GX_UBYTE FONT_THEME_1_VALUE_TOTAL_char_5d[84] =
{
    0xff, 0x1f, 0xff, 0x1f, 0xff, 0x1f, 0x00, 0x1e, 0x00, 0x1e, 0x00, 0x1e, 0x00, 
    0x1e, 0x00, 0x1e, 0x00, 0x1e, 0x00, 0x1e, 0x00, 0x1e, 0x00, 0x1e, 0x00, 0x1e, 
    0x00, 0x1e, 0x00, 0x1e, 0x00, 0x1e, 0x00, 0x1e, 0x00, 0x1e, 0x00, 0x1e, 0x00, 
    0x1e, 0x00, 0x1e, 0x00, 0x1e, 0x00, 0x1e, 0x00, 0x1e, 0x00, 0x1e, 0x00, 0x1e, 
    0x00, 0x1e, 0x00, 0x1e, 0x00, 0x1e, 0x00, 0x1e, 0x00, 0x1e, 0x00, 0x1e, 0x00, 
    0x1e, 0x00, 0x1e, 0x00, 0x1e, 0x00, 0x1e, 0x00, 0x1e, 0x00, 0x1e, 0x00, 0x1e, 
    0xff, 0x1f, 0xff, 0x1f, 0xff, 0x1f
};
static GX_CONST GX_UBYTE FONT_THEME_1_VALUE_TOTAL_char_5e[51] =
{
    0x00, 0x03, 0x00, 0x80, 0x07, 0x00, 0xc0, 0x07, 0x00, 0xc0, 0x0f, 0x00, 0xe0, 
    0x1f, 0x00, 0xe0, 0x1f, 0x00, 0xf0, 0x3c, 0x00, 0xf0, 0x3c, 0x00, 0x78, 0x78, 
    0x00, 0x78, 0x78, 0x00, 0x3c, 0xf0, 0x00, 0x3c, 0xf0, 0x00, 0x1e, 0xe0, 0x01, 
    0x1e, 0xe0, 0x01, 0x0f, 0xc0, 0x03, 0x0f, 0xc0, 0x03, 0x07, 0x80, 0x03
};
static GX_CONST GX_UBYTE FONT_THEME_1_VALUE_TOTAL_char_5f[12] =
{
    0xff, 0xff, 0xff, 0xff, 0xff, 0xff, 0xff, 0xff, 0xff, 0xff, 0xff, 0xff
};
static GX_CONST GX_UBYTE FONT_THEME_1_VALUE_TOTAL_char_60[18] =
{
    0x04, 0x00, 0x1e, 0x00, 0x7e, 0x00, 0xff, 0x01, 0xfe, 0x03, 0xf0, 0x0f, 0xc0, 
    0x3f, 0x00, 0x3e, 0x00, 0x30
};
static GX_CONST GX_UBYTE FONT_THEME_1_VALUE_TOTAL_char_61[96] =
{
    0x00, 0xff, 0x00, 0x00, 0xe0, 0xff, 0x03, 0x00, 0xf8, 0xff, 0x0f, 0x00, 0xfc, 
    0x81, 0x0f, 0x00, 0x38, 0x00, 0x1e, 0x00, 0x00, 0x00, 0x1e, 0x00, 0x00, 0x00, 
    0x1e, 0x00, 0x00, 0x00, 0x1c, 0x00, 0x00, 0x00, 0x1c, 0x00, 0xc0, 0x7f, 0x1c, 
    0x00, 0xf0, 0xff, 0x1f, 0x00, 0xfc, 0xff, 0x1f, 0x00, 0x7e, 0x80, 0x1f, 0x00, 
    0x1e, 0x00, 0x1c, 0x00, 0x1e, 0x00, 0x1c, 0x00, 0x0f, 0x00, 0x1c, 0x00, 0x0f, 
    0x00, 0x1e, 0x00, 0x0f, 0x00, 0x1e, 0x00, 0x0f, 0x80, 0x1f, 0x00, 0x1e, 0xc0, 
    0x3f, 0x00, 0x3e, 0xf0, 0xff, 0x01, 0xfc, 0xff, 0xf8, 0x01, 0xf8, 0x7f, 0xf0, 
    0x01, 0xe0, 0x0f, 0x00, 0x00
};
static GX_CONST GX_UBYTE FONT_THEME_1_VALUE_TOTAL_char_62[132] =
{
    0x7f, 0x00, 0x00, 0x00, 0xff, 0x00, 0x00, 0x00, 0xff, 0x00, 0x00, 0x00, 0xf0, 
    0x00, 0x00, 0x00, 0xf0, 0x00, 0x00, 0x00, 0xf0, 0x00, 0x00, 0x00, 0xf0, 0x00, 
    0x00, 0x00, 0xf0, 0x00, 0x00, 0x00, 0xf0, 0x00, 0x00, 0x00, 0xf0, 0xf0, 0x07, 
    0x00, 0xf0, 0xfc, 0x1f, 0x00, 0xf0, 0xfe, 0x3f, 0x00, 0xf0, 0x0f, 0x7c, 0x00, 
    0xf0, 0x07, 0xf8, 0x00, 0xf0, 0x03, 0xf0, 0x00, 0xf0, 0x01, 0xe0, 0x01, 0xf0, 
    0x00, 0xe0, 0x01, 0xf0, 0x00, 0xc0, 0x01, 0xf0, 0x00, 0xc0, 0x03, 0xf0, 0x00, 
    0xc0, 0x03, 0xf0, 0x00, 0xc0, 0x03, 0xf0, 0x00, 0xc0, 0x03, 0xf0, 0x00, 0xc0, 
    0x03, 0xf0, 0x00, 0xc0, 0x03, 0xf0, 0x00, 0xc0, 0x03, 0xf0, 0x00, 0xe0, 0x01, 
    0xf0, 0x01, 0xe0, 0x01, 0xf0, 0x03, 0xf0, 0x00, 0xf0, 0x07, 0xf8, 0x00, 0x7e, 
    0x0f, 0x7c, 0x00, 0x7f, 0xfe, 0x3f, 0x00, 0x7e, 0xfc, 0x1f, 0x00, 0x00, 0xf0, 
    0x07, 0x00
};
static GX_CONST GX_UBYTE FONT_THEME_1_VALUE_TOTAL_char_63[72] =
{
    0x00, 0x7f, 0x38, 0xc0, 0xff, 0x7b, 0xf0, 0xff, 0x7f, 0xf8, 0x81, 0x7f, 0x7c, 
    0x00, 0x7e, 0x3c, 0x00, 0x7c, 0x1e, 0x00, 0x78, 0x1e, 0x00, 0x78, 0x1e, 0x00, 
    0x78, 0x0f, 0x00, 0x38, 0x0f, 0x00, 0x00, 0x0f, 0x00, 0x00, 0x0f, 0x00, 0x00, 
    0x0f, 0x00, 0x00, 0x0f, 0x00, 0x00, 0x0f, 0x00, 0x00, 0x1e, 0x00, 0x00, 0x1e, 
    0x00, 0x00, 0x3c, 0x00, 0x30, 0x7c, 0x00, 0x7c, 0xf8, 0x01, 0x7f, 0xf0, 0xff, 
    0x3f, 0xc0, 0xff, 0x0f, 0x00, 0xff, 0x00
};
static GX_CONST GX_UBYTE FONT_THEME_1_VALUE_TOTAL_char_64[132] =
{
    0x00, 0xf0, 0x3f, 0x00, 0x00, 0xf0, 0x3f, 0x00, 0x00, 0xf0, 0x3f, 0x00, 0x00, 
    0x00, 0x3c, 0x00, 0x00, 0x00, 0x3c, 0x00, 0x00, 0x00, 0x3c, 0x00, 0x00, 0x00, 
    0x3c, 0x00, 0x00, 0x00, 0x3c, 0x00, 0x00, 0x00, 0x3c, 0x00, 0x00, 0x00, 0x3c, 
    0x00, 0x80, 0x3f, 0x3c, 0x00, 0xe0, 0xff, 0x3c, 0x00, 0xf0, 0xff, 0x3d, 0x00, 
    0xf8, 0xc0, 0x3f, 0x00, 0x7c, 0x80, 0x3f, 0x00, 0x3e, 0x00, 0x3f, 0x00, 0x1e, 
    0x00, 0x3e, 0x00, 0x1e, 0x00, 0x3c, 0x00, 0x0f, 0x00, 0x3c, 0x00, 0x0f, 0x00, 
    0x3c, 0x00, 0x0f, 0x00, 0x3c, 0x00, 0x0f, 0x00, 0x3c, 0x00, 0x0f, 0x00, 0x3c, 
    0x00, 0x0f, 0x00, 0x3c, 0x00, 0x0f, 0x00, 0x3c, 0x00, 0x1e, 0x00, 0x3c, 0x00, 
    0x1e, 0x00, 0x3e, 0x00, 0x3e, 0x00, 0x3f, 0x00, 0x7c, 0x80, 0x3f, 0x00, 0xf8, 
    0xc0, 0xfb, 0x01, 0xf0, 0xff, 0xf9, 0x03, 0xe0, 0xff, 0xf8, 0x01, 0x80, 0x3f, 
    0x00, 0x00
};
static GX_CONST GX_UBYTE FONT_THEME_1_VALUE_TOTAL_char_65[72] =
{
    0x00, 0x7f, 0x00, 0xe0, 0xff, 0x01, 0xf0, 0xff, 0x07, 0xf8, 0xc0, 0x0f, 0x7c, 
    0x00, 0x0f, 0x3e, 0x00, 0x1e, 0x1e, 0x00, 0x3e, 0x0f, 0x00, 0x3c, 0x0f, 0x00, 
    0x3c, 0x0f, 0x00, 0x3c, 0xff, 0xff, 0x7f, 0xff, 0xff, 0x7f, 0xff, 0xff, 0x3f, 
    0x07, 0x00, 0x00, 0x0f, 0x00, 0x00, 0x0f, 0x00, 0x00, 0x0f, 0x00, 0x00, 0x0f, 
    0x00, 0x00, 0x1e, 0x00, 0x00, 0x3e, 0x00, 0x1c, 0xfc, 0x80, 0x3f, 0xf8, 0xff, 
    0x3f, 0xe0, 0xff, 0x0f, 0x80, 0xff, 0x00
};
static GX_CONST GX_UBYTE FONT_THEME_1_VALUE_TOTAL_char_66[96] =
{
    0x00, 0xf8, 0x07, 0x00, 0xfe, 0x3f, 0x00, 0xff, 0x3f, 0x80, 0x0f, 0x3c, 0x80, 
    0x07, 0x00, 0xc0, 0x03, 0x00, 0xc0, 0x03, 0x00, 0xc0, 0x03, 0x00, 0xc0, 0x03, 
    0x00, 0xc0, 0x03, 0x00, 0xc0, 0x03, 0x00, 0xc0, 0x03, 0x00, 0xff, 0xff, 0x07, 
    0xff, 0xff, 0x0f, 0xff, 0xff, 0x07, 0xc0, 0x03, 0x00, 0xc0, 0x03, 0x00, 0xc0, 
    0x03, 0x00, 0xc0, 0x03, 0x00, 0xc0, 0x03, 0x00, 0xc0, 0x03, 0x00, 0xc0, 0x03, 
    0x00, 0xc0, 0x03, 0x00, 0xc0, 0x03, 0x00, 0xc0, 0x03, 0x00, 0xc0, 0x03, 0x00, 
    0xc0, 0x03, 0x00, 0xc0, 0x03, 0x00, 0xc0, 0x03, 0x00, 0xff, 0xff, 0x07, 0xff, 
    0xff, 0x0f, 0xff, 0xff, 0x07
};
static GX_CONST GX_UBYTE FONT_THEME_1_VALUE_TOTAL_char_67[132] =
{
    0x80, 0x3f, 0xf8, 0x01, 0xe0, 0xff, 0xf8, 0x03, 0xf0, 0xff, 0xf9, 0x01, 0xf8, 
    0xc0, 0x3b, 0x00, 0x7c, 0x00, 0x3f, 0x00, 0x3e, 0x00, 0x3e, 0x00, 0x1e, 0x00, 
    0x3e, 0x00, 0x1f, 0x00, 0x3c, 0x00, 0x0f, 0x00, 0x3c, 0x00, 0x0f, 0x00, 0x3c, 
    0x00, 0x0f, 0x00, 0x3c, 0x00, 0x0f, 0x00, 0x3c, 0x00, 0x0f, 0x00, 0x3c, 0x00, 
    0x0f, 0x00, 0x3c, 0x00, 0x0e, 0x00, 0x3c, 0x00, 0x1e, 0x00, 0x3e, 0x00, 0x3e, 
    0x00, 0x3e, 0x00, 0x7c, 0x00, 0x3f, 0x00, 0xf8, 0xc0, 0x3f, 0x00, 0xf0, 0xff, 
    0x3d, 0x00, 0xe0, 0xff, 0x3c, 0x00, 0x80, 0x3f, 0x3c, 0x00, 0x00, 0x00, 0x3c, 
    0x00, 0x00, 0x00, 0x3c, 0x00, 0x00, 0x00, 0x3c, 0x00, 0x00, 0x00, 0x3c, 0x00, 
    0x00, 0x00, 0x3c, 0x00, 0x00, 0x00, 0x1e, 0x00, 0x00, 0x00, 0x1e, 0x00, 0xf8, 
    0x80, 0x0f, 0x00, 0xf8, 0xff, 0x07, 0x00, 0xf8, 0xff, 0x03, 0x00, 0x80, 0xff, 
    0x00, 0x00
};
static GX_CONST GX_UBYTE FONT_THEME_1_VALUE_TOTAL_char_68[128] =
{
    0x7f, 0x00, 0x00, 0x00, 0x7f, 0x00, 0x00, 0x00, 0x7f, 0x00, 0x00, 0x00, 0x70, 
    0x00, 0x00, 0x00, 0x70, 0x00, 0x00, 0x00, 0x70, 0x00, 0x00, 0x00, 0x70, 0x00, 
    0x00, 0x00, 0x70, 0x00, 0x00, 0x00, 0x70, 0x00, 0x00, 0x00, 0x70, 0xe0, 0x03, 
    0x00, 0x70, 0xf8, 0x0f, 0x00, 0x70, 0xfe, 0x1f, 0x00, 0x70, 0x1f, 0x3e, 0x00, 
    0x70, 0x07, 0x3c, 0x00, 0xf0, 0x03, 0x38, 0x00, 0xf0, 0x01, 0x78, 0x00, 0xf0, 
    0x00, 0x78, 0x00, 0xf0, 0x00, 0x78, 0x00, 0xf0, 0x00, 0x78, 0x00, 0xf0, 0x00, 
    0x78, 0x00, 0x70, 0x00, 0x78, 0x00, 0x70, 0x00, 0x78, 0x00, 0x70, 0x00, 0x78, 
    0x00, 0x70, 0x00, 0x78, 0x00, 0x70, 0x00, 0x78, 0x00, 0x70, 0x00, 0x78, 0x00, 
    0x70, 0x00, 0x78, 0x00, 0x70, 0x00, 0x78, 0x00, 0x70, 0x00, 0x78, 0x00, 0xff, 
    0x07, 0xff, 0x03, 0xff, 0x87, 0xff, 0x03, 0xff, 0x07, 0xff, 0x03
};
static GX_CONST GX_UBYTE FONT_THEME_1_VALUE_TOTAL_char_69[99] =
{
    0x00, 0x0f, 0x00, 0x00, 0x0f, 0x00, 0x00, 0x0f, 0x00, 0x00, 0x0f, 0x00, 0x00, 
    0x0f, 0x00, 0x00, 0x0f, 0x00, 0x00, 0x00, 0x00, 0x00, 0x00, 0x00, 0x00, 0x00, 
    0x00, 0x00, 0x00, 0x00, 0xfe, 0x0f, 0x00, 0xfe, 0x0f, 0x00, 0xfe, 0x0f, 0x00, 
    0x00, 0x0e, 0x00, 0x00, 0x0e, 0x00, 0x00, 0x0e, 0x00, 0x00, 0x0e, 0x00, 0x00, 
    0x0e, 0x00, 0x00, 0x0e, 0x00, 0x00, 0x0e, 0x00, 0x00, 0x0e, 0x00, 0x00, 0x0e, 
    0x00, 0x00, 0x0e, 0x00, 0x00, 0x0e, 0x00, 0x00, 0x0e, 0x00, 0x00, 0x0e, 0x00, 
    0x00, 0x0e, 0x00, 0x00, 0x0e, 0x00, 0x00, 0x0e, 0x00, 0x00, 0x0e, 0x00, 0xff, 
    0xff, 0x3f, 0xff, 0xff, 0x3f, 0xff, 0xff, 0x3f
};
static GX_CONST GX_UBYTE FONT_THEME_1_VALUE_TOTAL_char_6a[129] =
{
    0x00, 0xc0, 0x03, 0x00, 0xe0, 0x03, 0x00, 0xe0, 0x03, 0x00, 0xe0, 0x03, 0x00, 
    0xe0, 0x03, 0x00, 0xc0, 0x03, 0x00, 0x00, 0x00, 0x00, 0x00, 0x00, 0x00, 0x00, 
    0x00, 0x00, 0x00, 0x00, 0xf8, 0xff, 0x03, 0xf8, 0xff, 0x03, 0xf8, 0xff, 0x03, 
    0x00, 0xc0, 0x03, 0x00, 0xc0, 0x03, 0x00, 0xc0, 0x03, 0x00, 0xc0, 0x03, 0x00, 
    0xc0, 0x03, 0x00, 0xc0, 0x03, 0x00, 0xc0, 0x03, 0x00, 0xc0, 0x03, 0x00, 0xc0, 
    0x03, 0x00, 0xc0, 0x03, 0x00, 0xc0, 0x03, 0x00, 0xc0, 0x03, 0x00, 0xc0, 0x03, 
    0x00, 0xc0, 0x03, 0x00, 0xc0, 0x03, 0x00, 0xc0, 0x03, 0x00, 0xc0, 0x03, 0x00, 
    0xc0, 0x03, 0x00, 0xc0, 0x03, 0x00, 0xc0, 0x03, 0x00, 0xc0, 0x03, 0x00, 0xc0, 
    0x03, 0x00, 0xc0, 0x03, 0x00, 0xc0, 0x03, 0x04, 0xc0, 0x03, 0x1e, 0xe0, 0x01, 
    0x7e, 0xf0, 0x01, 0xfe, 0xff, 0x00, 0xf8, 0x7f, 0x00, 0xc0, 0x3f, 0x00
};
static GX_CONST GX_UBYTE FONT_THEME_1_VALUE_TOTAL_char_6b[128] =
{
    0xff, 0x00, 0x00, 0x00, 0xff, 0x00, 0x00, 0x00, 0xff, 0x00, 0x00, 0x00, 0xf0, 
    0x00, 0x00, 0x00, 0xf0, 0x00, 0x00, 0x00, 0xf0, 0x00, 0x00, 0x00, 0xf0, 0x00, 
    0x00, 0x00, 0xf0, 0x00, 0x00, 0x00, 0xf0, 0x00, 0x00, 0x00, 0xf0, 0xc0, 0xff, 
    0x01, 0xf0, 0xc0, 0xff, 0x01, 0xf0, 0xc0, 0xff, 0x01, 0xf0, 0x00, 0x3e, 0x00, 
    0xf0, 0x00, 0x1f, 0x00, 0xf0, 0xc0, 0x0f, 0x00, 0xf0, 0xe0, 0x07, 0x00, 0xf0, 
    0xf0, 0x03, 0x00, 0xf0, 0xf8, 0x00, 0x00, 0xf0, 0x7c, 0x00, 0x00, 0xf0, 0xfe, 
    0x00, 0x00, 0xf0, 0xff, 0x01, 0x00, 0xf0, 0xff, 0x01, 0x00, 0xf0, 0xef, 0x03, 
    0x00, 0xf0, 0xc3, 0x07, 0x00, 0xf0, 0x81, 0x0f, 0x00, 0xf0, 0x00, 0x1f, 0x00, 
    0xf0, 0x00, 0x1e, 0x00, 0xf0, 0x00, 0x3e, 0x00, 0xf0, 0x00, 0x7c, 0x00, 0xff, 
    0x87, 0xff, 0x03, 0xff, 0x87, 0xff, 0x03, 0xff, 0x87, 0xff, 0x03
};
static GX_CONST GX_UBYTE FONT_THEME_1_VALUE_TOTAL_char_6c[96] =
{
    0xfc, 0x1f, 0x00, 0xfe, 0x1f, 0x00, 0xfc, 0x1f, 0x00, 0x00, 0x1e, 0x00, 0x00, 
    0x1e, 0x00, 0x00, 0x1e, 0x00, 0x00, 0x1e, 0x00, 0x00, 0x1e, 0x00, 0x00, 0x1e, 
    0x00, 0x00, 0x1e, 0x00, 0x00, 0x1e, 0x00, 0x00, 0x1e, 0x00, 0x00, 0x1e, 0x00, 
    0x00, 0x1e, 0x00, 0x00, 0x1e, 0x00, 0x00, 0x1e, 0x00, 0x00, 0x1e, 0x00, 0x00, 
    0x1e, 0x00, 0x00, 0x1e, 0x00, 0x00, 0x1e, 0x00, 0x00, 0x1e, 0x00, 0x00, 0x1e, 
    0x00, 0x00, 0x1e, 0x00, 0x00, 0x1e, 0x00, 0x00, 0x1e, 0x00, 0x00, 0x1e, 0x00, 
    0x00, 0x1e, 0x00, 0x00, 0x1e, 0x00, 0x00, 0x1e, 0x00, 0xfe, 0xff, 0x3f, 0xff, 
    0xff, 0x7f, 0xfe, 0xff, 0x3f
};
static GX_CONST GX_UBYTE FONT_THEME_1_VALUE_TOTAL_char_6d[92] =
{
    0x3f, 0x3c, 0xf0, 0x01, 0x7f, 0xfe, 0xf8, 0x03, 0x7f, 0xff, 0xfc, 0x07, 0xf8, 
    0xe3, 0x8f, 0x07, 0xf8, 0xe1, 0x07, 0x07, 0xf8, 0xc0, 0x07, 0x07, 0xf8, 0xc0, 
    0x03, 0x0f, 0xf8, 0xc0, 0x03, 0x0f, 0x78, 0xc0, 0x03, 0x0f, 0x78, 0xc0, 0x01, 
    0x0f, 0x78, 0xc0, 0x01, 0x0f, 0x78, 0xc0, 0x01, 0x0f, 0x78, 0xc0, 0x01, 0x0f, 
    0x78, 0xc0, 0x01, 0x0f, 0x78, 0xc0, 0x01, 0x0f, 0x78, 0xc0, 0x01, 0x0f, 0x78, 
    0xc0, 0x01, 0x0f, 0x78, 0xc0, 0x01, 0x0f, 0x78, 0xc0, 0x01, 0x0f, 0x78, 0xc0, 
    0x01, 0x0f, 0xff, 0xc3, 0x0f, 0x3f, 0xff, 0xc3, 0x0f, 0x7f, 0xff, 0xc3, 0x0f, 
    0x3f
};
static GX_CONST GX_UBYTE FONT_THEME_1_VALUE_TOTAL_char_6e[92] =
{
    0x7f, 0xe0, 0x07, 0x00, 0x7f, 0xf8, 0x0f, 0x00, 0x7f, 0xfe, 0x1f, 0x00, 0x70, 
    0x0e, 0x3c, 0x00, 0x70, 0x07, 0x38, 0x00, 0xf0, 0x03, 0x78, 0x00, 0xf0, 0x01, 
    0x78, 0x00, 0xf0, 0x01, 0x78, 0x00, 0xf0, 0x00, 0x78, 0x00, 0xf0, 0x00, 0x78, 
    0x00, 0xf0, 0x00, 0x78, 0x00, 0xf0, 0x00, 0x78, 0x00, 0xf0, 0x00, 0x78, 0x00, 
    0xf0, 0x00, 0x78, 0x00, 0xf0, 0x00, 0x78, 0x00, 0xf0, 0x00, 0x78, 0x00, 0xf0, 
    0x00, 0x78, 0x00, 0xf0, 0x00, 0x78, 0x00, 0xf0, 0x00, 0x78, 0x00, 0xf0, 0x00, 
    0x78, 0x00, 0xfe, 0x07, 0xff, 0x03, 0xff, 0x07, 0xff, 0x07, 0xfe, 0x07, 0xff, 
    0x03
};
static GX_CONST GX_UBYTE FONT_THEME_1_VALUE_TOTAL_char_6f[72] =
{
    0x00, 0xff, 0x00, 0xc0, 0xff, 0x03, 0xf0, 0xff, 0x0f, 0xf8, 0x81, 0x1f, 0x7c, 
    0x00, 0x3e, 0x3c, 0x00, 0x3c, 0x1e, 0x00, 0x78, 0x1e, 0x00, 0x78, 0x0f, 0x00, 
    0xf0, 0x0f, 0x00, 0xf0, 0x0f, 0x00, 0xf0, 0x0f, 0x00, 0xf0, 0x0f, 0x00, 0xf0, 
    0x0f, 0x00, 0xf0, 0x0f, 0x00, 0xf0, 0x0f, 0x00, 0xf0, 0x1e, 0x00, 0x78, 0x1e, 
    0x00, 0x78, 0x3c, 0x00, 0x3c, 0x7c, 0x00, 0x3e, 0xf8, 0x81, 0x1f, 0xf0, 0xff, 
    0x0f, 0xc0, 0xff, 0x03, 0x00, 0xff, 0x00
};
static GX_CONST GX_UBYTE FONT_THEME_1_VALUE_TOTAL_char_70[132] =
{
    0x7e, 0xf0, 0x07, 0x00, 0x7f, 0xfc, 0x1f, 0x00, 0x7e, 0xfe, 0x3f, 0x00, 0x70, 
    0x0f, 0x7c, 0x00, 0xf0, 0x03, 0xf8, 0x00, 0xf0, 0x01, 0xf0, 0x01, 0xf0, 0x01, 
    0xe0, 0x01, 0xf0, 0x00, 0xe0, 0x01, 0xf0, 0x00, 0xc0, 0x03, 0xf0, 0x00, 0xc0, 
    0x03, 0xf0, 0x00, 0xc0, 0x03, 0xf0, 0x00, 0xc0, 0x03, 0xf0, 0x00, 0xc0, 0x03, 
    0xf0, 0x00, 0xc0, 0x03, 0xf0, 0x00, 0xe0, 0x01, 0xf0, 0x01, 0xe0, 0x01, 0xf0, 
    0x01, 0xf0, 0x01, 0xf0, 0x03, 0xf8, 0x00, 0xf0, 0x0f, 0x7c, 0x00, 0xf0, 0xfe, 
    0x3f, 0x00, 0xf0, 0xfc, 0x1f, 0x00, 0xf0, 0xf0, 0x07, 0x00, 0xf0, 0x00, 0x00, 
    0x00, 0xf0, 0x00, 0x00, 0x00, 0xf0, 0x00, 0x00, 0x00, 0xf0, 0x00, 0x00, 0x00, 
    0xf0, 0x00, 0x00, 0x00, 0xf0, 0x00, 0x00, 0x00, 0xf0, 0x00, 0x00, 0x00, 0xf0, 
    0x00, 0x00, 0x00, 0xff, 0x3f, 0x00, 0x00, 0xff, 0x7f, 0x00, 0x00, 0xff, 0x3f, 
    0x00, 0x00
};
static GX_CONST GX_UBYTE FONT_THEME_1_VALUE_TOTAL_char_71[132] =
{
    0x80, 0x3f, 0xf8, 0x01, 0xe0, 0xff, 0xf8, 0x03, 0xf0, 0xff, 0xf9, 0x01, 0xf8, 
    0xc0, 0x3b, 0x00, 0x7c, 0x00, 0x3f, 0x00, 0x3e, 0x00, 0x3e, 0x00, 0x1e, 0x00, 
    0x3e, 0x00, 0x1f, 0x00, 0x3c, 0x00, 0x0f, 0x00, 0x3c, 0x00, 0x0f, 0x00, 0x3c, 
    0x00, 0x0f, 0x00, 0x3c, 0x00, 0x0f, 0x00, 0x3c, 0x00, 0x0f, 0x00, 0x3c, 0x00, 
    0x0f, 0x00, 0x3c, 0x00, 0x0e, 0x00, 0x3c, 0x00, 0x1e, 0x00, 0x3e, 0x00, 0x3e, 
    0x00, 0x3e, 0x00, 0x7c, 0x00, 0x3f, 0x00, 0xf8, 0xc0, 0x3f, 0x00, 0xf0, 0xff, 
    0x3f, 0x00, 0xe0, 0xff, 0x3c, 0x00, 0x80, 0x3f, 0x3c, 0x00, 0x00, 0x00, 0x3c, 
    0x00, 0x00, 0x00, 0x3c, 0x00, 0x00, 0x00, 0x3c, 0x00, 0x00, 0x00, 0x3c, 0x00, 
    0x00, 0x00, 0x3c, 0x00, 0x00, 0x00, 0x3c, 0x00, 0x00, 0x00, 0x3c, 0x00, 0x00, 
    0x00, 0x3c, 0x00, 0x00, 0xf0, 0xff, 0x03, 0x00, 0xf8, 0xff, 0x03, 0x00, 0xf0, 
    0xff, 0x03
};
static GX_CONST GX_UBYTE FONT_THEME_1_VALUE_TOTAL_char_72[69] =
{
    0xfe, 0x00, 0x1f, 0xff, 0xc0, 0x7f, 0xfe, 0xf0, 0x7f, 0xe0, 0xf8, 0x31, 0xe0, 
    0x3c, 0x00, 0xe0, 0x1e, 0x00, 0xe0, 0x0e, 0x00, 0xe0, 0x07, 0x00, 0xe0, 0x03, 
    0x00, 0xe0, 0x03, 0x00, 0xe0, 0x01, 0x00, 0xe0, 0x01, 0x00, 0xe0, 0x01, 0x00, 
    0xe0, 0x01, 0x00, 0xe0, 0x01, 0x00, 0xe0, 0x01, 0x00, 0xe0, 0x01, 0x00, 0xe0, 
    0x01, 0x00, 0xe0, 0x01, 0x00, 0xe0, 0x01, 0x00, 0xff, 0xff, 0x03, 0xff, 0xff, 
    0x03, 0xff, 0xff, 0x03
};
static GX_CONST GX_UBYTE FONT_THEME_1_VALUE_TOTAL_char_73[72] =
{
    0xc0, 0x1f, 0x0e, 0xf8, 0xff, 0x1e, 0xfc, 0xff, 0x1f, 0x3e, 0xe0, 0x1f, 0x1e, 
    0x80, 0x1f, 0x0e, 0x00, 0x1f, 0x0f, 0x00, 0x1e, 0x1e, 0x00, 0x0c, 0x3e, 0x00, 
    0x00, 0xfe, 0x1f, 0x00, 0xfc, 0xff, 0x01, 0xfc, 0xff, 0x07, 0xf0, 0xff, 0x0f, 
    0x00, 0xff, 0x1f, 0x00, 0x80, 0x1f, 0x00, 0x00, 0x3e, 0x06, 0x00, 0x3c, 0x0f, 
    0x00, 0x3c, 0x0f, 0x00, 0x1e, 0x3f, 0x00, 0x1e, 0xff, 0x80, 0x0f, 0xff, 0xff, 
    0x0f, 0xef, 0xff, 0x03, 0x0e, 0xff, 0x00
};
static GX_CONST GX_UBYTE FONT_THEME_1_VALUE_TOTAL_char_74[90] =
{
    0x80, 0x03, 0x00, 0xc0, 0x03, 0x00, 0xc0, 0x03, 0x00, 0xc0, 0x03, 0x00, 0xc0, 
    0x03, 0x00, 0xc0, 0x03, 0x00, 0xc0, 0x03, 0x00, 0xc0, 0x03, 0x00, 0xc0, 0x03, 
    0x00, 0xff, 0xff, 0x1f, 0xff, 0xff, 0x3f, 0xff, 0xff, 0x1f, 0xc0, 0x03, 0x00, 
    0xc0, 0x03, 0x00, 0xc0, 0x03, 0x00, 0xc0, 0x03, 0x00, 0xc0, 0x03, 0x00, 0xc0, 
    0x03, 0x00, 0xc0, 0x03, 0x00, 0xc0, 0x03, 0x00, 0xc0, 0x03, 0x00, 0xc0, 0x03, 
    0x00, 0xc0, 0x03, 0x00, 0xc0, 0x03, 0x00, 0x80, 0x03, 0x60, 0x80, 0x07, 0x70, 
    0x80, 0x0f, 0xfe, 0x00, 0xff, 0x7f, 0x00, 0xfe, 0x1f, 0x00, 0xf8, 0x03
};
static GX_CONST GX_UBYTE FONT_THEME_1_VALUE_TOTAL_char_75[96] =
{
    0x7f, 0xc0, 0x3f, 0x00, 0x7f, 0xc0, 0x3f, 0x00, 0x7f, 0xc0, 0x3f, 0x00, 0x78, 
    0x00, 0x38, 0x00, 0x78, 0x00, 0x38, 0x00, 0x78, 0x00, 0x38, 0x00, 0x78, 0x00, 
    0x38, 0x00, 0x78, 0x00, 0x38, 0x00, 0x78, 0x00, 0x38, 0x00, 0x78, 0x00, 0x38, 
    0x00, 0x78, 0x00, 0x38, 0x00, 0x78, 0x00, 0x38, 0x00, 0x78, 0x00, 0x38, 0x00, 
    0x78, 0x00, 0x3c, 0x00, 0x78, 0x00, 0x3c, 0x00, 0x78, 0x00, 0x3c, 0x00, 0x78, 
    0x00, 0x3e, 0x00, 0x78, 0x00, 0x3f, 0x00, 0xf0, 0x80, 0x3f, 0x00, 0xf0, 0xc1, 
    0x3b, 0x00, 0xf0, 0xff, 0xfb, 0x03, 0xe0, 0xff, 0xf9, 0x03, 0xc0, 0x7f, 0xf8, 
    0x03, 0x00, 0x3f, 0x00, 0x00
};
static GX_CONST GX_UBYTE FONT_THEME_1_VALUE_TOTAL_char_76[96] =
{
    0xff, 0x0f, 0xfe, 0x0f, 0xff, 0x0f, 0xfe, 0x0f, 0xff, 0x0f, 0xfe, 0x0f, 0x78, 
    0x00, 0xf0, 0x00, 0xf0, 0x00, 0xf0, 0x00, 0xf0, 0x00, 0xf0, 0x00, 0xe0, 0x01, 
    0x78, 0x00, 0xe0, 0x01, 0x78, 0x00, 0xe0, 0x01, 0x3c, 0x00, 0xc0, 0x03, 0x3c, 
    0x00, 0xc0, 0x03, 0x3c, 0x00, 0x80, 0x07, 0x1e, 0x00, 0x80, 0x07, 0x1e, 0x00, 
    0x00, 0x07, 0x0f, 0x00, 0x00, 0x0f, 0x0f, 0x00, 0x00, 0x0f, 0x0f, 0x00, 0x00, 
    0x9e, 0x07, 0x00, 0x00, 0x9e, 0x07, 0x00, 0x00, 0x9c, 0x03, 0x00, 0x00, 0xfc, 
    0x03, 0x00, 0x00, 0xfc, 0x03, 0x00, 0x00, 0xf8, 0x01, 0x00, 0x00, 0xf8, 0x01, 
    0x00, 0x00, 0xf0, 0x00, 0x00
};
static GX_CONST GX_UBYTE FONT_THEME_1_VALUE_TOTAL_char_77[96] =
{
    0xff, 0x03, 0xe0, 0x3f, 0xff, 0x03, 0xf0, 0x3f, 0xff, 0x03, 0xe0, 0x3f, 0x3c, 
    0x00, 0x00, 0x0f, 0x3c, 0x00, 0x00, 0x0f, 0x3c, 0x00, 0x00, 0x07, 0x38, 0xe0, 
    0x01, 0x07, 0x78, 0xe0, 0x81, 0x07, 0x78, 0xf0, 0x81, 0x07, 0x78, 0xf0, 0x83, 
    0x03, 0x70, 0xf0, 0x83, 0x03, 0x70, 0xf8, 0xc3, 0x03, 0xf0, 0xf8, 0xc7, 0x03, 
    0xf0, 0x38, 0xc7, 0x01, 0xe0, 0x3c, 0xcf, 0x01, 0xe0, 0x1c, 0xef, 0x01, 0xe0, 
    0x1d, 0xee, 0x01, 0xe0, 0x1f, 0xfe, 0x00, 0xc0, 0x0f, 0xfe, 0x00, 0xc0, 0x0f, 
    0xfc, 0x00, 0xc0, 0x0f, 0xfc, 0x00, 0xc0, 0x07, 0x7c, 0x00, 0xc0, 0x07, 0x78, 
    0x00, 0x80, 0x03, 0x78, 0x00
};
static GX_CONST GX_UBYTE FONT_THEME_1_VALUE_TOTAL_char_78[92] =
{
    0xff, 0x07, 0xff, 0x03, 0xff, 0x07, 0xff, 0x03, 0xff, 0x07, 0xff, 0x03, 0xf0, 
    0x01, 0x3c, 0x00, 0xe0, 0x01, 0x3e, 0x00, 0xe0, 0x03, 0x1f, 0x00, 0xc0, 0x87, 
    0x0f, 0x00, 0x80, 0xcf, 0x07, 0x00, 0x00, 0xff, 0x03, 0x00, 0x00, 0xfe, 0x01, 
    0x00, 0x00, 0xfc, 0x00, 0x00, 0x00, 0xfc, 0x00, 0x00, 0x00, 0xfe, 0x01, 0x00, 
    0x00, 0xff, 0x03, 0x00, 0x80, 0xcf, 0x07, 0x00, 0xc0, 0xc7, 0x07, 0x00, 0xc0, 
    0x83, 0x0f, 0x00, 0xe0, 0x01, 0x1f, 0x00, 0xf0, 0x00, 0x3e, 0x00, 0x78, 0x00, 
    0x7c, 0x00, 0xff, 0x83, 0xff, 0x03, 0xff, 0x83, 0xff, 0x03, 0xff, 0x83, 0xff, 
    0x03
};
static GX_CONST GX_UBYTE FONT_THEME_1_VALUE_TOTAL_char_79[132] =
{
    0xff, 0x0f, 0xfe, 0x0f, 0xff, 0x0f, 0xfe, 0x0f, 0xff, 0x0f, 0xfe, 0x0f, 0xf0, 
    0x00, 0xf0, 0x00, 0xf0, 0x00, 0xf0, 0x00, 0xe0, 0x00, 0xf0, 0x00, 0xe0, 0x01, 
    0x78, 0x00, 0xe0, 0x01, 0x78, 0x00, 0xc0, 0x03, 0x3c, 0x00, 0xc0, 0x03, 0x3c, 
    0x00, 0x80, 0x07, 0x1e, 0x00, 0x80, 0x07, 0x1e, 0x00, 0x00, 0x0f, 0x0f, 0x00, 
    0x00, 0x0f, 0x0f, 0x00, 0x00, 0x9e, 0x07, 0x00, 0x00, 0x9e, 0x07, 0x00, 0x00, 
    0xfc, 0x03, 0x00, 0x00, 0xfc, 0x03, 0x00, 0x00, 0xf8, 0x01, 0x00, 0x00, 0xf8, 
    0x01, 0x00, 0x00, 0xf0, 0x00, 0x00, 0x00, 0xf0, 0x00, 0x00, 0x00, 0x70, 0x00, 
    0x00, 0x00, 0x78, 0x00, 0x00, 0x00, 0x38, 0x00, 0x00, 0x00, 0x3c, 0x00, 0x00, 
    0x00, 0x1c, 0x00, 0x00, 0x00, 0x1e, 0x00, 0x00, 0x00, 0x0f, 0x00, 0x00, 0xc0, 
    0x07, 0x00, 0x00, 0xfc, 0x03, 0x00, 0x00, 0xfc, 0x01, 0x00, 0x00, 0x7c, 0x00, 
    0x00, 0x00
};
static GX_CONST GX_UBYTE FONT_THEME_1_VALUE_TOTAL_char_7a[69] =
{
    0xfe, 0xff, 0x1f, 0xfe, 0xff, 0x1f, 0xfe, 0xff, 0x1f, 0x1e, 0x80, 0x1f, 0x1e, 
    0xc0, 0x0f, 0x1e, 0xe0, 0x07, 0x1e, 0xe0, 0x03, 0x0e, 0xf0, 0x01, 0x00, 0xf8, 
    0x00, 0x00, 0x7c, 0x00, 0x00, 0x3e, 0x00, 0x00, 0x3f, 0x00, 0x80, 0x1f, 0x00, 
    0xc0, 0x0f, 0x00, 0xc0, 0x07, 0x1c, 0xe0, 0x03, 0x3c, 0xf0, 0x01, 0x3c, 0xf8, 
    0x00, 0x3c, 0x7c, 0x00, 0x3c, 0x7e, 0x00, 0x3c, 0xff, 0xff, 0x3f, 0xff, 0xff, 
    0x3f, 0xfe, 0xff, 0x1f
};
static GX_CONST GX_UBYTE FONT_THEME_1_VALUE_TOTAL_char_7b[126] =
{
    0x00, 0xf0, 0x01, 0x00, 0xfc, 0x01, 0x00, 0xfe, 0x01, 0x00, 0x1f, 0x00, 0x00, 
    0x0f, 0x00, 0x80, 0x07, 0x00, 0x80, 0x07, 0x00, 0x80, 0x07, 0x00, 0x80, 0x07, 
    0x00, 0x80, 0x07, 0x00, 0x80, 0x07, 0x00, 0x80, 0x07, 0x00, 0x80, 0x07, 0x00, 
    0x80, 0x07, 0x00, 0x80, 0x03, 0x00, 0x80, 0x03, 0x00, 0xc0, 0x03, 0x00, 0xc0, 
    0x03, 0x00, 0xf0, 0x01, 0x00, 0xff, 0x00, 0x00, 0x7f, 0x00, 0x00, 0xff, 0x00, 
    0x00, 0xf0, 0x01, 0x00, 0xc0, 0x03, 0x00, 0xc0, 0x03, 0x00, 0x80, 0x03, 0x00, 
    0x80, 0x03, 0x00, 0x80, 0x07, 0x00, 0x80, 0x07, 0x00, 0x80, 0x07, 0x00, 0x80, 
    0x07, 0x00, 0x80, 0x07, 0x00, 0x80, 0x07, 0x00, 0x80, 0x07, 0x00, 0x80, 0x07, 
    0x00, 0x80, 0x07, 0x00, 0x80, 0x07, 0x00, 0x00, 0x0f, 0x00, 0x00, 0x1f, 0x00, 
    0x00, 0xfe, 0x01, 0x00, 0xfc, 0x01, 0x00, 0xf0, 0x01
};
static GX_CONST GX_UBYTE FONT_THEME_1_VALUE_TOTAL_char_7c[43] =
{
    0x07, 0x0f, 0x0f, 0x0f, 0x0f, 0x0f, 0x0f, 0x0f, 0x0f, 0x0f, 0x0f, 0x0f, 0x0f, 
    0x0f, 0x0f, 0x0f, 0x0f, 0x0f, 0x0f, 0x0f, 0x0f, 0x0f, 0x0f, 0x0f, 0x0f, 0x0f, 
    0x0f, 0x0f, 0x0f, 0x0f, 0x0f, 0x0f, 0x0f, 0x0f, 0x0f, 0x0f, 0x0f, 0x0f, 0x0f, 
    0x0f, 0x0f, 0x0f, 0x0f
};
static GX_CONST GX_UBYTE FONT_THEME_1_VALUE_TOTAL_char_7d[126] =
{
    0x1f, 0x00, 0x00, 0x7f, 0x00, 0x00, 0xff, 0x00, 0x00, 0xf0, 0x01, 0x00, 0xe0, 
    0x01, 0x00, 0xc0, 0x03, 0x00, 0xc0, 0x03, 0x00, 0xc0, 0x03, 0x00, 0xc0, 0x03, 
    0x00, 0xc0, 0x03, 0x00, 0xc0, 0x03, 0x00, 0xc0, 0x03, 0x00, 0xc0, 0x03, 0x00, 
    0xc0, 0x03, 0x00, 0x80, 0x03, 0x00, 0x80, 0x03, 0x00, 0x80, 0x07, 0x00, 0x80, 
    0x07, 0x00, 0x00, 0x1f, 0x00, 0x00, 0xfe, 0x01, 0x00, 0xfc, 0x01, 0x00, 0xfe, 
    0x01, 0x00, 0x1f, 0x00, 0x80, 0x07, 0x00, 0x80, 0x07, 0x00, 0x80, 0x03, 0x00, 
    0x80, 0x03, 0x00, 0xc0, 0x03, 0x00, 0xc0, 0x03, 0x00, 0xc0, 0x03, 0x00, 0xc0, 
    0x03, 0x00, 0xc0, 0x03, 0x00, 0xc0, 0x03, 0x00, 0xc0, 0x03, 0x00, 0xc0, 0x03, 
    0x00, 0xc0, 0x03, 0x00, 0xc0, 0x03, 0x00, 0xe0, 0x01, 0x00, 0xf0, 0x01, 0x00, 
    0xff, 0x00, 0x00, 0x7f, 0x00, 0x00, 0x1f, 0x00, 0x00
};
static GX_CONST GX_UBYTE FONT_THEME_1_VALUE_TOTAL_char_7e[18] =
{
    0x00, 0x00, 0x10, 0xf8, 0x07, 0x3c, 0xfe, 0xff, 0x3f, 0xff, 0xff, 0x1f, 0x07, 
    0xf8, 0x07, 0x02, 0x00, 0x00
};
static GX_CONST GX_GLYPH THEME_1_VALUE_TOTAL_FONT_PAGE_1_GLYPHS[95] =
{
    {FONT_THEME_1_VALUE_TOTAL_char_20, 0, 0, 30, 0, 1, 1},
    {FONT_THEME_1_VALUE_TOTAL_char_21, 30, 1, 30, 11, 8, 31},
    {FONT_THEME_1_VALUE_TOTAL_char_22, 30, -16, 30, 7, 16, 14},
    {FONT_THEME_1_VALUE_TOTAL_char_23, 30, 1, 30, 0, 28, 30},
    {FONT_THEME_1_VALUE_TOTAL_char_24, 32, 3, 30, 4, 22, 35},
    {FONT_THEME_1_VALUE_TOTAL_char_25, 30, 1, 30, 1, 28, 31},
    {FONT_THEME_1_VALUE_TOTAL_char_26, 30, 1, 30, 3, 24, 31},
    {FONT_THEME_1_VALUE_TOTAL_char_27, 30, -16, 30, 11, 6, 14},
    {FONT_THEME_1_VALUE_TOTAL_char_28, 33, 11, 30, 7, 14, 42},
    {FONT_THEME_1_VALUE_TOTAL_char_29, 33, 11, 30, 8, 14, 42},
    {FONT_THEME_1_VALUE_TOTAL_char_2a, 30, -9, 30, 4, 22, 20},
    {FONT_THEME_1_VALUE_TOTAL_char_2b, 26, -3, 30, 4, 22, 21},
    {FONT_THEME_1_VALUE_TOTAL_char_2c, 7, 7, 30, 9, 10, 14},
    {FONT_THEME_1_VALUE_TOTAL_char_2d, 16, -13, 30, 4, 22, 3},
    {FONT_THEME_1_VALUE_TOTAL_char_2e, 7, 1, 30, 10, 8, 8},
    {FONT_THEME_1_VALUE_TOTAL_char_2f, 33, 7, 30, 4, 20, 40},
    {FONT_THEME_1_VALUE_TOTAL_char_30, 30, 1, 30, 4, 20, 31},
    {FONT_THEME_1_VALUE_TOTAL_char_31, 31, 0, 30, 5, 19, 30},
    {FONT_THEME_1_VALUE_TOTAL_char_32, 30, 0, 30, 4, 20, 30},
    {FONT_THEME_1_VALUE_TOTAL_char_33, 30, 1, 30, 4, 20, 31},
    {FONT_THEME_1_VALUE_TOTAL_char_34, 30, 0, 30, 3, 22, 30},
    {FONT_THEME_1_VALUE_TOTAL_char_35, 29, 1, 30, 4, 21, 30},
    {FONT_THEME_1_VALUE_TOTAL_char_36, 31, 1, 30, 4, 20, 31},
    {FONT_THEME_1_VALUE_TOTAL_char_37, 29, 1, 30, 5, 19, 29},
    {FONT_THEME_1_VALUE_TOTAL_char_38, 30, 1, 30, 5, 20, 31},
    {FONT_THEME_1_VALUE_TOTAL_char_39, 30, 2, 30, 4, 20, 31},
    {FONT_THEME_1_VALUE_TOTAL_char_3a, 23, 1, 30, 10, 8, 24},
    {FONT_THEME_1_VALUE_TOTAL_char_3b, 23, 7, 30, 9, 10, 30},
    {FONT_THEME_1_VALUE_TOTAL_char_3c, 26, -2, 30, 3, 23, 23},
    {FONT_THEME_1_VALUE_TOTAL_char_3d, 21, -8, 30, 4, 22, 13},
    {FONT_THEME_1_VALUE_TOTAL_char_3e, 26, -2, 30, 4, 23, 23},
    {FONT_THEME_1_VALUE_TOTAL_char_3f, 30, 1, 30, 6, 18, 31},
    {FONT_THEME_1_VALUE_TOTAL_char_40, 26, 4, 30, 1, 28, 30},
    {FONT_THEME_1_VALUE_TOTAL_char_41, 29, 0, 30, 0, 30, 29},
    {FONT_THEME_1_VALUE_TOTAL_char_42, 29, 0, 30, 1, 25, 29},
    {FONT_THEME_1_VALUE_TOTAL_char_43, 30, 1, 30, 2, 24, 31},
    {FONT_THEME_1_VALUE_TOTAL_char_44, 29, 0, 30, 1, 26, 29},
    {FONT_THEME_1_VALUE_TOTAL_char_45, 29, 0, 30, 1, 25, 29},
    {FONT_THEME_1_VALUE_TOTAL_char_46, 29, 0, 30, 1, 25, 29},
    {FONT_THEME_1_VALUE_TOTAL_char_47, 30, 1, 30, 2, 27, 31},
    {FONT_THEME_1_VALUE_TOTAL_char_48, 29, 0, 30, 1, 26, 29},
    {FONT_THEME_1_VALUE_TOTAL_char_49, 29, 0, 30, 4, 20, 29},
    {FONT_THEME_1_VALUE_TOTAL_char_4a, 29, 1, 30, 2, 25, 30},
    {FONT_THEME_1_VALUE_TOTAL_char_4b, 29, 0, 30, 1, 27, 29},
    {FONT_THEME_1_VALUE_TOTAL_char_4c, 29, 0, 30, 1, 25, 29},
    {FONT_THEME_1_VALUE_TOTAL_char_4d, 29, 0, 30, 0, 28, 29},
    {FONT_THEME_1_VALUE_TOTAL_char_4e, 29, 1, 30, 1, 26, 30},
    {FONT_THEME_1_VALUE_TOTAL_char_4f, 30, 1, 30, 2, 26, 31},
    {FONT_THEME_1_VALUE_TOTAL_char_50, 29, 0, 30, 1, 25, 29},
    {FONT_THEME_1_VALUE_TOTAL_char_51, 30, 7, 30, 2, 26, 36},
    {FONT_THEME_1_VALUE_TOTAL_char_52, 29, 0, 30, 1, 28, 29},
    {FONT_THEME_1_VALUE_TOTAL_char_53, 30, 1, 30, 3, 22, 31},
    {FONT_THEME_1_VALUE_TOTAL_char_54, 29, 0, 30, 2, 24, 29},
    {FONT_THEME_1_VALUE_TOTAL_char_55, 29, 1, 30, 1, 26, 30},
    {FONT_THEME_1_VALUE_TOTAL_char_56, 29, 1, 30, 0, 30, 30},
    {FONT_THEME_1_VALUE_TOTAL_char_57, 29, 1, 30, -1, 30, 30},
    {FONT_THEME_1_VALUE_TOTAL_char_58, 29, 0, 30, 1, 28, 29},
    {FONT_THEME_1_VALUE_TOTAL_char_59, 29, 0, 30, 1, 28, 29},
    {FONT_THEME_1_VALUE_TOTAL_char_5a, 29, 0, 30, 4, 22, 29},
    {FONT_THEME_1_VALUE_TOTAL_char_5b, 32, 10, 30, 8, 13, 42},
    {FONT_THEME_1_VALUE_TOTAL_char_5c, 33, 7, 30, 4, 20, 40},
    {FONT_THEME_1_VALUE_TOTAL_char_5d, 32, 10, 30, 8, 13, 42},
    {FONT_THEME_1_VALUE_TOTAL_char_5e, 30, -12, 30, 5, 18, 17},
    {FONT_THEME_1_VALUE_TOTAL_char_5f, -7, 10, 30, -1, 32, 3},
    {FONT_THEME_1_VALUE_TOTAL_char_60, 34, -25, 30, 6, 14, 9},
    {FONT_THEME_1_VALUE_TOTAL_char_61, 23, 1, 30, 3, 25, 24},
    {FONT_THEME_1_VALUE_TOTAL_char_62, 32, 1, 30, 0, 26, 33},
    {FONT_THEME_1_VALUE_TOTAL_char_63, 23, 1, 30, 3, 23, 24},
    {FONT_THEME_1_VALUE_TOTAL_char_64, 32, 1, 30, 3, 26, 33},
    {FONT_THEME_1_VALUE_TOTAL_char_65, 23, 1, 30, 3, 23, 24},
    {FONT_THEME_1_VALUE_TOTAL_char_66, 32, 0, 30, 4, 22, 32},
    {FONT_THEME_1_VALUE_TOTAL_char_67, 23, 10, 30, 3, 26, 33},
    {FONT_THEME_1_VALUE_TOTAL_char_68, 32, 0, 30, 1, 26, 32},
    {FONT_THEME_1_VALUE_TOTAL_char_69, 33, 0, 30, 4, 22, 33},
    {FONT_THEME_1_VALUE_TOTAL_char_6a, 33, 10, 30, 4, 18, 43},
    {FONT_THEME_1_VALUE_TOTAL_char_6b, 32, 0, 30, 1, 26, 32},
    {FONT_THEME_1_VALUE_TOTAL_char_6c, 32, 0, 30, 4, 23, 32},
    {FONT_THEME_1_VALUE_TOTAL_char_6d, 23, 0, 30, -1, 31, 23},
    {FONT_THEME_1_VALUE_TOTAL_char_6e, 23, 0, 30, 1, 27, 23},
    {FONT_THEME_1_VALUE_TOTAL_char_6f, 23, 1, 30, 2, 24, 24},
    {FONT_THEME_1_VALUE_TOTAL_char_70, 23, 10, 30, 0, 26, 33},
    {FONT_THEME_1_VALUE_TOTAL_char_71, 23, 10, 30, 3, 26, 33},
    {FONT_THEME_1_VALUE_TOTAL_char_72, 23, 0, 30, 3, 23, 23},
    {FONT_THEME_1_VALUE_TOTAL_char_73, 23, 1, 30, 4, 22, 24},
    {FONT_THEME_1_VALUE_TOTAL_char_74, 29, 1, 30, 2, 24, 30},
    {FONT_THEME_1_VALUE_TOTAL_char_75, 23, 1, 30, 1, 26, 24},
    {FONT_THEME_1_VALUE_TOTAL_char_76, 23, 1, 30, 1, 28, 24},
    {FONT_THEME_1_VALUE_TOTAL_char_77, 23, 1, 30, -1, 30, 24},
    {FONT_THEME_1_VALUE_TOTAL_char_78, 23, 0, 30, 1, 26, 23},
    {FONT_THEME_1_VALUE_TOTAL_char_79, 23, 11, 30, 1, 28, 33},
    {FONT_THEME_1_VALUE_TOTAL_char_7a, 23, 0, 30, 4, 22, 23},
    {FONT_THEME_1_VALUE_TOTAL_char_7b, 32, 10, 30, 5, 17, 42},
    {FONT_THEME_1_VALUE_TOTAL_char_7c, 33, 10, 30, 13, 4, 43},
    {FONT_THEME_1_VALUE_TOTAL_char_7d, 32, 10, 30, 7, 17, 42},
    {FONT_THEME_1_VALUE_TOTAL_char_7e, 17, -11, 30, 3, 22, 6}
};

static GX_CONST GX_FONT THEME_1_VALUE_TOTAL = 
{
    GX_FONT_FORMAT_1BPP|GX_FONT_FORMAT_REVERSED_ORDER,        /* format        */
    0,                                       /* line pre-space                 */
    0,                                       /* line post-space                */ 
    57,                                      /* font data height               */
    44,                                      /* font baseline offset           */
    0x20,                                    /* first glyph within data page   */
    0x7e,                                    /* last glyph within data page    */
    {THEME_1_VALUE_TOTAL_FONT_PAGE_1_GLYPHS},    /* pointer to glyph data      */
    &THEME_1_VALUE_TOTAL_PAGE_2              /* next font page                 */
};


/* Font Table                                                                  */


extern GX_CONST GX_FONT _gx_system_font_8bpp;
GX_CONST GX_FONT *display_1_theme_1_font_table[] =
{
    &_gx_system_font_8bpp,
    &_gx_system_font_8bpp,
    &_gx_system_font_8bpp,
    &_gx_system_font_8bpp,
    &THEME_1_VALUE_TOTAL
};

/* Pixelmap data definitions                                                   */


/* THEME_1_RADIO_ON pixelmap data                                              */

#ifdef WIN32
static GX_CONST GX_UBYTE DISPLAY_1_THEME_1_RADIO_ON_pixelmap_data[660] =
#else
static GX_CONST GX_UBYTE DISPLAY_1_THEME_1_RADIO_ON_pixelmap_data[660] __attribute__((aligned(4))) =
#endif
{
    0x83, 0xf8, 0xfc, 0xf8, 0x00, 0x07, 0xf8, 0xf4, 0xf0, 0x80, 0xd0, 0xc0, 0xa8, 
    0xcc, 0xb0, 0x98, 0x78, 0xff, 0xa8, 0x90, 0x68, 0xff, 0xb0, 0x94, 0x70, 0xff, 
    0xb8, 0xa0, 0x80, 0xff, 0xd0, 0xc4, 0xb0, 0xa3, 0xf8, 0xf8, 0xf8, 0x00, 0x83, 
    0xf8, 0xfc, 0xf8, 0x00, 0x82, 0xf8, 0xfc, 0xf8, 0x00, 0x09, 0xe0, 0xdc, 0xd0, 
    0x80, 0xb0, 0x90, 0x70, 0xff, 0x90, 0xbc, 0xd8, 0xff, 0x68, 0xb4, 0xf8, 0xff, 
    0x58, 0xb0, 0xf8, 0xff, 0x58, 0xb0, 0xf8, 0xff, 0x68, 0xb8, 0xf8, 0xff, 0x98, 
    0xb8, 0xd0, 0xff, 0xb0, 0x90, 0x70, 0xff, 0xe8, 0xe4, 0xe0, 0x80, 0x82, 0xf8, 
    0xfc, 0xf8, 0x00, 0x0f, 0xf8, 0xfc, 0xf8, 0x00, 0xf8, 0xfc, 0xf8, 0x00, 0xd0, 
    0xc4, 0xb0, 0xcc, 0xa8, 0xb0, 0xb0, 0xff, 0x60, 0xb4, 0xf8, 0xff, 0x48, 0xd8, 
    0xa0, 0xff, 0x38, 0xe8, 0x70, 0xff, 0x00, 0xe8, 0x48, 0xff, 0x00, 0xe8, 0x48, 
    0xff, 0x30, 0xe8, 0x70, 0xff, 0x40, 0xd8, 0xa0, 0xff, 0x68, 0xb8, 0xf8, 0xff, 
    0xa8, 0xa4, 0x98, 0xff, 0xd8, 0xd0, 0xc0, 0xcc, 0xf8, 0xfc, 0xf8, 0x00, 0xf8, 
    0xfc, 0xf8, 0x00, 0x04, 0xf8, 0xfc, 0xf8, 0x00, 0xe0, 0xdc, 0xd0, 0x80, 0xa8, 
    0xb4, 0xb8, 0xff, 0x58, 0xb0, 0xf8, 0xff, 0x38, 0xec, 0x70, 0xff, 0x85, 0x00, 
    0xe8, 0x48, 0xff, 0x04, 0x38, 0xe8, 0x70, 0xff, 0x58, 0xb0, 0xf8, 0xff, 0xb0, 
    0xa8, 0x98, 0xff, 0xf0, 0xe8, 0xe0, 0x80, 0xf8, 0xfc, 0xf8, 0x00, 0x03, 0xf8, 
    0xf4, 0xf0, 0x33, 0xb0, 0x98, 0x78, 0xff, 0x68, 0xb8, 0xf8, 0xff, 0x38, 0xec, 
    0x70, 0xff, 0x87, 0x00, 0xe8, 0x48, 0xff, 0x03, 0x38, 0xe8, 0x70, 0xff, 0x68, 
    0xb8, 0xf8, 0xff, 0xb0, 0x94, 0x70, 0xff, 0xf8, 0xfc, 0xf8, 0x00, 0x02, 0xd0, 
    0xc0, 0xa8, 0xcc, 0x98, 0xc0, 0xe0, 0xff, 0x50, 0xdc, 0xa0, 0xff, 0x89, 0x00, 
    0xe8, 0x48, 0xff, 0x02, 0x80, 0xc4, 0xf8, 0xff, 0xa8, 0xbc, 0xc8, 0xff, 0xe0, 
    0xd4, 0xc8, 0xa4, 0x02, 0xb8, 0xa4, 0x88, 0xff, 0x68, 0xb8, 0xf8, 0xff, 0x38, 
    0xec, 0x70, 0xff, 0x89, 0x00, 0xe8, 0x48, 0xff, 0x02, 0x60, 0xe4, 0xa0, 0xff, 
    0x80, 0xc0, 0xf8, 0xff, 0xc8, 0xb0, 0x98, 0xff, 0x01, 0xb8, 0xa4, 0x88, 0xff, 
    0x68, 0xb8, 0xf8, 0xff, 0x8b, 0x00, 0xe8, 0x48, 0xff, 0x01, 0x68, 0xb8, 0xf8, 
    0xff, 0xb8, 0xa4, 0x88, 0xff, 0x01, 0xb8, 0xa0, 0x80, 0xff, 0x68, 0xb8, 0xf8, 
    0xff, 0x8b, 0x00, 0xe8, 0x48, 0xff, 0x01, 0x60, 0xb4, 0xf8, 0xff, 0xb8, 0xa0, 
    0x80, 0xff, 0x02, 0xb8, 0xa0, 0x80, 0xff, 0x68, 0xb8, 0xf8, 0xff, 0x38, 0xec, 
    0x70, 0xff, 0x89, 0x00, 0xe8, 0x48, 0xff, 0x02, 0x18, 0xe8, 0x60, 0xff, 0x80, 
    0xc0, 0xf8, 0xff, 0xc8, 0xb0, 0x98, 0xff, 0x02, 0xd0, 0xc0, 0xa8, 0xcc, 0x98, 
    0xc0, 0xe0, 0xff, 0x28, 0xe4, 0x70, 0xff, 0x89, 0x00, 0xe8, 0x48, 0xff, 0x02, 
    0x80, 0xc4, 0xf8, 0xff, 0xa8, 0xbc, 0xc8, 0xff, 0xe0, 0xd4, 0xc8, 0x83, 0x03, 
    0xf8, 0xf4, 0xf0, 0x00, 0xb0, 0x98, 0x78, 0xff, 0x68, 0xb8, 0xf8, 0xff, 0x20, 
    0xe8, 0x60, 0xff, 0x87, 0x00, 0xe8, 0x48, 0xff, 0x03, 0x38, 0xe8, 0x70, 0xff, 
    0x68, 0xb8, 0xf8, 0xff, 0xb0, 0x94, 0x70, 0xff, 0xf8, 0xfc, 0xf8, 0x00, 0x04, 
    0xf8, 0xfc, 0xf8, 0x00, 0xe0, 0xdc, 0xd0, 0xcc, 0xa8, 0xb4, 0xb8, 0xff, 0x58, 
    0xb0, 0xf8, 0xff, 0x18, 0xe8, 0x60, 0xff, 0x85, 0x00, 0xe8, 0x48, 0xff, 0x04, 
    0x38, 0xe8, 0x70, 0xff, 0x58, 0xb0, 0xf8, 0xff, 0xb0, 0xa8, 0x98, 0xff, 0xf0, 
    0xe8, 0xe0, 0x80, 0xf8, 0xfc, 0xf8, 0x00, 0x0f, 0xf8, 0xfc, 0xf8, 0x00, 0xf8, 
    0xfc, 0xf8, 0x00, 0xd0, 0xc4, 0xb0, 0xcc, 0xa8, 0xb0, 0xb0, 0xff, 0x60, 0xb4, 
    0xf8, 0xff, 0x48, 0xd8, 0xa0, 0xff, 0x30, 0xe8, 0x70, 0xff, 0x00, 0xe8, 0x48, 
    0xff, 0x00, 0xe8, 0x48, 0xff, 0x30, 0xe8, 0x70, 0xff, 0x80, 0xc4, 0xf8, 0xff, 
    0x60, 0xb4, 0xf8, 0xff, 0xa8, 0xa4, 0x98, 0xff, 0xd8, 0xd0, 0xc0, 0xcc, 0xf8, 
    0xfc, 0xf8, 0x00, 0xf8, 0xfc, 0xf8, 0x00, 0x82, 0xf8, 0xfc, 0xf8, 0x00, 0x09, 
    0xe0, 0xdc, 0xd0, 0xcc, 0xb0, 0x90, 0x70, 0xff, 0x90, 0xbc, 0xd8, 0xff, 0x68, 
    0xb8, 0xf8, 0xff, 0x58, 0xb0, 0xf8, 0xff, 0x50, 0xac, 0xf8, 0xff, 0x68, 0xb8, 
    0xf8, 0xff, 0x98, 0xb8, 0xd0, 0xff, 0xb0, 0x90, 0x70, 0xff, 0xe8, 0xe4, 0xe0, 
    0x80, 0x82, 0xf8, 0xfc, 0xf8, 0x00, 0x83, 0xf8, 0xfc, 0xf8, 0x00, 0x07, 0xf8, 
    0xf4, 0xf0, 0x33, 0xd0, 0xc0, 0xa8, 0xcc, 0xb8, 0x9c, 0x80, 0xff, 0xa8, 0x90, 
    0x68, 0xff, 0xb0, 0x94, 0x70, 0xff, 0xb8, 0xa0, 0x80, 0xff, 0xd0, 0xc4, 0xb0, 
    0xcc, 0xf8, 0xf8, 0xf8, 0x00, 0x83, 0xf8, 0xfc, 0xf8, 0x00
};
GX_CONST GX_PIXELMAP DISPLAY_1_THEME_1_RADIO_ON_pixelmap =
{
    0x00000001,                              /* major version                  */
    0x00000000,                              /* minor version                  */
    GX_PIXELMAP_COMPRESSED|GX_PIXELMAP_ALPHA,         /* flags                 */
    GX_COLOR_FORMAT_32ARGB,                  /* Format                         */
    (GX_UBYTE *) DISPLAY_1_THEME_1_RADIO_ON_pixelmap_data,
    sizeof(DISPLAY_1_THEME_1_RADIO_ON_pixelmap_data),    /* the size of pixelmap_data*/
    NULL,
    0,                                       /* auxiliary data size            */
    0x00,                                    /* used for transparent iamges    */
    16,                                      /* width in pixel                 */
    16                                       /* height in pixel                */
};

/* THEME_1_RADIO_OFF pixelmap data                                             */

#ifdef WIN32
static GX_CONST GX_UBYTE DISPLAY_1_THEME_1_RADIO_OFF_pixelmap_data[660] =
#else
static GX_CONST GX_UBYTE DISPLAY_1_THEME_1_RADIO_OFF_pixelmap_data[660] __attribute__((aligned(4))) =
#endif
{
    0x83, 0xf8, 0xfc, 0xf8, 0x00, 0x07, 0xf8, 0xf4, 0xf0, 0xff, 0xd0, 0xc0, 0xa8, 
    0xb3, 0xb0, 0x98, 0x78, 0xff, 0xa8, 0x90, 0x68, 0xff, 0xb0, 0x94, 0x70, 0xff, 
    0xb8, 0xa0, 0x80, 0xff, 0xd0, 0xc4, 0xb0, 0xb3, 0xf8, 0xf8, 0xf8, 0x00, 0x83, 
    0xf8, 0xfc, 0xf8, 0x00, 0x82, 0xf8, 0xfc, 0xf8, 0x00, 0x09, 0xe0, 0xdc, 0xd0, 
    0x80, 0xb0, 0x90, 0x70, 0xff, 0x90, 0xbc, 0xd8, 0xff, 0x68, 0xb4, 0xf8, 0xff, 
    0x58, 0xb0, 0xf8, 0xff, 0x58, 0xb0, 0xf8, 0xff, 0x68, 0xb8, 0xf8, 0xff, 0x98, 
    0xb8, 0xd0, 0xff, 0xb0, 0x90, 0x70, 0xff, 0xe8, 0xe4, 0xe0, 0x33, 0x82, 0xf8, 
    0xfc, 0xf8, 0x00, 0x0f, 0xf8, 0xfc, 0xf8, 0x00, 0xf8, 0xfc, 0xf8, 0x00, 0xd0, 
    0xc4, 0xb0, 0xb3, 0xa8, 0xb0, 0xb0, 0xff, 0x60, 0xb4, 0xf8, 0xff, 0x90, 0xcc, 
    0xf8, 0xff, 0xd8, 0xec, 0xf8, 0xff, 0xf8, 0xfc, 0xf8, 0xff, 0xf8, 0xfc, 0xf8, 
    0xff, 0xd0, 0xe8, 0xf8, 0xff, 0x88, 0xc8, 0xf8, 0xff, 0x68, 0xb8, 0xf8, 0xff, 
    0xa8, 0xa4, 0x98, 0xff, 0xd8, 0xd0, 0xc0, 0xb3, 0xf8, 0xfc, 0xf8, 0x00, 0xf8, 
    0xfc, 0xf8, 0x00, 0x04, 0xf8, 0xfc, 0xf8, 0x00, 0xe0, 0xdc, 0xd0, 0x80, 0xa8, 
    0xb4, 0xb8, 0xff, 0x58, 0xb0, 0xf8, 0xff, 0xe8, 0xf4, 0xf8, 0xff, 0x85, 0xf8, 
    0xfc, 0xf8, 0xff, 0x04, 0xe0, 0xf0, 0xf8, 0xff, 0x58, 0xb0, 0xf8, 0xff, 0xb0, 
    0xa8, 0x98, 0xff, 0xf0, 0xe8, 0xe0, 0x33, 0xf8, 0xfc, 0xf8, 0x00, 0x03, 0xf8, 
    0xf4, 0xf0, 0x33, 0xb0, 0x98, 0x78, 0xff, 0x68, 0xb8, 0xf8, 0xff, 0xf0, 0xf8, 
    0xf8, 0xff, 0x87, 0xf8, 0xfc, 0xf8, 0xff, 0x03, 0xe0, 0xf0, 0xf8, 0xff, 0x68, 
    0xb8, 0xf8, 0xff, 0xb0, 0x94, 0x70, 0xff, 0xf8, 0xfc, 0xf8, 0x00, 0x02, 0xd0, 
    0xc0, 0xa8, 0xb3, 0x98, 0xc0, 0xe0, 0xff, 0xa8, 0xd4, 0xf8, 0xff, 0x89, 0xf8, 
    0xfc, 0xf8, 0xff, 0x02, 0x80, 0xc4, 0xf8, 0xff, 0xa8, 0xbc, 0xc8, 0xff, 0xe0, 
    0xd4, 0xc8, 0x80, 0x02, 0xb8, 0xa4, 0x88, 0xff, 0x68, 0xb8, 0xf8, 0xff, 0xf0, 
    0xf8, 0xf8, 0xff, 0x89, 0xf8, 0xfc, 0xf8, 0xff, 0x02, 0xc8, 0xe4, 0xf8, 0xff, 
    0x80, 0xc0, 0xf8, 0xff, 0xc8, 0xb0, 0x98, 0xff, 0x01, 0xb8, 0xa4, 0x88, 0xff, 
    0x68, 0xb8, 0xf8, 0xff, 0x8b, 0xf8, 0xfc, 0xf8, 0xff, 0x01, 0x68, 0xb8, 0xf8, 
    0xff, 0xb8, 0xa4, 0x88, 0xff, 0x01, 0xb8, 0xa0, 0x80, 0xff, 0x68, 0xb8, 0xf8, 
    0xff, 0x8b, 0xf8, 0xfc, 0xf8, 0xff, 0x01, 0x60, 0xb4, 0xf8, 0xff, 0xb8, 0xa0, 
    0x80, 0xff, 0x02, 0xb8, 0xa0, 0x80, 0xff, 0x68, 0xb8, 0xf8, 0xff, 0xf0, 0xf8, 
    0xf8, 0xff, 0x89, 0xf8, 0xfc, 0xf8, 0xff, 0x02, 0xc8, 0xe4, 0xf8, 0xff, 0x80, 
    0xc0, 0xf8, 0xff, 0xc8, 0xb0, 0x98, 0xff, 0x02, 0xd0, 0xc0, 0xa8, 0xb3, 0x98, 
    0xc0, 0xe0, 0xff, 0xa8, 0xd4, 0xf8, 0xff, 0x89, 0xf8, 0xfc, 0xf8, 0xff, 0x02, 
    0x80, 0xc4, 0xf8, 0xff, 0xa8, 0xbc, 0xc8, 0xff, 0xe0, 0xd4, 0xc8, 0x80, 0x03, 
    0xf8, 0xf4, 0xf0, 0x00, 0xb0, 0x98, 0x78, 0xff, 0x68, 0xb8, 0xf8, 0xff, 0xf0, 
    0xf8, 0xf8, 0xff, 0x87, 0xf8, 0xfc, 0xf8, 0xff, 0x03, 0xe0, 0xf0, 0xf8, 0xff, 
    0x68, 0xb8, 0xf8, 0xff, 0xb0, 0x94, 0x70, 0xff, 0xf8, 0xfc, 0xf8, 0x00, 0x04, 
    0xf8, 0xfc, 0xf8, 0x00, 0xe0, 0xdc, 0xd0, 0x80, 0xa8, 0xb4, 0xb8, 0xff, 0x58, 
    0xb0, 0xf8, 0xff, 0xe8, 0xf4, 0xf8, 0xff, 0x85, 0xf8, 0xfc, 0xf8, 0xff, 0x04, 
    0xe0, 0xf0, 0xf8, 0xff, 0x58, 0xb0, 0xf8, 0xff, 0xb0, 0xa8, 0x98, 0xff, 0xf0, 
    0xe8, 0xe0, 0x33, 0xf8, 0xfc, 0xf8, 0x00, 0x0f, 0xf8, 0xfc, 0xf8, 0x00, 0xf8, 
    0xfc, 0xf8, 0x00, 0xd0, 0xc4, 0xb0, 0xb3, 0xa8, 0xb0, 0xb0, 0xff, 0x60, 0xb4, 
    0xf8, 0xff, 0x90, 0xcc, 0xf8, 0xff, 0xd0, 0xe8, 0xf8, 0xff, 0xf8, 0xfc, 0xf8, 
    0xff, 0xf8, 0xfc, 0xf8, 0xff, 0xc8, 0xe4, 0xf8, 0xff, 0x80, 0xc4, 0xf8, 0xff, 
    0x60, 0xb4, 0xf8, 0xff, 0xa8, 0xa4, 0x98, 0xff, 0xd8, 0xd0, 0xc0, 0xb3, 0xf8, 
    0xfc, 0xf8, 0x00, 0xf8, 0xfc, 0xf8, 0x00, 0x82, 0xf8, 0xfc, 0xf8, 0x00, 0x09, 
    0xe0, 0xdc, 0xd0, 0x80, 0xb0, 0x90, 0x70, 0xff, 0x90, 0xbc, 0xd8, 0xff, 0x68, 
    0xb8, 0xf8, 0xff, 0x58, 0xb0, 0xf8, 0xff, 0x50, 0xac, 0xf8, 0xff, 0x68, 0xb8, 
    0xf8, 0xff, 0x98, 0xb8, 0xd0, 0xff, 0xb0, 0x90, 0x70, 0xff, 0xe8, 0xe4, 0xe0, 
    0x80, 0x82, 0xf8, 0xfc, 0xf8, 0x00, 0x83, 0xf8, 0xfc, 0xf8, 0x00, 0x07, 0xf8, 
    0xf4, 0xf0, 0x33, 0xd0, 0xc0, 0xa8, 0xb3, 0xb8, 0x9c, 0x80, 0xff, 0xa8, 0x90, 
    0x68, 0xff, 0xb0, 0x94, 0x70, 0xff, 0xb8, 0xa0, 0x80, 0xff, 0xd0, 0xc4, 0xb0, 
    0xb3, 0xf8, 0xf8, 0xf8, 0x00, 0x83, 0xf8, 0xfc, 0xf8, 0x00
};
GX_CONST GX_PIXELMAP DISPLAY_1_THEME_1_RADIO_OFF_pixelmap =
{
    0x00000001,                              /* major version                  */
    0x00000000,                              /* minor version                  */
    GX_PIXELMAP_COMPRESSED|GX_PIXELMAP_ALPHA,         /* flags                 */
    GX_COLOR_FORMAT_32ARGB,                  /* Format                         */
    (GX_UBYTE *) DISPLAY_1_THEME_1_RADIO_OFF_pixelmap_data,
    sizeof(DISPLAY_1_THEME_1_RADIO_OFF_pixelmap_data),    /* the size of pixelmap_data*/
    NULL,
    0,                                       /* auxiliary data size            */
    0x00,                                    /* used for transparent iamges    */
    16,                                      /* width in pixel                 */
    16                                       /* height in pixel                */
};

/* THEME_1_CHECKBOX_ON pixelmap data                                           */

#ifdef WIN32
static GX_CONST GX_UBYTE DISPLAY_1_THEME_1_CHECKBOX_ON_pixelmap_data[466] =
#else
static GX_CONST GX_UBYTE DISPLAY_1_THEME_1_CHECKBOX_ON_pixelmap_data[466] __attribute__((aligned(4))) =
#endif
{
    0x8f, 0x90, 0x1a, 0x0f, 0x90, 0x1a, 0x17, 0xbe, 0xd8, 0xe6, 0x97, 0xde, 0x75, 
    0xde, 0x74, 0xde, 0x53, 0xde, 0x31, 0xde, 0x10, 0xd6, 0x11, 0xde, 0x32, 0xde, 
    0x32, 0xde, 0x11, 0xd6, 0x0f, 0xde, 0x2d, 0xb5, 0x90, 0x1a, 0x0f, 0x90, 0x1a, 
    0xd8, 0xe6, 0xf9, 0xff, 0x97, 0xff, 0x55, 0xff, 0x33, 0xff, 0x11, 0xff, 0xf0, 
    0xfe, 0xf0, 0xfe, 0x11, 0xff, 0x33, 0xff, 0x76, 0xff, 0x54, 0xff, 0x10, 0xff, 
    0xee, 0xdd, 0x90, 0x1a, 0x0f, 0x90, 0x1a, 0x97, 0xde, 0x97, 0xff, 0x57, 0xff, 
    0x58, 0xff, 0x57, 0xff, 0x36, 0xff, 0x16, 0xff, 0x36, 0xff, 0x58, 0xff, 0x9a, 
    0xff, 0x91, 0xb6, 0xd3, 0xde, 0x13, 0xff, 0xcf, 0xd5, 0x90, 0x1a, 0x0f, 0x90, 
    0x1a, 0x96, 0xde, 0x97, 0xff, 0x9a, 0xff, 0xdf, 0xff, 0xdf, 0xf7, 0xbf, 0xf7, 
    0xdf, 0xf7, 0xdf, 0xff, 0xff, 0xff, 0x7b, 0xdf, 0x25, 0x25, 0x2d, 0x9e, 0x55, 
    0xff, 0xcf, 0xd5, 0x90, 0x1a, 0x0f, 0x90, 0x1a, 0x96, 0xde, 0x98, 0xff, 0x9b, 
    0xff, 0xdf, 0xff, 0xde, 0xff, 0xbe, 0xf7, 0xbe, 0xf7, 0xff, 0xff, 0x7b, 0xdf, 
    0x04, 0x25, 0xe2, 0x0c, 0x4f, 0xae, 0x34, 0xff, 0xcf, 0xd5, 0x90, 0x1a, 0x0f, 
    0x90, 0x1a, 0x75, 0xde, 0xb9, 0xff, 0x91, 0xae, 0xaa, 0x55, 0xff, 0xff, 0xdf, 
    0xff, 0xff, 0xff, 0x18, 0xc7, 0x26, 0x35, 0x03, 0x1d, 0xa1, 0x04, 0x4e, 0xa6, 
    0x34, 0xff, 0xce, 0xd5, 0x90, 0x1a, 0x0f, 0x90, 0x1a, 0x74, 0xde, 0xb9, 0xff, 
    0x70, 0xa6, 0xe2, 0x14, 0x0e, 0x76, 0xdf, 0xff, 0x17, 0xbf, 0x88, 0x45, 0xc1, 
    0x0c, 0xc2, 0x14, 0x72, 0x8e, 0xf5, 0xe6, 0xf1, 0xfe, 0xad, 0xd5, 0x90, 0x1a, 
    0x0f, 0x90, 0x1a, 0x53, 0xde, 0xb8, 0xff, 0x70, 0xa6, 0xa1, 0x04, 0xc2, 0x14, 
    0xb3, 0x9e, 0xaa, 0x55, 0xa0, 0x04, 0x04, 0x25, 0x0e, 0x76, 0xdf, 0xf7, 0x57, 
    0xff, 0x6c, 0xfe, 0x6b, 0xd5, 0x90, 0x1a, 0x0f, 0x90, 0x1a, 0x33, 0xde, 0x97, 
    0xff, 0xb2, 0xbe, 0x46, 0x35, 0x03, 0x1d, 0xe2, 0x14, 0xe2, 0x14, 0x04, 0x25, 
    0xec, 0x65, 0xff, 0xff, 0xff, 0xff, 0xd3, 0xfe, 0x08, 0xfe, 0x49, 0xd5, 0x90, 
    0x1a, 0x0f, 0x90, 0x1a, 0x32, 0xde, 0x33, 0xff, 0x9a, 0xff, 0x7b, 0xdf, 0x04, 
    0x25, 0x03, 0x1d, 0xc2, 0x14, 0x0e, 0x76, 0xff, 0xff, 0xde, 0xff, 0xdf, 0xf7, 
    0x91, 0xfe, 0xc6, 0xfd, 0x28, 0xd5, 0x90, 0x1a, 0x0f, 0x90, 0x1a, 0xef, 0xd5, 
    0xd0, 0xfe, 0x37, 0xff, 0xff, 0xff, 0x7b, 0xdf, 0x25, 0x25, 0x51, 0x86, 0xdf, 
    0xf7, 0xff, 0xff, 0xdf, 0xf7, 0xff, 0xf7, 0x90, 0xfe, 0xc5, 0xfd, 0x28, 0xd5, 
    0x90, 0x1a, 0x0f, 0x90, 0x1a, 0xce, 0xd5, 0x8d, 0xfe, 0xb1, 0xfe, 0x36, 0xff, 
    0x79, 0xff, 0x70, 0xb6, 0xf5, 0xe6, 0x57, 0xff, 0xd3, 0xfe, 0x91, 0xfe, 0x90, 
    0xfe, 0xea, 0xfd, 0xc5, 0xfd, 0x28, 0xd5, 0x90, 0x1a, 0x0f, 0x90, 0x1a, 0xcd, 
    0xdd, 0xac, 0xfe, 0x6b, 0xfe, 0x8d, 0xfe, 0xd0, 0xfe, 0x33, 0xff, 0xf1, 0xfe, 
    0x6c, 0xfe, 0x08, 0xfe, 0xc6, 0xfd, 0xc5, 0xfd, 0xc5, 0xfd, 0xe5, 0xfd, 0x27, 
    0xdd, 0x90, 0x1a, 0x09, 0x90, 0x1a, 0x0d, 0xb5, 0xac, 0xdd, 0x8b, 0xd5, 0x8c, 
    0xd5, 0xae, 0xd5, 0xce, 0xd5, 0xad, 0xd5, 0x6b, 0xd5, 0x49, 0xd5, 0x82, 0x28, 
    0xd5, 0x02, 0x27, 0xdd, 0xa9, 0xb4, 0x90, 0x1a, 0x8f, 0x90, 0x1a
};
GX_CONST GX_PIXELMAP DISPLAY_1_THEME_1_CHECKBOX_ON_pixelmap =
{
    0x00000001,                              /* major version                  */
    0x00000000,                              /* minor version                  */
    GX_PIXELMAP_COMPRESSED,                  /* flags                          */
    GX_COLOR_FORMAT_565RGB,                  /* Format                         */
    (GX_UBYTE *) DISPLAY_1_THEME_1_CHECKBOX_ON_pixelmap_data,
    sizeof(DISPLAY_1_THEME_1_CHECKBOX_ON_pixelmap_data),    /* the size of pixelmap_data*/
    NULL,
    0,                                       /* auxiliary data size            */
    0x00,                                    /* used for transparent iamges    */
    16,                                      /* width in pixel                 */
    16                                       /* height in pixel                */
};

/* THEME_1_CHECKBOX_OFF pixelmap data                                          */

#ifdef WIN32
static GX_CONST GX_UBYTE DISPLAY_1_THEME_1_CHECKBOX_OFF_pixelmap_data[396] =
#else
static GX_CONST GX_UBYTE DISPLAY_1_THEME_1_CHECKBOX_OFF_pixelmap_data[396] __attribute__((aligned(4))) =
#endif
{
    0x8f, 0x90, 0x1a, 0x0f, 0x90, 0x1a, 0x17, 0xbe, 0xd8, 0xe6, 0x97, 0xde, 0x75, 
    0xde, 0x74, 0xde, 0x53, 0xde, 0x32, 0xde, 0x10, 0xde, 0x10, 0xd6, 0xef, 0xd5, 
    0xef, 0xd5, 0xce, 0xd5, 0xcd, 0xdd, 0x0d, 0xb5, 0x90, 0x1a, 0x0f, 0x90, 0x1a, 
    0xd8, 0xe6, 0xf9, 0xff, 0x97, 0xff, 0x75, 0xff, 0x53, 0xff, 0x12, 0xff, 0xf0, 
    0xfe, 0xcf, 0xfe, 0xce, 0xfe, 0xad, 0xfe, 0x8c, 0xfe, 0x8c, 0xfe, 0xac, 0xfe, 
    0xac, 0xdd, 0x90, 0x1a, 0x0f, 0x90, 0x1a, 0x97, 0xde, 0x97, 0xff, 0x37, 0xff, 
    0x37, 0xf7, 0x16, 0xf7, 0xf5, 0xf6, 0xf5, 0xf6, 0xf4, 0xf6, 0xd4, 0xf6, 0xd3, 
    0xf6, 0xd3, 0xf6, 0x6e, 0xfe, 0x4a, 0xfe, 0x8b, 0xd5, 0x90, 0x1a, 0x03, 0x90, 
    0x1a, 0x75, 0xde, 0x75, 0xff, 0x37, 0xf7, 0x86, 0x5d, 0xe7, 0x04, 0x5e, 0xe7, 
    0x92, 0xf6, 0x29, 0xfe, 0x6b, 0xd5, 0x90, 0x1a, 0x04, 0x90, 0x1a, 0x74, 0xde, 
    0x53, 0xff, 0x16, 0xf7, 0x5d, 0xe7, 0x85, 0x3c, 0xe7, 0x04, 0x5d, 0xe7, 0x91, 
    0xf6, 0x28, 0xfe, 0x6a, 0xd5, 0x90, 0x1a, 0x04, 0x90, 0x1a, 0x53, 0xde, 0x12, 
    0xff, 0xf5, 0xf6, 0x5d, 0xe7, 0x85, 0x3c, 0xe7, 0x04, 0x5d, 0xe7, 0x70, 0xf6, 
    0x07, 0xfe, 0x4a, 0xd5, 0x90, 0x1a, 0x04, 0x90, 0x1a, 0x32, 0xde, 0xf0, 0xfe, 
    0xf5, 0xf6, 0x5d, 0xe7, 0x85, 0x3c, 0xe7, 0x04, 0x5d, 0xe7, 0x70, 0xf6, 0x07, 
    0xfe, 0x49, 0xd5, 0x90, 0x1a, 0x04, 0x90, 0x1a, 0x10, 0xde, 0xcf, 0xfe, 0xf4, 
    0xf6, 0x5d, 0xe7, 0x85, 0x3c, 0xe7, 0x04, 0x5d, 0xe7, 0x70, 0xf6, 0xe6, 0xfd, 
    0x49, 0xd5, 0x90, 0x1a, 0x04, 0x90, 0x1a, 0x10, 0xd6, 0xce, 0xfe, 0xd4, 0xf6, 
    0x5d, 0xe7, 0x85, 0x3c, 0xe7, 0x04, 0x5d, 0xe7, 0x6f, 0xf6, 0xe6, 0xfd, 0x29, 
    0xd5, 0x90, 0x1a, 0x04, 0x90, 0x1a, 0xef, 0xd5, 0xad, 0xfe, 0xd3, 0xf6, 0x5d, 
    0xe7, 0x85, 0x3c, 0xe7, 0x04, 0x5d, 0xe7, 0x4f, 0xf6, 0xc5, 0xfd, 0x28, 0xd5, 
    0x90, 0x1a, 0x04, 0x90, 0x1a, 0xef, 0xd5, 0x8c, 0xfe, 0xd3, 0xf6, 0x5e, 0xe7, 
    0x85, 0x5d, 0xe7, 0x04, 0x7f, 0xe7, 0x4f, 0xf6, 0xc5, 0xfd, 0x28, 0xd5, 0x90, 
    0x1a, 0x05, 0x90, 0x1a, 0xce, 0xd5, 0x8c, 0xfe, 0x6e, 0xfe, 0x92, 0xf6, 0x91, 
    0xf6, 0x82, 0x70, 0xf6, 0x06, 0x6f, 0xf6, 0x4f, 0xf6, 0x4f, 0xf6, 0xea, 0xf5, 
    0xc5, 0xfd, 0x28, 0xd5, 0x90, 0x1a, 0x09, 0x90, 0x1a, 0xcd, 0xdd, 0xac, 0xfe, 
    0x4a, 0xfe, 0x29, 0xfe, 0x28, 0xfe, 0x07, 0xfe, 0x07, 0xfe, 0xe6, 0xfd, 0xe6, 
    0xfd, 0x82, 0xc5, 0xfd, 0x02, 0xe5, 0xfd, 0x27, 0xdd, 0x90, 0x1a, 0x09, 0x90, 
    0x1a, 0x0d, 0xb5, 0xac, 0xdd, 0x8b, 0xd5, 0x6b, 0xd5, 0x6a, 0xd5, 0x4a, 0xd5, 
    0x49, 0xd5, 0x49, 0xd5, 0x29, 0xd5, 0x82, 0x28, 0xd5, 0x02, 0x27, 0xdd, 0xa9, 
    0xb4, 0x90, 0x1a, 0x8f, 0x90, 0x1a
};
GX_CONST GX_PIXELMAP DISPLAY_1_THEME_1_CHECKBOX_OFF_pixelmap =
{
    0x00000001,                              /* major version                  */
    0x00000000,                              /* minor version                  */
    GX_PIXELMAP_COMPRESSED,                  /* flags                          */
    GX_COLOR_FORMAT_565RGB,                  /* Format                         */
    (GX_UBYTE *) DISPLAY_1_THEME_1_CHECKBOX_OFF_pixelmap_data,
    sizeof(DISPLAY_1_THEME_1_CHECKBOX_OFF_pixelmap_data),    /* the size of pixelmap_data*/
    NULL,
    0,                                       /* auxiliary data size            */
    0x00,                                    /* used for transparent iamges    */
    16,                                      /* width in pixel                 */
    16                                       /* height in pixel                */
};

/* Pixelmap Table                                                              */


GX_CONST GX_PIXELMAP *display_1_theme_1_pixelmap_table[] =
{
    GX_NULL,
    &DISPLAY_1_THEME_1_RADIO_ON_pixelmap,
    &DISPLAY_1_THEME_1_RADIO_OFF_pixelmap,
    &DISPLAY_1_THEME_1_CHECKBOX_ON_pixelmap,
    &DISPLAY_1_THEME_1_CHECKBOX_OFF_pixelmap
};

/* String values                                                               */

GX_CONST GX_UBYTE display_1_TITLE_English[] = "Total GForce";

/* String Table for display_1 language English                                 */

GX_CONST GX_STRING display_1_English_string_table[2] =
{
    {GX_NULL, 0},
    {(GX_CONST GX_CHAR *)display_1_TITLE_English, sizeof(display_1_TITLE_English) - 1}
};

/*  Language Table                                                             */


GX_CONST GX_STRING *display_1_language_table[1] = 
{
    display_1_English_string_table,
};

GX_THEME display_1_theme_1 =
{
    (GX_COLOR *) display_1_theme_1_color_table,
    (GX_FONT **) display_1_theme_1_font_table,
    (GX_PIXELMAP **) display_1_theme_1_pixelmap_table,
    NULL,
    {
        20,                                  /* scroll width                   */
        18,                                  /* thumb width                    */
        20,                                  /* thumb travel min               */
        20,                                  /* thumb travel max               */
        4,                                   /* thumb border style             */
        0,                                   /* scroll fill pixelmap           */
        0,                                   /* scroll thumb pixelmap          */
        0,                                   /* scroll up pixelmap             */
        0,                                   /* scroll down pixelmap           */
        GX_COLOR_ID_SCROLL_BUTTON,           /* scroll thumb color             */
        GX_COLOR_ID_SCROLL_BUTTON,           /* scroll thumb border color      */
        GX_COLOR_ID_SCROLL_BUTTON,           /* scroll button color            */
    },
    {
        20,                                  /* scroll width                   */
        18,                                  /* thumb width                    */
        20,                                  /* thumb travel min               */
        20,                                  /* thumb travel max               */
        4,                                   /* thumb border style             */
        0,                                   /* scroll fill pixelmap           */
        0,                                   /* scroll thumb pixelmap          */
        0,                                   /* scroll up pixelmap             */
        0,                                   /* scroll down pixelmap           */
        GX_COLOR_ID_SCROLL_BUTTON,           /* scroll thumb color             */
        GX_COLOR_ID_CANVAS,                  /* scroll thumb border color      */
        GX_COLOR_ID_SCROLL_BUTTON,           /* scroll button color            */
    },
    GX_SCROLLBAR_RELATIVE_THUMB|GX_SCROLLBAR_END_BUTTONS|GX_SCROLLBAR_VERTICAL,
    GX_SCROLLBAR_RELATIVE_THUMB|GX_SCROLLBAR_END_BUTTONS|GX_SCROLLBAR_HORIZONTAL,
    29,                                      /* color table size               */
    5,                                       /* font table size                */
    5,                                       /* pixelmap table size            */
    0                                        /* palette size                   */

};
GX_CONST GX_THEME *display_1_theme_table[1] =
{
    &display_1_theme_1
};

